Source_Name,Class,z_spec,z_pred_baseline,Residual_baseline,Absolute_Error_baseline,z_pred_upgraded,Residual_upgraded,Absolute_Error_upgraded,z_pred_tabpfn,Residual_tabpfn,Absolute_Error_tabpfn,OOF_probability,Reliability_Grade
4FGL J0001.5+2113,FSRQ,1.10599994659424,0.8051,0.3009,0.3009,0.8011,0.3049,0.3049,1.1053,0.0007,0.0007,0.8428,Grade A
4FGL J0003.9-1149,BLL,1.30999004840851,1.218,0.092,0.092,0.7972,0.5128,0.5128,1.1129,0.1971,0.1971,0.4215,Grade A
4FGL J0004.0+0840,BLL,2.05712890625,0.5567,1.5004,1.5004,0.7643,1.2928,1.2928,0.7532,1.3039,1.3039,0.2773,Grade A
4FGL J0004.3+4614,FSRQ,1.80999994277954,1.9486,-0.1386,0.1386,1.4897,0.3203,0.3203,1.4392,0.3708,0.3708,0.9534,Grade A
4FGL J0004.4-4737,FSRQ,0.879999995231628,0.8491,0.0309,0.0309,1.1512,-0.2712,0.2712,1.0419,-0.1619,0.1619,0.9622,Grade A
4FGL J0005.9+3824,FSRQ,0.229000002145767,0.8247,-0.5957,0.5957,0.7587,-0.5297,0.5297,0.4889,-0.2599,0.2599,0.9062,Grade A
4FGL J0006.3-0620,BLL,0.347000002861023,0.5272,-0.1802,0.1802,0.6662,-0.3192,0.3192,0.4382,-0.0912,0.0912,0.5023,Grade A
4FGL J0006.4+0135,BLL,0.787000000476837,0.9004,-0.1134,0.1134,0.7481,0.0389,0.0389,0.6459,0.1411,0.1411,0.1212,Grade A
4FGL J0008.0+4711,BLL,0.280000001192093,0.8392,-0.5592,0.5592,0.4933,-0.2133,0.2133,0.6399,-0.3599,0.3599,0.0835,Grade A
4FGL J0009.1+0628,BLL,1.56262898445129,0.5113,1.0513,1.0513,0.5507,1.0119,1.0119,0.5397,1.023,1.023,0.1417,Grade A
4FGL J0010.6+2043,FSRQ,0.600000023841858,0.9723,-0.3723,0.3723,0.8759,-0.2759,0.2759,0.8677,-0.2677,0.2677,0.8062,Grade A
4FGL J0010.6-3025,FSRQ,1.19000005722046,1.2508,-0.0608,0.0608,1.2084,-0.0184,0.0184,1.2615,-0.0715,0.0715,0.9824,Grade A
4FGL J0011.4+0057,FSRQ,1.49199998378754,1.3543,0.1377,0.1377,1.1468,0.3452,0.3452,1.3228,0.1692,0.1692,0.8873,Grade A
4FGL J0013.6-0424,FSRQ,1.07500004768372,0.7702,0.3048,0.3048,1.0016,0.0734,0.0734,1.1917,-0.1167,0.1167,0.6618,Grade A
4FGL J0013.9-1854,BLL,0.0948460027575493,0.0759,0.019,0.019,0.1177,-0.0228,0.0228,0.0878,0.0071,0.0071,0.0044,Grade A
4FGL J0014.1+1910,BLL,0.476999998092651,0.3157,0.1613,0.1613,0.4707,0.0063,0.0063,0.4463,0.0307,0.0307,0.3114,Grade A
4FGL J0016.2-0016,FSRQ,1.57631003856659,4.6943,-3.118,3.118,2.2686,-0.6923,0.6923,2.1604,-0.5841,0.5841,0.9944,Grade A
4FGL J0017.5-0514,FSRQ,0.226999998092651,1.0724,-0.8454,0.8454,0.841,-0.614,0.614,0.4843,-0.2573,0.2573,0.9773,Grade A
4FGL J0017.8+1455,BLL,0.302711993455887,0.3137,-0.011,0.011,0.4811,-0.1784,0.1784,0.3607,-0.058,0.058,0.0324,Grade A
4FGL J0019.6+7327,FSRQ,1.78100001811981,1.2502,0.5308,0.5308,1.1426,0.6384,0.6384,1.2534,0.5276,0.5276,0.9461,Grade A
4FGL J0023.7-6820,FSRQ,0.354000002145767,0.7272,-0.3732,0.3732,0.6541,-0.3001,0.3001,0.4183,-0.0643,0.0643,0.953,Grade A
4FGL J0025.2-2231,FSRQ,0.833999991416931,0.2872,0.5468,0.5468,0.4521,0.3819,0.3819,0.6637,0.1703,0.1703,0.4597,Grade A
4FGL J0028.4+2001,FSRQ,1.55169999599457,2.3536,-0.8019,0.8019,1.3954,0.1563,0.1563,1.4495,0.1022,0.1022,0.9755,Grade A
4FGL J0028.8-0112,BLL,0.0820000022649765,0.2432,-0.1612,0.1612,0.0723,0.0097,0.0097,0.0705,0.0115,0.0115,0.0776,Grade B
4FGL J0030.2-1647,BLL,0.237000003457069,0.1801,0.0569,0.0569,0.2682,-0.0312,0.0312,0.4377,-0.2007,0.2007,0.0071,Grade A
4FGL J0030.3-4224,FSRQ,0.495000004768372,0.918,-0.423,0.423,0.8858,-0.3908,0.3908,0.9087,-0.4137,0.4137,0.9803,Grade A
4FGL J0032.4-2849,BLL,0.323888003826141,0.3458,-0.0219,0.0219,0.1986,0.1253,0.1253,0.2269,0.097,0.097,0.3238,Grade A
4FGL J0033.5-1921,BLL,0.610000014305115,0.262,0.348,0.348,0.3981,0.2119,0.2119,0.3598,0.2502,0.2502,0.0143,Grade A
4FGL J0035.2+1514,BLL,1.09026002883911,0.3667,0.7236,0.7236,0.4288,0.6615,0.6615,0.4376,0.6526,0.6526,0.0095,Grade A
4FGL J0035.8-0837,BLL,0.0320000015199184,1.5293,-1.4973,1.4973,0.8294,-0.7974,0.7974,0.8724,-0.8404,0.8404,0.5523,Grade A
4FGL J0037.6+3653,FSRQ,0.36599999666214,0.3351,0.0309,0.0309,0.4204,-0.0544,0.0544,0.376,-0.01,0.01,0.3461,Grade A
4FGL J0037.8+1239,BLL,0.0890000015497208,0.245,-0.156,0.156,0.1644,-0.0754,0.0754,0.1141,-0.0251,0.0251,0.1036,Grade A
4FGL J0038.1+0012,BLL,0.739499986171722,0.6974,0.0421,0.0421,0.516,0.2235,0.2235,0.6594,0.0801,0.0801,0.1306,Grade A
4FGL J0038.2-2459,FSRQ,1.19599997997284,1.0351,0.1609,0.1609,0.879,0.317,0.317,0.971,0.225,0.225,0.8225,Grade B
4FGL J0040.4-2340,BLL,0.212999999523163,0.3736,-0.1606,0.1606,0.2688,-0.0558,0.0558,0.2398,-0.0268,0.0268,0.1131,Grade A
4FGL J0041.4+3800,FSRQ,0.379999995231628,-0.0303,0.4103,0.4103,0.4708,-0.0908,0.0908,0.5235,-0.1435,0.1435,0.183,Grade A
4FGL J0042.2+2319,FSRQ,1.42599999904633,1.7653,-0.3393,0.3393,1.4419,-0.0159,0.0159,1.4234,0.0026,0.0026,0.9197,Grade A
4FGL J0043.7-1116,BLL,0.263999998569489,0.1239,0.1401,0.1401,0.3238,-0.0598,0.0598,0.4376,-0.1736,0.1736,0.0116,Grade A
4FGL J0043.8+3425,FSRQ,0.966000020503998,0.8159,0.1501,0.1501,0.783,0.183,0.183,0.7455,0.2205,0.2205,0.4538,Grade A
4FGL J0044.2-8424,FSRQ,1.03199994564056,1.3178,-0.2858,0.2858,1.1812,-0.1492,0.1492,0.7876,0.2444,0.2444,0.9464,Grade A
4FGL J0047.9+2233,FSRQ,1.16100001335144,1.5843,-0.4233,0.4233,1.0192,0.1418,0.1418,1.1189,0.0421,0.0421,0.8698,Grade A
4FGL J0049.0+2252,BLL,0.264149993658066,0.4725,-0.2084,0.2084,0.2233,0.0409,0.0409,0.2404,0.0237,0.0237,0.0836,Grade A
4FGL J0049.6-4500,FSRQ,0.120999999344349,0.659,-0.538,0.538,0.4252,-0.3042,0.3042,0.2581,-0.1371,0.1371,0.8724,Grade A
4FGL J0049.7+0237,BLL,1.47399997711182,0.9433,0.5307,0.5307,0.8033,0.6707,0.6707,0.896,0.578,0.578,0.4617,Grade A
4FGL J0050.0-5736,FSRQ,1.79700005054474,1.0295,0.7675,0.7675,0.8386,0.9584,0.9584,0.6799,1.1171,1.1171,0.9566,Grade A
4FGL J0050.4-0452,FSRQ,0.920000016689301,1.3622,-0.4422,0.4422,1.3964,-0.4764,0.4764,1.3549,-0.4349,0.4349,0.9819,Grade A
4FGL J0050.7-0929,BLL,0.634999990463257,0.1706,0.4644,0.4644,0.3209,0.3141,0.3141,0.3814,0.2536,0.2536,0.0679,Grade B
4FGL J0051.1-0648,FSRQ,1.97500002384186,1.7191,0.2559,0.2559,1.3952,0.5798,0.5798,1.2599,0.7151,0.7151,0.974,Grade A
4FGL J0051.2-6242,BLL,0.300000011920929,0.4417,-0.1417,0.1417,0.398,-0.098,0.098,0.3581,-0.0581,0.0581,0.0148,Grade A
4FGL J0051.5-4220,FSRQ,1.74899995326996,3.2241,-1.4751,1.4751,2.0401,-0.2911,0.2911,1.8881,-0.1391,0.1391,0.9939,Grade A
4FGL J0054.7-2455,BLL,0.119999997317791,0.1391,-0.0191,0.0191,0.2683,-0.1483,0.1483,0.3601,-0.2401,0.2401,0.0185,Grade A
4FGL J0056.3-0935,BLL,0.103147000074387,0.0479,0.0553,0.0553,0.0687,0.0344,0.0344,0.0758,0.0273,0.0273,0.0123,Grade A
4FGL J0056.8+1626,BLL,0.206000000238419,1.4277,-1.2217,1.2217,0.9766,-0.7706,0.7706,1.0624,-0.8564,0.8564,0.7549,Grade A
4FGL J0058.0-0539,FSRQ,1.24559998512268,1.1854,0.0602,0.0602,1.4533,-0.2077,0.2077,1.4474,-0.2018,0.2018,0.9712,Grade A
4FGL J0059.2+0006,FSRQ,0.719017028808594,0.2864,0.4326,0.4326,0.8096,-0.0906,0.0906,0.7424,-0.0234,0.0234,0.698,Grade A
4FGL J0059.3-0152,BLL,0.143999993801117,0.1975,-0.0535,0.0535,0.2295,-0.0855,0.0855,0.2433,-0.0993,0.0993,0.0117,Grade A
4FGL J0101.0-0059,BLL,0.670000016689301,0.4628,0.2072,0.2072,0.4666,0.2034,0.2034,0.4327,0.2373,0.2373,0.2451,Grade A
4FGL J0102.4+4214,FSRQ,0.874000012874603,0.9999,-0.1259,0.1259,0.8726,0.0014,0.0014,0.8805,-0.0065,0.0065,0.9006,Grade A
4FGL J0104.8-2416,FSRQ,1.74699997901917,1.8108,-0.0638,0.0638,1.3978,0.3492,0.3492,1.457,0.29,0.29,0.9913,Grade A
4FGL J0105.1+3929,BLL,0.439999997615814,0.7011,-0.2611,0.2611,0.3282,0.1118,0.1118,0.4246,0.0154,0.0154,0.6428,Grade A
4FGL J0108.1-0039,FSRQ,1.37462604045868,0.6719,0.7027,0.7027,1.1156,0.259,0.259,1.2612,0.1134,0.1134,0.9802,Grade A
4FGL J0108.6+0134,FSRQ,2.09899997711182,1.4562,0.6428,0.6428,1.3958,0.7032,0.7032,1.3534,0.7456,0.7456,0.9778,Grade A
4FGL J0109.1+1815,BLL,0.144999995827675,0.4071,-0.2621,0.2621,0.4989,-0.3539,0.3539,0.4375,-0.2925,0.2925,0.0168,Grade A
4FGL J0110.0-4019,BLL,0.312999993562698,0.1556,0.1574,0.1574,0.2682,0.0448,0.0448,0.4377,-0.1247,0.1247,0.0075,Grade A
4FGL J0110.2+4151,BLL,0.096000000834465,0.2346,-0.1386,0.1386,0.1675,-0.0715,0.0715,0.1218,-0.0258,0.0258,0.0287,Grade C
4FGL J0110.7-1254,BLL,0.233999997377396,0.2211,0.0129,0.0129,0.3239,-0.0899,0.0899,0.2778,-0.0438,0.0438,0.011,Grade A
4FGL J0111.4+0534,BLL,0.345999985933304,0.7576,-0.4116,0.4116,0.4949,-0.1489,0.1489,0.437,-0.091,0.091,0.0396,Grade A
4FGL J0112.0-6634,FSRQ,1.18879997730255,1.435,-0.2462,0.2462,1.2046,-0.0158,0.0158,1.2622,-0.0734,0.0734,0.9856,Grade A
4FGL J0112.1+2245,BLL,0.264999985694885,0.1608,0.1042,0.1042,0.2246,0.0404,0.0404,0.2765,-0.0115,0.0115,0.0666,Grade A
4FGL J0112.1-0321,FSRQ,0.771770000457764,0.4995,0.2723,0.2723,0.6064,0.1653,0.1653,0.7238,0.0479,0.0479,0.5919,Grade A
4FGL J0112.8+3208,FSRQ,0.602999985218048,1.0695,-0.4665,0.4665,0.8801,-0.2771,0.2771,0.4863,0.1167,0.1167,0.9456,Grade A
4FGL J0113.1-3553,FSRQ,1.22000002861023,1.0772,0.1428,0.1428,1.1459,0.0741,0.0741,0.902,0.318,0.318,0.9522,Grade A
4FGL J0113.4+4948,FSRQ,0.388999998569489,0.4625,-0.0735,0.0735,0.564,-0.175,0.175,0.6619,-0.2729,0.2729,0.4374,Grade A
4FGL J0113.7+0225,BLL,0.0469999983906746,0.4598,-0.4128,0.4128,0.1293,-0.0823,0.0823,0.094,-0.047,0.047,0.4609,Grade A
4FGL J0114.8+1326,BLL,0.583000004291534,0.3759,0.2071,0.2071,0.4271,0.1559,0.1559,0.3601,0.2229,0.2229,0.0201,Grade A
4FGL J0115.1-0129,FSRQ,1.36500000953674,2.0263,-0.6613,0.6613,1.5005,-0.1355,0.1355,1.4579,-0.0929,0.0929,0.9932,Grade A
4FGL J0115.8+2519,BLL,0.358000010251999,0.1859,0.1721,0.1721,0.3572,0.0008,0.0008,0.3586,-0.0006,0.0006,0.0108,Grade A
4FGL J0116.0-1136,FSRQ,0.670000016689301,0.7006,-0.0306,0.0306,0.8349,-0.1649,0.1649,0.7835,-0.1135,0.1135,0.9241,Grade A
4FGL J0117.8-2109,FSRQ,1.49000000953674,1.3477,0.1423,0.1423,0.8652,0.6248,0.6248,1.033,0.457,0.457,0.8549,Grade A
4FGL J0118.9-2141,FSRQ,1.16499996185303,1.0062,0.1588,0.1588,1.0509,0.1141,0.1141,0.9825,0.1825,0.1825,0.7121,Grade A
4FGL J0119.0-1458,BLL,0.114698998630047,0.1299,-0.0152,0.0152,0.3233,-0.2086,0.2086,0.4202,-0.3055,0.3055,0.0221,Grade A
4FGL J0121.8-3916,BLL,0.389999985694885,0.255,0.135,0.135,0.3236,0.0664,0.0664,0.3048,0.0852,0.0852,0.016,Grade A
4FGL J0123.1+3421,BLL,0.272000014781952,0.0391,0.2329,0.2329,0.2682,0.0038,0.0038,0.3791,-0.1071,0.1071,0.0043,Grade A
4FGL J0123.7-2311,BLL,0.404000014066696,0.1573,0.2467,0.2467,0.2684,0.1356,0.1356,0.3611,0.0429,0.0429,0.0412,Grade A
4FGL J0124.8-0625,BLL,2.11700010299683,1.0068,1.1102,1.1102,0.8034,1.3136,1.3136,0.8963,1.2207,1.2207,0.4626,Grade A
4FGL J0126.0-2221,FSRQ,0.720000028610229,0.6269,0.0931,0.0931,0.8302,-0.1102,0.1102,0.7885,-0.0685,0.0685,0.9511,Grade A
4FGL J0127.2-0819,BLL,0.360000014305115,0.867,-0.507,0.507,0.8067,-0.4467,0.4467,0.7406,-0.3806,0.3806,0.2146,Grade A
4FGL J0129.8+1440,FSRQ,1.62635898590088,1.8179,-0.1915,0.1915,1.4558,0.1706,0.1706,1.4529,0.1735,0.1735,0.9824,Grade A
4FGL J0132.7-1654,FSRQ,1.01999998092651,0.6891,0.3309,0.3309,0.8357,0.1843,0.1843,0.8969,0.1231,0.1231,0.931,Grade A
4FGL J0133.1-5201,FSRQ,0.925000011920929,1.1886,-0.2636,0.2636,1.1984,-0.2734,0.2734,1.1736,-0.2486,0.2486,0.9752,Grade A
4FGL J0134.3-3842,FSRQ,2.14000010490417,0.6054,1.5346,1.5346,0.8375,1.3025,1.3025,0.9006,1.2394,1.2394,0.9467,Grade A
4FGL J0134.5+2637,FSRQ,0.570999979972839,0.0494,0.5216,0.5216,0.4831,0.0879,0.0879,0.387,0.184,0.184,0.0047,Grade A
4FGL J0137.0+4751,FSRQ,0.859000027179718,0.848,0.011,0.011,0.7594,0.0996,0.0996,0.7807,0.0783,0.0783,0.9089,Grade A
4FGL J0137.6-2430,FSRQ,0.834999978542328,1.1178,-0.2828,0.2828,1.1192,-0.2842,0.2842,1.0366,-0.2016,0.2016,0.9878,Grade A
4FGL J0140.6-0758,BLL,0.490000009536743,0.3191,0.1709,0.1709,0.4467,0.0433,0.0433,0.4588,0.0312,0.0312,0.0238,Grade A
4FGL J0141.4-0928,BLL,0.730000019073486,0.8249,-0.0949,0.0949,0.482,0.248,0.248,0.5229,0.2071,0.2071,0.3891,Grade A
4FGL J0145.0-2732,FSRQ,1.14800000190735,1.2574,-0.1094,0.1094,1.3976,-0.2496,0.2496,1.4563,-0.3083,0.3083,0.9899,Grade A
4FGL J0148.6+0127,BLL,0.939999997615814,0.7902,0.1498,0.1498,0.5307,0.4093,0.4093,0.5474,0.3926,0.3926,0.2269,Grade A
4FGL J0152.2+2206,FSRQ,1.32000005245209,1.1289,0.1911,0.1911,1.2081,0.1119,0.1119,1.2635,0.0565,0.0565,0.9913,Grade A
4FGL J0152.6+0147,BLL,0.0799999982118607,0.189,-0.109,0.109,0.0693,0.0107,0.0107,0.0734,0.0066,0.0066,0.0217,Grade A
4FGL J0153.5-5107,FSRQ,1.58200001716614,1.5982,-0.0162,0.0162,1.0401,0.5419,0.5419,1.2485,0.3335,0.3335,0.9243,Grade B
4FGL J0153.9+0823,BLL,0.680999994277954,0.5197,0.1613,0.1613,0.4943,0.1867,0.1867,0.4373,0.2437,0.2437,0.0244,Grade A
4FGL J0158.8+0101,FSRQ,1.61000001430511,1.3157,0.2943,0.2943,0.9508,0.6592,0.6592,0.8218,0.7882,0.7882,0.6019,Grade A
4FGL J0159.5+1046,BLL,0.194999992847443,0.233,-0.038,0.038,0.3236,-0.1286,0.1286,0.359,-0.164,0.164,0.016,Grade A
4FGL J0202.4+0849,FSRQ,0.629000008106232,0.3183,0.3107,0.3107,0.494,0.135,0.135,0.4373,0.1917,0.1917,0.0279,Grade A
4FGL J0202.6-0258,FSRQ,1.34440994262695,1.1075,0.2369,0.2369,1.3859,-0.0415,0.0415,1.2461,0.0983,0.0983,0.9127,Grade A
4FGL J0203.7+3042,BLL,0.760999977588654,2.1129,-1.3519,1.3519,0.7953,-0.0343,0.0343,0.8142,-0.0532,0.0532,0.5671,Grade A
4FGL J0205.0-1700,FSRQ,1.74000000953674,1.4809,0.2591,0.2591,1.3978,0.3422,0.3422,1.4571,0.2829,0.2829,0.9915,Grade A
4FGL J0205.2+3212,FSRQ,1.46599996089935,1.5158,-0.0498,0.0498,1.8321,-0.3661,0.3661,1.4586,0.0074,0.0074,0.9946,Grade A
4FGL J0206.4-1151,FSRQ,1.66299998760223,1.2078,0.4552,0.4552,0.8836,0.7794,0.7794,1.0281,0.6349,0.6349,0.9671,Grade A
4FGL J0208.5-0046,BLL,2.02500009536743,1.1645,0.8605,0.8605,0.9181,1.1069,1.1069,0.8763,1.1487,1.1487,0.8436,Grade A
4FGL J0208.6+3523,BLL,0.317999988794327,0.595,-0.277,0.277,0.4945,-0.1765,0.1765,0.5459,-0.2279,0.2279,0.0515,Grade A
4FGL J0209.3-5228,BLL,0.163000002503395,0.0451,0.1179,0.1179,0.131,0.032,0.032,0.1632,-0.0002,0.0002,0.0184,Grade A
4FGL J0209.9+7229,BLL,0.894999980926514,1.88,-0.985,0.985,0.8194,0.0756,0.0756,0.9313,-0.0363,0.0363,0.5666,Grade A
4FGL J0210.7-5101,FSRQ,1.00300002098083,0.9267,0.0763,0.0763,0.8823,0.1207,0.1207,0.8997,0.1033,0.1033,0.9589,Grade A
4FGL J0211.2+1051,BLL,0.200000002980232,0.1187,0.0813,0.0813,0.2287,-0.0287,0.0287,0.1632,0.0368,0.0368,0.0186,Grade A
4FGL J0212.4-3502,BLL,0.39300000667572,0.2648,0.1282,0.1282,0.494,-0.101,0.101,0.5475,-0.1545,0.1545,0.0284,Grade A
4FGL J0212.9+2244,BLL,0.458999991416931,0.4859,-0.0269,0.0269,0.3981,0.0609,0.0609,0.2433,0.2157,0.2157,0.0084,Grade A
4FGL J0216.5+2313,BLL,0.287999987602234,0.2905,-0.0025,0.0025,0.3596,-0.0716,0.0716,0.4371,-0.1491,0.1491,0.0374,Grade A
4FGL J0216.8-6635,BLL,0.330000013113022,0.3207,0.0093,0.0093,0.3973,-0.0673,0.0673,0.3048,0.0252,0.0252,0.0158,Grade A
4FGL J0217.0-0821,FSRQ,0.60699999332428,0.8054,-0.1984,0.1984,0.8806,-0.2736,0.2736,0.9012,-0.2942,0.2942,0.949,Grade A
4FGL J0217.2+0837,BLL,0.0850000008940697,0.399,-0.314,0.314,0.2326,-0.1476,0.1476,0.1224,-0.0374,0.0374,0.2756,Grade A
4FGL J0217.4+7352,FSRQ,2.36700010299683,2.7517,-0.3847,0.3847,2.0336,0.3334,0.3334,2.1491,0.2179,0.2179,0.9878,Grade A
4FGL J0217.8+0144,FSRQ,1.7150000333786,0.8951,0.8199,0.8199,0.7923,0.9227,0.9227,0.7148,1.0002,1.0002,0.5393,Grade A
4FGL J0219.1-1724,BLL,0.128000006079674,0.2246,-0.0966,0.0966,0.1683,-0.0403,0.0403,0.2434,-0.1154,0.1154,0.0097,Grade A
4FGL J0220.2+3246,FSRQ,1.62000000476837,0.8401,0.7799,0.7799,1.1656,0.4544,0.4544,1.263,0.357,0.357,0.9889,Grade A
4FGL J0220.8-0841,BLL,0.430000007152557,0.2155,0.2145,0.2145,0.4475,-0.0175,0.0175,0.4585,-0.0285,0.0285,0.029,Grade A
4FGL J0221.1+3556,FSRQ,0.944000005722046,1.1912,-0.2472,0.2472,1.1103,-0.1663,0.1663,1.3218,-0.3778,0.3778,0.8843,Grade A
4FGL J0221.5+2513,FSRQ,0.481799989938736,0.8708,-0.389,0.389,0.518,-0.0362,0.0362,0.5395,-0.0577,0.0577,0.1442,Grade A
4FGL J0222.0-1616,FSRQ,0.698000013828278,0.5946,0.1034,0.1034,0.7954,-0.0974,0.0974,0.7197,-0.0217,0.0217,0.5682,Grade A
4FGL J0222.6+4302,BLL,0.444000005722046,0.0189,0.4251,0.4251,0.145,0.299,0.299,0.2429,0.2011,0.2011,0.0112,Grade A
4FGL J0223.0-3447,FSRQ,1.49000000953674,1.246,0.244,0.244,1.1573,0.3327,0.3327,1.4169,0.0731,0.0731,0.9055,Grade A
4FGL J0223.1-1117,BLL,0.0421090014278889,0.207,-0.1649,0.1649,0.4956,-0.4535,0.4535,0.5488,-0.5067,0.5067,0.0091,Grade A
4FGL J0223.2-1653,FSRQ,1.01499998569489,1.3861,-0.3711,0.3711,1.1728,-0.1578,0.1578,1.2504,-0.2354,0.2354,0.9321,Grade B
4FGL J0224.2+0700,FSRQ,0.510999977588654,0.3088,0.2022,0.2022,0.6529,-0.1419,0.1419,0.4191,0.0919,0.0919,0.9578,Grade A
4FGL J0224.9+1843,FSRQ,2.69000005722046,2.792,-0.102,0.102,2.2301,0.4599,0.4599,2.7265,-0.0365,0.0365,0.9939,Grade A
4FGL J0226.5+0938,FSRQ,2.60500001907349,1.1819,1.4231,1.4231,0.7841,1.8209,1.8209,0.8787,1.7263,1.7263,0.3339,Grade A
4FGL J0227.2+3928,FSRQ,1.57099997997284,1.506,0.065,0.065,1.39,0.181,0.181,1.3406,0.2304,0.2304,0.9401,Grade A
4FGL J0228.0-3026,FSRQ,0.302799999713898,0.43,-0.1272,0.1272,0.4777,-0.1749,0.1749,0.5152,-0.2124,0.2124,0.5039,Grade B
4FGL J0228.3-5547,FSRQ,2.46399998664856,1.6402,0.8238,0.8238,0.9391,1.5249,1.5249,1.1729,1.2911,1.2911,0.5726,Grade B
4FGL J0229.5-3644,FSRQ,2.11500000953674,2.1873,-0.0723,0.0723,1.4579,0.6571,0.6571,1.5257,0.5893,0.5893,0.9921,Grade A
4FGL J0230.8+4032,FSRQ,1.01900005340576,1.0521,-0.0331,0.0331,1.1662,-0.1472,0.1472,1.1819,-0.1629,0.1629,0.9901,Grade A
4FGL J0231.2-4745,FSRQ,0.764999985694885,2.9435,-2.1785,2.1785,1.3851,-0.6201,0.6201,1.2448,-0.4798,0.4798,0.9075,Grade A
4FGL J0231.8+1322,FSRQ,2.06500005722046,1.5537,0.5113,0.5113,1.1746,0.8904,0.8904,1.8211,0.2439,0.2439,0.9352,Grade A
4FGL J0232.8+2018,BLL,0.138999998569489,0.0459,0.0931,0.0931,0.118,0.021,0.021,0.1095,0.0295,0.0295,0.0038,Grade A
4FGL J0236.8-6136,FSRQ,0.467000007629395,0.7685,-0.3015,0.3015,0.6238,-0.1568,0.1568,0.4961,-0.0291,0.0291,0.794,Grade A
4FGL J0237.6-3602,BLL,0.41100001335144,0.0036,0.4074,0.4074,0.2302,0.1808,0.1808,0.2897,0.1213,0.1213,0.0056,Grade A
4FGL J0237.8+2848,FSRQ,1.2059999704361,1.2581,-0.0521,0.0521,1.1865,0.0195,0.0195,1.1138,0.0922,0.0922,0.9553,Grade A
4FGL J0238.1-3905,BLL,0.200000002980232,0.3287,-0.1287,0.1287,0.3988,-0.1988,0.1988,0.3591,-0.1591,0.1591,0.0079,Grade A
4FGL J0238.4-3116,BLL,0.23199999332428,0.0378,0.1942,0.1942,0.1682,0.0638,0.0638,0.1632,0.0688,0.0688,0.0124,Grade A
4FGL J0238.6+1637,BLL,0.939999997615814,0.9534,-0.0134,0.0134,0.8557,0.0843,0.0843,0.8429,0.0971,0.0971,0.6973,Grade A
4FGL J0238.7+2555,BLL,0.583999991416931,0.5968,-0.0128,0.0128,0.4946,0.0894,0.0894,0.4578,0.1262,0.1262,0.0472,Grade A
4FGL J0239.7+0415,FSRQ,0.977999985218048,1.0639,-0.0859,0.0859,1.1185,-0.1405,0.1405,1.0869,-0.1089,0.1089,0.9864,Grade A
4FGL J0242.3+1102,FSRQ,2.6800000667572,2.4502,0.2298,0.2298,2.0357,0.6443,0.6443,1.8832,0.7968,0.7968,0.9897,Grade A
4FGL J0243.2-0550,FSRQ,1.80499994754791,2.2006,-0.3956,0.3956,1.8426,-0.0376,0.0376,1.4536,0.3514,0.3514,0.9841,Grade A
4FGL J0244.6-5819,BLL,0.264999985694885,0.1488,0.1162,0.1162,0.2301,0.0349,0.0349,0.2435,0.0215,0.0215,0.0065,Grade A
4FGL J0245.4+2408,FSRQ,2.24300003051758,3.2993,-1.0563,1.0563,2.224,0.019,0.019,2.1411,0.1019,0.1019,0.9896,Grade A
4FGL J0245.5-4502,FSRQ,0.282799988985062,0.2232,0.0596,0.0596,0.2879,-0.0051,0.0051,0.1605,0.1223,0.1223,0.717,Grade B
4FGL J0245.9-4650,FSRQ,1.38499999046326,1.0336,0.3514,0.3514,0.8402,0.5448,0.5448,0.7945,0.5905,0.5905,0.9832,Grade A
4FGL J0250.6+1712,BLL,1.10029995441437,0.1885,0.9118,0.9118,0.2298,0.8705,0.8705,0.2431,0.8572,0.8572,0.0089,Grade A
4FGL J0251.5-5958,FSRQ,1.37300002574921,1.5202,-0.1472,0.1472,1.3583,0.0147,0.0147,1.2715,0.1015,0.1015,0.7282,Grade A
4FGL J0252.8-2219,FSRQ,1.4190000295639,2.0404,-0.6214,0.6214,1.8249,-0.4059,0.4059,1.5215,-0.1025,0.1025,0.9847,Grade A
4FGL J0252.9+3834,FSRQ,1.12199997901917,1.2562,-0.1342,0.1342,1.2138,-0.0918,0.0918,1.1883,-0.0663,0.0663,0.9907,Grade A
4FGL J0253.2-5441,FSRQ,0.538999974727631,0.8665,-0.3275,0.3275,0.8857,-0.3467,0.3467,0.7074,-0.1684,0.1684,0.9799,Grade A
4FGL J0253.2-0124,BLL,1.47998702526093,0.6053,0.8746,0.8746,0.575,0.905,0.905,0.6358,0.8441,0.8441,0.0575,Grade A
4FGL J0253.5+3216,FSRQ,0.859000027179718,1.1105,-0.2515,0.2515,0.9655,-0.1065,0.1065,0.9367,-0.0777,0.0777,0.5824,Grade A
4FGL J0255.8+0534,BLL,0.680821001529694,0.9778,-0.297,0.297,0.4879,0.1929,0.1929,0.5474,0.1335,0.1335,0.2275,Grade A
4FGL J0256.3+0334,BLL,0.400000005960464,0.3548,0.0452,0.0452,0.2677,0.1323,0.1323,0.2417,0.1583,0.1583,0.0313,Grade A
4FGL J0257.9-1215,FSRQ,1.39100003242493,0.9156,0.4754,0.4754,1.3928,-0.0018,0.0018,1.2561,0.1349,0.1349,0.9582,Grade A
4FGL J0259.4+0746,FSRQ,0.89300000667572,0.7494,0.1436,0.1436,0.8129,0.0801,0.0801,0.8783,0.0147,0.0147,0.5244,Grade A
4FGL J0301.0-1652,BLL,0.277999997138977,0.2476,0.0304,0.0304,0.2225,0.0555,0.0555,0.267,0.011,0.011,0.3313,Grade A
4FGL J0301.6-7155,FSRQ,0.823199987411499,1.2147,-0.3915,0.3915,1.1315,-0.3083,0.3083,0.8954,-0.0722,0.0722,0.9249,Grade A
4FGL J0303.3-7913,FSRQ,1.11500000953674,0.7343,0.3807,0.3807,1.1503,-0.0353,0.0353,1.0254,0.0896,0.0896,0.9605,Grade A
4FGL J0303.3+0555,BLL,0.195999994874001,0.2178,-0.0218,0.0218,0.2293,-0.0333,0.0333,0.2775,-0.0815,0.0815,0.0221,Grade A
4FGL J0303.4-2407,BLL,0.266000002622604,0.1176,0.1484,0.1484,0.2289,0.0371,0.0371,0.2778,-0.0118,0.0118,0.0167,Grade A
4FGL J0303.6-6211,FSRQ,1.35099995136261,1.1744,0.1766,0.1766,1.2067,0.1443,0.1443,1.1885,0.1625,0.1625,0.9889,Grade A
4FGL J0304.5-0054,BLL,0.510999977588654,0.1538,0.3572,0.3572,0.2683,0.2427,0.2427,0.2776,0.2334,0.2334,0.0197,Grade A
4FGL J0305.1-1608,BLL,0.310999989509583,0.4239,-0.1129,0.1129,0.4216,-0.1106,0.1106,0.4366,-0.1256,0.1256,0.0569,Grade A
4FGL J0309.0+1029,FSRQ,0.862999975681305,1.0299,-0.1669,0.1669,1.115,-0.252,0.252,0.9084,-0.0454,0.0454,0.9791,Grade A
4FGL J0309.9-6058,FSRQ,1.47899997234344,1.4471,0.0319,0.0319,1.3958,0.0832,0.0832,1.4507,0.0283,0.0283,0.9781,Grade A
4FGL J0310.9+3815,FSRQ,0.944999992847443,1.3653,-0.4203,0.4203,0.8026,0.1424,0.1424,0.7696,0.1754,0.1754,0.8486,Grade A
4FGL J0312.8+0134,FSRQ,0.663999974727631,1.1251,-0.4611,0.4611,1.1248,-0.4608,0.4608,0.8775,-0.2135,0.2135,0.8485,Grade A
4FGL J0312.9+3614,BLL,0.0715159997344017,0.2366,-0.1651,0.1651,0.131,-0.0595,0.0595,0.0727,-0.0012,0.0012,0.0088,Grade A
4FGL J0314.3+0620,BLL,0.620000004768372,0.186,0.434,0.434,0.3241,0.2959,0.2959,0.3591,0.2609,0.2609,0.006,Grade A
4FGL J0314.6-6549,FSRQ,0.635999977588654,0.6703,-0.0343,0.0343,0.8069,-0.1709,0.1709,0.7381,-0.1021,0.1021,0.6733,Grade A
4FGL J0315.9-1033,FSRQ,1.56500005722046,1.8377,-0.2727,0.2727,2.039,-0.474,0.474,1.8868,-0.3218,0.3218,0.9929,Grade A
4FGL J0316.2+0905,BLL,0.372000008821487,0.2614,0.1106,0.1106,0.2682,0.1038,0.1038,0.3598,0.0122,0.0122,0.0136,Grade A
4FGL J0316.2-2608,BLL,0.442999988794327,0.2636,0.1794,0.1794,0.4829,-0.0399,0.0399,0.359,0.084,0.084,0.0063,Grade A
4FGL J0317.7-2804,FSRQ,1.16600000858307,1.0329,0.1331,0.1331,1.3776,-0.2116,0.2116,1.3949,-0.2289,0.2289,0.858,Grade A
4FGL J0319.8+1845,BLL,0.189999997615814,0.2091,-0.0191,0.0191,0.4831,-0.2931,0.2931,0.3053,-0.1153,0.1153,0.0048,Grade A
4FGL J0323.7-0111,BLL,2.07500004768372,0.3599,1.7151,1.7151,0.4976,1.5774,1.5774,0.5489,1.5261,1.5261,0.0081,Grade A
4FGL J0325.0-2416,FSRQ,1.16100001335144,1.4171,-0.2561,0.2561,0.9982,0.1628,0.1628,1.02,0.141,0.141,0.8139,Grade A
4FGL J0325.5-5635,BLL,0.0602350011467934,0.248,-0.1877,0.1877,0.118,-0.0578,0.0578,0.0755,-0.0152,0.0152,0.006,Grade A
4FGL J0325.6-1646,BLL,0.291000008583069,0.0993,0.1917,0.1917,0.2683,0.0227,0.0227,0.2776,0.0134,0.0134,0.018,Grade A
4FGL J0325.7+2225,FSRQ,2.06599998474121,1.9184,0.1476,0.1476,1.4576,0.6084,0.6084,1.4568,0.6092,0.6092,0.9905,Grade A
4FGL J0326.2+0225,BLL,0.146999999880791,0.1376,0.0094,0.0094,0.2647,-0.1177,0.1177,0.2434,-0.0964,0.0964,0.0081,Grade A
4FGL J0332.1-1123,FSRQ,0.207000002264977,0.3625,-0.1555,0.1555,0.3413,-0.1343,0.1343,0.2834,-0.0764,0.0764,0.5203,Grade A
4FGL J0333.7+7851,BLL,0.400000005960464,0.4693,-0.0693,0.0693,0.4951,-0.0951,0.0951,0.5484,-0.1484,0.1484,0.0156,Grade A
4FGL J0334.2-4008,BLL,1.44500005245209,1.4604,-0.0154,0.0154,0.8048,0.6402,0.6402,0.6797,0.7653,0.7653,0.6538,Grade A
4FGL J0336.4+3224,FSRQ,1.25899994373322,0.5891,0.6699,0.6699,0.8396,0.4194,0.4194,1.0272,0.2318,0.2318,0.9648,Grade B
4FGL J0336.5-0348,BLL,0.161791995167732,0.4782,-0.3164,0.3164,0.3234,-0.1616,0.1616,0.2428,-0.081,0.081,0.0201,Grade A
4FGL J0336.8-3612,FSRQ,1.53699994087219,1.4514,0.0856,0.0856,1.4934,0.0436,0.0436,1.3498,0.1872,0.1872,0.9671,Grade A
4FGL J0337.8-1157,FSRQ,3.44199991226196,2.2431,1.1989,1.1989,2.1505,1.2915,1.2915,3.1351,0.3069,0.3069,0.9358,Grade A
4FGL J0339.2-1736,BLL,0.0655599981546402,0.1,-0.0344,0.0344,0.0686,-0.0031,0.0031,0.0664,-0.0009,0.0009,0.0102,Grade A
4FGL J0339.5-0146,FSRQ,0.850000023841858,1.1233,-0.2733,0.2733,1.1899,-0.3399,0.3399,1.0256,-0.1756,0.1756,0.961,Grade A
4FGL J0340.5-2118,BLL,0.232999995350838,0.2054,0.0276,0.0276,0.4639,-0.2309,0.2309,0.4319,-0.1989,0.1989,0.285,Grade A
4FGL J0342.2+3858,FSRQ,0.944999992847443,1.2962,-0.3512,0.3512,0.6534,0.2916,0.2916,0.748,0.197,0.197,0.4944,Grade A
4FGL J0343.2-2529,FSRQ,1.4190000295639,0.4939,0.9251,0.9251,1.0774,0.3416,0.3416,1.2429,0.1761,0.1761,0.898,Grade A
4FGL J0343.4+3621,FSRQ,1.48500001430511,1.5049,-0.0199,0.0199,1.7751,-0.2901,0.2901,1.4211,0.0639,0.0639,0.9148,Grade A
4FGL J0345.2-2353,BLL,0.103644996881485,0.9619,-0.8582,0.8582,1.0229,-0.9192,0.9192,0.8341,-0.7304,0.7304,0.6578,Grade A
4FGL J0348.5-2749,FSRQ,0.99099999666214,1.0141,-0.0231,0.0231,1.0208,-0.0298,0.0298,1.2003,-0.2093,0.2093,0.7029,Grade B
4FGL J0349.4-1159,BLL,0.187999993562698,0.1925,-0.0045,0.0045,0.3254,-0.1374,0.1374,0.387,-0.199,0.199,0.0374,Grade A
4FGL J0349.8-2103,FSRQ,2.94400000572205,3.1214,-0.1774,0.1774,2.0361,0.9079,0.9079,1.8837,1.0603,1.0603,0.9901,Grade A
4FGL J0353.7+8257,BLL,0.0693999975919724,0.1546,-0.0852,0.0852,0.1311,-0.0617,0.0617,0.088,-0.0186,0.0186,0.0076,Grade A
4FGL J0354.7-1617,FSRQ,1.18700003623962,0.6241,0.5629,0.5629,1.0934,0.0936,0.0936,1.1513,0.0357,0.0357,0.9328,Grade B
4FGL J0357.0-4955,BLL,0.64300000667572,0.4973,0.1457,0.1457,0.4879,0.1551,0.1551,0.4349,0.2081,0.2081,0.1414,Grade A
4FGL J0401.7+2112,FSRQ,0.833999991416931,0.8389,-0.0049,0.0049,0.8289,0.0051,0.0051,0.7737,0.0603,0.0603,0.8712,Grade A
4FGL J0402.0-2616,BLL,1.91999995708466,1.2012,0.7188,0.7188,0.7949,1.1251,1.1251,0.8073,1.1127,1.1127,0.1802,Grade A
4FGL J0402.1-3147,FSRQ,1.28799998760223,1.4667,-0.1787,0.1787,1.1262,0.1618,0.1618,1.1094,0.1786,0.1786,0.851,Grade A
4FGL J0403.3+2601,FSRQ,2.10899996757507,1.829,0.28,0.28,1.4935,0.6155,0.6155,2.1046,0.0044,0.0044,0.9674,Grade A
4FGL J0403.5-2437,BLL,0.59799998998642,1.5233,-0.9253,0.9253,0.8975,-0.2995,0.2995,0.8942,-0.2962,0.2962,0.9196,Grade A
4FGL J0403.9-3605,FSRQ,1.41700005531311,1.0005,0.4165,0.4165,1.1382,0.2788,0.2788,1.1538,0.2632,0.2632,0.9376,Grade A
4FGL J0405.6-1308,FSRQ,0.570999979972839,0.1426,0.4284,0.4284,0.4203,0.1507,0.1507,0.4293,0.1417,0.1417,0.9015,Grade A
4FGL J0407.0-3826,FSRQ,1.2849999666214,1.978,-0.693,0.693,1.3941,-0.1091,0.1091,1.2581,0.0269,0.0269,0.9672,Grade A
4FGL J0407.5+0741,BLL,1.13300001621246,0.9927,0.1403,0.1403,0.8585,0.2745,0.2745,0.8463,0.2867,0.2867,0.7124,Grade A
4FGL J0413.1-5332,FSRQ,1.02400004863739,1.3099,-0.2859,0.2859,1.388,-0.364,0.364,1.2491,-0.2251,0.2251,0.927,Grade A
4FGL J0416.5-1852,FSRQ,1.53600001335144,1.7863,-0.2503,0.2503,1.455,0.081,0.081,1.4512,0.0848,0.0848,0.9792,Grade A
4FGL J0416.9+0105,BLL,0.287000000476837,0.0308,0.2562,0.2562,0.2304,0.0566,0.0566,0.2778,0.0092,0.0092,0.0046,Grade A
4FGL J0422.1-0644,FSRQ,0.241999998688698,0.4362,-0.1942,0.1942,0.3145,-0.0725,0.0725,0.411,-0.169,0.169,0.8412,Grade A
4FGL J0422.8+0225,FSRQ,2.27699995040894,5.7945,-3.5175,3.5175,2.2524,0.0246,0.0246,2.6945,-0.4175,0.4175,0.9833,Grade B
4FGL J0423.3-0120,FSRQ,0.916000008583069,0.8187,0.0973,0.0973,0.9081,0.0079,0.0079,0.9072,0.0088,0.0088,0.9742,Grade A
4FGL J0424.7+0036,BLL,0.26800000667572,0.1879,0.0801,0.0801,0.2153,0.0527,0.0527,0.2748,-0.0068,0.0068,0.141,Grade A
4FGL J0424.9-5331,BLL,0.389999985694885,0.3207,0.0693,0.0693,0.371,0.019,0.019,0.3495,0.0405,0.0405,0.1821,Grade A
4FGL J0428.6-3756,BLL,1.11000001430511,1.1275,-0.0175,0.0175,0.8239,0.2861,0.2861,0.8203,0.2897,0.2897,0.5953,Grade A
4FGL J0429.3-4326,FSRQ,1.42299997806549,0.887,0.536,0.536,1.3844,0.0386,0.0386,1.4158,0.0072,0.0072,0.9032,Grade A
4FGL J0430.3-2507,BLL,0.515999972820282,0.2393,0.2767,0.2767,0.4955,0.0205,0.0205,0.5479,-0.0319,0.0319,0.0231,Grade A
4FGL J0433.6-6030,FSRQ,0.93010002374649,0.717,0.2131,0.2131,0.6098,0.3203,0.3203,0.8463,0.0838,0.0838,0.7125,Grade A
4FGL J0433.6+2905,BLL,0.970000028610229,1.8439,-0.8739,0.8739,0.9353,0.0347,0.0347,1.2342,-0.2642,0.2642,0.478,Grade B
4FGL J0434.1-2014,BLL,0.927999973297119,0.6881,0.2399,0.2399,0.6701,0.2579,0.2579,0.6546,0.2734,0.2734,0.3477,Grade A
4FGL J0438.4-1254,FSRQ,1.27600002288818,1.0725,0.2035,0.2035,1.1388,0.1372,0.1372,1.1817,0.0943,0.0943,0.9389,Grade A
4FGL J0438.9-4521,BLL,2.01699995994568,1.5517,0.4653,0.4653,1.1475,0.8695,0.8695,1.2554,0.7616,0.7616,0.9552,Grade A
4FGL J0440.2-2458,BLL,0.600000023841858,0.6331,-0.0331,0.0331,0.324,0.276,0.276,0.2778,0.3222,0.3222,0.0073,Grade A
4FGL J0442.6-0017,FSRQ,0.449000000953674,2.0291,-1.5801,1.5801,1.4972,-1.0482,1.0482,1.5195,-1.0705,1.0705,0.9812,Grade A
4FGL J0448.6-1632,BLL,0.319999992847443,0.3141,0.0059,0.0059,0.3969,-0.0769,0.0769,0.4373,-0.1173,0.1173,0.0245,Grade A
4FGL J0449.1+1121,FSRQ,2.15300011634827,1.5272,0.6258,0.6258,1.3955,0.7575,0.7575,1.4498,0.7032,0.7032,0.9763,Grade A
4FGL J0449.4-4350,BLL,0.204999998211861,0.1708,0.0342,0.0342,0.2278,-0.0228,0.0228,0.1632,0.0418,0.0418,0.0267,Grade A
4FGL J0451.8-4651,FSRQ,0.601999998092651,2.8294,-2.2274,2.2274,1.1444,-0.5424,0.5424,1.2394,-0.6374,0.6374,0.8832,Grade A
4FGL J0453.1-2806,FSRQ,2.56399989128113,1.8092,0.7548,0.7548,1.3978,1.1662,1.1662,1.457,1.107,1.107,0.9913,Grade A
4FGL J0455.7-4617,FSRQ,0.857999980449677,1.0133,-0.1553,0.1553,0.8876,-0.0296,0.0296,0.9113,-0.0533,0.0533,0.9912,Grade A
4FGL J0456.6-3136,FSRQ,0.865000009536743,1.3417,-0.4767,0.4767,0.8713,-0.0063,0.0063,0.8593,0.0057,0.0057,0.8922,Grade A
4FGL J0457.0+0646,FSRQ,0.405000001192093,0.8413,-0.4363,0.4363,0.8394,-0.4344,0.4344,0.4852,-0.0802,0.0802,0.9634,Grade A
4FGL J0457.0-2324,FSRQ,1.00300002098083,1.02,-0.017,0.017,0.9733,0.0297,0.0297,0.9095,0.0935,0.0935,0.6572,Grade A
4FGL J0501.2-0158,FSRQ,2.29099988937378,1.274,1.017,1.017,1.1649,1.1261,1.1261,1.1802,1.1108,1.1108,0.9876,Grade A
4FGL J0502.4+0609,FSRQ,1.10599994659424,1.3963,-0.2903,0.2903,1.189,-0.083,0.083,1.2564,-0.1504,0.1504,0.9595,Grade A
4FGL J0505.3+0459,FSRQ,0.953999996185303,0.8958,0.0582,0.0582,1.1576,-0.2036,0.2036,1.173,-0.219,0.219,0.974,Grade A
4FGL J0505.6+0415,BLL,0.0272000003606081,0.1467,-0.1195,0.1195,0.2301,-0.2029,0.2029,0.2434,-0.2162,0.2162,0.0099,Grade A
4FGL J0505.8-0419,FSRQ,1.48099994659424,1.3787,0.1023,0.1023,1.8024,-0.3214,0.3214,1.8415,-0.3605,0.3605,0.9534,Grade A
4FGL J0507.7-6104,FSRQ,1.08899998664856,1.2307,-0.1417,0.1417,1.0387,0.0503,0.0503,1.0095,0.0795,0.0795,0.9208,Grade A
4FGL J0507.9+6737,BLL,0.416000008583069,-0.0013,0.4173,0.4173,0.2303,0.1857,0.1857,0.2777,0.1383,0.1383,0.0101,Grade A
4FGL J0508.2-1937,FSRQ,1.87999999523163,2.2371,-0.3571,0.3571,1.4411,0.4389,0.4389,1.3561,0.5239,0.5239,0.7711,Grade A
4FGL J0509.4+1012,FSRQ,0.620999991893768,1.2708,-0.6498,0.6498,1.117,-0.496,0.496,1.0856,-0.4646,0.4646,0.9832,Grade A
4FGL J0509.4+0542,BLL,0.336499989032745,0.0858,0.2507,0.2507,0.1929,0.1436,0.1436,0.2428,0.0937,0.0937,0.024,Grade A
4FGL J0509.6-0402,BLL,0.303999990224838,0.1172,0.1868,0.1868,0.2682,0.0358,0.0358,0.2779,0.0261,0.0261,0.008,Grade A
4FGL J0510.0+1800,FSRQ,0.416000008583069,0.6436,-0.2276,0.2276,0.8442,-0.4282,0.4282,0.7313,-0.3153,0.3153,0.6345,Grade A
4FGL J0515.6-4556,FSRQ,0.194000005722046,0.4479,-0.2539,0.2539,0.315,-0.121,0.121,0.273,-0.079,0.079,0.7732,Grade A
4FGL J0516.4+7350,BLL,0.250999987125397,0.5162,-0.2652,0.2652,0.4829,-0.2319,0.2319,0.4377,-0.1867,0.1867,0.0071,Grade A
4FGL J0516.7-6207,BLL,1.29999995231628,1.2882,0.0118,0.0118,0.8207,0.4793,0.4793,0.8159,0.4841,0.4841,0.5749,Grade A
4FGL J0521.3-1734,FSRQ,0.347000002861023,0.4166,-0.0696,0.0696,0.4529,-0.1059,0.1059,0.4026,-0.0556,0.0556,0.535,Grade A
4FGL J0521.6+0103,BLL,1.49647402763367,0.5559,0.9406,0.9406,0.6232,0.8733,0.8733,0.6465,0.85,0.85,0.1251,Grade A
4FGL J0525.4-4600,FSRQ,1.47899997234344,0.1906,1.2884,1.2884,0.7864,0.6926,0.6926,0.6845,0.7945,0.7945,0.7868,Grade A
4FGL J0525.8-0052,BLL,1.20000004768372,0.6207,0.5793,0.5793,0.4927,0.7073,0.7073,0.5427,0.6573,0.6573,0.0975,Grade A
4FGL J0526.2-4830,FSRQ,1.29999995231628,1.0407,0.2593,0.2593,1.1791,0.1209,0.1209,1.2526,0.0474,0.0474,0.9428,Grade A
4FGL J0528.7-5920,BLL,1.12999999523163,0.2903,0.8397,0.8397,0.4817,0.6483,0.6483,0.5459,0.5841,0.5841,0.0249,Grade A
4FGL J0530.9+1332,FSRQ,2.0699999332428,2.1247,-0.0547,0.0547,1.8073,0.2627,0.2627,2.1034,-0.0334,0.0334,0.9603,Grade A
4FGL J0532.6+0732,FSRQ,1.25399994850159,1.4447,-0.1907,0.1907,1.3964,-0.1424,0.1424,1.2615,-0.0075,0.0075,0.9823,Grade A
4FGL J0532.9-8325,FSRQ,0.773999989032745,0.7606,0.0134,0.0134,0.7941,-0.0201,0.0201,0.8602,-0.0862,0.0862,0.3513,Grade A
4FGL J0533.8-3749,FSRQ,1.66799998283386,2.1146,-0.4466,0.4466,2.1659,-0.4979,0.4979,1.8346,-0.1666,0.1666,0.9473,Grade A
4FGL J0536.4-3401,FSRQ,0.684000015258789,0.9794,-0.2954,0.2954,0.8857,-0.2017,0.2017,0.9085,-0.2245,0.2245,0.9795,Grade A
4FGL J0536.4-3343,BLL,0.340000003576279,0.2825,0.0575,0.0575,0.3618,-0.0218,0.0218,0.3052,0.0348,0.0348,0.0074,Grade A
4FGL J0538.2-3910,BLL,0.439999997615814,0.3669,0.0731,0.0731,0.3983,0.0417,0.0417,0.3863,0.0537,0.0537,0.0122,Grade A
4FGL J0538.8-4405,BLL,0.892000019550323,1.4894,-0.5974,0.5974,0.7796,0.1124,0.1124,0.6606,0.2314,0.2314,0.4215,Grade A
4FGL J0539.9-2839,FSRQ,3.10400009155273,3.3853,-0.2813,0.2813,1.4934,1.6106,1.6106,1.4457,1.6583,1.6583,0.9671,Grade A
4FGL J0540.8-5415,FSRQ,1.18499994277954,1.072,0.1129,0.1129,0.8872,0.2978,0.2978,0.9095,0.2755,0.2755,0.9884,Grade A
4FGL J0541.6-0541,FSRQ,0.837999999523163,1.6155,-0.7775,0.7775,1.3776,-0.5396,0.5396,1.395,-0.557,0.557,0.8581,Grade B
4FGL J0543.9-5531,BLL,0.273000001907349,0.2502,0.0228,0.0228,0.3232,-0.0502,0.0502,0.2775,-0.0045,0.0045,0.0244,Grade A
4FGL J0550.3-5733,FSRQ,2.00099992752075,0.3368,1.6642,1.6642,0.7522,1.2488,1.2488,0.7345,1.2665,1.2665,0.6529,Grade A
4FGL J0550.5-3216,BLL,0.0689999982714653,-0.0022,0.0712,0.0712,0.0691,-0.0001,0.0001,0.0762,-0.0072,0.0072,0.0194,Grade A
4FGL J0558.0-3837,BLL,0.301999986171722,0.0959,0.2061,0.2061,0.2682,0.0338,0.0338,0.2897,0.0123,0.0123,0.0058,Grade A
4FGL J0600.6-3939,FSRQ,1.66100001335144,1.7652,-0.1042,0.1042,1.8199,-0.1589,0.1589,1.5038,0.1572,0.1572,0.9537,Grade A
4FGL J0601.1-7035,FSRQ,2.40899991989136,1.0442,1.3648,1.3648,1.2053,1.2037,1.2037,1.1797,1.2293,1.2293,0.9867,Grade A
4FGL J0601.8-2003,FSRQ,1.21599996089935,1.0287,0.1873,0.1873,1.393,-0.177,0.177,1.4422,-0.2262,0.2262,0.9597,Grade A
4FGL J0608.0+6721,FSRQ,1.97000002861023,1.1399,0.8301,0.8301,0.9109,1.0591,1.0591,0.9107,1.0593,1.0593,0.9886,Grade A
4FGL J0608.0-0835,FSRQ,0.870000004768372,1.4338,-0.5638,0.5638,0.6352,0.2348,0.2348,0.8691,0.0009,0.0009,0.8124,Grade A
4FGL J0608.1-6028,FSRQ,1.10000002384186,1.4214,-0.3214,0.3214,1.1677,-0.0677,0.0677,1.0552,0.0448,0.0448,0.9927,Grade A
4FGL J0608.1-1521,FSRQ,1.09399998188019,1.4444,-0.3504,0.3504,1.398,-0.304,0.304,1.4576,-0.3636,0.3636,0.9926,Grade A
4FGL J0609.0-2219,FSRQ,1.92599999904633,1.5541,0.3719,0.3719,1.7216,0.2044,0.2044,1.4283,0.4977,0.4977,0.8161,Grade A
4FGL J0610.9-6054,FSRQ,1.77300000190735,1.7718,0.0012,0.0012,1.7606,0.0124,0.0124,1.519,0.254,0.254,0.9804,Grade A
4FGL J0612.5-3138,FSRQ,0.873000025749207,0.7417,0.1313,0.1313,0.8826,-0.0096,0.0096,0.9041,-0.0311,0.0311,0.9612,Grade A
4FGL J0617.7-1715,BLL,0.0979999974370003,0.6591,-0.5611,0.5611,0.358,-0.26,0.26,0.2767,-0.1787,0.1787,0.059,Grade A
4FGL J0618.1-2428,FSRQ,0.299499988555908,0.222,0.0775,0.0775,0.3112,-0.0117,0.0117,0.2743,0.0252,0.0252,0.2557,Grade A
4FGL J0622.3-2605,BLL,0.41448700428009,0.0746,0.3399,0.3399,0.3239,0.0905,0.0905,0.4376,-0.0232,0.0232,0.0092,Grade A
4FGL J0622.4-6433,FSRQ,0.128888994455338,0.2797,-0.1508,0.1508,0.1701,-0.0412,0.0412,0.1041,0.0248,0.0248,0.5743,Grade B
4FGL J0625.8-5441,FSRQ,2.05100011825562,2.9565,-0.9055,0.9055,2.2219,-0.1709,0.1709,1.8813,0.1697,0.1697,0.9881,Grade A
4FGL J0629.3-1959,BLL,1.72399997711182,1.4128,0.3112,0.3112,1.0256,0.6984,0.6984,1.266,0.458,0.458,0.7129,Grade A
4FGL J0630.9-2406,BLL,1.23800003528595,0.3183,0.9197,0.9197,0.4829,0.7551,0.7551,0.4202,0.8178,0.8178,0.0069,Grade A
4FGL J0633.4-2222,FSRQ,1.50800001621246,2.4427,-0.9347,0.9347,1.1641,0.3439,0.3439,1.3367,0.1713,0.1713,0.9862,Grade C
4FGL J0634.9-2335,FSRQ,1.5349999666214,1.5807,-0.0457,0.0457,1.8387,-0.3037,0.3037,1.8707,-0.3357,0.3357,0.9789,Grade A
4FGL J0635.6-7518,FSRQ,0.652999997138977,0.769,-0.116,0.116,0.6409,0.0121,0.0121,0.4033,0.2497,0.2497,0.8907,Grade A
4FGL J0638.6+7320,FSRQ,1.85000002384186,0.465,1.385,1.385,1.3791,0.4709,0.4709,1.4474,0.4026,0.4026,0.9711,Grade A
4FGL J0644.6+6039,BLL,0.358200013637543,0.5368,-0.1786,0.1786,0.4952,-0.137,0.137,0.4584,-0.1002,0.1002,0.0318,Grade A
4FGL J0646.7-3913,FSRQ,0.680999994277954,0.7854,-0.1044,0.1044,0.8839,-0.2029,0.2029,1.0287,-0.3477,0.3477,0.9686,Grade A
4FGL J0648.0-3045,FSRQ,1.15299999713898,1.9155,-0.7625,0.7625,1.3982,-0.2452,0.2452,1.4584,-0.3054,0.3054,0.994,Grade A
4FGL J0650.7+2503,BLL,0.202999994158745,0.051,0.152,0.152,0.2298,-0.0268,0.0268,0.2434,-0.0404,0.0404,0.0094,Grade A
4FGL J0654.3+5042,FSRQ,1.25300002098083,0.5785,0.6745,0.6745,0.4629,0.7901,0.7901,0.692,0.561,0.561,0.4047,Grade A
4FGL J0654.4+4514,FSRQ,0.927999973297119,1.0147,-0.0867,0.0867,1.0611,-0.1331,0.1331,1.2347,-0.3067,0.3067,0.8618,Grade A
4FGL J0654.7+4246,BLL,0.126000002026558,0.373,-0.247,0.247,0.2191,-0.0931,0.0931,0.1141,0.0119,0.0119,0.1059,Grade A
4FGL J0656.3+4235,BLL,0.0590000003576279,0.2228,-0.1638,0.1638,0.0771,-0.0181,0.0181,0.0756,-0.0166,0.0166,0.1622,Grade A
4FGL J0659.6-2742,FSRQ,1.72699999809265,1.9772,-0.2502,0.2502,1.1963,0.5307,0.5307,1.3514,0.3756,0.3756,0.9718,Grade A
4FGL J0701.5-4634,FSRQ,0.822000026702881,1.1918,-0.3698,0.3698,1.3978,-0.5758,0.5758,1.2635,-0.4415,0.4415,0.9913,Grade A
4FGL J0710.4+5908,BLL,0.125,0.2384,-0.1134,0.1134,0.145,-0.02,0.02,0.1413,-0.0163,0.0163,0.0095,Grade A
4FGL J0710.8-3851,FSRQ,0.12899999320507,0.4599,-0.3309,0.3309,0.4323,-0.3033,0.3033,0.4467,-0.3177,0.3177,0.7619,Grade A
4FGL J0710.9+4733,BLL,1.29200005531311,1.6722,-0.3802,0.3802,0.4274,0.8646,0.8646,0.4916,0.8004,0.8004,0.8632,Grade A
4FGL J0712.7+5033,BLL,0.501999974250793,0.6617,-0.1597,0.1597,0.5491,-0.0471,0.0471,0.5518,-0.0498,0.0498,0.3445,Grade A
4FGL J0713.8+1935,FSRQ,0.540000021457672,0.7589,-0.2189,0.2189,0.6299,-0.0899,0.0899,0.9519,-0.4119,0.4119,0.7725,Grade A
4FGL J0718.0+4536,FSRQ,0.939999997615814,2.116,-1.176,1.176,1.457,-0.517,0.517,1.4555,-0.5155,0.5155,0.9878,Grade A
4FGL J0719.3+3307,FSRQ,0.778999984264374,0.725,0.054,0.054,0.814,-0.035,0.035,0.8064,-0.0274,0.0274,0.5314,Grade A
4FGL J0721.9+7120,BLL,0.127000004053116,0.1398,-0.0128,0.0128,0.223,-0.096,0.096,0.2744,-0.1474,0.1474,0.1578,Grade A
4FGL J0723.5+2900,FSRQ,0.966000020503998,0.8018,0.1642,0.1642,1.3685,-0.4025,0.4025,1.3243,-0.3583,0.3583,0.8918,Grade A
4FGL J0725.2+1425,FSRQ,1.03799998760223,1.0247,0.0133,0.0133,1.1445,-0.1065,0.1065,1.0723,-0.0343,0.0343,0.9497,Grade A
4FGL J0726.4-4727,FSRQ,1.68599998950958,1.3012,0.3848,0.3848,1.2065,0.4795,0.4795,1.4557,0.2303,0.2303,0.9886,Grade A
4FGL J0729.1+5703,FSRQ,0.425999999046326,0.1823,0.2437,0.2437,0.2912,0.1348,0.1348,0.2631,0.1629,0.1629,0.6509,Grade A
4FGL J0730.4+3308,BLL,0.112000003457069,0.1644,-0.0524,0.0524,0.3602,-0.2482,0.2482,0.38,-0.268,0.268,0.029,Grade A
4FGL J0731.9+2805,BLL,0.247999995946884,0.2401,0.0079,0.0079,0.2287,0.0193,0.0193,0.2433,0.0047,0.0047,0.0204,Grade A
4FGL J0733.7+4110,BLL,0.670000016689301,0.2158,0.4542,0.4542,0.3241,0.3459,0.3459,0.2779,0.3921,0.3921,0.006,Grade A
4FGL J0733.8+0455,FSRQ,3.00999999046326,1.6679,1.3421,1.3421,1.4803,1.5297,1.5297,2.7236,0.2864,0.2864,0.9187,Grade B
4FGL J0734.0+5021,FSRQ,0.720000028610229,0.7602,-0.0402,0.0402,0.8828,-0.1628,0.1628,0.7906,-0.0706,0.0706,0.9623,Grade A
4FGL J0738.1+1742,BLL,0.42399999499321,0.3287,0.0953,0.0953,0.3857,0.0383,0.0383,0.4545,-0.0305,0.0305,0.1213,Grade A
4FGL J0739.2+0137,FSRQ,0.188999995589256,0.4877,-0.2987,0.2987,0.4259,-0.2369,0.2369,0.4028,-0.2138,0.2138,0.8824,Grade A
4FGL J0740.9+3203,BLL,0.179000005125999,0.3716,-0.1926,0.1926,0.1644,0.0146,0.0146,0.1644,0.0146,0.0146,0.1021,Grade A
4FGL J0742.1+4902,FSRQ,2.31200003623962,0.9076,1.4044,1.4044,0.836,1.476,1.476,0.915,1.397,1.397,0.6726,Grade A
4FGL J0742.6+5443,FSRQ,0.720000028610229,1.3833,-0.6633,0.6633,1.161,-0.441,0.441,1.2457,-0.5257,0.5257,0.9119,Grade A
4FGL J0743.0-5622,FSRQ,2.31900000572205,1.96,0.359,0.359,1.3959,0.9231,0.9231,1.4509,0.8681,0.8681,0.9784,Grade A
4FGL J0744.1+7434,BLL,0.314999997615814,0.0692,0.2458,0.2458,0.2306,0.0844,0.0844,0.2779,0.0371,0.0371,0.005,Grade A
4FGL J0746.4+2546,FSRQ,2.98749804496765,3.864,-0.8765,0.8765,3.2404,-0.2529,0.2529,2.9113,0.0762,0.0762,0.9792,Grade A
4FGL J0746.5+2730,FSRQ,1.69000005722046,1.7024,-0.0124,0.0124,1.3351,0.3549,0.3549,1.3582,0.3318,0.3318,0.9918,Grade A
4FGL J0748.6+2400,FSRQ,0.409853994846344,0.5427,-0.1329,0.1329,0.6216,-0.2118,0.2118,0.4969,-0.0871,0.0871,0.7811,Grade A
4FGL J0749.2+2314,BLL,0.174999997019768,0.2503,-0.0753,0.0753,0.2301,-0.0551,0.0551,0.1632,0.0118,0.0118,0.0117,Grade A
4FGL J0749.7+7450,BLL,0.60699999332428,0.1017,0.5053,0.5053,0.397,0.21,0.21,0.3865,0.2205,0.2205,0.0184,Grade A
4FGL J0749.9+1823,FSRQ,1.16100001335144,0.8063,0.3547,0.3547,1.0534,0.1076,0.1076,0.9034,0.2576,0.2576,0.9583,Grade A
4FGL J0753.0+5353,BLL,0.200000002980232,1.2244,-1.0244,1.0244,0.6371,-0.4371,0.4371,0.8099,-0.6099,0.6099,0.3658,Grade A
4FGL J0754.7+4823,BLL,0.376709997653961,0.3229,0.0538,0.0538,0.4645,-0.0878,0.0878,0.4478,-0.0711,0.0711,0.2757,Grade A
4FGL J0757.1+0956,BLL,0.266000002622604,0.4779,-0.2119,0.2119,0.4644,-0.1984,0.1984,0.4429,-0.1769,0.1769,0.3905,Grade A
4FGL J0758.9+2703,BLL,0.0989999994635582,0.3965,-0.2975,0.2975,0.3893,-0.2903,0.2903,0.1653,-0.0663,0.0663,0.1036,Grade A
4FGL J0800.9+4401,BLL,1.07200002670288,1.2403,-0.1683,0.1683,0.6743,0.3977,0.3977,0.7712,0.3008,0.3008,0.3649,Grade A
4FGL J0803.2-0337,FSRQ,0.365000009536743,0.2201,0.1449,0.1449,0.4868,-0.1218,0.1218,0.5641,-0.1991,0.1991,0.1153,Grade A
4FGL J0805.2-0110,FSRQ,1.38800001144409,1.8317,-0.4437,0.4437,1.3983,-0.0103,0.0103,1.2642,0.1238,0.1238,0.9944,Grade A
4FGL J0805.4+6147,FSRQ,3.03299999237061,3.1683,-0.1353,0.1353,2.2691,0.7639,0.7639,2.729,0.304,0.304,0.9948,Grade A
4FGL J0805.4+7534,BLL,0.120999999344349,0.0794,0.0416,0.0416,0.121,-0.0,0.0,0.1298,-0.0088,0.0088,0.0073,Grade A
4FGL J0806.5+4503,FSRQ,2.10199999809265,1.3187,0.7833,0.7833,1.3967,0.7053,0.7053,1.8768,0.2252,0.2252,0.9842,Grade A
4FGL J0806.5+5930,BLL,0.300000011920929,0.0865,0.2135,0.2135,0.2682,0.0318,0.0318,0.359,-0.059,0.059,0.0053,Grade A
4FGL J0808.2-0751,FSRQ,1.83700001239777,0.8922,0.9448,0.9448,0.7215,1.1155,1.1155,0.7665,1.0705,1.0705,0.5278,Grade A
4FGL J0808.5+4950,FSRQ,1.43516099452972,2.9961,-1.5609,1.5609,1.3952,0.0399,0.0399,1.5155,-0.0804,0.0804,0.9743,Grade C
4FGL J0809.3+4053,FSRQ,1.41799998283386,1.2717,0.1463,0.1463,1.398,0.02,0.02,1.2638,0.1542,0.1542,0.9926,Grade A
4FGL J0809.5+5341,FSRQ,2.13299989700317,2.1451,-0.0121,0.0121,1.3752,0.7578,0.7578,1.4336,0.6994,0.6994,0.9418,Grade A
4FGL J0809.6+3455,BLL,0.0825090035796165,-0.023,0.1055,0.1055,0.0686,0.014,0.014,0.088,-0.0055,0.0055,0.0089,Grade A
4FGL J0809.8+5218,BLL,0.137999996542931,0.0604,0.0776,0.0776,0.145,-0.007,0.007,0.1631,-0.0251,0.0251,0.0118,Grade A
4FGL J0811.4+0146,BLL,1.14800000190735,1.3148,-0.1668,0.1668,0.7737,0.3743,0.3743,0.81,0.338,0.338,0.3663,Grade A
4FGL J0812.9+5555,BLL,0.382999986410141,0.2538,0.1292,0.1292,0.3614,0.0216,0.0216,0.4376,-0.0546,0.0546,0.0123,Grade A
4FGL J0814.6+6430,BLL,0.238999992609024,0.0327,0.2063,0.2063,0.2214,0.0176,0.0176,0.2403,-0.0013,0.0013,0.0851,Grade A
4FGL J0816.1+4909,BLL,0.474999994039536,0.1347,0.3403,0.3403,0.4947,-0.0197,0.0197,0.4589,0.0161,0.0161,0.0201,Grade A
4FGL J0816.3+5739,BLL,0.0540000014007092,0.5687,-0.5147,0.5147,0.499,-0.445,0.445,0.4591,-0.4051,0.4051,0.0174,Grade A
4FGL J0816.4-1311,BLL,0.0459779985249043,0.1408,-0.0948,0.0948,0.2305,-0.1845,0.1845,0.3052,-0.2592,0.2592,0.0079,Grade A
4FGL J0816.9+2050,BLL,0.0579999983310699,0.3162,-0.2582,0.2582,0.6048,-0.5468,0.5468,0.5488,-0.4908,0.4908,0.0093,Grade A
4FGL J0818.2+4222,BLL,0.529999971389771,1.3518,-0.8218,0.8218,0.9743,-0.4443,0.4443,0.8983,-0.3683,0.3683,0.6021,Grade A
4FGL J0818.4+2816,BLL,0.225999996066093,0.2784,-0.0524,0.0524,0.4005,-0.1745,0.1745,0.4376,-0.2116,0.2116,0.0092,Grade A
4FGL J0818.8+3229,FSRQ,0.64978700876236,0.4471,0.2027,0.2027,0.4796,0.1702,0.1702,0.5185,0.1313,0.1313,0.4546,Grade A
4FGL J0819.0+2746,BLL,0.39292898774147,1.0067,-0.6138,0.6138,0.6517,-0.2587,0.2587,0.6604,-0.2675,0.2675,0.2945,Grade A
4FGL J0819.4-0756,BLL,0.449999988079071,0.1764,0.2736,0.2736,0.3964,0.0536,0.0536,0.3868,0.0632,0.0632,0.0285,Grade A
4FGL J0819.4+4035,BLL,0.388999998569489,0.5388,-0.1498,0.1498,0.4846,-0.0956,0.0956,0.4536,-0.0646,0.0646,0.1423,Grade A
4FGL J0820.3+3639,BLL,0.39300000667572,0.4164,-0.0234,0.0234,0.4795,-0.0865,0.0865,0.5455,-0.1525,0.1525,0.0567,Grade A
4FGL J0820.9+2353,BLL,0.40200001001358,0.2547,0.1473,0.1473,0.4268,-0.0248,0.0248,0.4374,-0.0354,0.0354,0.0222,Grade A
4FGL J0823.1+4042,FSRQ,0.865499973297119,0.579,0.2865,0.2865,0.8128,0.0527,0.0527,0.8865,-0.021,0.021,0.8871,Grade A
4FGL J0824.4+2440,FSRQ,1.24199998378754,1.0971,0.1449,0.1449,1.3942,-0.1522,0.1522,1.2582,-0.0162,0.0162,0.9678,Grade A
4FGL J0824.7+5552,FSRQ,1.41700005531311,1.1662,0.2508,0.2508,1.3962,0.0208,0.0208,1.4521,-0.0351,0.0351,0.981,Grade A
4FGL J0824.9+3915,FSRQ,1.21599996089935,1.1697,0.0463,0.0463,1.3946,-0.1786,0.1786,1.259,-0.043,0.043,0.9703,Grade A
4FGL J0825.8+0309,BLL,0.505999982357025,0.3237,0.1823,0.1823,0.3404,0.1656,0.1656,0.3433,0.1627,0.1627,0.2986,Grade A
4FGL J0827.0-0708,BLL,0.246999993920326,0.234,0.013,0.013,0.145,0.102,0.102,0.1631,0.0839,0.0839,0.0103,Grade A
4FGL J0829.4+0857,FSRQ,0.86599999666214,0.5685,0.2975,0.2975,0.5897,0.2763,0.2763,0.7912,0.0748,0.0748,0.4605,Grade A
4FGL J0830.8+2410,FSRQ,0.939000010490417,1.1961,-0.2571,0.2571,1.1186,-0.1796,0.1796,1.0361,-0.0971,0.0971,0.9866,Grade A
4FGL J0831.8+0429,BLL,0.17399999499321,0.2161,-0.0421,0.0421,0.2649,-0.0909,0.0909,0.2674,-0.0934,0.0934,0.4614,Grade A
4FGL J0832.4+4912,BLL,0.547999978065491,0.4417,0.1063,0.1063,0.431,0.117,0.117,0.4211,0.1269,0.1269,0.8157,Grade A
4FGL J0833.4-0458,FSRQ,3.45000004768372,0.7807,2.6693,2.6693,1.3372,2.1128,2.1128,1.2768,2.1732,2.1732,0.5842,Grade B
4FGL J0833.9+4223,FSRQ,0.249072998762131,0.2381,0.011,0.011,0.2861,-0.037,0.037,0.3194,-0.0703,0.0703,0.7644,Grade A
4FGL J0835.7+0936,BLL,0.349999994039536,0.3653,-0.0153,0.0153,0.4192,-0.0692,0.0692,0.4363,-0.0863,0.0863,0.0724,Grade A
4FGL J0836.5-2026,FSRQ,2.75200009346008,3.238,-0.486,0.486,2.2556,0.4964,0.4964,2.7083,0.0437,0.0437,0.9856,Grade A
4FGL J0836.9+5833,BLL,0.611000001430511,0.5579,0.0531,0.0531,0.5952,0.0158,0.0158,0.5384,0.0726,0.0726,0.1602,Grade A
4FGL J0837.3+1458,BLL,0.277999997138977,0.1445,0.1335,0.1335,0.131,0.147,0.147,0.1416,0.1364,0.1364,0.0181,Grade A
4FGL J0839.7+3540,BLL,0.41499999165535,0.6632,-0.2482,0.2482,0.4987,-0.0837,0.0837,0.5484,-0.1334,0.1334,0.0154,Grade A
4FGL J0839.8+0105,FSRQ,1.12300002574921,1.4049,-0.2819,0.2819,1.4997,-0.3767,0.3767,1.4564,-0.3334,0.3334,0.9901,Grade A
4FGL J0841.3+7053,FSRQ,2.21799993515015,1.9348,0.2832,0.2832,2.0355,0.1825,0.1825,2.1521,0.0659,0.0659,0.9896,Grade B
4FGL J0842.5+0251,BLL,0.425000011920929,0.5249,-0.0999,0.0999,0.5076,-0.0826,0.0826,0.4363,-0.0113,0.0113,0.075,Grade A
4FGL J0842.7+6656,BLL,0.120999999344349,0.3388,-0.2178,0.2178,0.3245,-0.2035,0.2035,0.3808,-0.2598,0.2598,0.0512,Grade A
4FGL J0844.2+5312,BLL,0.435000002384186,0.4121,0.0229,0.0229,0.501,-0.066,0.066,0.5473,-0.1123,0.1123,0.0309,Grade A
4FGL J0846.9+4608,FSRQ,1.21648001670837,1.0516,0.1649,0.1649,1.1633,0.0531,0.0531,1.3362,-0.1197,0.1197,0.9847,Grade A
4FGL J0847.2+1134,BLL,0.19819900393486,0.2094,-0.0112,0.0112,0.2681,-0.0699,0.0699,0.2779,-0.0797,0.0797,0.0046,Grade A
4FGL J0848.0-0524,FSRQ,1.24199998378754,1.4137,-0.1717,0.1717,1.4978,-0.2558,0.2558,1.5207,-0.2787,0.2787,0.9834,Grade A
4FGL J0849.5+0456,BLL,1.06958997249603,0.3253,0.7443,0.7443,0.4492,0.6204,0.6204,0.5485,0.5211,0.5211,0.0143,Grade A
4FGL J0850.1-1212,FSRQ,0.565999984741211,0.7701,-0.2041,0.2041,0.8778,-0.3118,0.3118,0.785,-0.219,0.219,0.9322,Grade A
4FGL J0850.5+3455,BLL,0.144999995827675,0.175,-0.03,0.03,0.1451,-0.0001,0.0001,0.1335,0.0115,0.0115,0.0069,Grade A
4FGL J0852.2+2834,FSRQ,1.28199994564056,1.4616,-0.1796,0.1796,1.0232,0.2588,0.2588,0.9934,0.2886,0.2886,0.8804,Grade A
4FGL J0854.3+4408,BLL,0.382158994674683,0.2852,0.097,0.097,0.3239,0.0582,0.0582,0.3051,0.0771,0.0771,0.0093,Grade A
4FGL J0854.8+2006,BLL,0.305999994277954,0.3412,-0.0352,0.0352,0.3682,-0.0622,0.0622,0.2737,0.0323,0.0323,0.275,Grade A
4FGL J0855.9+7144,FSRQ,0.541999995708466,0.6925,-0.1505,0.1505,0.6428,-0.1008,0.1008,0.6888,-0.1468,0.1468,0.8833,Grade A
4FGL J0856.8+2056,BLL,0.180000007152557,0.5004,-0.3204,0.3204,0.7385,-0.5585,0.5585,0.704,-0.524,0.524,0.028,Grade A
4FGL J0857.7+0137,BLL,0.28099998831749,0.2534,0.0276,0.0276,0.2137,0.0673,0.0673,0.2387,0.0423,0.0423,0.1821,Grade A
4FGL J0857.9-1949,FSRQ,0.658999979496002,0.6477,0.0113,0.0113,0.8857,-0.2267,0.2267,1.0333,-0.3743,0.3743,0.9799,Grade A
4FGL J0902.4+2051,BLL,2.0550000667572,0.2539,1.8011,1.8011,0.3591,1.6959,1.6959,0.3553,1.6997,1.6997,0.0425,Grade A
4FGL J0903.1+4652,FSRQ,1.46200001239777,1.2327,0.2293,0.2293,1.4879,-0.0259,0.0259,1.436,0.026,0.026,0.9469,Grade A
4FGL J0904.6+4238,FSRQ,1.34246003627777,1.2308,0.1116,0.1116,1.0014,0.3411,0.3411,0.9481,0.3944,0.3944,0.6152,Grade A
4FGL J0908.9+2311,BLL,1.18439996242523,0.3119,0.8725,0.8725,0.4502,0.7342,0.7342,0.4377,0.7467,0.7467,0.0064,Grade A
4FGL J0909.1+0121,FSRQ,1.02400004863739,0.8673,0.1567,0.1567,0.8382,0.1858,0.1858,0.705,0.319,0.319,0.9525,Grade A
4FGL J0909.7-0230,FSRQ,0.957000017166138,0.6479,0.3091,0.3091,0.5816,0.3754,0.3754,0.8094,0.1476,0.1476,0.5452,Grade A
4FGL J0910.6+3329,BLL,0.354000002145767,0.1246,0.2294,0.2294,0.4501,-0.0961,0.0961,0.3793,-0.0253,0.0253,0.0116,Grade A
4FGL J0910.6+2247,FSRQ,2.66100001335144,1.8119,0.8491,0.8491,1.97,0.691,0.691,2.0491,0.6119,0.6119,0.9265,Grade A
4FGL J0910.8+3859,BLL,0.198696002364159,0.3919,-0.1932,0.1932,0.3221,-0.1234,0.1234,0.2774,-0.0787,0.0787,0.0437,Grade A
4FGL J0911.7+3349,BLL,0.45610100030899,0.2653,0.1908,0.1908,0.3187,0.1374,0.1374,0.3844,0.0717,0.0717,0.1513,Grade A
4FGL J0912.2+4127,FSRQ,2.56299996376038,1.1032,1.4598,1.4598,1.8351,0.7279,0.7279,1.8651,0.6979,0.6979,0.9741,Grade A
4FGL J0912.5+1556,BLL,0.211999997496605,0.2275,-0.0155,0.0155,0.5221,-0.3101,0.3101,0.4524,-0.2404,0.2404,0.171,Grade C
4FGL J0912.9-2102,BLL,0.198017001152039,0.0345,0.1635,0.1635,0.131,0.067,0.067,0.13,0.068,0.068,0.014,Grade A
4FGL J0915.9+2933,BLL,0.189999997615814,0.2719,-0.0819,0.0819,0.2683,-0.0783,0.0783,0.2424,-0.0524,0.0524,0.0258,Grade A
4FGL J0916.7+3856,FSRQ,1.26754105091095,1.3741,-0.1066,0.1066,1.381,-0.1134,0.1134,1.3363,-0.0687,0.0687,0.9848,Grade A
4FGL J0916.7+5238,BLL,0.189999997615814,0.3115,-0.1215,0.1215,0.1668,0.0232,0.0232,0.164,0.026,0.026,0.0472,Grade A
4FGL J0917.1-2131,FSRQ,0.847000002861023,1.3369,-0.4899,0.4899,0.8326,0.0144,0.0144,0.7008,0.1462,0.1462,0.9035,Grade C
4FGL J0917.3-0342,BLL,0.30799999833107,0.096,0.212,0.212,0.2648,0.0432,0.0432,0.2779,0.0301,0.0301,0.0051,Grade A
4FGL J0920.9+4441,FSRQ,2.186448097229,1.1301,1.0563,1.0563,1.1595,1.0269,1.0269,1.1854,1.001,1.001,0.9776,Grade A
4FGL J0921.6+6216,FSRQ,1.44599997997284,1.373,0.073,0.073,1.1975,0.2485,0.2485,1.2598,0.1862,0.1862,0.9738,Grade A
4FGL J0921.7+2336,BLL,1.06190001964569,0.2661,0.7958,0.7958,0.3997,0.6622,0.6622,0.4375,0.6244,0.6244,0.0162,Grade A
4FGL J0922.4-0528,FSRQ,0.973999977111816,0.5339,0.4401,0.4401,0.5118,0.4622,0.4622,0.3648,0.6092,0.6092,0.1033,Grade A
4FGL J0923.5+4125,FSRQ,1.73199999332428,0.9795,0.7525,0.7525,0.8794,0.8526,0.8526,0.8994,0.8326,0.8326,0.9416,Grade A
4FGL J0924.0+2816,FSRQ,0.744199991226196,1.1709,-0.4267,0.4267,1.1126,-0.3684,0.3684,0.9071,-0.1629,0.1629,0.9739,Grade A
4FGL J0925.7+3126,BLL,0.259999990463257,0.702,-0.442,0.442,0.5279,-0.2679,0.2679,0.6568,-0.3968,0.3968,0.2084,Grade A
4FGL J0926.4+5412,BLL,0.850000023841858,0.3808,0.4692,0.4692,0.4934,0.3566,0.3566,0.529,0.321,0.321,0.0358,Grade A
4FGL J0928.1-2035,FSRQ,0.34799998998642,0.3794,-0.0314,0.0314,0.4252,-0.0772,0.0772,0.314,0.034,0.034,0.8721,Grade A
4FGL J0930.5+4951,BLL,0.18674199283123,0.1433,0.0435,0.0435,0.3241,-0.1373,0.1373,0.3595,-0.1728,0.1728,0.0071,Grade A
4FGL J0930.9+0033,FSRQ,1.77100002765656,1.6962,0.0748,0.0748,1.3968,0.3742,0.3742,1.4537,0.3173,0.3173,0.9844,Grade A
4FGL J0932.6+5306,FSRQ,0.597190022468567,1.2728,-0.6756,0.6756,1.2066,-0.6094,0.6094,1.037,-0.4398,0.4398,0.9888,Grade A
4FGL J0932.7+1041,BLL,0.361000001430511,0.326,0.035,0.035,0.2682,0.0928,0.0928,0.2778,0.0832,0.0832,0.0099,Grade A
4FGL J0934.3+3926,BLL,0.0443990007042885,1.4282,-1.3838,1.3838,0.8922,-0.8478,0.8478,0.8877,-0.8433,0.8433,0.892,Grade A
4FGL J0934.5-1720,BLL,0.249899998307228,0.2796,-0.0297,0.0297,0.3978,-0.1479,0.1479,0.2778,-0.0279,0.0279,0.0169,Grade A
4FGL J0936.5+1847,BLL,0.831126987934113,0.5721,0.259,0.259,0.4953,0.3358,0.3358,0.5486,0.2825,0.2825,0.0128,Grade A
4FGL J0937.1+5008,FSRQ,0.275999993085861,0.4597,-0.1837,0.1837,0.8348,-0.5588,0.5588,0.6676,-0.3916,0.3916,0.9599,Grade A
4FGL J0937.9-1434,BLL,0.287000000476837,0.2103,0.0767,0.0767,0.2683,0.0187,0.0187,0.3795,-0.0925,0.0925,0.0166,Grade A
4FGL J0940.4+6148,BLL,0.210999995470047,0.2661,-0.0551,0.0551,0.2682,-0.0572,0.0572,0.2779,-0.0669,0.0669,0.0052,Grade A
4FGL J0940.9-1335,FSRQ,0.550999999046326,1.1411,-0.5901,0.5901,0.6424,-0.0914,0.0914,0.6862,-0.1352,0.1352,0.8645,Grade A
4FGL J0945.2+5200,FSRQ,0.562979996204376,1.3321,-0.7691,0.7691,0.6356,-0.0726,0.0726,0.8804,-0.3174,0.3174,0.8609,Grade A
4FGL J0945.7+5759,BLL,0.229003995656967,0.3489,-0.1199,0.1199,0.3958,-0.1668,0.1668,0.3559,-0.1269,0.1269,0.0483,Grade A
4FGL J0946.0+4735,BLL,0.568867027759552,0.5975,-0.0287,0.0287,0.548,0.0209,0.0209,0.5632,0.0056,0.0056,0.1192,Grade A
4FGL J0946.2+0104,BLL,0.577000021934509,0.4516,0.1254,0.1254,0.4941,0.0829,0.0829,0.4373,0.1397,0.1397,0.0271,Grade A
4FGL J0946.6+1016,FSRQ,1.00699996948242,1.1201,-0.1131,0.1131,1.112,-0.105,0.105,1.0811,-0.0741,0.0741,0.9727,Grade A
4FGL J0947.6+2215,BLL,0.41499999165535,0.5692,-0.1542,0.1542,0.4934,-0.0784,0.0784,0.5499,-0.1349,0.1349,0.0354,Grade A
4FGL J0949.0+4038,FSRQ,1.24996399879456,0.8295,0.4204,0.4204,1.2501,-0.0001,0.0001,1.3551,-0.1051,0.1051,0.9826,Grade A
4FGL J0950.2+0615,BLL,0.435000002384186,0.8564,-0.4214,0.4214,0.5499,-0.1149,0.1149,0.648,-0.213,0.213,0.1349,Grade A
4FGL J0950.2+4553,BLL,0.399399995803833,0.4317,-0.0323,0.0323,0.5045,-0.1051,0.1051,0.5457,-0.1463,0.1463,0.0543,Grade A
4FGL J0952.8+0712,BLL,0.435000002384186,0.5393,-0.1043,0.1043,0.4988,-0.0638,0.0638,0.5483,-0.1133,0.1133,0.0163,Grade A
4FGL J0955.1+3551,BLL,0.833999991416931,0.6338,0.2002,0.2002,0.4932,0.3408,0.3408,0.5287,0.3053,0.3053,0.0381,Grade A
4FGL J0956.0+3936,FSRQ,1.17300999164581,0.7787,0.3943,0.3943,1.13,0.0431,0.0431,1.313,-0.14,0.14,0.8577,Grade A
4FGL J0956.7+2516,FSRQ,0.708000004291534,1.1253,-0.4173,0.4173,0.8878,-0.1798,0.1798,0.9116,-0.2036,0.2036,0.9925,Grade A
4FGL J0957.3-1348,FSRQ,1.32299995422363,1.411,-0.088,0.088,1.3979,-0.0749,0.0749,1.3583,-0.0353,0.0353,0.9919,Grade A
4FGL J0957.6+5523,FSRQ,0.896000027656555,0.5838,0.3122,0.3122,0.7818,0.1142,0.1142,0.7875,0.1085,0.1085,0.4426,Grade A
4FGL J0958.0+4728,FSRQ,1.88199996948242,2.2505,-0.3685,0.3685,1.8316,0.0504,0.0504,1.8881,-0.0061,0.0061,0.994,Grade A
4FGL J0958.0+3222,FSRQ,0.530600011348724,0.6192,-0.0886,0.0886,0.6287,-0.0981,0.0981,0.4209,0.1097,0.1097,0.8217,Grade A
4FGL J0958.4+5042,FSRQ,1.15400004386902,1.9844,-0.8304,0.8304,1.1165,0.0375,0.0375,1.0342,0.1198,0.1198,0.9821,Grade A
4FGL J0958.7+6534,BLL,0.367000013589859,0.5718,-0.2048,0.2048,0.4778,-0.1108,0.1108,0.3837,-0.0167,0.0167,0.5026,Grade A
4FGL J0959.4+2120,BLL,0.365000009536743,0.3211,0.0439,0.0439,0.3974,-0.0324,0.0324,0.3866,-0.0216,0.0216,0.0203,Grade A
4FGL J1001.1+2911,BLL,0.558000028133392,1.127,-0.569,0.569,0.6071,-0.0491,0.0491,0.6603,-0.1023,0.1023,0.6971,Grade A
4FGL J1002.5+2215,BLL,0.550000011920929,0.4746,0.0754,0.0754,0.4943,0.0557,0.0557,0.5456,0.0044,0.0044,0.0267,Grade A
4FGL J1003.6+2605,BLL,0.929499983787537,1.4276,-0.4981,0.4981,0.8498,0.0797,0.0797,0.7366,0.1929,0.1929,0.665,Grade A
4FGL J1006.5+6440,BLL,0.560000002384186,0.3493,0.2107,0.2107,0.5093,0.0507,0.0507,0.5435,0.0165,0.0165,0.0865,Grade A
4FGL J1006.7-2159,FSRQ,0.330000013113022,0.1838,0.1462,0.1462,0.3183,0.0117,0.0117,0.3208,0.0092,0.0092,0.737,Grade A
4FGL J1007.0+3455,BLL,0.611999988555908,0.3313,0.2807,0.2807,0.4994,0.1126,0.1126,0.5481,0.0639,0.0639,0.0204,Grade A
4FGL J1007.6-3332,FSRQ,1.83700001239777,1.4476,0.3894,0.3894,1.3979,0.4391,0.4391,1.4574,0.3796,0.3796,0.9917,Grade A
4FGL J1008.0+0620,BLL,0.649999976158142,0.27,0.38,0.38,0.315,0.335,0.335,0.4341,0.2159,0.2159,0.1812,Grade A
4FGL J1008.8-3139,BLL,0.533999979496002,0.4203,0.1137,0.1137,0.475,0.059,0.059,0.4325,0.1015,0.1015,0.2589,Grade A
4FGL J1010.2-3119,BLL,0.142638996243477,0.0665,0.0762,0.0762,0.118,0.0246,0.0246,0.1413,0.0014,0.0014,0.0065,Grade A
4FGL J1010.8-0158,FSRQ,0.896000027656555,0.6232,0.2728,0.2728,0.8299,0.0661,0.0661,1.0102,-0.1142,0.1142,0.8795,Grade A
4FGL J1011.3-0427,FSRQ,1.58800005912781,1.2013,0.3867,0.3867,1.1078,0.4802,0.4802,1.0778,0.5102,0.5102,0.9636,Grade A
4FGL J1012.3+0629,BLL,0.726999998092651,0.6327,0.0943,0.0943,0.5391,0.1879,0.1879,0.6384,0.0886,0.0886,0.1464,Grade A
4FGL J1012.7+2439,FSRQ,1.80499994754791,1.4249,0.3801,0.3801,1.4904,0.3146,0.3146,1.5052,0.2998,0.2998,0.9563,Grade A
4FGL J1013.7+3444,FSRQ,0.208000004291534,1.1185,-0.9105,0.9105,1.2142,-1.0062,1.0062,1.2613,-1.0533,1.0533,0.9806,Grade A
4FGL J1014.8+2257,FSRQ,0.565999984741211,0.2419,0.3241,0.3241,0.4292,0.1368,0.1368,0.4112,0.1548,0.1548,0.8098,Grade A
4FGL J1015.0+4926,BLL,0.211999997496605,0.1092,0.1028,0.1028,0.1667,0.0453,0.0453,0.2425,-0.0305,0.0305,0.0498,Grade A
4FGL J1015.6+5553,FSRQ,0.676999986171722,0.907,-0.23,0.23,0.8316,-0.1546,0.1546,0.8883,-0.2113,0.2113,0.8945,Grade A
4FGL J1018.3-3124,FSRQ,0.794000029563904,1.4255,-0.6315,0.6315,1.1677,-0.3737,0.3737,1.1891,-0.3951,0.3951,0.9928,Grade A
4FGL J1018.4+3540,FSRQ,1.22800004482269,1.4025,-0.1745,0.1745,1.3808,-0.1528,0.1528,1.2619,-0.0339,0.0339,0.9832,Grade A
4FGL J1018.4+0528,FSRQ,1.94525504112244,1.0941,0.8511,0.8511,1.0064,0.9388,0.9388,1.229,0.7163,0.7163,0.8359,Grade A
4FGL J1022.7-0112,BLL,0.360000014305115,0.1184,0.2416,0.2416,0.3618,-0.0018,0.0018,0.359,0.001,0.001,0.0077,Grade A
4FGL J1023.1+3949,FSRQ,1.33280003070831,1.2186,0.1142,0.1142,1.3979,-0.0651,0.0651,1.2639,0.0689,0.0689,0.9921,Grade A
4FGL J1023.2+2859,FSRQ,0.667572021484375,0.8607,-0.1931,0.1931,0.7477,-0.0801,0.0801,0.7717,-0.1041,0.1041,0.8603,Grade A
4FGL J1023.8+3002,BLL,0.43299999833107,0.2281,0.2049,0.2049,0.3239,0.1091,0.1091,0.3597,0.0733,0.0733,0.0108,Grade A
4FGL J1023.9-3236,FSRQ,1.567999958992,1.5591,0.0089,0.0089,1.2099,0.3581,0.3581,1.2644,0.3036,0.3036,0.9942,Grade A
4FGL J1024.8+2332,BLL,0.16465300321579,0.2081,-0.0434,0.0434,0.2591,-0.0944,0.0944,0.2701,-0.1055,0.1055,0.5489,Grade A
4FGL J1026.9-1749,BLL,0.266887992620468,0.1018,0.1651,0.1651,0.1684,0.0985,0.0985,0.2432,0.0237,0.0237,0.009,Grade A
4FGL J1027.6+6317,BLL,0.582000017166138,0.2669,0.3151,0.3151,0.4949,0.0871,0.0871,0.5468,0.0352,0.0352,0.0387,Grade A
4FGL J1028.3+3108,BLL,0.240299999713898,0.497,-0.2567,0.2567,0.4389,-0.1986,0.1986,0.4467,-0.2064,0.2064,0.3021,Grade A
4FGL J1028.4-0234,FSRQ,0.476000010967255,0.7099,-0.2339,0.2339,0.3102,0.1658,0.1658,0.2685,0.2075,0.2075,0.8156,Grade A
4FGL J1031.1+7442,BLL,0.123000003397465,0.1496,-0.0266,0.0266,0.2252,-0.1022,0.1022,0.1635,-0.0405,0.0405,0.0534,Grade A
4FGL J1031.3+5053,BLL,0.360403001308441,0.1421,0.2183,0.2183,0.268,0.0924,0.0924,0.2777,0.0827,0.0827,0.0131,Grade A
4FGL J1031.6+6019,FSRQ,1.23117303848267,0.8055,0.4257,0.4257,1.1147,0.1164,0.1164,1.0837,0.1475,0.1475,0.9784,Grade A
4FGL J1032.6+3737,BLL,0.527999997138977,0.4425,0.0855,0.0855,0.4954,0.0326,0.0326,0.5477,-0.0197,0.0197,0.0257,Grade A
4FGL J1033.1+4115,FSRQ,1.11699998378754,0.6499,0.4671,0.4671,0.8845,0.2325,0.2325,1.0465,0.0705,0.0705,0.9727,Grade A
4FGL J1033.9+6050,FSRQ,1.40100002288818,0.7864,0.6146,0.6146,0.6355,0.7655,0.7655,0.6604,0.7406,0.7406,0.4197,Grade A
4FGL J1035.6+4409,BLL,0.443800002336502,1.2795,-0.8357,0.8357,0.7189,-0.2751,0.2751,0.5447,-0.1009,0.1009,0.5169,Grade A
4FGL J1036.2+2202,FSRQ,0.595133006572723,1.171,-0.5759,0.5759,1.0605,-0.4653,0.4653,1.0319,-0.4368,0.4368,0.9764,Grade A
4FGL J1037.4-2933,FSRQ,0.312000006437302,0.4158,-0.1038,0.1038,0.4667,-0.1547,0.1547,0.4253,-0.1133,0.1133,0.8082,Grade A
4FGL J1037.7-2822,FSRQ,1.06599998474121,1.0366,0.0294,0.0294,1.1455,-0.0795,0.0795,1.073,-0.007,0.007,0.9514,Grade A
4FGL J1037.7+5711,BLL,0.830370008945465,0.3622,0.4682,0.4682,0.4974,0.333,0.333,0.3595,0.4709,0.4709,0.0067,Grade A
4FGL J1043.2+2408,FSRQ,0.560000002384186,0.5857,-0.0257,0.0257,0.4713,0.0887,0.0887,0.5034,0.0566,0.0566,0.682,Grade A
4FGL J1044.6+8053,FSRQ,1.25399994850159,0.8776,0.3764,0.3764,0.6561,0.5979,0.5979,0.4849,0.7691,0.7691,0.9673,Grade A
4FGL J1045.8-2928,FSRQ,2.12800002098083,0.8157,1.3123,1.3123,1.2051,0.9229,0.9229,1.4546,0.6734,0.6734,0.9863,Grade A
4FGL J1048.0-1912,FSRQ,0.595000028610229,0.7161,-0.1211,0.1211,0.8949,-0.2999,0.2999,1.0551,-0.4601,0.4601,0.9058,Grade A
4FGL J1048.4+7143,FSRQ,1.14999997615814,1.2147,-0.0647,0.0647,1.1161,0.0339,0.0339,1.0849,0.0651,0.0651,0.9814,Grade A
4FGL J1050.1+0432,FSRQ,1.21724998950958,1.4925,-0.2752,0.2752,1.1672,0.05,0.05,1.2636,-0.0464,0.0464,0.9918,Grade A
4FGL J1051.4+3942,BLL,0.497999995946884,0.4856,0.0124,0.0124,0.4944,0.0036,0.0036,0.4367,0.0613,0.0613,0.0523,Grade A
4FGL J1051.9+0103,BLL,0.264999985694885,0.5141,-0.2491,0.2491,0.4949,-0.2299,0.2299,0.5493,-0.2843,0.2843,0.0182,Grade A
4FGL J1053.7+4930,BLL,0.140000000596046,0.2702,-0.1302,0.1302,0.1177,0.0223,0.0223,0.1096,0.0304,0.0304,0.0062,Grade A
4FGL J1054.5+2211,BLL,2.0550000667572,0.486,1.569,1.569,0.3989,1.6561,1.6561,0.3797,1.6753,1.6753,0.0229,Grade A
4FGL J1056.8+7012,FSRQ,2.49200010299683,2.0995,0.3925,0.3925,2.0298,0.4622,0.4622,1.8768,0.6152,0.6152,0.9842,Grade A
4FGL J1057.3-2341,FSRQ,1.125,2.2126,-1.0876,1.0876,1.1972,-0.0722,0.0722,1.2594,-0.1344,0.1344,0.9732,Grade A
4FGL J1057.8-2754,BLL,0.0909060016274452,0.0937,-0.0028,0.0028,0.0911,-0.0001,0.0001,0.1095,-0.0186,0.0186,0.0043,Grade A
4FGL J1058.4+0133,BLL,0.889999985694885,0.4447,0.4453,0.4453,0.3727,0.5173,0.5173,0.4429,0.4471,0.4471,0.3904,Grade A
4FGL J1058.5+8115,FSRQ,0.705999970436096,0.8719,-0.1659,0.1659,0.8764,-0.1704,0.1704,0.7834,-0.0774,0.0774,0.9237,Grade A
4FGL J1058.6+2817,BLL,0.479299992322922,0.4796,-0.0003,0.0003,0.4847,-0.0054,0.0054,0.5962,-0.1169,0.1169,0.3132,Grade A
4FGL J1058.6-8003,BLL,0.569000005722046,1.2109,-0.6419,0.6419,0.8117,-0.2427,0.2427,0.7458,-0.1768,0.1768,0.717,Grade A
4FGL J1058.6+5627,BLL,0.14300000667572,0.2609,-0.1179,0.1179,0.2684,-0.1254,0.1254,0.2416,-0.0986,0.0986,0.0372,Grade A
4FGL J1101.4+4108,BLL,0.579999983310699,0.9518,-0.3718,0.3718,0.7347,-0.1547,0.1547,0.5906,-0.0106,0.0106,0.3188,Grade B
4FGL J1102.6+5251,FSRQ,0.689840018749237,1.4491,-0.7593,0.7593,0.8711,-0.1812,0.1812,0.8305,-0.1407,0.1407,0.6418,Grade A
4FGL J1102.9+3014,FSRQ,0.38400000333786,0.7422,-0.3582,0.3582,0.6532,-0.2692,0.2692,0.7045,-0.3205,0.3205,0.9463,Grade A
4FGL J1103.0+1157,FSRQ,0.913941025733948,0.6184,0.2956,0.2956,0.8726,0.0414,0.0414,0.8896,0.0244,0.0244,0.9002,Grade A
4FGL J1103.6-2329,BLL,0.186000004410744,0.0408,0.1452,0.1452,0.1311,0.0549,0.0549,0.1631,0.0229,0.0229,0.0064,Grade A
4FGL J1104.0+0020,BLL,0.275000005960464,0.436,-0.161,0.161,0.2296,0.0454,0.0454,0.2661,0.0089,0.0089,0.3325,Grade A
4FGL J1104.4+0730,BLL,0.630348026752472,0.5116,0.1188,0.1188,0.4823,0.148,0.148,0.3971,0.2332,0.2332,0.3783,Grade A
4FGL J1104.4+3812,BLL,0.0299999993294477,0.0349,-0.0049,0.0049,0.0695,-0.0395,0.0395,0.035,-0.005,0.005,0.0262,Grade B
4FGL J1105.8+3944,BLL,0.0989999994635582,0.6569,-0.5579,0.5579,0.2114,-0.1124,0.1124,0.1394,-0.0404,0.0404,0.2687,Grade A
4FGL J1106.0+2813,FSRQ,0.843520998954773,0.9462,-0.1027,0.1027,0.9452,-0.1017,0.1017,1.0233,-0.1798,0.1798,0.9553,Grade A
4FGL J1107.0-4449,FSRQ,1.59800004959106,1.1774,0.4206,0.4206,0.907,0.691,0.691,0.9059,0.6921,0.6921,0.9685,Grade A
4FGL J1107.7-3042,FSRQ,0.740000009536743,1.3344,-0.5944,0.5944,1.127,-0.387,0.387,1.1225,-0.3825,0.3825,0.8523,Grade A
4FGL J1107.8+1501,BLL,0.600000023841858,0.358,0.242,0.242,0.398,0.202,0.202,0.4375,0.1625,0.1625,0.0147,Grade A
4FGL J1112.5+3448,FSRQ,1.94949996471405,1.109,0.8405,0.8405,1.2066,0.7429,0.7429,1.2629,0.6866,0.6866,0.9887,Grade A
4FGL J1114.7-0248,FSRQ,1.03999996185303,2.1855,-1.1455,1.1455,1.1708,-0.1308,0.1308,1.0633,-0.0233,0.0233,0.9287,Grade A
4FGL J1117.0+2013,BLL,0.139200001955032,0.1201,0.0191,0.0191,0.1311,0.0081,0.0081,0.1413,-0.0021,0.0021,0.0078,Grade A
4FGL J1117.2+0008,BLL,0.45100000500679,0.4015,0.0495,0.0495,0.4945,-0.0435,0.0435,0.4374,0.0136,0.0136,0.022,Grade B
4FGL J1117.6+2550,BLL,0.360029011964798,0.11,0.2501,0.2501,0.2637,0.0963,0.0963,0.3039,0.0561,0.0561,0.0361,Grade A
4FGL J1118.2-4634,FSRQ,0.712999999523163,0.198,0.515,0.515,0.4677,0.2453,0.2453,0.6443,0.0687,0.0687,0.7809,Grade C
4FGL J1119.0+1235,FSRQ,2.12565088272095,0.7866,1.339,1.339,1.3936,0.732,0.732,1.8535,0.2722,0.2722,0.9639,Grade A
4FGL J1120.8+4212,BLL,0.123999997973442,0.2509,-0.1269,0.1269,0.3236,-0.1996,0.1996,0.36,-0.236,0.236,0.0164,Grade A
4FGL J1121.4-0553,FSRQ,1.29700005054474,1.4235,-0.1265,0.1265,1.4578,-0.1608,0.1608,1.5255,-0.2285,0.2285,0.9917,Grade A
4FGL J1124.0+2336,FSRQ,1.54900002479553,0.7895,0.7595,0.7595,1.2194,0.3296,0.3296,1.3934,0.1556,0.1556,0.8546,Grade A
4FGL J1125.5-3557,BLL,0.284000009298325,0.1652,0.1188,0.1188,0.3613,-0.0773,0.0773,0.4375,-0.1535,0.1535,0.0137,Grade A
4FGL J1125.9-0742,BLL,0.278600007295609,0.171,0.1076,0.1076,0.2682,0.0104,0.0104,0.2779,0.0007,0.0007,0.0059,Grade A
4FGL J1125.9+2005,FSRQ,0.132970005273819,0.1517,-0.0188,0.0188,0.3174,-0.1845,0.1845,0.1642,-0.0312,0.0312,0.1339,Grade A
4FGL J1127.0-1857,FSRQ,1.04799997806549,1.0557,-0.0077,0.0077,0.6037,0.4443,0.4443,0.7202,0.3278,0.3278,0.5706,Grade A
4FGL J1127.4+5648,FSRQ,2.89000010490417,2.7662,0.1238,0.1238,2.1639,0.7261,0.7261,2.7113,0.1787,0.1787,0.9458,Grade A
4FGL J1127.8+3618,FSRQ,0.88400000333786,2.3336,-1.4496,1.4496,1.1827,-0.2987,0.2987,1.2542,-0.3702,0.3702,0.9489,Grade A
4FGL J1128.0+5924,FSRQ,1.79499995708466,1.8783,-0.0833,0.0833,1.1128,0.6822,0.6822,1.0815,0.7135,0.7135,0.9744,Grade C
4FGL J1129.1+3703,BLL,0.444999992847443,1.2532,-0.8082,0.8082,0.6052,-0.1602,0.1602,0.6601,-0.2151,0.2151,0.2104,Grade A
4FGL J1129.8-1447,FSRQ,1.18400001525879,1.1105,0.0735,0.0735,1.1664,0.0176,0.0176,1.1816,0.0024,0.0024,0.9903,Grade A
4FGL J1131.0+3815,FSRQ,1.73300004005432,1.3955,0.3375,0.3375,1.3968,0.3362,0.3362,1.4538,0.2792,0.2792,0.9847,Grade A
4FGL J1131.4+5809,BLL,0.359645992517471,0.1632,0.1965,0.1965,0.495,-0.1354,0.1354,0.4202,-0.0606,0.0606,0.0173,Grade A
4FGL J1132.7+0034,BLL,1.22300004959106,0.774,0.449,0.449,0.5456,0.6774,0.6774,0.6347,0.5883,0.5883,0.0987,Grade A
4FGL J1135.7-0427,FSRQ,0.27318400144577,0.553,-0.2798,0.2798,0.6528,-0.3797,0.3797,0.4234,-0.1502,0.1502,0.9436,Grade B
4FGL J1136.2+3407,FSRQ,1.33694994449615,1.9927,-0.6557,0.6557,1.4972,-0.1603,0.1603,1.5195,-0.1825,0.1825,0.9812,Grade A
4FGL J1136.4+6736,BLL,0.136000007390976,0.1009,0.0351,0.0351,0.1685,-0.0325,0.0325,0.1334,0.0026,0.0026,0.0048,Grade A
4FGL J1136.4+7009,BLL,0.0450000017881393,0.0681,-0.0231,0.0231,0.0686,-0.0236,0.0236,0.0458,-0.0008,0.0008,0.0102,Grade A
4FGL J1136.8+2550,BLL,0.156000003218651,0.4496,-0.2936,0.2936,0.234,-0.078,0.078,0.1432,0.0128,0.0128,0.0724,Grade A
4FGL J1138.4+4857,FSRQ,1.30400002002716,1.5259,-0.2219,0.2219,1.0802,0.2238,0.2238,0.872,0.432,0.432,0.825,Grade A
4FGL J1140.5+1528,BLL,0.244000002741814,0.1378,0.1062,0.1062,0.2298,0.0142,0.0142,0.2433,0.0007,0.0007,0.0086,Grade A
4FGL J1142.0+1548,BLL,0.29899999499321,1.5345,-1.2355,1.2355,0.9645,-0.6655,0.6655,1.2122,-0.9132,0.9132,0.5396,Grade A
4FGL J1143.1+6122,BLL,0.474999994039536,0.9475,-0.4725,0.4725,0.4956,-0.0206,0.0206,0.4202,0.0548,0.0548,0.0218,Grade A
4FGL J1145.5+4423,FSRQ,0.299836009740829,0.4649,-0.1651,0.1651,0.4412,-0.1414,0.1414,0.404,-0.1041,0.1041,0.6838,Grade A
4FGL J1146.6-2902,FSRQ,0.449999988079071,0.5447,-0.0947,0.0947,0.6331,-0.1831,0.1831,0.6917,-0.2417,0.2417,0.7962,Grade A
4FGL J1146.9+3958,FSRQ,1.08899998664856,1.1826,-0.0936,0.0936,1.0526,0.0364,0.0364,0.903,0.186,0.186,0.9565,Grade A
4FGL J1147.0-3812,BLL,1.04799997806549,1.1792,-0.1312,0.1312,0.8285,0.2195,0.2195,0.8268,0.2212,0.2212,0.6249,Grade A
4FGL J1147.8-0724,FSRQ,1.34200000762939,1.0519,0.2901,0.2901,1.2071,0.1349,0.1349,1.1295,0.2125,0.2125,0.9896,Grade A
4FGL J1148.5+2629,FSRQ,0.867224991321564,0.8456,0.0216,0.0216,1.1642,-0.2969,0.2969,1.0868,-0.2196,0.2196,0.9862,Grade A
4FGL J1148.6+1841,BLL,0.405000001192093,0.966,-0.561,0.561,0.8033,-0.3983,0.3983,0.6345,-0.2295,0.2295,0.6409,Grade A
4FGL J1150.4+2418,BLL,0.200000002980232,0.11,0.09,0.09,0.1593,0.0407,0.0407,0.2733,-0.0733,0.0733,0.2275,Grade A
4FGL J1150.6+4154,BLL,0.319999992847443,0.4503,-0.1303,0.1303,0.4975,-0.1775,0.1775,0.5325,-0.2125,0.2125,0.0076,Grade A
4FGL J1151.5-1347,BLL,0.837999999523163,0.898,-0.06,0.06,0.5033,0.3347,0.3347,0.5462,0.2918,0.2918,0.0468,Grade A
4FGL J1151.5+5859,BLL,0.118000000715256,0.6391,-0.5211,0.5211,0.496,-0.378,0.378,0.4376,-0.3196,0.3196,0.0102,Grade A
4FGL J1152.3-0839,FSRQ,2.36999988555908,1.4571,0.9129,0.9129,1.4966,0.8734,0.8734,1.5182,0.8518,0.8518,0.9789,Grade A
4FGL J1152.8+3308,FSRQ,1.39759600162506,0.4762,0.9214,0.9214,0.8114,0.5862,0.5862,0.9939,0.4036,0.4036,0.8817,Grade A
4FGL J1153.0+8056,FSRQ,1.25,2.1437,-0.8937,0.8937,1.497,-0.247,0.247,1.4518,-0.2018,0.2018,0.9805,Grade A
4FGL J1153.4+4931,FSRQ,0.333999991416931,0.3015,0.0325,0.0325,0.4233,-0.0893,0.0893,0.419,-0.085,0.085,0.9167,Grade A
4FGL J1154.0-0010,BLL,0.254000008106232,0.3211,-0.0671,0.0671,0.4825,-0.2285,0.2285,0.4376,-0.1836,0.1836,0.0132,Grade A
4FGL J1154.0+4037,FSRQ,0.925125002861023,0.708,0.2172,0.2172,0.7952,0.1299,0.1299,0.7778,0.1473,0.1473,0.5668,Grade A
4FGL J1154.0+6018,FSRQ,1.12000000476837,0.7731,0.3469,0.3469,1.1562,-0.0362,0.0362,1.2593,-0.1393,0.1393,0.9714,Grade B
4FGL J1158.5+4824,FSRQ,2.02800011634827,1.3775,0.6505,0.6505,1.4906,0.5374,0.5374,1.8455,0.1825,0.1825,0.9569,Grade A
4FGL J1159.3-2142,FSRQ,0.616999983787537,1.0392,-0.4222,0.4222,0.8847,-0.2677,0.2677,0.9071,-0.2901,0.2901,0.9737,Grade A
4FGL J1159.5+2914,FSRQ,0.728999972343445,0.6503,0.0787,0.0787,0.7225,0.0065,0.0065,0.6308,0.0982,0.0982,0.5321,Grade A
4FGL J1202.4+4442,BLL,0.296999990940094,0.5032,-0.2062,0.2062,0.2708,0.0262,0.0262,0.2781,0.0189,0.0189,0.4464,Grade A
4FGL J1202.5-0528,FSRQ,0.381000012159348,0.6044,-0.2234,0.2234,0.6447,-0.2637,0.2637,0.6692,-0.2882,0.2882,0.8834,Grade A
4FGL J1202.5+3852,BLL,0.805000007152557,0.2993,0.5057,0.5057,0.3885,0.4165,0.4165,0.4429,0.3621,0.3621,0.3912,Grade A
4FGL J1203.1+6031,BLL,0.0649999976158142,0.4365,-0.3715,0.3715,0.3224,-0.2574,0.2574,0.0774,-0.0124,0.0124,0.0378,Grade A
4FGL J1203.4-3925,BLL,0.226999998092651,0.1541,0.0729,0.0729,0.324,-0.097,0.097,0.4377,-0.2107,0.2107,0.0083,Grade A
4FGL J1204.2-0709,BLL,0.184000000357628,0.3803,-0.1963,0.1963,0.1938,-0.0098,0.0098,0.1414,0.0426,0.0426,0.0114,Grade A
4FGL J1205.7-2635,FSRQ,0.788999974727631,0.7791,0.0099,0.0099,0.8823,-0.0933,0.0933,0.9036,-0.1146,0.1146,0.9593,Grade A
4FGL J1207.7-0106,FSRQ,1.00600004196167,0.7129,0.2931,0.2931,0.8748,0.1312,0.1312,0.8928,0.1132,0.1132,0.9138,Grade A
4FGL J1208.4+6121,BLL,0.275000005960464,0.2141,0.0609,0.0609,0.2292,0.0458,0.0458,0.2768,-0.0018,0.0018,0.0358,Grade A
4FGL J1208.9+5441,FSRQ,1.34512305259705,1.5222,-0.1771,0.1771,1.2034,0.1418,0.1418,1.4533,-0.1081,0.1081,0.9835,Grade A
4FGL J1209.4+4118,BLL,1.33599996566772,0.2046,1.1314,1.1314,0.491,0.845,0.845,0.545,0.791,0.791,0.0646,Grade A
4FGL J1209.7+2548,FSRQ,1.43499994277954,0.4363,0.9987,0.9987,0.8675,0.5675,0.5675,1.1842,0.2508,0.2508,0.6263,Grade A
4FGL J1209.8+1810,FSRQ,0.845000028610229,1.4892,-0.6442,0.6442,0.8707,-0.0257,0.0257,0.8869,-0.0419,0.0419,0.8886,Grade A
4FGL J1213.0+5129,BLL,0.796000003814697,0.1755,0.6205,0.6205,0.3617,0.4343,0.4343,0.4376,0.3584,0.3584,0.0089,Grade A
4FGL J1213.3-2618,BLL,0.277999997138977,0.254,0.024,0.024,0.2284,0.0496,0.0496,0.2777,0.0003,0.0003,0.0211,Grade A
4FGL J1213.6+1306,FSRQ,1.14023995399475,0.5329,0.6074,0.6074,0.8429,0.2973,0.2973,0.8472,0.293,0.293,0.7165,Grade A
4FGL J1215.0+1656,FSRQ,1.13199996948242,1.5508,-0.4188,0.4188,1.1528,-0.0208,0.0208,1.1183,0.0137,0.0137,0.9651,Grade A
4FGL J1215.1+5002,BLL,1.54499995708466,0.3381,1.2069,1.2069,0.4954,1.0496,1.0496,0.5487,0.9963,0.9963,0.0118,Grade A
4FGL J1215.1+0731,BLL,0.13646499812603,0.0988,0.0377,0.0377,0.1182,0.0183,0.0183,0.1303,0.0062,0.0062,0.0203,Grade A
4FGL J1216.1+0930,BLL,0.0935000032186508,0.1421,-0.0486,0.0486,0.0687,0.0248,0.0248,0.0881,0.0054,0.0054,0.0111,Grade A
4FGL J1217.9+3007,BLL,0.129999995231628,0.1561,-0.0261,0.0261,0.2677,-0.1377,0.1377,0.2433,-0.1133,0.1133,0.0168,Grade A
4FGL J1218.0-0028,BLL,0.418999999761581,0.2167,0.2023,0.2023,0.271,0.148,0.148,0.2671,0.1519,0.1519,0.4946,Grade A
4FGL J1219.7-0313,BLL,0.29899999499321,0.3294,-0.0304,0.0304,0.3242,-0.0252,0.0252,0.2897,0.0093,0.0093,0.0052,Grade A
4FGL J1220.1+7105,FSRQ,0.45100000500679,1.6307,-1.1797,1.1797,1.4954,-1.0444,1.0444,1.5156,-1.0646,1.0646,0.9745,Grade A
4FGL J1221.3+3010,BLL,0.184000000357628,0.1867,-0.0027,0.0027,0.1685,0.0155,0.0155,0.1659,0.0181,0.0181,0.0066,Grade A
4FGL J1221.5+2814,BLL,0.101999998092651,0.1525,-0.0505,0.0505,0.2341,-0.1321,0.1321,0.1632,-0.0612,0.0612,0.0262,Grade A
4FGL J1222.5+0414,FSRQ,0.964200019836426,1.7408,-0.7766,0.7766,1.208,-0.2438,0.2438,1.0379,-0.0737,0.0737,0.991,Grade A
4FGL J1223.9+5000,FSRQ,1.06395196914673,0.6314,0.4325,0.4325,1.3304,-0.2664,0.2664,1.1049,-0.041,0.041,0.9356,Grade A
4FGL J1224.1+2239,BLL,0.482100009918213,0.9038,-0.4217,0.4217,0.5171,-0.035,0.035,0.5399,-0.0578,0.0578,0.1383,Grade A
4FGL J1224.4+2436,BLL,0.218999996781349,0.17,0.049,0.049,0.3965,-0.1775,0.1775,0.3045,-0.0855,0.0855,0.0223,Grade A
4FGL J1224.9+2122,FSRQ,0.433999985456467,0.0808,0.3532,0.3532,0.2726,0.1614,0.1614,0.397,0.037,0.037,0.7672,Grade A
4FGL J1224.9+4334,BLL,0.948000013828278,1.1787,-0.2307,0.2307,0.8566,0.0914,0.0914,0.8667,0.0813,0.0813,0.8018,Grade A
4FGL J1225.0+0330,FSRQ,0.955999970436096,1.9031,-0.9471,0.9471,1.4977,-0.5417,0.5417,1.5204,-0.5644,0.5644,0.9828,Grade A
4FGL J1226.8-1329,BLL,0.456000000238419,0.6841,-0.2281,0.2281,0.7652,-0.3092,0.3092,0.7842,-0.3282,0.3282,0.2855,Grade A
4FGL J1227.1-4437,BLL,0.109999999403954,0.8633,-0.7533,0.7533,0.8166,-0.7066,0.7066,0.7726,-0.6626,0.6626,0.5487,Grade A
4FGL J1228.7+4858,FSRQ,1.71605598926544,1.8005,-0.0844,0.0844,2.0227,-0.3067,0.3067,1.869,-0.153,0.153,0.9775,Grade A
4FGL J1229.0+0202,FSRQ,0.158000007271767,0.2314,-0.0734,0.0734,0.2914,-0.1334,0.1334,0.1686,-0.0106,0.0106,0.6462,Grade B
4FGL J1230.2+2517,BLL,0.135000005364418,0.1398,-0.0048,0.0048,0.1891,-0.0541,0.0541,0.2762,-0.1412,0.1412,0.0797,Grade A
4FGL J1230.9+3711,BLL,0.217999994754791,0.4902,-0.2722,0.2722,0.3584,-0.1404,0.1404,0.2804,-0.0624,0.0624,0.3595,Grade A
4FGL J1231.5+1421,BLL,0.256000012159348,0.1819,0.0741,0.0741,0.4009,-0.1449,0.1449,0.3594,-0.1034,0.1034,0.0058,Grade A
4FGL J1231.6+6415,BLL,0.162939995527267,0.2445,-0.0816,0.0816,0.1311,0.0319,0.0319,0.1298,0.0332,0.0332,0.0064,Grade A
4FGL J1231.7+2847,BLL,0.236450999975204,0.4146,-0.1781,0.1781,0.2683,-0.0318,0.0318,0.3047,-0.0682,0.0682,0.0187,Grade A
4FGL J1233.6+5027,BLL,0.206796005368233,0.417,-0.2102,0.2102,0.303,-0.0962,0.0962,0.3358,-0.129,0.129,0.4434,Grade A
4FGL J1236.3+3858,BLL,0.389999985694885,0.3902,-0.0002,0.0002,0.482,-0.092,0.092,0.3797,0.0103,0.0103,0.0204,Grade A
4FGL J1239.4+0728,BLL,0.400000005960464,1.1311,-0.7311,0.7311,0.6833,-0.2833,0.2833,0.6736,-0.2736,0.2736,0.5804,Grade A
4FGL J1239.5+0443,FSRQ,1.7610000371933,2.5585,-0.7975,0.7975,1.4959,0.2651,0.2651,1.45,0.311,0.311,0.9762,Grade A
4FGL J1241.8-1456,BLL,0.531000018119812,0.2036,0.3274,0.3274,0.2301,0.3009,0.3009,0.3052,0.2258,0.2258,0.0073,Grade A
4FGL J1243.2+3627,BLL,1.06500005722046,0.1774,0.8876,0.8876,0.268,0.797,0.797,0.2777,0.7873,0.7873,0.0137,Grade A
4FGL J1245.1+5709,BLL,1.54487001895905,0.2867,1.2582,1.2582,0.4808,1.0641,1.0641,0.4371,1.1078,1.1078,0.0371,Grade A
4FGL J1246.3+0112,BLL,0.386000007390976,0.8047,-0.4187,0.4187,0.5768,-0.1908,0.1908,0.5722,-0.1862,0.1862,0.3563,Grade A
4FGL J1246.7-2548,FSRQ,0.634999990463257,0.692,-0.057,0.057,0.9469,-0.3119,0.3119,0.9043,-0.2693,0.2693,0.9622,Grade A
4FGL J1248.7+5127,BLL,0.350852996110916,0.3134,0.0374,0.0374,0.4814,-0.1306,0.1306,0.4372,-0.0864,0.0864,0.0285,Grade A
4FGL J1250.6+0217,BLL,0.953508019447327,1.2057,-0.2521,0.2521,0.7814,0.1722,0.1722,0.7938,0.1597,0.1597,0.3158,Grade A
4FGL J1251.2+1039,BLL,0.245399996638298,0.3758,-0.1304,0.1304,0.3239,-0.0785,0.0785,0.3793,-0.1339,0.1339,0.0094,Grade A
4FGL J1253.8+0327,BLL,0.0656860023736954,0.2208,-0.1551,0.1551,0.0827,-0.0171,0.0171,0.0669,-0.0012,0.0012,0.0176,Grade A
4FGL J1253.8+6242,BLL,0.866999983787537,0.4996,0.3674,0.3674,0.3959,0.4711,0.4711,0.4584,0.4086,0.4086,0.0325,Grade A
4FGL J1254.5+2210,BLL,0.50900000333786,0.5272,-0.0182,0.0182,0.4961,0.0129,0.0129,0.4377,0.0713,0.0713,0.0081,Grade A
4FGL J1254.9-4426,BLL,0.0410000011324883,0.2421,-0.2011,0.2011,0.0606,-0.0196,0.0196,0.0547,-0.0137,0.0137,0.245,Grade B
4FGL J1254.9+1138,FSRQ,0.871999979019165,1.607,-0.735,0.735,1.1084,-0.2364,0.2364,1.1852,-0.3132,0.3132,0.9649,Grade A
4FGL J1256.1-0547,FSRQ,0.53600001335144,0.8462,-0.3102,0.3102,0.8646,-0.3286,0.3286,0.9419,-0.4059,0.4059,0.7456,Grade A
4FGL J1256.2-1146,BLL,0.0579000003635883,0.2011,-0.1432,0.1432,0.0685,-0.0106,0.0106,0.0727,-0.0148,0.0148,0.0079,Grade A
4FGL J1257.2+3646,BLL,0.530687987804413,0.7429,-0.2122,0.2122,0.5345,-0.0038,0.0038,0.4377,0.093,0.093,0.0049,Grade A
4FGL J1257.8+3228,FSRQ,0.805999994277954,0.6466,0.1594,0.1594,0.6451,0.1609,0.1609,0.7018,0.1042,0.1042,0.9144,Grade A
4FGL J1258.6-1759,FSRQ,1.9559999704361,2.2592,-0.3032,0.3032,1.3911,0.5649,0.5649,1.2536,0.7024,0.7024,0.9473,Grade A
4FGL J1258.8-2219,FSRQ,1.30299997329712,0.8876,0.4154,0.4154,1.3815,-0.0785,0.0785,1.3572,-0.0542,0.0542,0.9888,Grade A
4FGL J1259.1-2311,BLL,0.481000006198883,0.3062,0.1748,0.1748,0.3886,0.0924,0.0924,0.3638,0.1172,0.1172,0.0956,Grade A
4FGL J1259.7-3223,BLL,0.0137499999254942,1.2491,-1.2353,1.2353,0.6273,-0.6135,0.6135,0.4948,-0.4811,0.4811,0.8137,Grade A
4FGL J1300.4+1416,FSRQ,1.10855197906494,1.0539,0.0547,0.0547,1.1994,-0.0908,0.0908,1.2605,-0.1519,0.1519,0.9769,Grade A
4FGL J1301.5+4413,BLL,0.435000002384186,0.3693,0.0657,0.0657,0.4927,-0.0577,0.0577,0.5464,-0.1114,0.1114,0.0441,Grade A
4FGL J1301.6+4056,BLL,0.65200001001358,0.4234,0.2286,0.2286,0.4864,0.1656,0.1656,0.4353,0.2167,0.2167,0.1205,Grade A
4FGL J1301.6+3336,FSRQ,1.00839996337891,1.1174,-0.109,0.109,1.4396,-0.4312,0.4312,1.4789,-0.4705,0.4705,0.9091,Grade A
4FGL J1302.8+5748,BLL,1.08800005912781,1.7195,-0.6315,0.6315,1.0685,0.0195,0.0195,1.2215,-0.1335,0.1335,0.8014,Grade A
4FGL J1303.0+2434,BLL,0.992999970912933,1.1664,-0.1734,0.1734,1.0176,-0.0246,0.0246,1.1262,-0.1332,0.1332,0.6961,Grade A
4FGL J1303.6-4622,FSRQ,1.66400003433228,1.0456,0.6184,0.6184,1.3082,0.3558,0.3558,1.1341,0.5299,0.5299,0.3825,Grade A
4FGL J1304.0+3704,BLL,0.425000011920929,0.5655,-0.1405,0.1405,0.4419,-0.0169,0.0169,0.4531,-0.0281,0.0281,0.6749,Grade A
4FGL J1304.6-0348,FSRQ,1.25,0.7618,0.4882,0.4882,0.8227,0.4273,0.4273,1.1241,0.1259,0.1259,0.5877,Grade A
4FGL J1308.5+3547,FSRQ,1.05499994754791,1.5715,-0.5165,0.5165,1.391,-0.336,0.336,1.2534,-0.1984,0.1984,0.9463,Grade A
4FGL J1309.4+4305,BLL,0.690999984741211,0.3262,0.3648,0.3648,0.4951,0.1959,0.1959,0.5484,0.1426,0.1426,0.0149,Grade A
4FGL J1310.2-1158,BLL,0.140000000596046,0.2556,-0.1156,0.1156,0.1684,-0.0284,0.0284,0.1631,-0.0231,0.0231,0.0088,Grade A
4FGL J1310.5+3221,FSRQ,0.996999979019165,0.8611,0.1359,0.1359,0.8513,0.1457,0.1457,0.8592,0.1378,0.1378,0.7691,Grade A
4FGL J1311.0+0034,BLL,0.0023070001043379,0.2752,-0.2729,0.2729,0.4959,-0.4936,0.4936,0.4376,-0.4353,0.4353,0.0121,Grade A
4FGL J1311.0+3233,FSRQ,1.63900005817413,0.5378,1.1012,1.1012,1.0649,0.5741,0.5741,1.2081,0.4309,0.4309,0.7386,Grade B
4FGL J1312.4-2156,BLL,1.49100005626678,0.3378,1.1532,1.1532,0.4806,1.0104,1.0104,0.437,1.054,1.054,0.0405,Grade A
4FGL J1312.8-2350,BLL,0.46000000834465,0.4171,0.0429,0.0429,0.496,-0.036,0.036,0.4596,0.0004,0.0004,0.0042,Grade A
4FGL J1312.8-0425,FSRQ,0.824899971485138,2.4179,-1.593,1.593,1.3969,-0.572,0.572,1.454,-0.6291,0.6291,0.985,Grade A
4FGL J1315.5+1135,BLL,0.730000019073486,0.3145,0.4155,0.4155,0.3989,0.3311,0.3311,0.4374,0.2926,0.2926,0.0228,Grade A
4FGL J1316.1-3338,FSRQ,1.21000003814697,0.92,0.29,0.29,0.9092,0.3008,0.3008,1.0334,0.1766,0.1766,0.98,Grade A
4FGL J1317.6+3428,FSRQ,1.04999995231628,0.7963,0.2537,0.2537,0.9054,0.1446,0.1446,0.9039,0.1461,0.1461,0.9604,Grade A
4FGL J1319.5+1404,BLL,0.573000013828278,0.2471,0.3259,0.3259,0.324,0.249,0.249,0.3052,0.2678,0.2678,0.0077,Grade A
4FGL J1320.7+3314,FSRQ,0.923783004283905,0.3108,0.613,0.613,0.5512,0.3726,0.3726,0.6554,0.2684,0.2684,0.3577,Grade A
4FGL J1321.1+2216,FSRQ,0.943000018596649,1.2148,-0.2718,0.2718,1.204,-0.261,0.261,1.3362,-0.3932,0.3932,0.9845,Grade A
4FGL J1321.3-2641,FSRQ,2.02699995040894,1.6203,0.4067,0.4067,1.4797,0.5473,0.5473,1.8003,0.2267,0.2267,0.9164,Grade A
4FGL J1322.2+0842,FSRQ,0.32548999786377,0.6425,-0.3171,0.3171,0.7095,-0.384,0.384,0.6652,-0.3397,0.3397,0.4777,Grade A
4FGL J1322.6-0936,FSRQ,1.8639999628067,2.0372,-0.1732,0.1732,1.8246,0.0394,0.0394,1.5213,0.3427,0.3427,0.9844,Grade A
4FGL J1322.9+0437,BLL,0.224000006914139,0.3462,-0.1222,0.1222,0.2683,-0.0443,0.0443,0.3031,-0.0791,0.0791,0.0555,Grade A
4FGL J1323.9+1405,BLL,0.469999998807907,0.5205,-0.0505,0.0505,0.4822,-0.0122,0.0122,0.4591,0.0109,0.0109,0.0175,Grade A
4FGL J1326.1+1232,BLL,0.204153001308441,0.4357,-0.2316,0.2316,0.2685,-0.0644,0.0644,0.2763,-0.0722,0.0722,0.0619,Grade B
4FGL J1326.7-0503,FSRQ,1.88199996948242,0.582,1.3,1.3,0.7836,1.0984,1.0984,0.8468,1.0352,1.0352,0.4592,Grade B
4FGL J1326.9+2210,FSRQ,1.39800000190735,1.5323,-0.1343,0.1343,1.1654,0.2326,0.2326,1.2629,0.1351,0.1351,0.9884,Grade A
4FGL J1331.2-1325,BLL,0.25,0.8325,-0.5825,0.5825,0.6017,-0.3517,0.3517,0.5045,-0.2545,0.2545,0.6649,Grade A
4FGL J1331.7-0343,FSRQ,1.35199999809265,1.8378,-0.4858,0.4858,1.4675,-0.1155,0.1155,1.4009,-0.0489,0.0489,0.8711,Grade C
4FGL J1332.0-0509,FSRQ,2.15000009536743,1.3324,0.8176,0.8176,1.2,0.95,0.95,1.2607,0.8893,0.8893,0.9779,Grade A
4FGL J1332.2+4722,FSRQ,0.668699979782104,0.9852,-0.3165,0.3165,0.8797,-0.211,0.211,0.7871,-0.1184,0.1184,0.9437,Grade A
4FGL J1332.6-1256,FSRQ,1.49199998378754,1.905,-0.413,0.413,2.0164,-0.5244,0.5244,2.1111,-0.6191,0.6191,0.9714,Grade A
4FGL J1333.2+2725,FSRQ,0.731000006198883,1.3128,-0.5818,0.5818,0.8465,-0.1155,0.1155,0.8523,-0.1213,0.1213,0.7389,Grade A
4FGL J1333.7+5056,FSRQ,1.36199998855591,1.4052,-0.0432,0.0432,0.9962,0.3658,0.3658,1.1892,0.1728,0.1728,0.6501,Grade C
4FGL J1334.5+5634,FSRQ,0.342577993869781,0.2008,0.1418,0.1418,0.4544,-0.1118,0.1118,0.5144,-0.1718,0.1718,0.5159,Grade A
4FGL J1337.4+5502,FSRQ,1.09957599639893,1.016,0.0836,0.0836,1.179,-0.0794,0.0794,1.2526,-0.153,0.153,0.9426,Grade A
4FGL J1337.6-1257,FSRQ,0.538999974727631,0.965,-0.426,0.426,0.8866,-0.3476,0.3476,0.9098,-0.3708,0.3708,0.9848,Grade A
4FGL J1338.0+6534,FSRQ,0.945999979972839,1.4372,-0.4912,0.4912,1.166,-0.22,0.22,1.2631,-0.3171,0.3171,0.9895,Grade A
4FGL J1339.1-2620,FSRQ,1.50999999046326,1.5291,-0.0191,0.0191,1.0074,0.5026,0.5026,1.0244,0.4856,0.4856,0.6742,Grade A
4FGL J1339.9-0138,FSRQ,1.62000000476837,1.5368,0.0832,0.0832,1.0393,0.5807,0.5807,0.9404,0.6796,0.6796,0.7417,Grade B
4FGL J1340.5+4409,BLL,0.546000003814697,0.179,0.367,0.367,0.2342,0.3118,0.3118,0.2432,0.3028,0.3028,0.0139,Grade A
4FGL J1340.8-0409,BLL,0.223000004887581,0.2959,-0.0729,0.0729,0.4962,-0.2732,0.2732,0.4377,-0.2147,0.2147,0.0062,Grade A
4FGL J1341.2+3958,BLL,0.172000005841255,0.205,-0.033,0.033,0.1684,0.0036,0.0036,0.1631,0.0089,0.0089,0.0079,Grade A
4FGL J1341.8-2053,FSRQ,1.58200001716614,2.3224,-0.7404,0.7404,1.8504,-0.2684,0.2684,1.4587,0.1233,0.1233,0.9945,Grade A
4FGL J1343.6+5755,FSRQ,0.933000028133392,0.4405,0.4925,0.4925,0.8146,0.1184,0.1184,0.9518,-0.0188,0.0188,0.7426,Grade A
4FGL J1344.0+6605,FSRQ,1.35099995136261,1.0773,0.2737,0.2737,1.3904,-0.0394,0.0394,1.3423,0.0087,0.0087,0.9426,Grade A
4FGL J1344.2-1723,FSRQ,2.49000000953674,1.4057,1.0843,1.0843,1.35,1.14,1.14,1.3134,1.1766,1.1766,0.6719,Grade A
4FGL J1345.5+4453,FSRQ,2.53399991989136,1.7173,0.8167,0.8167,1.4411,1.0929,1.0929,1.8001,0.7339,0.7339,0.9162,Grade A
4FGL J1345.8+0706,FSRQ,1.09329998493195,1.1252,-0.0319,0.0319,0.8405,0.2528,0.2528,0.9068,0.1865,0.1865,0.9726,Grade A
4FGL J1347.6-3751,FSRQ,1.29999995231628,0.9135,0.3865,0.3865,0.8557,0.4443,0.4443,0.9241,0.3759,0.3759,0.6974,Grade A
4FGL J1349.5-1131,FSRQ,0.340000003576279,0.6225,-0.2825,0.2825,0.4638,-0.1238,0.1238,0.4219,-0.0819,0.0819,0.8882,Grade A
4FGL J1350.8+3033,FSRQ,0.711515009403229,1.2151,-0.5036,0.5036,0.8848,-0.1733,0.1733,0.9072,-0.1957,0.1957,0.9742,Grade A
4FGL J1351.0+0029,FSRQ,2.08400011062622,1.4867,0.5973,0.5973,1.3954,0.6886,0.6886,1.2602,0.8238,0.8238,0.9756,Grade A
4FGL J1351.4-1529,BLL,0.284999996423721,0.2388,0.0462,0.0462,0.4501,-0.1651,0.1651,0.3862,-0.1012,0.1012,0.009,Grade A
4FGL J1353.2+3740,BLL,0.216000005602837,0.243,-0.027,0.027,0.2306,-0.0146,0.0146,0.2432,-0.0272,0.0272,0.0092,Grade A
4FGL J1353.3+1434,BLL,0.405000001192093,0.6522,-0.2472,0.2472,0.5772,-0.1722,0.1722,0.6034,-0.1984,0.1984,0.3602,Grade A
4FGL J1354.3-0206,FSRQ,3.71600008010864,2.4683,1.2477,1.2477,3.0705,0.6455,0.6455,2.5498,1.1662,1.1662,0.9328,Grade A
4FGL J1354.8-1041,FSRQ,0.330000013113022,0.8622,-0.5322,0.5322,0.8802,-0.5502,0.5502,0.7876,-0.4576,0.4576,0.9462,Grade A
4FGL J1357.5+0127,BLL,0.218700006604195,0.429,-0.2103,0.2103,0.4936,-0.2749,0.2749,0.5471,-0.3284,0.3284,0.0335,Grade A
4FGL J1359.1+5544,FSRQ,1.01400005817413,1.0361,-0.0221,0.0221,0.8863,0.1277,0.1277,1.0346,-0.0206,0.0206,0.9831,Grade A
4FGL J1359.4+0202,FSRQ,1.32565402984619,0.8485,0.4771,0.4771,1.083,0.2426,0.2426,1.1777,0.1479,0.1479,0.9102,Grade A
4FGL J1359.7+4012,FSRQ,0.407000005245209,0.9957,-0.5887,0.5887,0.6493,-0.2423,0.2423,0.4262,-0.0192,0.0192,0.9176,Grade A
4FGL J1359.8-3746,BLL,0.333999991416931,0.049,0.285,0.285,0.4489,-0.1149,0.1149,0.4376,-0.1036,0.1036,0.0115,Grade A
4FGL J1401.2-0915,FSRQ,0.666999995708466,0.681,-0.014,0.014,0.6441,0.0229,0.0229,0.6587,0.0083,0.0083,0.399,Grade A
4FGL J1402.6+1600,BLL,0.244200006127357,0.1483,0.0959,0.0959,0.3522,-0.108,0.108,0.3666,-0.1224,0.1224,0.1365,Grade A
4FGL J1403.4+4319,BLL,0.493248999118805,1.3499,-0.8567,0.8567,0.552,-0.0588,0.0588,0.5389,-0.0457,0.0457,0.1529,Grade B
4FGL J1404.8+0402,BLL,0.34400001168251,0.1622,0.1818,0.1818,0.324,0.02,0.02,0.3792,-0.0352,0.0352,0.0076,Grade A
4FGL J1408.9-0751,FSRQ,1.49300003051758,1.0871,0.4059,0.4059,1.1894,0.3036,0.3036,1.2565,0.2365,0.2365,0.9601,Grade A
4FGL J1410.4+2820,BLL,0.522090971469879,0.25,0.2721,0.2721,0.3611,0.161,0.161,0.4375,0.0846,0.0846,0.0176,Grade A
4FGL J1411.8+5249,BLL,0.0764899998903275,0.1473,-0.0708,0.0708,0.0712,0.0053,0.0053,0.0693,0.0072,0.0072,0.0572,Grade A
4FGL J1412.1+7427,BLL,0.46000000834465,0.2744,0.1856,0.1856,0.4936,-0.0336,0.0336,0.5472,-0.0872,0.0872,0.0328,Grade A
4FGL J1415.5+4830,BLL,0.496167004108429,0.5767,-0.0805,0.0805,0.4955,0.0007,0.0007,0.4373,0.0588,0.0588,0.0248,Grade A
4FGL J1416.1-2417,BLL,0.136000007390976,0.1846,-0.0486,0.0486,0.2301,-0.0941,0.0941,0.1631,-0.0271,0.0271,0.0059,Grade A
4FGL J1417.9+2543,BLL,0.237000003457069,0.2388,-0.0018,0.0018,0.2682,-0.0312,0.0312,0.2779,-0.0409,0.0409,0.0069,Grade A
4FGL J1418.4-0233,BLL,0.356000006198883,0.333,0.023,0.023,0.5351,-0.1791,0.1791,0.3863,-0.0303,0.0303,0.0097,Grade A
4FGL J1418.7-3504,FSRQ,1.5440000295639,1.8734,-0.3294,0.3294,1.3981,0.1459,0.1459,1.3587,0.1853,0.1853,0.993,Grade A
4FGL J1418.9+7731,BLL,0.270000010728836,0.3297,-0.0597,0.0597,0.362,-0.092,0.092,0.4377,-0.1677,0.1677,0.0043,Grade A
4FGL J1419.4-0838,FSRQ,0.902999997138977,0.9529,-0.0499,0.0499,0.8452,0.0578,0.0578,0.9365,-0.0335,0.0335,0.7311,Grade A
4FGL J1419.5+3821,FSRQ,1.8309999704361,1.1796,0.6514,0.6514,1.4901,0.3409,0.3409,1.4398,0.3912,0.3912,0.955,Grade A
4FGL J1419.8+5423,BLL,0.152999997138977,0.0191,0.1339,0.1339,0.129,0.024,0.024,0.1479,0.0051,0.0051,0.5304,Grade A
4FGL J1422.3+3223,FSRQ,0.681999981403351,0.7261,-0.0441,0.0441,0.8393,-0.1573,0.1573,0.7059,-0.0239,0.0239,0.9625,Grade A
4FGL J1422.6+5801,BLL,0.634999990463257,0.2356,0.3994,0.3994,0.4951,0.1399,0.1399,0.4375,0.1975,0.1975,0.0151,Grade A
4FGL J1423.5-7829,FSRQ,0.787999987602234,1.6653,-0.8773,0.8773,1.3945,-0.6065,0.6065,1.4466,-0.6586,0.6586,0.9696,Grade A
4FGL J1424.1-1750,BLL,0.0822440013289452,0.1878,-0.1056,0.1056,0.0828,-0.0005,0.0005,0.0762,0.006,0.006,0.0186,Grade A
4FGL J1424.2+0433,BLL,0.66540002822876,0.6866,-0.0212,0.0212,0.4871,0.1783,0.1783,0.449,0.2164,0.2164,0.2493,Grade A
4FGL J1426.4+3625,FSRQ,1.09099996089935,1.2503,-0.1593,0.1593,1.1266,-0.0356,0.0356,1.1777,-0.0867,0.0867,0.9156,Grade A
4FGL J1427.0+2348,BLL,0.603500008583069,0.0918,0.5117,0.5117,0.1932,0.4103,0.4103,0.1632,0.4403,0.4403,0.02,Grade A
4FGL J1427.9-4206,FSRQ,1.52199995517731,0.4819,1.0401,1.0401,0.592,0.93,0.93,0.7683,0.7537,0.7537,0.5341,Grade A
4FGL J1428.5+4240,BLL,0.12899999320507,0.1313,-0.0023,0.0023,0.1311,-0.0021,0.0021,0.1631,-0.0341,0.0341,0.0082,Grade A
4FGL J1428.9+5406,FSRQ,3.01300001144409,1.5765,1.4365,1.4365,2.2061,0.8069,0.8069,2.5764,0.4366,0.4366,0.9767,Grade A
4FGL J1433.0-1801,FSRQ,2.33100008964539,2.511,-0.18,0.18,2.2045,0.1265,0.1265,2.5734,-0.2424,0.2424,0.9756,Grade A
4FGL J1434.2+4204,FSRQ,1.24000000953674,1.1121,0.1279,0.1279,1.0324,0.2076,0.2076,1.0029,0.2371,0.2371,0.9042,Grade A
4FGL J1434.7+1950,FSRQ,1.38199996948242,1.6542,-0.2722,0.2722,1.3863,-0.0043,0.0043,1.4213,-0.0393,0.0393,0.9154,Grade A
4FGL J1435.5+2021,BLL,0.748000025749207,0.425,0.323,0.323,0.4938,0.2542,0.2542,0.5225,0.2255,0.2255,0.07,Grade A
4FGL J1436.9+2321,FSRQ,1.54743802547455,0.6798,0.8677,0.8677,1.1902,0.3572,0.3572,1.3479,0.1996,0.1996,0.9615,Grade A
4FGL J1438.9+3710,FSRQ,2.40100002288818,1.6902,0.7108,0.7108,1.4571,0.9439,0.9439,1.5235,0.8775,0.8775,0.9883,Grade A
4FGL J1439.3+3932,BLL,0.34400001168251,0.0389,0.3051,0.3051,0.23,0.114,0.114,0.2777,0.0663,0.0663,0.0074,Grade A
4FGL J1439.9-3953,BLL,0.300000011920929,0.1852,0.1148,0.1148,0.2304,0.0696,0.0696,0.2778,0.0222,0.0222,0.0078,Grade A
4FGL J1440.9+0609,BLL,0.435000002384186,0.2407,0.1943,0.1943,0.3235,0.1115,0.1115,0.3583,0.0767,0.0767,0.0168,Grade A
4FGL J1441.6-1522,FSRQ,2.63800001144409,1.3741,1.2639,1.2639,1.3777,1.2603,1.2603,1.4513,1.1867,1.1867,0.8588,Grade A
4FGL J1442.0+4348,BLL,0.672500014305115,0.5831,0.0894,0.0894,0.4955,0.177,0.177,0.5479,0.1246,0.1246,0.0226,Grade A
4FGL J1442.7+1200,BLL,0.163000002503395,0.4646,-0.3016,0.3016,0.2306,-0.0676,0.0676,0.1632,-0.0002,0.0002,0.0069,Grade A
4FGL J1443.9-3908,BLL,0.0653999969363213,0.1477,-0.0823,0.0823,0.1938,-0.1284,0.1284,0.1632,-0.0978,0.0978,0.0123,Grade A
4FGL J1443.9+2501,FSRQ,0.939000010490417,0.8892,0.0498,0.0498,0.9415,-0.0025,0.0025,0.9813,-0.0423,0.0423,0.5787,Grade B
4FGL J1446.7+1719,FSRQ,1.02400004863739,1.6311,-0.6071,0.6071,1.4481,-0.4241,0.4241,1.4366,-0.4126,0.4126,0.9478,Grade A
4FGL J1450.4+0910,FSRQ,2.61100006103516,1.4651,1.1459,1.1459,1.8093,0.8017,0.8017,1.5091,1.1019,1.1019,0.9631,Grade A
4FGL J1450.8+5201,BLL,2.47099995613098,0.8167,1.6543,1.6543,0.7539,1.7171,1.7171,0.7332,1.7378,1.7378,0.1777,Grade A
4FGL J1453.5+3505,FSRQ,0.721000015735626,1.1489,-0.4279,0.4279,0.8581,-0.1371,0.1371,0.8688,-0.1478,0.1478,0.8112,Grade A
4FGL J1454.1+1622,FSRQ,1.27629995346069,1.3085,-0.0322,0.0322,1.1496,0.1267,0.1267,1.1821,0.0942,0.0942,0.9591,Grade A
4FGL J1454.4-3744,FSRQ,0.314000010490417,0.2517,0.0623,0.0623,0.3009,0.0131,0.0131,0.4017,-0.0877,0.0877,0.861,Grade A
4FGL J1457.4-3539,FSRQ,1.42400002479553,1.1906,0.2334,0.2334,1.1108,0.3132,0.3132,1.1709,0.2531,0.2531,0.9701,Grade A
4FGL J1458.6+3722,BLL,0.333000004291534,1.1363,-0.8033,0.8033,0.7925,-0.4595,0.4595,0.7704,-0.4374,0.4374,0.5414,Grade A
4FGL J1459.5+1527,FSRQ,0.371100008487701,0.3276,0.0435,0.0435,0.4203,-0.0492,0.0492,0.457,-0.0859,0.0859,0.0649,Grade A
4FGL J1500.7+4752,BLL,1.05900001525879,0.8043,0.2547,0.2547,0.8016,0.2574,0.2574,0.6958,0.3632,0.3632,0.845,Grade A
4FGL J1501.0+2238,BLL,0.234999999403954,0.3112,-0.0762,0.0762,0.4503,-0.2153,0.2153,0.3583,-0.1233,0.1233,0.0169,Grade A
4FGL J1503.5+4759,BLL,0.344500005245209,0.9258,-0.5813,0.5813,0.3759,-0.0314,0.0314,0.2727,0.0718,0.0718,0.2064,Grade A
4FGL J1503.7-1540,BLL,0.379999995231628,0.0786,0.3014,0.3014,0.2301,0.1499,0.1499,0.3586,0.0214,0.0214,0.0121,Grade A
4FGL J1504.4+1029,FSRQ,1.83899998664856,1.6753,0.1637,0.1637,1.1258,0.7132,0.7132,1.2322,0.6068,0.6068,0.8503,Grade A
4FGL J1506.4+4331,BLL,0.469999998807907,0.6571,-0.1871,0.1871,0.5457,-0.0757,0.0757,0.5359,-0.0659,0.0659,0.1963,Grade A
4FGL J1506.6+0813,BLL,0.375999987125397,0.3643,0.0117,0.0117,0.429,-0.053,0.053,0.3587,0.0173,0.0173,0.0081,Grade A
4FGL J1507.2+1721,BLL,0.565280020236969,0.364,0.2013,0.2013,0.4943,0.071,0.071,0.4574,0.1079,0.1079,0.0555,Grade A
4FGL J1508.8+2708,BLL,0.270000010728836,0.1905,0.0795,0.0795,0.2303,0.0397,0.0397,0.2777,-0.0077,0.0077,0.0081,Grade A
4FGL J1509.7+5556,BLL,1.67999994754791,0.3621,1.3179,1.3179,0.4959,1.1841,1.1841,0.4596,1.2204,1.2204,0.0054,Grade A
4FGL J1510.8-0542,FSRQ,1.19099998474121,0.6219,0.5691,0.5691,1.06,0.131,0.131,1.0474,0.1436,0.1436,0.9753,Grade A
4FGL J1512.2+0202,FSRQ,0.219915002584457,0.5007,-0.2808,0.2808,0.479,-0.2591,0.2591,0.535,-0.3151,0.3151,0.2098,Grade A
4FGL J1512.8-0906,FSRQ,0.360000014305115,0.5893,-0.2293,0.2293,0.6398,-0.2798,0.2798,0.5416,-0.1816,0.1816,0.8466,Grade A
4FGL J1513.4-3231,FSRQ,1.15299999713898,0.8922,0.2608,0.2608,0.8738,0.2792,0.2792,0.8914,0.2616,0.2616,0.9078,Grade A
4FGL J1517.7-2422,BLL,0.0480000004172325,0.1582,-0.1102,0.1102,0.2297,-0.1817,0.1817,0.143,-0.095,0.095,0.0658,Grade A
4FGL J1517.7+6525,BLL,0.702000021934509,0.107,0.595,0.595,0.3983,0.3037,0.3037,0.3588,0.3432,0.3432,0.0065,Grade A
4FGL J1518.6+4044,BLL,0.0652280002832413,0.3245,-0.2593,0.2593,0.1451,-0.0799,0.0799,0.0756,-0.0104,0.0104,0.0075,Grade A
4FGL J1521.8+4338,FSRQ,2.16770005226135,2.3623,-0.1946,0.1946,1.8484,0.3193,0.3193,2.1559,0.0118,0.0118,0.9918,Grade A
4FGL J1522.1+3144,FSRQ,1.4889999628067,1.9347,-0.4457,0.4457,1.4572,0.0318,0.0318,1.5237,-0.0347,0.0347,0.9887,Grade A
4FGL J1522.6-2730,BLL,1.29700005054474,1.7213,-0.4243,0.4243,1.2274,0.0696,0.0696,1.2499,0.0471,0.0471,0.6617,Grade A
4FGL J1523.2+0533,BLL,0.175931006669998,0.4524,-0.2764,0.2764,0.266,-0.09,0.09,0.146,0.0299,0.0299,0.1649,Grade A
4FGL J1529.2+3812,BLL,1.06225001811981,0.2009,0.8613,0.8613,0.3266,0.7357,0.7357,0.4377,0.6246,0.6246,0.0073,Grade A
4FGL J1530.9+5736,BLL,1.10000002384186,0.626,0.474,0.474,0.7447,0.3553,0.3553,0.6339,0.4661,0.4661,0.0889,Grade A
4FGL J1532.0+3016,BLL,0.0649999976158142,0.225,-0.16,0.16,0.1311,-0.0661,0.0661,0.0755,-0.0105,0.0105,0.0062,Grade A
4FGL J1533.2+1855,BLL,0.307000011205673,0.3103,-0.0033,0.0033,0.429,-0.122,0.122,0.3587,-0.0517,0.0517,0.0081,Grade A
4FGL J1533.2+3416,BLL,0.810500025749207,0.2915,0.519,0.519,0.4825,0.328,0.328,0.4593,0.3512,0.3512,0.0126,Grade A
4FGL J1534.8+3716,BLL,0.14300000667572,0.1987,-0.0557,0.0557,0.324,-0.181,0.181,0.2778,-0.1348,0.1348,0.0075,Grade A
4FGL J1534.8+0131,FSRQ,1.42799997329712,1.394,0.034,0.034,1.4945,-0.0665,0.0665,1.4474,-0.0194,0.0194,0.9711,Grade A
4FGL J1539.6+2743,FSRQ,2.19600009918213,0.7628,1.4332,1.4332,1.1041,1.0919,1.0919,1.3009,0.8951,0.8951,0.8721,Grade A
4FGL J1540.7+1449,BLL,0.605000019073486,0.4053,0.1997,0.1997,0.4697,0.1353,0.1353,0.4458,0.1592,0.1592,0.3243,Grade A
4FGL J1541.7+1413,BLL,0.223000004887581,0.6306,-0.4076,0.4076,0.4744,-0.2514,0.2514,0.4351,-0.2121,0.2121,0.1295,Grade A
4FGL J1543.0+6130,BLL,0.116999998688698,0.2818,-0.1648,0.1648,0.395,-0.278,0.278,0.3622,-0.2452,0.2452,0.0558,Grade A
4FGL J1546.0+0819,BLL,0.349999994039536,0.3365,0.0135,0.0135,0.3997,-0.0497,0.0497,0.4591,-0.1091,0.1091,0.0156,Grade A
4FGL J1546.5+1816,BLL,1.00499999523163,0.2678,0.7372,0.7372,0.302,0.703,0.703,0.3362,0.6688,0.6688,0.4347,Grade A
4FGL J1548.8-2250,BLL,0.19200000166893,0.0481,0.1439,0.1439,0.1681,0.0239,0.0239,0.243,-0.051,0.051,0.0157,Grade A
4FGL J1549.3+6310,BLL,0.268999993801117,0.5815,-0.3125,0.3125,0.4558,-0.1868,0.1868,0.5156,-0.2466,0.2466,0.4977,Grade A
4FGL J1549.5+0236,FSRQ,0.414000004529953,0.5739,-0.1599,0.1599,0.6528,-0.2388,0.2388,0.4865,-0.0725,0.0725,0.9433,Grade A
4FGL J1550.7+0528,FSRQ,1.42200005054474,0.9522,0.4698,0.4698,1.1431,0.2789,0.2789,1.0712,0.3508,0.3508,0.9469,Grade A
4FGL J1552.0+0850,BLL,1.01499998569489,0.3279,0.6871,0.6871,0.4227,0.5923,0.5923,0.5384,0.4766,0.4766,0.1605,Grade A
4FGL J1553.6+1257,FSRQ,1.28999996185303,1.1931,0.0969,0.0969,1.4574,-0.1674,0.1674,1.4563,-0.1663,0.1663,0.9898,Grade A
4FGL J1554.9+2143,BLL,0.387593001127243,0.415,-0.0274,0.0274,0.4242,-0.0366,0.0366,0.357,0.0306,0.0306,0.2162,Grade A
4FGL J1555.7+1111,BLL,0.360000014305115,0.1912,0.1688,0.1688,0.2342,0.1258,0.1258,0.2428,0.1172,0.1172,0.0213,Grade A
4FGL J1557.9-0001,FSRQ,1.76999998092651,1.4875,0.2825,0.2825,1.0236,0.7464,0.7464,0.9938,0.7762,0.7762,0.8814,Grade A
4FGL J1558.8+5625,BLL,0.300000011920929,0.3928,-0.0928,0.0928,0.4923,-0.1923,0.1923,0.5485,-0.2485,0.2485,0.1083,Grade A
4FGL J1602.2+3051,BLL,0.469999998807907,0.2869,0.1831,0.1831,0.4425,0.0275,0.0275,0.5462,-0.0762,0.0762,0.0475,Grade A
4FGL J1603.8+1104,BLL,0.14300000667572,0.3412,-0.1982,0.1982,0.3771,-0.2341,0.2341,0.3766,-0.2336,0.2336,0.359,Grade A
4FGL J1603.8+5009,BLL,0.620999991893768,0.744,-0.123,0.123,0.5034,0.1176,0.1176,0.5462,0.0748,0.0748,0.0469,Grade A
4FGL J1604.6+5714,FSRQ,0.720000028610229,0.9882,-0.2682,0.2682,0.8852,-0.1652,0.1652,0.9078,-0.1878,0.1878,0.9767,Grade A
4FGL J1606.9+5919,BLL,0.131999999284744,0.3748,-0.2428,0.2428,0.1652,-0.0332,0.0332,0.1436,-0.0116,0.0116,0.0837,Grade A
4FGL J1607.0+1550,BLL,0.495999991893768,1.3378,-0.8418,0.8418,0.84,-0.344,0.344,0.8431,-0.3471,0.3471,0.6982,Grade A
4FGL J1608.3+4012,FSRQ,0.628143012523651,1.4169,-0.7887,0.7887,0.8706,-0.2424,0.2424,0.8611,-0.233,0.233,0.7776,Grade B
4FGL J1608.7+1029,FSRQ,1.22599995136261,1.0464,0.1796,0.1796,1.0644,0.1616,0.1616,1.188,0.038,0.038,0.9864,Grade A
4FGL J1610.6+2414,FSRQ,1.44900000095367,1.1713,0.2777,0.2777,1.3951,0.0539,0.0539,1.352,0.097,0.097,0.9735,Grade A
4FGL J1613.6+3411,FSRQ,1.39900004863739,0.7983,0.6007,0.6007,1.1928,0.2062,0.2062,1.2578,0.1412,0.1412,0.9659,Grade A
4FGL J1615.6+4712,FSRQ,0.198630005121231,0.293,-0.0944,0.0944,0.4265,-0.2279,0.2279,0.2892,-0.0906,0.0906,0.0243,Grade A
4FGL J1616.6+4630,FSRQ,0.952059984207153,1.5841,-0.632,0.632,1.1078,-0.1558,0.1558,1.0779,-0.1258,0.1258,0.9637,Grade A
4FGL J1616.7+4107,BLL,0.266999989748001,0.682,-0.415,0.415,0.485,-0.218,0.218,0.2759,-0.0089,0.0089,0.1375,Grade A
4FGL J1617.9-7718,FSRQ,1.71000003814697,1.0089,0.7011,0.7011,0.8862,0.8238,0.8238,0.9092,0.8008,0.8008,0.9826,Grade A
4FGL J1618.0+5139,FSRQ,2.5560200214386,1.3402,1.2158,1.2158,2.1452,0.4108,0.4108,2.0478,0.5082,0.5082,0.9318,Grade A
4FGL J1625.7-2527,FSRQ,0.78600001335144,1.6477,-0.8617,0.8617,1.1249,-0.3389,0.3389,1.232,-0.446,0.446,0.8488,Grade A
4FGL J1626.0-2950,FSRQ,0.814999997615814,1.4134,-0.5984,0.5984,1.2015,-0.3865,0.3865,1.261,-0.446,0.446,0.9804,Grade A
4FGL J1626.3+3514,BLL,0.497379988431931,0.461,0.0364,0.0364,0.4947,0.0027,0.0027,0.4374,0.06,0.06,0.02,Grade A
4FGL J1626.6-7639,BLL,0.104999996721745,0.2383,-0.1333,0.1333,0.228,-0.123,0.123,0.1632,-0.0582,0.0582,0.0254,Grade A
4FGL J1628.6+7706,BLL,0.400000005960464,0.8232,-0.4232,0.4232,0.5366,-0.1366,0.1366,0.5642,-0.1642,0.1642,0.1272,Grade A
4FGL J1635.2+3808,FSRQ,1.81400001049042,1.4431,0.3709,0.3709,1.1625,0.6515,0.6515,1.2617,0.5523,0.5523,0.9832,Grade A
4FGL J1635.6+3628,FSRQ,3.64776301383972,1.4171,2.2307,2.2307,1.0109,2.6369,2.6369,1.2316,2.4162,2.4162,0.8477,Grade C
4FGL J1637.1+1316,BLL,0.559000015258789,0.2893,0.2697,0.2697,0.5212,0.0378,0.0378,0.6399,-0.0809,0.0809,0.165,Grade A
4FGL J1637.7+4717,FSRQ,0.735000014305115,0.7992,-0.0642,0.0642,1.0576,-0.3226,0.3226,1.1742,-0.4392,0.4392,0.9692,Grade A
4FGL J1638.1+5721,FSRQ,0.750999987125397,0.8924,-0.1414,0.1414,0.8867,-0.1357,0.1357,0.7079,0.0431,0.0431,0.9856,Grade A
4FGL J1639.2+4129,FSRQ,0.690559983253479,1.2948,-0.6043,0.6043,1.0401,-0.3495,0.3495,0.8953,-0.2047,0.2047,0.9243,Grade A
4FGL J1640.4+3945,FSRQ,1.6599999666214,1.6911,-0.0311,0.0311,1.1146,0.5454,0.5454,1.2279,0.4321,0.4321,0.8302,Grade B
4FGL J1640.9+1143,BLL,0.0798999965190887,0.0469,0.033,0.033,0.0781,0.0018,0.0018,0.0821,-0.0022,0.0022,0.181,Grade A
4FGL J1642.9+3948,FSRQ,0.592999994754791,0.3697,0.2233,0.2233,0.6238,-0.0308,0.0308,0.6915,-0.0985,0.0985,0.7935,Grade A
4FGL J1643.0+3223,BLL,1.02799999713898,0.4759,0.5521,0.5521,0.6173,0.4107,0.4107,0.5038,0.5242,0.5242,0.6764,Grade A
4FGL J1645.6+6329,FSRQ,2.37899994850159,2.1915,0.1875,0.1875,1.8308,0.5482,0.5482,1.8868,0.4922,0.4922,0.9929,Grade A
4FGL J1647.1+6149,BLL,0.347000002861023,0.5335,-0.1865,0.1865,0.4438,-0.0968,0.0968,0.4356,-0.0886,0.0886,0.1095,Grade A
4FGL J1647.5+2911,BLL,0.131999999284744,0.3573,-0.2253,0.2253,0.1434,-0.0114,0.0114,0.1639,-0.0319,0.0319,0.0992,Grade A
4FGL J1647.5+4950,BLL,0.0489999987185001,0.2319,-0.1829,0.1829,0.1345,-0.0855,0.0855,0.1512,-0.1022,0.1022,0.6042,Grade A
4FGL J1653.8+3945,BLL,0.0329999998211861,0.0481,-0.0151,0.0151,0.0695,-0.0365,0.0365,0.0351,-0.0021,0.0021,0.0264,Grade A
4FGL J1657.0+6010,FSRQ,0.623000025749207,0.8707,-0.2477,0.2477,0.8209,-0.1979,0.1979,0.7606,-0.1376,0.1376,0.7995,Grade A
4FGL J1657.7+4808,FSRQ,1.6690000295639,1.9505,-0.2815,0.2815,1.4952,0.1738,0.1738,1.8647,-0.1957,0.1957,0.9737,Grade A
4FGL J1659.0+2627,FSRQ,0.793133974075317,0.416,0.3771,0.3771,0.6413,0.1519,0.1519,0.6654,0.1277,0.1277,0.8576,Grade A
4FGL J1700.0+6830,FSRQ,0.300999999046326,0.608,-0.307,0.307,0.425,-0.124,0.124,0.5412,-0.2402,0.2402,0.8943,Grade A
4FGL J1703.6-6213,FSRQ,1.75499999523163,0.8646,0.8904,0.8904,0.7644,0.9906,0.9906,0.6975,1.0575,1.0575,0.9334,Grade A
4FGL J1704.2+1234,BLL,0.449999988079071,0.6737,-0.2237,0.2237,0.359,0.091,0.091,0.2773,0.1727,0.1727,0.0451,Grade A
4FGL J1705.0+7134,BLL,0.349999994039536,0.2953,0.0547,0.0547,0.3819,-0.0319,0.0319,0.385,-0.035,0.035,0.1671,Grade A
4FGL J1706.8+3004,BLL,0.425000011920929,0.3411,0.0839,0.0839,0.4763,-0.0513,0.0513,0.3826,0.0424,0.0424,0.103,Grade A
4FGL J1707.5+1649,FSRQ,0.291000008583069,0.396,-0.105,0.105,0.4869,-0.1959,0.1959,0.4488,-0.1578,0.1578,0.2537,Grade A
4FGL J1709.7+4318,FSRQ,1.02699995040894,1.2148,-0.1878,0.1878,1.1936,-0.1666,0.1666,1.2583,-0.2313,0.2313,0.9672,Grade A
4FGL J1715.8+2151,FSRQ,0.358000010251999,0.7518,-0.3938,0.3938,0.5672,-0.2092,0.2092,0.5183,-0.1603,0.1603,0.4568,Grade A
4FGL J1719.2+1745,BLL,0.136999994516373,0.6481,-0.5111,0.5111,0.5386,-0.4016,0.4016,0.671,-0.534,0.534,0.2778,Grade A
4FGL J1722.6+6104,FSRQ,2.05800008773804,3.1603,-1.1023,1.1023,2.0401,0.0179,0.0179,2.1484,-0.0904,0.0904,0.9939,Grade A
4FGL J1722.7+1014,FSRQ,0.73199999332428,0.8878,-0.1558,0.1558,0.7871,-0.0551,0.0551,0.798,-0.066,0.066,0.492,Grade A
4FGL J1724.1+3304,FSRQ,0.547999978065491,0.3122,0.2358,0.2358,0.454,0.094,0.094,0.4271,0.1209,0.1209,0.5208,Grade A
4FGL J1724.2+4005,FSRQ,1.04900002479553,2.3223,-1.2733,1.2733,1.3971,-0.3481,0.3481,1.4546,-0.4056,0.4056,0.9863,Grade A
4FGL J1724.9+7654,FSRQ,0.680000007152557,0.8949,-0.2149,0.2149,0.8341,-0.1541,0.1541,0.4882,0.1918,0.1918,0.9167,Grade A
4FGL J1725.0+1152,BLL,0.180000007152557,0.0878,0.0922,0.0922,0.2682,-0.0882,0.0882,0.2778,-0.0978,0.0978,0.0099,Grade A
4FGL J1725.5+5851,BLL,0.297399997711182,0.2609,0.0365,0.0365,0.5088,-0.2114,0.2114,0.4361,-0.1387,0.1387,0.0833,Grade A
4FGL J1727.4+4530,FSRQ,0.717000007629395,1.3095,-0.5925,0.5925,1.0596,-0.3426,0.3426,0.9072,-0.1902,0.1902,0.9742,Grade A
4FGL J1728.0+1216,FSRQ,0.583000004291534,1.2478,-0.6648,0.6648,0.8862,-0.3032,0.3032,1.0854,-0.5024,0.5024,0.9827,Grade A
4FGL J1728.3+5013,BLL,0.0549999997019768,0.0436,0.0114,0.0114,0.1451,-0.0901,0.0901,0.1413,-0.0863,0.0863,0.0087,Grade A
4FGL J1728.4+0427,FSRQ,0.293000012636185,0.3864,-0.0934,0.0934,0.2985,-0.0055,0.0055,0.2652,0.0278,0.0278,0.8968,Grade A
4FGL J1730.6+0024,FSRQ,1.33500003814697,1.2038,0.1312,0.1312,0.8203,0.5147,0.5147,0.8874,0.4476,0.4476,0.5726,Grade A
4FGL J1730.8+3715,BLL,0.203999996185303,0.3806,-0.1766,0.1766,0.3984,-0.1944,0.1944,0.3597,-0.1557,0.1557,0.011,Grade A
4FGL J1733.0-1305,FSRQ,0.90200001001358,1.0335,-0.1315,0.1315,0.8771,0.0249,0.0249,0.8961,0.0059,0.0059,0.9277,Grade A
4FGL J1734.3+3858,FSRQ,0.976000010967255,1.1657,-0.1897,0.1897,1.1585,-0.1825,0.1825,1.26,-0.284,0.284,0.9757,Grade A
4FGL J1738.3+3228,FSRQ,0.126000002026558,-0.0901,0.2161,0.2161,0.109,0.017,0.017,0.1665,-0.0405,0.0405,0.3992,Grade A
4FGL J1739.5+4955,FSRQ,1.54499995708466,0.7895,0.7555,0.7555,0.8778,0.6672,0.6672,1.014,0.531,0.531,0.9322,Grade A
4FGL J1740.0+4737,FSRQ,0.951900005340576,0.678,0.2739,0.2739,0.7046,0.2473,0.2473,0.6977,0.2542,0.2542,0.4387,Grade A
4FGL J1740.5+5211,FSRQ,1.38100004196167,0.4061,0.9749,0.9749,0.6533,0.7277,0.7277,0.6659,0.7151,0.7151,0.9467,Grade A
4FGL J1741.1+7226,BLL,0.219999998807907,0.1421,0.0779,0.0779,0.1625,0.0575,0.0575,0.2418,-0.0218,0.0218,0.1488,Grade A
4FGL J1742.5+5944,BLL,0.400000005960464,0.2242,0.1758,0.1758,0.4872,-0.0872,0.0872,0.455,-0.055,0.055,0.1103,Grade A
4FGL J1744.0+1935,BLL,0.0839999988675117,0.0512,0.0328,0.0328,0.0692,0.0148,0.0148,0.0762,0.0078,0.0078,0.0198,Grade A
4FGL J1744.2-0353,FSRQ,1.057000041008,0.2425,0.8145,0.8145,0.836,0.221,0.221,1.0146,0.0424,0.0424,0.9336,Grade A
4FGL J1748.0+3403,FSRQ,2.76300001144409,0.5923,2.1707,2.1707,0.6256,2.1374,2.1374,0.6753,2.0877,2.0877,0.8039,Grade A
4FGL J1748.6+7005,BLL,0.769999980926514,0.3293,0.4407,0.4407,0.3158,0.4542,0.4542,0.4344,0.3356,0.3356,0.1656,Grade A
4FGL J1751.5+0938,BLL,0.321999996900558,0.8929,-0.5709,0.5709,0.8453,-0.5233,0.5233,0.6862,-0.3642,0.3642,0.7316,Grade A
4FGL J1753.7+2847,FSRQ,1.11800003051758,1.3109,-0.1929,0.1929,1.3737,-0.2557,0.2557,1.3044,-0.1864,0.1864,0.8318,Grade A
4FGL J1800.6+7828,BLL,0.680000007152557,0.317,0.363,0.363,0.2597,0.4203,0.4203,0.4195,0.2605,0.2605,0.263,Grade A
4FGL J1801.5+4404,FSRQ,0.662999987602234,0.7245,-0.0615,0.0615,0.8408,-0.1778,0.1778,0.7931,-0.1301,0.1301,0.9754,Grade A
4FGL J1803.4-6510,FSRQ,1.19910001754761,1.266,-0.0669,0.0669,0.8271,0.372,0.372,0.879,0.3201,0.3201,0.8551,Grade A
4FGL J1806.8+6949,BLL,0.0500000007450581,0.0621,-0.0121,0.0121,0.1678,-0.1178,0.1178,0.0999,-0.0499,0.0499,0.391,Grade A
4FGL J1807.9-6412,FSRQ,1.01600003242493,1.7357,-0.7197,0.7197,1.0863,-0.0703,0.0703,1.0081,0.0079,0.0079,0.9174,Grade A
4FGL J1808.1-5013,FSRQ,1.60599994659424,1.6184,-0.0124,0.0124,1.3782,0.2278,0.2278,1.4442,0.1618,0.1618,0.9643,Grade A
4FGL J1813.5+3144,BLL,0.116999998688698,0.1389,-0.0219,0.0219,0.2684,-0.1514,0.1514,0.2774,-0.1604,0.1604,0.0325,Grade A
4FGL J1816.9-4942,FSRQ,1.70000004768372,1.1672,0.5328,0.5328,1.1758,0.5242,0.5242,1.2516,0.4484,0.4484,0.9372,Grade A
4FGL J1818.6+0903,FSRQ,0.354000002145767,1.1577,-0.8037,0.8037,1.1427,-0.7887,0.7887,1.071,-0.717,0.717,0.9463,Grade B
4FGL J1824.1+5651,BLL,0.662999987602234,1.0105,-0.3475,0.3475,0.7739,-0.1109,0.1109,0.4181,0.2449,0.2449,0.9609,Grade A
4FGL J1834.2+3136,FSRQ,0.593999981880188,0.1528,0.4412,0.4412,0.5382,0.0558,0.0558,0.5306,0.0634,0.0634,0.2751,Grade A
4FGL J1838.8+4802,BLL,0.300000011920929,0.0546,0.2454,0.2454,0.3241,-0.0241,0.0241,0.2897,0.0103,0.0103,0.007,Grade A
4FGL J1842.3+6810,FSRQ,0.472000002861023,0.7616,-0.2896,0.2896,0.7564,-0.2844,0.2844,0.4906,-0.0186,0.0186,0.8796,Grade A
4FGL J1848.4+3217,FSRQ,0.797999978065491,0.728,0.07,0.07,0.8245,-0.0265,0.0265,0.8735,-0.0755,0.0755,0.8315,Grade B
4FGL J1848.5+3243,FSRQ,0.981000006198883,0.8654,0.1156,0.1156,1.0908,-0.1098,0.1098,1.0119,-0.0309,0.0309,0.927,Grade A
4FGL J1849.2+6705,FSRQ,0.657000005245209,0.4489,0.2081,0.2081,0.8028,-0.1458,0.1458,0.6531,0.0039,0.0039,0.8495,Grade A
4FGL J1852.4+4856,FSRQ,1.25,1.1292,0.1208,0.1208,1.3781,-0.1281,0.1281,1.2976,-0.0476,0.0476,0.8612,Grade A
4FGL J1858.3+4321,BLL,0.135600000619888,0.5842,-0.4486,0.4486,0.2134,-0.0778,0.0778,0.1269,0.0087,0.0087,0.1582,Grade A
4FGL J1902.9-6748,FSRQ,0.254999995231628,0.9067,-0.6517,0.6517,0.8862,-0.6312,0.6312,0.9093,-0.6543,0.6543,0.9829,Grade A
4FGL J1911.2-2006,FSRQ,1.11899995803833,0.7995,0.3195,0.3195,0.8298,0.2892,0.2892,1.462,-0.343,0.343,0.8786,Grade C
4FGL J1913.0-8009,FSRQ,1.75600004196167,1.8465,-0.0905,0.0905,1.4577,0.2983,0.2983,1.4569,0.2991,0.2991,0.9912,Grade A
4FGL J1917.7-1921,BLL,0.136999994516373,0.1271,0.0099,0.0099,0.1682,-0.0312,0.0312,0.1631,-0.0261,0.0261,0.0121,Grade A
4FGL J1923.5-2104,FSRQ,0.874000012874603,0.6659,0.2081,0.2081,0.7325,0.1415,0.1415,0.6917,0.1823,0.1823,0.7962,Grade A
4FGL J1924.8-2914,FSRQ,0.352999985218048,0.9552,-0.6022,0.6022,0.8215,-0.4685,0.4685,0.7617,-0.4087,0.4087,0.8051,Grade A
4FGL J1929.4+6146,BLL,0.21170000731945,0.3499,-0.1382,0.1382,0.364,-0.1523,0.1523,0.347,-0.1353,0.1353,0.3125,Grade A
4FGL J1933.2-4539,FSRQ,0.65200001001358,1.5198,-0.8678,0.8678,1.3978,-0.7458,0.7458,1.4569,-0.8049,0.8049,0.991,Grade A
4FGL J1934.3+6541,FSRQ,1.68700003623962,1.8883,-0.2013,0.2013,2.0191,-0.3321,0.3321,1.865,-0.178,0.178,0.974,Grade A
4FGL J1937.2-3958,FSRQ,0.964999973773956,1.5077,-0.5427,0.5427,1.2137,-0.2487,0.2487,1.1307,-0.1657,0.1657,0.9923,Grade A
4FGL J1939.5-1525,FSRQ,1.65699994564056,1.6595,-0.0025,0.0025,1.3963,0.2607,0.2607,1.4522,0.2048,0.2048,0.9812,Grade A
4FGL J1951.8-0511,FSRQ,1.08299994468689,1.9588,-0.8758,0.8758,2.1618,-1.0788,1.0788,1.8312,-0.7482,0.7482,0.9442,Grade A
4FGL J1954.6-1122,BLL,0.683000028133392,1.8499,-1.1669,1.1669,1.1475,-0.4645,0.4645,1.2556,-0.5726,0.5726,0.9552,Grade A
4FGL J1954.9-5640,BLL,0.221000000834465,0.0897,0.1313,0.1313,0.2678,-0.0468,0.0468,0.2896,-0.0686,0.0686,0.0117,Grade A
4FGL J1955.4+5132,FSRQ,1.21399998664856,0.9297,0.2843,0.2843,1.1626,0.0514,0.0514,1.1779,0.0361,0.0361,0.9834,Grade A
4FGL J1957.1-3231,FSRQ,1.24199998378754,1.4193,-0.1773,0.1773,1.3968,-0.1548,0.1548,1.2622,-0.0202,0.0202,0.9844,Grade A
4FGL J1958.0-3845,FSRQ,0.629999995231628,1.4973,-0.8673,0.8673,1.0186,-0.3886,0.3886,0.8821,-0.2521,0.2521,0.8683,Grade A
4FGL J1959.1-4247,FSRQ,2.17400002479553,1.1374,1.0366,1.0366,1.1867,0.9873,0.9873,1.0746,1.0994,1.0994,0.9556,Grade A
4FGL J2000.0+6508,BLL,0.0469999983906746,0.0338,0.0132,0.0132,0.0691,-0.0221,0.0221,0.0762,-0.0292,0.0292,0.0189,Grade A
4FGL J2000.6-1328,FSRQ,0.222000002861023,0.6748,-0.4528,0.4528,0.4374,-0.2154,0.2154,0.2807,-0.0587,0.0587,0.7333,Grade A
4FGL J2000.9-1748,FSRQ,0.65200001001358,0.6424,0.0096,0.0096,0.8289,-0.1769,0.1769,0.8988,-0.2468,0.2468,0.6274,Grade A
4FGL J2001.7+7040,BLL,0.254000008106232,0.8403,-0.5863,0.5863,0.5448,-0.2908,0.2908,0.6413,-0.3873,0.3873,0.0921,Grade A
4FGL J2005.2-1822,FSRQ,0.867999970912933,0.4711,0.3969,0.3969,0.8719,-0.0039,0.0039,0.8604,0.0076,0.0076,0.896,Grade A
4FGL J2005.5+7752,BLL,0.342000007629395,0.3191,0.0229,0.0229,0.4665,-0.1245,0.1245,0.4327,-0.0907,0.0907,0.2466,Grade A
4FGL J2005.8+6424,FSRQ,1.57400000095367,1.7341,-0.1601,0.1601,1.9733,-0.3993,0.3993,1.4903,0.0837,0.0837,0.9297,Grade A
4FGL J2005.9-2309,FSRQ,0.829999983310699,1.4069,-0.5769,0.5769,1.3981,-0.5681,0.5681,1.4582,-0.6282,0.6282,0.9934,Grade A
4FGL J2007.2+6607,FSRQ,1.32500004768372,1.8375,-0.5125,0.5125,1.2004,0.1246,0.1246,1.26,0.065,0.065,0.9758,Grade A
4FGL J2009.4-4849,BLL,0.0710000023245811,0.088,-0.017,0.017,0.131,-0.06,0.06,0.076,-0.005,0.005,0.0138,Grade A
4FGL J2010.0+0726,FSRQ,0.762000024318695,0.5239,0.2381,0.2381,0.82,-0.058,0.058,0.8643,-0.1023,0.1023,0.7915,Grade A
4FGL J2011.6-1546,FSRQ,1.17799997329712,1.423,-0.245,0.245,0.9509,0.2271,0.2271,1.0838,0.0942,0.0942,0.9786,Grade A
4FGL J2014.5+0648,BLL,0.340999990701675,0.0858,0.2552,0.2552,0.2302,0.1108,0.1108,0.2779,0.0631,0.0631,0.0078,Grade A
4FGL J2015.4+6556,FSRQ,2.84500002861023,2.0318,0.8132,0.8132,1.7609,1.0841,1.0841,1.9901,0.8549,0.8549,0.8943,Grade C
4FGL J2016.3-0903,BLL,0.367000013589859,0.419,-0.052,0.052,0.4826,-0.1156,0.1156,0.4376,-0.0706,0.0706,0.0114,Grade A
4FGL J2017.5-3753,BLL,0.59799998998642,0.9558,-0.3578,0.3578,1.0726,-0.4746,0.4746,1.0889,-0.4909,0.4909,0.8097,Grade A
4FGL J2022.5+7612,BLL,0.593999981880188,0.3786,0.2154,0.2154,0.4581,0.1359,0.1359,0.5241,0.0699,0.0699,0.3706,Grade B
4FGL J2024.6-3252,FSRQ,1.4650000333786,1.384,0.081,0.081,1.1198,0.3452,0.3452,1.088,0.377,0.377,0.9892,Grade A
4FGL J2025.2+0317,FSRQ,2.21000003814697,1.1551,1.0549,1.0549,1.8289,0.3811,0.3811,1.4096,0.8004,0.8004,0.7807,Grade A
4FGL J2025.6-0735,FSRQ,1.38800001144409,1.4063,-0.0183,0.0183,1.1997,0.1883,0.1883,1.1861,0.2019,0.2019,0.9775,Grade A
4FGL J2026.0-2845,FSRQ,0.88400000333786,2.5152,-1.6312,1.6312,1.1178,-0.2338,0.2338,1.229,-0.345,0.345,0.836,Grade A
4FGL J2030.4-0502,FSRQ,0.542999982833862,0.3145,0.2285,0.2285,0.4597,0.0833,0.0833,0.5257,0.0173,0.0173,0.347,Grade A
4FGL J2032.0+1219,BLL,1.2150000333786,1.5288,-0.3138,0.3138,1.3882,-0.1732,0.1732,1.3365,-0.1215,0.1215,0.928,Grade A
4FGL J2034.6+1154,FSRQ,0.60699999332428,0.6881,-0.0811,0.0811,0.4389,0.1681,0.1681,0.3916,0.2154,0.2154,0.66,Grade A
4FGL J2035.4+1056,FSRQ,0.601000010967255,0.9204,-0.3194,0.3194,0.9001,-0.2991,0.2991,0.8974,-0.2964,0.2964,0.933,Grade B
4FGL J2041.9-3735,BLL,0.0985549986362457,0.0974,0.0011,0.0011,0.0823,0.0162,0.0162,0.1097,-0.0112,0.0112,0.0082,Grade A
4FGL J2042.1+2427,BLL,0.104000002145767,0.1012,0.0028,0.0028,0.0683,0.0357,0.0357,0.0754,0.0286,0.0286,0.0046,Grade A
4FGL J2050.4-2627,FSRQ,1.63300001621246,1.8979,-0.2649,0.2649,1.3728,0.2602,0.2602,1.2269,0.4061,0.4061,0.8261,Grade A
4FGL J2054.8+0015,BLL,0.150999993085861,0.5287,-0.3777,0.3777,0.2271,-0.0761,0.0761,0.1658,-0.0148,0.0148,0.1362,Grade A
4FGL J2055.4-0020,BLL,0.439999997615814,0.226,0.214,0.214,0.4484,-0.0084,0.0084,0.3882,0.0518,0.0518,0.0741,Grade A
4FGL J2055.4-0504,BLL,0.342000007629395,0.5663,-0.2243,0.2243,0.4789,-0.1369,0.1369,0.3879,-0.0459,0.0459,0.0647,Grade A
4FGL J2056.2-4714,FSRQ,1.4889999628067,1.4277,0.0613,0.0613,1.3955,0.0935,0.0935,1.2601,0.2289,0.2289,0.9762,Grade A
4FGL J2108.5+1434,FSRQ,2.01699995994568,2.5136,-0.4966,0.4966,2.2085,-0.1915,0.1915,1.8701,0.1469,0.1469,0.9784,Grade A
4FGL J2108.7-0250,BLL,0.149000003933907,0.2719,-0.1229,0.1229,0.131,0.018,0.018,0.1417,0.0073,0.0073,0.0201,Grade A
4FGL J2110.3+0808,FSRQ,1.58000004291534,1.6125,-0.0325,0.0325,1.3885,0.1915,0.1915,1.4281,0.1519,0.1519,0.9302,Grade A
4FGL J2114.8+2831,FSRQ,2.34500002861023,2.0384,0.3066,0.3066,2.2149,0.1301,0.1301,2.1412,0.2038,0.2038,0.9831,Grade A
4FGL J2115.4+2932,FSRQ,1.51400005817413,1.7975,-0.2835,0.2835,1.5083,0.0057,0.0057,1.4519,0.0621,0.0621,0.9802,Grade A
4FGL J2115.9-0113,BLL,0.305000007152557,0.5296,-0.2246,0.2246,0.4993,-0.1943,0.1943,0.459,-0.154,0.154,0.0195,Grade A
4FGL J2116.2+3339,BLL,0.349999994039536,0.6816,-0.3316,0.3316,0.4958,-0.1458,0.1458,0.4375,-0.0875,0.0875,0.0161,Grade A
4FGL J2117.8-3243,BLL,0.215276002883911,0.1992,0.0161,0.0161,0.2299,-0.0146,0.0146,0.2434,-0.0282,0.0282,0.0116,Grade A
4FGL J2118.0+0019,FSRQ,0.462999999523163,1.129,-0.666,0.666,1.1634,-0.7004,0.7004,1.188,-0.725,0.725,0.9848,Grade A
4FGL J2121.0+1901,FSRQ,2.1800000667572,1.6653,0.5147,0.5147,1.3568,0.8232,0.8232,1.3776,0.8024,0.8024,0.7186,Grade B
4FGL J2123.6+0535,FSRQ,1.94099998474121,1.2494,0.6916,0.6916,0.8251,1.1159,1.1159,0.7675,1.1735,1.1735,0.8373,Grade A
4FGL J2126.3-4605,FSRQ,1.66999995708466,1.2901,0.3799,0.3799,1.1632,0.5068,0.5068,1.0861,0.5839,0.5839,0.9844,Grade A
4FGL J2131.0-2746,BLL,0.379999995231628,0.2873,0.0927,0.0927,0.4287,-0.0487,0.0487,0.4376,-0.0576,0.0576,0.0098,Grade A
4FGL J2131.5-0916,BLL,0.449000000953674,0.1635,0.2855,0.2855,0.3615,0.0875,0.0875,0.3594,0.0896,0.0896,0.0116,Grade A
4FGL J2134.2-0154,BLL,1.28299999237061,0.7425,0.5405,0.5405,0.829,0.454,0.454,0.8829,0.4001,0.4001,0.8718,Grade A
4FGL J2135.3-5006,FSRQ,2.18099999427795,1.9708,0.2102,0.2102,2.0358,0.1452,0.1452,2.1526,0.0284,0.0284,0.9899,Grade A
4FGL J2141.8-3727,FSRQ,0.423000007867813,0.9897,-0.5667,0.5667,0.8384,-0.4154,0.4154,0.7012,-0.2782,0.2782,0.9548,Grade A
4FGL J2142.7-0437,FSRQ,0.34400001168251,0.1817,0.1623,0.1623,0.3353,0.0087,0.0087,0.3969,-0.0529,0.0529,0.3698,Grade A
4FGL J2143.5+1743,FSRQ,0.210999995470047,0.096,0.115,0.115,0.4291,-0.2181,0.2181,0.4342,-0.2232,0.2232,0.8412,Grade A
4FGL J2144.3-7802,FSRQ,0.73199999332428,1.5487,-0.8167,0.8167,0.884,-0.152,0.152,0.9061,-0.1741,0.1741,0.9696,Grade B
4FGL J2145.0-3356,FSRQ,1.36000001430511,1.3409,0.0191,0.0191,1.1328,0.2272,0.2272,1.2494,0.1106,0.1106,0.9274,Grade A
4FGL J2145.5+1006,BLL,2.82631993293762,0.3463,2.48,2.48,0.4907,2.3356,2.3356,0.5448,2.2815,2.2815,0.0677,Grade A
4FGL J2145.7+0718,BLL,0.237000003457069,0.1851,0.0519,0.0519,0.3232,-0.0862,0.0862,0.3579,-0.1209,0.1209,0.0239,Grade A
4FGL J2146.4-1528,FSRQ,0.698000013828278,1.0456,-0.3476,0.3476,0.8812,-0.1832,0.1832,0.7008,-0.0028,0.0028,0.9525,Grade A
4FGL J2147.1+0931,FSRQ,1.11300003528595,2.6088,-1.4958,1.4958,1.4557,-0.3427,0.3427,1.3549,-0.2419,0.2419,0.982,Grade A
4FGL J2147.3-7536,FSRQ,1.13800001144409,0.6983,0.4397,0.4397,1.1372,0.0008,0.0008,0.8921,0.2459,0.2459,0.9359,Grade A
4FGL J2148.6+0652,FSRQ,0.990000009536743,1.1894,-0.1994,0.1994,0.8796,0.1104,0.1104,0.8997,0.0903,0.0903,0.9427,Grade A
4FGL J2150.1-1410,BLL,0.229000002145767,0.5061,-0.2771,0.2771,0.3242,-0.0952,0.0952,0.2779,-0.0489,0.0489,0.0051,Grade A
4FGL J2150.7-1750,BLL,0.185499995946884,0.54,-0.3545,0.3545,0.2711,-0.0856,0.0856,0.2664,-0.0809,0.0809,0.5039,Grade A
4FGL J2150.7-2810,FSRQ,0.865000009536743,0.434,0.431,0.431,0.5937,0.2713,0.2713,0.7979,0.0671,0.0671,0.4916,Grade A
4FGL J2151.8-3027,FSRQ,2.34500002861023,3.173,-0.828,0.828,1.999,0.346,0.346,2.6114,-0.2664,0.2664,0.9548,Grade B
4FGL J2152.0-1205,BLL,0.120999999344349,0.2654,-0.1444,0.1444,0.3616,-0.2406,0.2406,0.4594,-0.3384,0.3384,0.0107,Grade A
4FGL J2152.5+1737,BLL,0.874000012874603,0.4977,0.3763,0.3763,0.6726,0.2014,0.2014,0.7134,0.1606,0.1606,0.5315,Grade A
4FGL J2153.1-0041,BLL,0.340999990701675,0.3746,-0.0336,0.0336,0.4006,-0.0596,0.0596,0.3587,-0.0177,0.0177,0.0085,Grade A
4FGL J2153.8-1137,FSRQ,1.58200001716614,1.2912,0.2908,0.2908,1.0512,0.5308,0.5308,1.177,0.405,0.405,0.9529,Grade A
4FGL J2156.3-0036,FSRQ,0.495000004768372,1.0417,-0.5467,0.5467,0.9099,-0.4149,0.4149,0.8987,-0.4037,0.4037,0.5651,Grade A
4FGL J2156.9-0854,BLL,1.01699995994568,0.6779,0.3391,0.3391,0.5005,0.5165,0.5165,0.5475,0.4695,0.4695,0.0278,Grade A
4FGL J2157.5+3127,FSRQ,1.48599994182587,1.4952,-0.0092,0.0092,1.1694,0.3166,0.3166,1.2492,0.2368,0.2368,0.9264,Grade A
4FGL J2158.1-1501,FSRQ,0.671999990940094,0.5556,0.1164,0.1164,0.5883,0.0837,0.0837,0.6173,0.0547,0.0547,0.4487,Grade A
4FGL J2158.8-3013,BLL,0.11599999666214,0.048,0.068,0.068,0.1181,-0.0021,0.0021,0.076,0.04,0.04,0.0146,Grade A
4FGL J2159.1-2840,BLL,0.270000010728836,0.2421,0.0279,0.0279,0.3264,-0.0564,0.0564,0.3863,-0.1163,0.1163,0.0114,Grade A
4FGL J2200.3+1029,BLL,0.172000005841255,2.0465,-1.8745,1.8745,1.1215,-0.9495,0.9495,1.0551,-0.8831,0.8831,0.9058,Grade A
4FGL J2201.5-8339,FSRQ,1.86500000953674,1.3857,0.4793,0.4793,1.3973,0.4677,0.4677,1.3568,0.5082,0.5082,0.9876,Grade A
4FGL J2202.7+4216,BLL,0.0689999982714653,0.2554,-0.1864,0.1864,0.2693,-0.2003,0.2003,0.1665,-0.0975,0.0975,0.2021,Grade A
4FGL J2203.4+1725,FSRQ,1.07599997520447,0.6333,0.4427,0.4427,0.7582,0.3178,0.3178,0.8905,0.1855,0.1855,0.9041,Grade A
4FGL J2204.3+0438,BLL,0.0270000007003546,0.2088,-0.1818,0.1818,0.0898,-0.0628,0.0628,0.068,-0.041,0.041,0.388,Grade A
4FGL J2206.8-0032,BLL,1.05299997329712,1.3525,-0.2995,0.2995,0.8046,0.2484,0.2484,0.8329,0.2201,0.2201,0.6523,Grade A
4FGL J2207.5-5346,FSRQ,1.2150000333786,1.0234,0.1916,0.1916,0.9484,0.2666,0.2666,0.9058,0.3092,0.3092,0.9682,Grade A
4FGL J2211.0-0003,BLL,0.361999988555908,0.3398,0.0222,0.0222,0.4954,-0.1334,0.1334,0.5296,-0.1676,0.1676,0.0119,Grade A
4FGL J2212.0+2356,FSRQ,1.125,1.1322,-0.0072,0.0072,1.3322,-0.2072,0.2072,1.2898,-0.1648,0.1648,0.6157,Grade A
4FGL J2212.8+0647,FSRQ,1.12000000476837,1.4458,-0.3258,0.3258,1.2131,-0.0931,0.0931,1.1676,-0.0476,0.0476,0.964,Grade A
4FGL J2212.9-2526,FSRQ,1.83299994468689,1.1405,0.6925,0.6925,1.4183,0.4147,0.4147,1.3739,0.4591,0.4591,0.8111,Grade A
4FGL J2216.9+2421,BLL,0.504999995231628,0.7382,-0.2332,0.2332,0.4474,0.0576,0.0576,0.5085,-0.0035,0.0035,0.6048,Grade A
4FGL J2219.2+1806,FSRQ,1.07099997997284,2.2505,-1.1795,1.1795,1.3795,-0.3085,0.3085,1.7506,-0.6796,0.6796,0.8703,Grade A
4FGL J2220.5+2813,BLL,0.148000001907349,0.2693,-0.1213,0.1213,0.1941,-0.0461,0.0461,0.1659,-0.0179,0.0179,0.0068,Grade A
4FGL J2224.0-1127,BLL,0.115000002086163,0.5045,-0.3895,0.3895,0.5722,-0.4572,0.4572,0.5971,-0.4821,0.4821,0.3194,Grade A
4FGL J2225.5-1114,BLL,0.996999979019165,2.1559,-1.1589,1.1589,0.6902,0.3068,0.3068,0.7777,0.2193,0.2193,0.3959,Grade B
4FGL J2225.6+2120,FSRQ,1.95899999141693,0.7821,1.1769,1.1769,1.4999,0.4591,0.4591,1.525,0.434,0.434,0.9909,Grade A
4FGL J2225.7-0457,FSRQ,1.40400004386902,0.6722,0.7318,0.7318,1.0556,0.3484,0.3484,1.0425,0.3615,0.3615,0.964,Grade A
4FGL J2226.8+0051,FSRQ,2.26200008392334,0.8086,1.4534,1.4534,1.3935,0.8685,0.8685,1.4434,0.8186,0.8186,0.9627,Grade A
4FGL J2227.9+0036,BLL,2.14499998092651,0.4985,1.6465,1.6465,0.7471,1.3979,1.3979,0.7202,1.4248,1.4248,0.1116,Grade A
4FGL J2228.6-1636,BLL,0.524999976158142,0.601,-0.076,0.076,0.4819,0.0431,0.0431,0.548,-0.023,0.023,0.0215,Grade A
4FGL J2229.7-0832,FSRQ,1.55999994277954,1.2766,0.2834,0.2834,1.164,0.396,0.396,1.0358,0.5242,0.5242,0.986,Grade A
4FGL J2231.0-4416,FSRQ,1.32599997520447,1.1521,0.1739,0.1739,0.8848,0.4412,0.4412,0.9073,0.4187,0.4187,0.9745,Grade A
4FGL J2232.6+1143,FSRQ,1.03699994087219,1.4058,-0.3688,0.3688,1.4407,-0.4037,0.4037,1.2464,-0.2094,0.2094,0.9141,Grade B
4FGL J2235.3-4836,FSRQ,0.509999990463257,0.9301,-0.4201,0.4201,0.8395,-0.3295,0.3295,0.4852,0.0248,0.0248,0.9639,Grade A
4FGL J2236.2-1706,BLL,0.647000014781952,0.6987,-0.0517,0.0517,0.49,0.157,0.157,0.5376,0.1094,0.1094,0.1722,Grade A
4FGL J2236.3+2828,FSRQ,0.790000021457672,1.0725,-0.2825,0.2825,0.8197,-0.0297,0.0297,0.8145,-0.0245,0.0245,0.5688,Grade A
4FGL J2237.0-3921,FSRQ,0.296999990940094,1.3353,-1.0383,1.0383,0.8226,-0.5256,0.5256,0.677,-0.38,0.38,0.8143,Grade A
4FGL J2241.2+4120,BLL,0.519999980926514,0.7506,-0.2306,0.2306,0.4554,0.0646,0.0646,0.4275,0.0925,0.0925,0.5024,Grade A
4FGL J2243.4-2544,BLL,0.773999989032745,0.3099,0.4641,0.4641,0.3921,0.3819,0.3819,0.5449,0.2291,0.2291,0.0654,Grade A
4FGL J2244.2+4057,FSRQ,1.1710000038147,0.8117,0.3593,0.3593,0.8067,0.3643,0.3643,0.8555,0.3155,0.3155,0.484,Grade A
4FGL J2244.6+2502,BLL,0.649999976158142,1.041,-0.391,0.391,0.5429,0.1071,0.1071,0.5442,0.1058,0.1058,0.0762,Grade A
4FGL J2245.9+1544,BLL,0.596499979496002,0.556,0.0405,0.0405,0.4958,0.1007,0.1007,0.4595,0.137,0.137,0.0083,Grade A
4FGL J2247.4-0001,BLL,0.949000000953674,0.7228,0.2262,0.2262,0.7668,0.1822,0.1822,0.6748,0.2742,0.2742,0.301,Grade A
4FGL J2248.7-3235,FSRQ,2.26799988746643,1.903,0.365,0.365,1.8296,0.4384,0.4384,1.5252,0.7428,0.7428,0.9913,Grade A
4FGL J2248.9+2106,FSRQ,1.27400004863739,1.7563,-0.4823,0.4823,1.1426,0.1314,0.1314,1.0416,0.2324,0.2324,0.88,Grade A
4FGL J2250.0+3825,BLL,0.119000002741814,0.0351,0.0839,0.0839,0.1177,0.0013,0.0013,0.1335,-0.0145,0.0145,0.0071,Grade A
4FGL J2250.4-4206,BLL,0.119000002741814,0.6593,-0.5403,0.5403,0.6144,-0.4954,0.4954,0.5574,-0.4384,0.4384,0.0547,Grade A
4FGL J2250.7-2806,BLL,0.524999976158142,3.3842,-2.8592,2.8592,0.9901,-0.4651,0.4651,0.9874,-0.4624,0.4624,0.5924,Grade A
4FGL J2252.6+1245,BLL,0.496475994586945,0.2103,0.2862,0.2862,0.4286,0.0679,0.0679,0.4376,0.0589,0.0589,0.0105,Grade A
4FGL J2253.9+1609,FSRQ,0.859000027179718,0.3591,0.4999,0.4999,0.4357,0.4233,0.4233,0.4275,0.4315,0.4315,0.755,Grade B
4FGL J2254.8-2725,BLL,0.333000004291534,0.1463,0.1867,0.1867,0.2305,0.1025,0.1025,0.3051,0.0279,0.0279,0.0102,Grade A
4FGL J2255.2+2411,BLL,1.37024199962616,0.279,1.0912,1.0912,0.4945,0.8757,0.8757,0.5277,0.8425,0.8425,0.0462,Grade A
4FGL J2256.0-2740,FSRQ,1.75100004673004,1.0089,0.7421,0.7421,1.1861,0.5649,0.5649,1.5044,0.2466,0.2466,0.9547,Grade B
4FGL J2257.5+0748,BLL,0.189999997615814,0.4399,-0.2499,0.2499,0.3101,-0.1201,0.1201,0.2088,-0.0188,0.0188,0.7281,Grade A
4FGL J2258.1-2759,FSRQ,0.925999999046326,0.9552,-0.0292,0.0292,0.8698,0.0562,0.0562,0.8855,0.0405,0.0405,0.883,Grade A
4FGL J2258.4-5524,BLL,0.479000002145767,0.1161,0.3629,0.3629,0.2665,0.2125,0.2125,0.3624,0.1166,0.1166,0.0666,Grade A
4FGL J2259.7-3549,FSRQ,0.753000020980835,1.2311,-0.4781,0.4781,0.849,-0.096,0.096,0.6572,0.0958,0.0958,0.3796,Grade A
4FGL J2301.0-0158,FSRQ,0.777999997138977,2.0898,-1.3118,1.3118,1.1571,-0.3791,0.3791,1.2594,-0.4814,0.4814,0.9732,Grade A
4FGL J2307.4-1206,BLL,0.469999998807907,0.2362,0.2338,0.2338,0.4891,-0.0191,0.0191,0.436,0.034,0.034,0.0876,Grade A
4FGL J2307.6+1451,BLL,0.503000020980835,2.152,-1.649,1.649,0.5921,-0.0891,0.0891,0.7527,-0.2497,0.2497,0.4792,Grade A
4FGL J2311.0+3425,FSRQ,1.81700003147125,0.9076,0.9094,0.9094,0.9053,0.9117,0.9117,1.0763,0.7407,0.7407,0.9598,Grade A
4FGL J2311.8+4541,FSRQ,1.44700002670288,1.7647,-0.3177,0.3177,1.4978,-0.0508,0.0508,1.5207,-0.0737,0.0737,0.9834,Grade A
4FGL J2314.0+1445,BLL,0.164000004529953,0.5462,-0.3822,0.3822,0.1684,-0.0044,0.0044,0.1631,0.0009,0.0009,0.0087,Grade A
4FGL J2315.6-5018,BLL,0.810999989509583,0.9883,-0.1773,0.1773,0.8256,-0.0146,0.0146,0.6955,0.1155,0.1155,0.8412,Grade A
4FGL J2319.1-4207,BLL,0.0545409992337227,0.1196,-0.0651,0.0651,0.0694,-0.0149,0.0149,0.0562,-0.0017,0.0017,0.0244,Grade A
4FGL J2321.9+3204,FSRQ,1.4889999628067,1.3226,0.1664,0.1664,1.0534,0.4356,0.4356,1.2033,0.2857,0.2857,0.7169,Grade A
4FGL J2321.9+2734,FSRQ,1.25300002098083,0.8258,0.4272,0.4272,0.5423,0.7107,0.7107,0.5478,0.7052,0.7052,0.1823,Grade A
4FGL J2322.7+3436,BLL,0.0979999974370003,0.1322,-0.0342,0.0342,0.0685,0.0295,0.0295,0.088,0.01,0.01,0.0083,Grade A
4FGL J2323.5-0317,FSRQ,1.39300000667572,1.2253,0.1677,0.1677,1.3613,0.0317,0.0317,1.1601,0.2329,0.2329,0.78,Grade A
4FGL J2323.6-0617,FSRQ,2.14400005340576,2.2657,-0.1217,0.1217,2.2364,-0.0924,0.0924,1.8632,0.2808,0.2808,0.9724,Grade A
4FGL J2323.8+4210,BLL,0.0590000003576279,0.2086,-0.1496,0.1496,0.3234,-0.2644,0.2644,0.4374,-0.3784,0.3784,0.0197,Grade A
4FGL J2324.7-4041,BLL,0.173586994409561,0.2717,-0.0981,0.0981,0.2297,-0.0561,0.0561,0.2433,-0.0697,0.0697,0.0121,Grade A
4FGL J2325.4-4800,BLL,0.221000000834465,0.2837,-0.0627,0.0627,0.2683,-0.0473,0.0473,0.3605,-0.1395,0.1395,0.0281,Grade A
4FGL J2327.5+0939,FSRQ,1.84300005435944,3.0273,-1.1843,1.1843,2.041,-0.198,0.198,1.889,-0.046,0.046,0.9947,Grade A
4FGL J2328.3-4036,FSRQ,1.97200000286102,0.7788,1.1932,1.1932,0.8799,1.0921,1.0921,0.9002,1.0718,1.0718,0.9449,Grade A
4FGL J2329.0+0832,FSRQ,0.948000013828278,1.8336,-0.8856,0.8856,0.8477,0.1003,0.1003,0.8541,0.0939,0.0939,0.7468,Grade A
4FGL J2329.2+3755,BLL,0.263999998569489,0.1123,0.1517,0.1517,0.3241,-0.0601,0.0601,0.4202,-0.1562,0.1562,0.0072,Grade A
4FGL J2329.3-4955,FSRQ,0.51800000667572,2.064,-1.546,1.546,1.3862,-0.8682,0.8682,1.4211,-0.9031,0.9031,0.9151,Grade A
4FGL J2329.3-4733,FSRQ,1.30200004577637,0.5652,0.7368,0.7368,1.1364,0.1656,0.1656,0.8977,0.4043,0.4043,0.9344,Grade A
4FGL J2330.3-2948,BLL,0.297100007534027,0.5037,-0.2066,0.2066,0.3214,-0.0243,0.0243,0.2767,0.0204,0.0204,0.0575,Grade A
4FGL J2330.5+1102,FSRQ,1.4889999628067,1.1029,0.3861,0.3861,1.5008,-0.0118,0.0118,1.5269,-0.0379,0.0379,0.9942,Grade A
4FGL J2330.6-3726,BLL,0.279000014066696,0.3993,-0.1203,0.1203,0.199,0.08,0.08,0.2702,0.0088,0.0088,0.5456,Grade A
4FGL J2331.0-2147,FSRQ,0.563000023365021,1.3342,-0.7712,0.7712,1.0174,-0.4544,0.4544,1.1165,-0.5535,0.5535,0.865,Grade A
4FGL J2331.3-1558,FSRQ,1.15299999713898,1.4906,-0.3376,0.3376,1.8099,-0.6569,0.6569,1.444,-0.291,0.291,0.9639,Grade A
4FGL J2332.1-4118,FSRQ,0.671000003814697,0.3967,0.2743,0.2743,0.4838,0.1872,0.1872,0.5262,0.1448,0.1448,0.3388,Grade A
4FGL J2334.2+0736,FSRQ,0.400999993085861,0.6039,-0.2029,0.2029,0.8401,-0.4391,0.4391,0.7065,-0.3055,0.3055,0.9699,Grade A
4FGL J2334.8+1432,BLL,0.41499999165535,0.8056,-0.3906,0.3906,0.7421,-0.3271,0.3271,0.7063,-0.2913,0.2913,0.0399,Grade A
4FGL J2335.4-0128,FSRQ,1.182000041008,1.8234,-0.6414,0.6414,1.3807,-0.1987,0.1987,1.462,-0.28,0.28,0.8786,Grade A
4FGL J2336.6-4115,FSRQ,1.40600001811981,0.9859,0.4201,0.4201,1.1958,0.2102,0.2102,1.1833,0.2227,0.2227,0.9708,Grade A
4FGL J2338.0-0230,FSRQ,1.07099997997284,0.9763,0.0947,0.0947,0.8805,0.1905,0.1905,1.0205,0.0505,0.0505,0.9483,Grade A
4FGL J2338.9+2124,BLL,0.291000008583069,0.2264,0.0646,0.0646,0.4276,-0.1366,0.1366,0.4375,-0.1465,0.1465,0.0174,Grade A
4FGL J2340.8+8015,BLL,0.273999989032745,0.1668,0.1072,0.1072,0.2682,0.0058,0.0058,0.4202,-0.1462,0.1462,0.0094,Grade A
4FGL J2343.6+3438,BLL,0.36599999666214,0.3322,0.0338,0.0338,0.3235,0.0425,0.0425,0.3593,0.0067,0.0067,0.0177,Grade A
4FGL J2345.2-1555,FSRQ,0.620999991893768,0.7644,-0.1434,0.1434,0.4606,0.1604,0.1604,0.4453,0.1757,0.1757,0.3339,Grade A
4FGL J2346.7+0705,BLL,0.170000001788139,0.172,-0.002,0.002,0.2291,-0.0591,0.0591,0.2432,-0.0732,0.0732,0.0156,Grade A
4FGL J2348.0-1630,FSRQ,0.575999975204468,0.7806,-0.2046,0.2046,0.7611,-0.1851,0.1851,0.7781,-0.2021,0.2021,0.8951,Grade A
4FGL J2349.4+0534,FSRQ,0.418999999761581,0.3129,0.1061,0.1061,0.6444,-0.2254,0.2254,0.4911,-0.0721,0.0721,0.8714,Grade A
4FGL J2350.6-3005,BLL,0.223680004477501,0.1747,0.049,0.049,0.2299,-0.0062,0.0062,0.2434,-0.0198,0.0198,0.0094,Grade A
4FGL J2353.7-3037,BLL,0.736999988555908,0.9324,-0.1954,0.1954,0.6217,0.1153,0.1153,0.6732,0.0638,0.0638,0.2913,Grade A
4FGL J2354.1+2720,BLL,0.149471998214722,0.8017,-0.6522,0.6522,0.7954,-0.6459,0.6459,0.7389,-0.5894,0.5894,0.2059,Grade A
4FGL J2354.6+4554,FSRQ,1.99199998378754,2.0698,-0.0778,0.0778,1.7473,0.2447,0.2447,1.4599,0.5321,0.5321,0.8747,Grade A
4FGL J2354.9+8151,FSRQ,1.34399998188019,1.0761,0.2679,0.2679,0.881,0.463,0.463,1.0218,0.3222,0.3222,0.9515,Grade A
4FGL J2356.2+4036,BLL,0.130999997258186,0.0221,0.1089,0.1089,0.1311,-0.0001,0.0001,0.1207,0.0103,0.0103,0.0042,Grade A
4FGL J2357.4-0152,BLL,0.811999976634979,1.2506,-0.4386,0.4386,0.8053,0.0067,0.0067,0.7245,0.0875,0.0875,0.7698,Grade A
4FGL J2357.8-5311,FSRQ,1.00600004196167,1.2955,-0.2895,0.2895,0.6384,0.3676,0.3676,0.4908,0.5152,0.5152,0.8769,Grade A
4FGL J2358.3-1021,FSRQ,1.63800001144409,1.537,0.101,0.101,1.5013,0.1367,0.1367,1.528,0.11,0.11,0.9961,Grade A
4FGL J2358.5-1808,BLL,0.0575530007481575,0.3149,-0.2574,0.2574,0.4505,-0.393,0.393,0.5326,-0.4751,0.4751,0.007,Grade A
4FGL J2359.0+3922,FSRQ,1.19799995422363,1.1882,0.0098,0.0098,1.1404,0.0576,0.0576,1.0436,0.1544,0.1544,0.876,Grade A
4FGL J2359.0-3038,BLL,0.165000006556511,0.0728,0.0922,0.0922,0.2681,-0.1031,0.1031,0.2778,-0.1128,0.1128,0.0074,Grade A
4FGL J2359.3-2049,BLL,0.096000000834465,0.5654,-0.4694,0.4694,0.2276,-0.1316,0.1316,0.2391,-0.1431,0.1431,0.2449,Grade A
