Source_Name,DataRelease,RAJ2000,DEJ2000,GLON,GLAT,Signif_Avg,Flux1000,Unc_Flux1000,Energy_Flux100,Unc_Energy_Flux100,SpectrumType,PL_Index,Unc_PL_Index,Pivot_Energy,LP_Index,Unc_LP_Index,LP_beta,Unc_LP_beta,Flags,CLASS,ASSOC1,ASSOC_PROB_BAY,ASSOC_PROB_LR,Counterpart_Catalog,RA_Counterpart,DEC_Counterpart,Unc_Counterpart,VLBI_Counterpart,Redshift,SED_class,HE_EPeak,Unc_HE_EPeak,HE_nuFnuPeak,Unc_HE_nuFnuPeak,nu_syn,nuFnu_syn,Variability_Index,Frac_Variability,Unc_Frac_Variability,Highest_energy,CLASS_upper,Gaia_G_Magnitude,W1mag,W2mag,W3mag,W4mag,S1.4,CR0,sdss_u,sdss_g,sdss_r,sdss_i,sdss_z,ps1_g,ps1_r,ps1_i,ps1_z,ps1_y,W1_W2,W2_W3,LogRadioFlux,LogXrayFlux,LogFlux,LogEnergy_Flux,LogSignificance,LogVariability_Index,Lognu_syn,LognuFnu_syn,LogPivot_Energy,LabelNo,P_FSRQ,InvRedshift
4FGL J0001.2-0747,1,0.3151,-7.7971,89.03272,-67.30501,23.782486,7.471219e-10,5.041939e-11,8.339171e-12,5.4994545e-13,PowerLaw,2.1166923,0.049792346,1721.6039,2.0789266,0.06597397,0.051182024,0.033734616,0,bll,PMN J0001-0746,0.99701446,0.93293214,bzcat,0.3251038,-7.774144975,1.8000000068241206e-07,RFC J0001-0746,-inf,LSP,796.29785,766.7974,8.686245e-07,7.4929225e-08,9.120108e+13,1.9367698e-12,46.780693,0.40656525,0.11186972,86.9752,BLL,16.50757,12.70199966430664,11.751999855041504,9.163000106811523,6.974999904632568,208.4,0.0081000002101063,18.90800094604492,18.35300064086914,17.89699935913086,17.506999969482422,17.20800018310547,17.5897,17.2316,16.9768,16.807,16.7916,0.9499998092651367,2.5889997482299805,2.3188977146274867,-2.0915149698561644,-9.126609,-11.078877,1.3762572,1.6700666,13.96,-11.712922,3.2359333,0.0,0.02472031142127822,
4FGL J0009.3+5030,1,2.3466,50.5115,116.12437,-11.803588,61.801743,2.489704e-09,7.7208656e-11,2.2921384e-11,9.183164e-13,LogParabola,1.9903688,0.020850431,1379.1864,1.8838742,0.03269161,0.06952761,0.0144346645,0,bll,NVSS J000922+503028,0.9999694,0.92810774,bzcat,2.344833625,50.5080106194,3.700000092976552e-07,RFC J0009+5030,-inf,HSP,3179.1047,586.6192,2.6533394e-06,9.793274e-08,1.2589254e+15,1.1958948e-12,204.73532,0.40872404,0.092225395,72.7617,BLL,18.19759,13.482999801635742,12.854000091552734,10.644000053405762,8.67199993133545,11.8,0.0130000002682209,,,,,,18.5775,18.2391,18.0708,17.7674,17.4316,0.6289997100830078,2.2100000381469727,1.0718820073061255,-1.8860566387326358,-8.603852,-10.639759,1.7910007,2.3111928,15.1,-11.922307,3.139623,0.0,0.050351133851330235,
4FGL J0013.1-3955,1,3.2802,-39.9272,332.33987,-74.936165,21.544607,5.226114e-10,4.1846717e-11,4.1265546e-12,4.5135748e-13,LogParabola,2.0539155,0.056649126,1488.8416,1.897792,0.092025414,0.1328692,0.050035607,0,bll,PKS 0010-401,0.99866146,0.9994357,bllac,3.24962430417,-39.9072375472,9.499999720219421e-08,RFC J0012-3954,-inf,LSP,2187.189,653.96954,5.7598623e-07,5.2323085e-08,7.2443594e+12,9.466142e-13,24.301222,0.29586396,0.11354885,24.1047,BLL,18.870478,13.809000015258787,12.776000022888184,9.894000053405762,7.539000034332275,493.6,,,,,,,,,,,,1.0329999923706037,2.881999969482422,2.6933751510251853,-1.3968556187296444,-9.281821,-11.384413,1.3333386,1.3856281,12.86,-12.023827,3.1728485,0.0,0.3026084750806759,
4FGL J0019.3-8152,1,4.8327,-81.8798,304.31436,-35.16209,22.371267,6.342404e-10,4.3094344e-11,7.0560034e-12,4.7743764e-13,PowerLaw,2.0928946,0.053326447,2147.1074,2.0849953,0.061326127,0.008502357,0.027628226,0,bll,PMN J0019-8152,0.9998258,0.9766397,bzcat,4.83601874167,-81.8809475222,1.3999999737279722e-06,RFC J0019-8152,-inf,ISP,14.491224,262.7547,8.1474184e-07,6.7946115e-07,7.542234e+14,4.5752625e-12,27.177048,0.28919077,0.10314947,57.525,BLL,16.735743,12.11299991607666,11.22700023651123,8.97700023651123,7.004000186920166,,0.0207000002264976,,,,,,,,,,,0.8859996795654297,2.25,2.3129159264174834,-1.6840296497910698,-9.197746,-11.151442,1.3496906,1.4342023,14.8775,-11.339584,3.3318539,0.0,0.016351983941704243,
4FGL J0019.6+2022,1,4.907,20.3755,112.90082,-41.875835,13.564061,3.4667358e-10,3.634139e-11,3.941609e-12,4.0536495e-13,PowerLaw,2.1827435,0.08188971,1738.3303,2.1545336,0.09937443,0.039025024,0.052761175,0,bll,PKS 0017+200,0.9986458,0.9856926,bllac,4.90772707083,20.3626790694,6.799999852091787e-08,RFC J0019+2021,-inf,LSP,240.02666,802.20404,4.5748612e-07,1.3777444e-07,2.2908678e+12,1.1767088e-12,16.716976,0.2808846,0.1646398,18.1055,BLL,19.2491,14.616999626159668,13.581000328063965,10.460000038146973,8.324000358581543,983.4,0.0083299996331334,21.483999252319336,21.117000579833984,20.28199958801269,19.71199989318848,19.166000366210938,20.8804,19.8663,19.7007,19.1781,18.8857,1.0359992980957031,3.121000289916992,2.992730203954143,-2.0793550177202405,-9.460079,-11.404326,1.1323898,1.2231578,12.36,-11.929331,3.2401323,0.0,0.3988065158664934,
4FGL J0021.5-2552,1,5.3912,-25.8681,41.9261,-83.19968,28.140133,7.305103e-10,4.8156028e-11,6.9688222e-12,5.5613045e-13,LogParabola,2.1197062,0.04382612,935.7596,2.0350888,0.05951061,0.05497771,0.029888408,0,bll,CRATES J002132.55-255049.3,0.9981949,0.853463,bzcat,5.3856229,-25.8470519611,4.4999998749517545e-07,RFC J0021-2550,-inf,ISP,680.1008,507.36475,8.3579187e-07,5.682782e-08,4.120975e+14,1.4973454e-12,34.189217,0.28834793,0.09045195,50.5625,BLL,17.618673,13.333999633789062,12.531999588012695,10.199999809265137,7.921999931335449,68.5,0.0065600001253187,,,,,,17.9124,17.5923,17.201,17.1929,17.0027,0.8020000457763672,2.3319997787475586,1.8356905714924256,-2.1830961523278125,-9.1363735,-11.15684,1.4493262,1.5338892,14.615,-11.824678,2.9711642,0.0,0.0648882857466245,
4FGL J0022.1-1854,1,5.5353,-18.9068,82.08266,-79.37435,29.627352,8.445892e-10,5.3754348e-11,7.6052975e-12,6.3741574e-13,LogParabola,1.9504867,0.041648854,1451.1199,1.8035328,0.07280881,0.086916134,0.032558944,0,bll,1RXS J002209.2-185333,0.99966353,0.922496,bzcat,5.53862082917,-18.8930185972,3.4999999343199306e-07,RFC J0022-1853,-inf,LSP,4493.118,1473.4064,9.336543e-07,7.7143156e-08,6.6069344e+13,1.8071991e-12,17.099775,0.12170427,0.10003997,95.5201,BLL,17.230118,12.486000061035156,11.635000228881836,9.303000450134276,7.4120001792907715,22.1,0.0233999993652105,,,,,,16.9439,16.5865,16.4443,16.4424,16.3174,0.8509998321533203,2.3319997787475604,1.3443922736851108,-1.6307841543712922,-9.073355,-11.118884,1.4716928,1.2329904,13.82,-11.742994,3.1617033,0.0,0.03217833542814892,
4FGL J0022.5+0608,1,5.6376,6.1343,110.012115,-56.01111,56.745716,2.2814748e-09,8.088515e-11,2.232965e-11,9.037926e-13,LogParabola,2.150342,0.022994163,804.09937,2.0767956,0.032882515,0.050636206,0.0150321545,0,bll,PKS 0019+058,0.99987024,0.98650587,bllac,5.6351717375,6.13451915833,6.799999852091787e-08,RFC J0022+0608,-inf,LSP,376.6875,191.1513,2.8284305e-06,1.2416642e-07,1.3963683e+13,2.7138135e-12,218.54457,0.45973346,0.10273961,76.1329,BLL,18.874916,13.230999946594238,12.210000038146973,9.029999732971191,6.751999855041504,339.7,0.0127999996766448,19.951000213623047,19.392000198364254,18.972999572753903,18.582000732421875,18.246999740600582,18.4535,18.5157,18.5366,18.1024,17.8973,1.0209999084472656,3.1800003051757812,2.531095546870028,-1.8927900413233332,-8.641785,-10.651118,1.7539331,2.33954,13.145,-11.56642,2.9053097,0.0,0.299431518004191,
4FGL J0023.9+1603,1,5.9819,16.0639,113.34497,-46.295124,9.077909,2.4609714e-10,3.4620046e-11,2.7410405e-12,3.8468575e-13,PowerLaw,2.1028962,0.10390863,2172.659,1.9982151,0.17175348,0.11938558,0.10359935,0,bll,87GB 002122.5+154553,0.997018,0.0,bzcat,6.005336625,16.0427651639,4.999999987376214e-07,RFC J0024+1602,-inf,LSP,2188.9612,1567.6304,2.8999796e-07,4.878715e-08,5.7543993e+13,7.6088143e-13,10.850666,0.0,10.0,14.9981,BLL,19.71136,14.409000396728516,13.477999687194824,10.480999946594238,7.813000202178955,57.2,,19.93199920654297,19.450000762939453,18.992000579833984,18.70499992370605,18.315000534057617,20.0852,19.4404,18.9131,18.7507,18.9485,0.9310007095336914,2.996999740600586,1.7573960287930244,-1.3968556187296444,-9.608893,-11.562084,0.9579859,1.0354564,13.76,-12.118683,3.3369915,0.0,0.0399610795106154,
4FGL J0029.0-7044,1,7.2509,-70.7414,305.60474,-46.27025,18.11772,4.0472245e-10,3.3294416e-11,4.9358642e-12,3.9081854e-13,PowerLaw,2.3068705,0.06828928,1364.9542,2.3006523,0.07579951,0.0045920443,0.03438807,0,bll,PKS 0026-710,0.99931973,0.95868856,bzcat,7.1731794,-70.7544244639,6.299999881775875e-07,RFC J0028-7045,-inf,LSP,,,-inf,-inf,2.089296e+13,3.0448016e-12,58.97206,0.5186039,0.1371657,15.3715,BLL,19.283255,12.85200023651123,11.833999633789062,8.927000045776367,6.735000133514404,,,,,,,,,,,,,1.018000602722168,2.9069995880126953,2.3129159264174834,-1.3968556187296444,-9.392842,-11.306637,1.2581035,1.7706463,13.32,-11.516441,3.135118,0.0,0.6019077404898088,
4FGL J0031.3+0726,1,7.83,7.4443,114.195915,-55.085846,7.8225565,1.6521957e-10,3.0433177e-11,1.8760087e-12,3.4011284e-13,PowerLaw,1.9445581,0.12817654,3569.1567,1.8599973,0.18137346,0.08963964,0.09169267,0,bll,NVSS J003119+072456,0.9895536,0.0,wise,7.83212394167,7.41487718889,3.3000000598804036e-07,RFC J0031+0724,-inf,ISP,7793.18,7738.892,2.0448643e-07,4.9331597e-08,7.498942e+14,8.9040586e-13,15.970873,0.31832558,0.46046907,54.3462,BLL,18.247992,13.904999732971191,13.071999549865724,10.803999900817873,8.425999641418457,11.6,0.0320999994874,18.007999420166016,17.615999221801758,17.364999771118164,17.172000885009766,17.0049991607666,18.4557,17.7314,17.7134,17.6612,17.5592,0.833000183105467,2.2679996490478516,1.0644579892269186,-1.4934949745303103,-9.781939,-11.726765,0.8933487,1.2033286,14.875,-12.050412,3.5525656,0.0,0.018997150904993102,
4FGL J0040.3+4050,1,10.0989,40.8362,120.67978,-21.987257,9.292199,1.8710554e-10,3.6993034e-11,2.1476165e-12,3.7227166e-13,PowerLaw,1.9184054,0.14543115,5582.694,1.987719,0.09332645,-0.07213549,0.033323612,0,bll,B3 0037+405,0.9963499,0.87867224,bllac,10.0575411875,40.8346463778,1.203626197820995e-06,RFC J0040+4050,-inf,LSP,,,-inf,-inf,1.9054608e+13,5.794887e-13,18.322449,0.4897092,0.2766042,118.511,BLL,20.178925,13.810999870300291,13.418999671936035,11.277000427246094,8.87600040435791,47.3,0.296999990940094,,,,,,20.9342,19.7493,18.8486,18.4884,18.1751,0.39200019836425604,2.1419992446899414,1.6748611407378116,-0.5272435639308255,-9.727913,-11.668043,0.9681185,1.2629836,13.28,-12.236955,3.7468438,0.0,0.16781927500794794,
4FGL J0045.3+2128,1,11.3396,21.4668,121.04665,-41.382694,45.19141,1.4108049e-09,6.470435e-11,1.4841368e-11,8.9214486e-13,LogParabola,1.812183,0.030609896,2143.494,1.6685804,0.056147795,0.07657238,0.021811472,0,bll,GB6 J0045+2127,0.99962103,0.978807,whsp2,11.3304093833,21.4611111167,1.5999999902760464e-07,RFC J0045+2127,-inf,HSP,18662.773,8078.3706,1.997713e-06,1.5913142e-07,7.943282e+15,5.5650107e-12,250.93938,0.8666426,0.19069557,246.753,BLL,16.760456,12.82900047302246,12.109999656677246,9.83199977874756,7.953000068664551,49.4,0.2879999876022339,17.39699935913086,17.06399917602539,16.784000396728516,16.569000244140625,16.364999771118164,17.093,16.6606,16.4931,16.3527,16.4642,0.7190008163452131,2.2779998779296857,1.6937269489236468,-0.5406075309361911,-8.8505335,-10.8285265,1.6550559,2.3995688,15.9,-11.254534,3.3311222,0.0,0.0051352165097438085,
4FGL J0056.4-2118,1,14.1204,-21.3029,134.36304,-84.062386,34.106667,1.0376736e-09,5.729267e-11,8.4936285e-12,6.340539e-13,LogParabola,1.9305464,0.0359505,1521.5049,1.739459,0.06619502,0.13334984,0.032168467,0,bll,PMN J0056-2117,0.99881756,0.93044215,bzcat,14.134481525,-21.2855897528,4.400000079840538e-07,RFC J0056-2117,-inf,ISP,4041.4673,817.57025,1.1832385e-06,8.299078e-08,3.0902954e+14,2.107012e-12,37.195053,0.28900564,0.087315865,48.1237,BLL,17.245262,12.937000274658203,11.986000061035156,9.47700023651123,7.482999801635742,89.8,0.0043100002221763,,,,,,17.785,17.4252,17.1536,17.0202,16.8999,0.9510002136230469,2.508999824523926,1.9532763366673043,-2.3655227074518117,-8.983939,-11.070907,1.5328393,1.5704852,14.49,-11.676333,3.1822734,0.0,0.011357627130384112,
4FGL J0056.6-4452,1,14.1548,-44.8729,299.92383,-72.225075,7.826607,1.6755665e-10,2.9340034e-11,1.1148174e-12,2.9450184e-13,LogParabola,2.3218782,0.12372368,1129.8975,2.0079942,0.28218865,0.29249713,0.19974364,0,bll,PKS 0054-451,0.9890684,0.9480833,rfc,14.1910546917,-44.8505949333,7.500000265281415e-07,RFC J0056-4451,-inf,LSP,1114.5619,570.4539,2.1956343e-07,4.14057e-08,2.089296e+13,1.1004796e-12,14.767176,0.093253225,0.8278616,-inf,BLL,19.777176,13.6850004196167,12.618000030517578,9.744999885559082,7.455999851226807,,,,,,,,,,,,,1.067000389099121,2.873000144958496,2.3129159264174834,-1.3968556187296444,-9.775838,-11.952796,0.8935735,1.1692975,13.32,-11.958418,3.053039,0.0,0.5158807094473089,
4FGL J0058.0-3233,1,14.5132,-32.5658,288.56027,-84.376724,42.797684,1.3766761e-09,6.239645e-11,1.0345874e-11,6.102219e-13,LogParabola,2.1025708,0.029942466,1033.8075,1.8950635,0.062158182,0.16437368,0.032399666,0,bll,PKS 0055-328,0.9997793,0.9749586,cgrabs,14.5092929833,-32.5724306389,2.399999914359796e-07,RFC J0058-3234,-inf,LSP,1422.5481,207.24821,1.5907642e-06,7.583996e-08,3.6307804e+13,2.1800025e-12,75.64645,0.34841296,0.08621674,27.1647,BLL,17.088493,12.541000366210938,11.57900047302246,9.0,6.76800012588501,185.9,0.0097599998116493,,,,,,19.614,18.357,17.4796,17.42,17.201,0.9619998931884783,2.579000473022459,2.2692793897718984,-2.010550190714422,-8.861168,-10.985232,1.6314203,1.8787885,13.56,-11.661543,3.0144396,0.0,0.09538596380861751,
4FGL J0058.3+1723,2,14.577,17.3884,125.26867,-45.452175,4.436212,4.626479e-11,1.898613e-11,7.467926e-13,2.5765086e-13,PowerLaw,1.5499533,0.19024163,13386.784,1.459931,0.33145162,0.28631657,0.19371063,0,bll,RX J00582+1723,0.99909914,0.97589636,bzcat,14.56991958618164,17.3870792388916,0.0045000000000000005,nan,-inf,HSP,34377.44,29070.98,1.9606e-07,8.9467086e-08,1.9952623e+16,1.0412452e-12,9.317845,0.0,10.0,52.02,BLL,19.758417,15.064000129699709,14.628999710083008,12.277999877929688,8.756999969482422,8.9,,,,,,,,,,,,0.435000419616701,2.3509998321533203,0.9493900066449128,-1.3968556187296444,-10.334749,-12.1268,0.6470123,0.9693155,16.3,-11.982447,4.126676,0.0,0.013257860168375045,
4FGL J0107.3-1210,1,16.826,-12.1827,137.68132,-74.5983,8.189365,1.9668438e-10,3.0963142e-11,2.3210962e-12,3.6002521e-13,PowerLaw,2.25801,0.113385156,1538.7838,2.224957,0.14701274,0.0717987,0.07620367,0,bll,PMN J0107-1211,0.9889879,0.0,at20g,16.799103725,-12.1898437944,4.0000000467443897e-07,RFC J0107-1211,-inf,ISP,321.23273,689.43695,2.9514783e-07,9.458385e-08,2.7227012e+14,6.808822e-13,17.535381,0.38520843,0.22647524,-inf,BLL,18.86119,14.020999908447266,13.472000122070312,11.04800033569336,8.491000175476074,59.5,,,,,,,,,,,,0.5489997863769531,2.423999786376953,1.7745169657285496,-1.3968556187296444,-9.70623,-11.634307,0.91325027,1.2439152,14.435,-12.166928,3.1871777,0.0,0.1218017196609885,
4FGL J0107.4+0334,2,16.8508,3.5691,130.69783,-59.061707,9.1226635,2.0904824e-10,3.112329e-11,2.4975827e-12,4.0810592e-13,PowerLaw,2.2774928,0.12925035,1906.1879,2.2807999,0.15132213,-0.0040036566,0.07553857,0,bll,PMN J0107+0333,0.9949987,0.81160575,rfc,16.869047164916992,3.5635008811950684,8.6e-07,nan,-inf,LSP,,,-inf,-inf,2.2908676e+13,2.3889826e-13,51.945957,0.85697,0.24898925,33.3111,BLL,18.89187,14.956000328063965,14.137999534606934,12.319000244140623,8.77299976348877,53.4,,21.461000442504883,21.10099983215332,20.645000457763672,20.270000457763672,19.701000213623047,19.9099,20.0788,18.8648,19.7116,19.2093,0.8180007934570312,1.8189992904663104,1.7275412570285564,-1.3968556187296444,-9.679753,-11.60248,0.96012163,1.7155517,13.36,-12.621787,3.2801657,0.0,0.5348601388771486,
4FGL J0112.8-7506,1,18.2049,-75.1024,301.0865,-41.94915,16.983377,3.7520337e-10,3.6389353e-11,3.1919122e-12,4.5390522e-13,LogParabola,2.0028696,0.07032178,2245.9766,1.8092372,0.13826649,0.12269259,0.06797692,0,bll,2MASS J01123146-7506179,0.9990996,0.0,whsp2,18.1307129875,-75.1049727278,8.50000014906982e-06,RFC J0112-7506,-inf,ISP,4886.819,1927.2445,4.348284e-07,5.5500777e-08,5.5590426e+14,8.4199596e-13,10.012219,0.0,10.0,23.4511,BLL,18.584408,14.18299961090088,13.482999801635742,11.347000122070312,8.647000312805176,,,,,,,,,,,,,0.6999998092651385,2.1359996795654297,2.3129159264174834,-1.3968556187296444,-9.425734,-11.495949,1.2300241,1.0005304,14.745,-12.07469,3.3514051,0.0,0.00741058196427981,
4FGL J0115.6+0356,1,18.9121,3.947,134.50613,-58.379635,37.572998,1.3945979e-09,6.8590154e-11,1.1700981e-11,7.975895e-13,LogParabola,2.0884812,0.03462478,1145.6415,1.9342734,0.05799331,0.10441003,0.03030381,0,bll,PMN J0115+0356,0.9994983,0.9521294,bzcat,18.9187986125,3.94536195278,2.200000039920269e-07,RFC J0115+0356,-inf,ISP,1569.4371,376.33456,1.5358305e-06,8.134356e-08,5.19996e+14,2.1100803e-12,23.175148,0.15979427,0.06544638,51.8623,BLL,17.604643,12.979000091552734,12.029999732971191,9.625,7.589000225067139,98.9,0.0318000018596649,17.468000411987305,16.999000549316406,16.731000900268555,16.524999618530273,16.31399917602539,18.0676,17.623,17.3945,17.0397,16.6392,0.949000358581543,2.4049997329711914,1.9951962915971795,-1.4975728546180145,-8.855551,-10.931778,1.5748758,1.3650225,14.716,-11.675701,3.0590487,0.0,0.03773743496975574,
4FGL J0116.0-2745,1,19.0032,-27.7589,220.94029,-84.51192,9.276239,1.6117332e-10,3.1459047e-11,1.8947107e-12,3.3611723e-13,PowerLaw,1.8726525,0.13499114,5287.555,1.6950252,0.20575829,0.15541875,0.12013461,0,bll,1RXS J011555.6-274428,0.9940654,0.90982276,whsp2,18.9811379958,-27.7421637861,4.200000148557592e-06,RFC J0115-2744,-inf,HSP,14104.513,9835.108,2.5263617e-07,6.516165e-08,1.9952623e+17,1.4331017e-12,18.401888,0.36507398,0.27670074,48.6335,BLL,18.605423,14.65999984741211,14.088000297546388,11.975000381469728,8.96399974822998,17.2,0.1430000066757202,,,,,,18.8739,18.8111,18.4705,18.5145,18.4028,0.5719995498657209,2.11299991607666,1.235528446907549,-0.8446639422606139,-9.7927065,-11.722457,0.96737194,1.2648624,17.3,-11.843723,3.723255,0.0,0.005371023353755265,
4FGL J0116.2-6153,1,19.06,-61.8947,297.84406,-54.987865,15.215453,2.5771546e-10,3.02733e-11,2.4574026e-12,3.5201567e-13,LogParabola,1.8865845,0.07593434,2501.4485,1.7280172,0.114727855,0.10183356,0.05949464,0,bll,SUMSS J011619-615343,0.99994475,0.8079768,bzcat,19.0817185458,-61.89542075,1.6999999843392288e-06,RFC J0116-6153,-inf,ISP,9509.5625,5664.229,3.3038964e-07,5.193823e-08,6.606935e+14,1.2087848e-12,13.116907,0.101409405,0.3598667,80.1763,BLL,18.44431,13.449999809265137,12.59000015258789,10.29699993133545,8.51099967956543,,0.010700000450015,,,,,,,,,,,0.8599996566772461,2.2930002212524414,2.3129159264174834,-1.9706162040494606,-9.58886,-11.609524,1.1822848,1.1178315,14.82,-11.917651,3.3981915,0.0,0.008641017265375887,
4FGL J0120.4-2701,1,20.1227,-27.0229,213.65465,-83.53282,85.348976,3.4171237e-09,9.1138125e-11,3.395587e-11,1.1842027e-12,LogParabola,1.9200784,0.016717331,1112.8629,1.8358262,0.02696458,0.047502995,0.010484255,0,bll,PKS 0118-272,0.9997211,0.9939917,bzcat,20.1319307583,-27.0235145972,1.199999957179898e-07,RFC J0120-2701,-inf,ISP,6264.9663,1741.2374,3.7112452e-06,1.3386595e-07,1.4125376e+14,8.024057e-12,43.229836,0.13638946,0.03891492,116.562,BLL,15.9418335,11.315999984741213,10.385000228881836,7.761000156402588,5.646999835968018,934.3,0.0658000037074089,,,,,,16.2887,15.9631,15.6468,15.4054,15.3081,0.9309997558593768,2.624000072479248,2.97048634884765,-1.1817740819163305,-8.466339,-10.469085,1.9311984,1.6357836,14.15,-11.095606,3.0464416,0.0,0.005388832123646593,
4FGL J0125.3-2548,1,21.3474,-25.8074,204.98271,-82.289444,23.190868,5.9771205e-10,4.5538864e-11,5.0555276e-12,5.0539325e-13,LogParabola,2.183534,0.05144937,1002.47723,2.0294244,0.0890877,0.11509298,0.047881104,0,bll,PKS 0122-260,0.9983353,0.94340515,bzcat,21.3284893792,-25.8178858333,1.3999999737279722e-07,RFC J0125-2549,-inf,LSP,882.1841,399.14413,7.188631e-07,5.4992036e-08,2.041738e+13,9.52557e-13,54.92162,0.47679877,0.12689565,14.8589,BLL,19.12756,14.071000099182127,13.015999794006348,10.145000457763672,7.869999885559082,165.7,0.0064799999818205,,,,,,19.1687,18.7934,18.6834,19.1672,18.3143,1.0550003051757795,2.870999336242676,2.219322508419337,-2.1884249953478103,-9.223508,-11.296233,1.365317,1.7397434,13.31,-12.021109,3.0010746,0.0,0.38292512911189364,
4FGL J0127.1+3310,1,21.78,33.1757,131.47441,-29.103487,6.216902,1.4812365e-10,3.1052622e-11,1.6476284e-12,3.4070742e-13,PowerLaw,2.0322185,0.14865813,3540.75,2.0299304,0.15578985,0.001682298,0.061987247,0,bll,NVSS J012656+330727,0.9890442,0.9479418,bllac,21.738300323486328,33.125,0.0044999998062849045,nan,-inf,ISP,0.4850033,165.77878,1.679049e-07,8.899699e-07,3.9810716e+14,3.198284e-13,8.51009,0.0,10.0,61.5531,BLL,19.447754,15.177000045776367,14.621000289916992,12.333000183105469,9.347999572753906,6.6,,,,,,,,,,,,0.555999755859375,2.2880001068115234,0.8195439355418687,-1.3968556187296444,-9.829375,-11.783141,0.793574,0.92993414,14.6,-12.495083,3.5490952,0.0,0.019447414488979773,
4FGL J0127.2+0324,1,21.8237,3.413,140.12785,-58.256546,16.280157,4.0785525e-10,3.9462315e-11,4.632018e-12,4.661967e-13,PowerLaw,1.943999,0.06993201,2657.2576,1.8577957,0.10564823,0.072691396,0.052020296,0,bll,NVSS J012713+032259,0.9753461,0.0,whsp2,21.8081496417,3.38349560556,3.6000000136482413e-07,RFC J0127+0323,-inf,HSP,7066.9663,4688.0903,4.920111e-07,6.974847e-08,3.4040818e+15,1.6295662e-12,103.738884,0.96952367,0.2313589,83.6748,BLL,17.925978,13.45400047302246,12.746999740600586,10.722000122070312,8.42300033569336,15.7,0.0608999989926815,17.736000061035156,17.440000534057617,17.159000396728516,16.964000701904297,16.80299949645996,17.6808,17.5759,17.291,17.0423,16.9553,0.7070007324218732,2.0249996185302734,1.1958996524092338,-1.215382714550587,-9.389494,-11.334229,1.2116586,2.0159416,15.532,-11.787928,3.4244337,0.0,0.024942014277061914,
4FGL J0127.3-0148,3,21.8421,-1.8001,143.2172,-63.247948,4.268115,1.0100371e-10,2.7188368e-11,1.1533336e-12,3.225909e-13,PowerLaw,2.193519,0.17322351,2320.4116,2.1904716,0.21244381,0.074665256,0.11449453,0,bll,FBQS J0127-0151,0.927687,0.0,bzcat,21.796119689941406,-1.8649400472640991,0.0045000000000000005,nan,-inf,ISP,648.0682,1541.3086,1.3443186e-07,5.0910753e-08,2.2387232e+14,4.4182065e-13,9.669441,0.0,10.0,-inf,BLL,19.18535423278809,14.496000289916992,13.69200038909912,11.0649995803833,8.432000160217285,15.9,,19.90800094604492,19.423999786376957,19.02199935913086,18.79700088500977,18.575000762939453,19.3645,18.9888,18.7034,18.277,18.1337,0.8039999008178729,2.6270008087158185,1.2013971243204515,-1.3968556187296444,-9.995663,-11.9380455,0.63023615,0.9854014,14.35,-12.354754,3.365565,0.0,0.1504571171607504,
4FGL J0129.7+3436,1,22.4486,34.6164,131.83041,-27.591726,10.026092,2.4156835e-10,3.61523e-11,1.6698523e-12,3.216923e-13,LogParabola,2.0157573,0.093808115,2255.3936,1.7408969,0.22100379,0.24944288,0.13157979,0,bll,TXS 0126+343,0.9959434,0.9019316,rfc,22.4311474792,34.6163089944,1.6999999843392288e-06,RFC J0129+3436,-inf,LSP,3791.2205,1257.65,2.983529e-07,5.4293935e-08,6.9984198e+13,3.434045e-13,9.644557,0.0,10.0,-inf,BLL,20.514032,14.604999542236328,13.645999908447266,11.131999969482422,9.105999946594238,89.2,,,,,,,,,,,,0.9589996337890625,2.5139999389648438,1.9503648543761232,-1.3968556187296444,-9.61696,-11.777322,1.0011317,0.98428226,13.845,-12.464194,3.3532224,0.0,0.017272837425890513,
4FGL J0132.8-4413,1,23.2077,-44.2239,279.65857,-70.986404,13.929928,2.7863448e-10,2.946903e-11,3.119171e-12,3.2323414e-13,PowerLaw,2.1314054,0.08328839,1823.9336,2.114639,0.09801666,0.015082857,0.046530828,0,bll,SUMSS J013306-441422,0.9905101,0.0,bzcat,23.2765218583,-44.2392775694,7.972524258548219e-07,RFC J0133-4414,-inf,ISP,40.79018,551.465,3.722313e-07,3.1700156e-07,4.6344694e+14,1.1277738e-12,9.41406,0.0,10.0,77.1281,BLL,18.14618,13.359000205993652,12.543999671936035,10.16800022125244,8.314000129699707,,0.0137999998405575,,,,,,,,,,,0.8150005340576172,2.3759994506835955,2.3129159264174834,-1.860120918616517,-9.554965,-11.50596,1.1439489,0.97377694,14.666,-11.947778,3.261009,0.0,0.03902802004048072,
4FGL J0134.5+2637,1,23.6272,26.6294,134.73314,-35.253414,27.406193,8.736424e-10,5.7302402e-11,7.988425e-12,7.005098e-13,LogParabola,1.920909,0.045189362,2233.2427,1.7423145,0.08378446,0.10805088,0.03889433,0,bll,RX J0134.4+2638,0.99905556,0.934782,bzcat,23.6174783083,26.6452809972,3.099999901223782e-07,RFC J0134+2638,-inf,HSP,7358.686,2275.7678,1.0696605e-06,9.763009e-08,4.786301e+15,4.4895728e-12,11.92357,0.05874756,0.19067422,242.259,BLL,17.579878,13.553999900817873,12.743000030517578,10.602999687194824,8.57699966430664,30.1,0.0873999968171119,17.729000091552734,17.31100082397461,16.957000732421875,16.68400001525879,16.468000411987305,18.2354,17.7424,17.4499,17.2077,16.8906,0.8109998703002947,2.140000343322754,1.4785664955938433,-1.0584885831815096,-9.058666,-11.097539,1.4378487,1.0764062,15.68,-11.347795,3.3489358,0.0,0.002613412456379225,
4FGL J0136.5+3906,1,24.1423,39.1,132.42177,-22.938679,102.22378,4.634184e-09,1.03228995e-10,5.1311958e-11,1.5339555e-12,LogParabola,1.7227784,0.01332883,1883.4265,1.5631831,0.023389084,0.084061995,0.009403865,512,bll,B3 0133+388,0.9999405,0.99699736,bllac,24.1358265417,39.0997772972,1.700000069604357e-07,RFC J0136+3905,-inf,HSP,25311.928,5390.3687,7.466218e-06,3.2266584e-07,1.1117318e+16,1.349693e-11,83.13328,0.19490844,0.047429387,250.61,BLL,15.679815,11.850000381469728,11.071999549865724,8.949999809265137,7.202000141143799,60.0,1.100000023841858,,,,,,15.841,15.8328,15.6839,15.2483,15.4486,0.7780008316040039,2.1219997406005877,1.7781512503836436,0.041392694571304324,-8.334026,-10.289782,2.009552,1.9197749,16.046,-10.869765,3.2749486,0.0,0.005501259014398773,
4FGL J0138.0+2247,1,24.5063,22.7962,136.75227,-38.822086,15.8031645,4.2741724e-10,4.2376356e-11,4.7992266e-12,4.778274e-13,PowerLaw,1.9796907,0.0722256,2920.2979,1.9613861,0.08474252,0.021602536,0.038494624,0,bll,GB6 J0138+2248,0.99879026,0.9208453,wise,24.5047722,22.8023813444,5.599999894911889e-07,RFC J0138+2248,-inf,HSP,7137.929,14279.793,4.5708174e-07,6.119262e-08,1.0964782e+15,1.1706417e-12,34.76974,0.48413482,0.1546916,67.8767,BLL,17.544535,13.805999755859377,13.07699966430664,11.112000465393066,8.979000091552734,41.7,,19.176000595092773,18.6879997253418,18.25900077819824,17.937000274658203,17.652999877929688,18.2739,17.8877,17.633,17.4812,17.2938,0.7290000915527362,1.9649991989135742,1.6201360549737576,-1.3968556187296444,-9.369148,-11.318829,1.198744,1.5412015,15.04,-11.931576,3.4654272,0.0,0.00503900428534191,
4FGL J0139.0+2601,1,24.7581,26.0298,136.10617,-35.62143,6.7977867,1.8507199e-10,3.227259e-11,2.5988836e-12,5.19379e-13,PowerLaw,2.4585195,0.13101807,1459.429,2.4372685,0.15852056,0.037212268,0.0780933,0,bll,WISE J013859.14+260015.7,0.98920655,0.88475937,rfc,24.7464383333,26.0043626861,6.999999868639861e-07,RFC J0138+2600,-inf,ISP,4.097894,54.01252,8.657355e-07,2.6325622e-06,1.0964782e+14,9.708206e-13,24.79726,0.51509243,0.2503699,-inf,BLL,18.542168,13.6899995803833,12.814000129699709,10.293999671936035,7.909999847412109,128.9,,19.96199989318848,19.382999420166016,18.69099998474121,18.253999710083008,17.930999755859375,18.5206,18.5016,18.0248,17.5727,17.3895,0.875999450683592,2.5200004577636737,2.110252917353403,-1.3968556187296444,-9.732659,-11.585213,0.83236754,1.3944037,14.04,-12.012861,3.164183,0.0,0.47634536204277317,
4FGL J0142.7-0543,1,25.6754,-5.7332,154.91122,-65.371185,6.882118,1.4195344e-10,2.5850546e-11,1.7903394e-12,3.309578e-13,PowerLaw,2.3490703,0.1358769,1402.5859,2.3386426,0.14892116,0.018959414,0.07355071,0,bll,PKS 0140-059,0.99835116,0.9659322,bzcat,25.661988325,-5.73376685278,4.999999987376214e-07,RFC J0142-0544,-inf,LSP,0.18550918,6.6248555,7.9527337e-07,4.9247697e-06,4.365158e+13,1.0525822e-12,20.352436,0.594958,0.27413055,12.5944,BLL,18.192745,13.288000106811523,12.394000053405762,9.892999649047852,7.802000045776367,456.0,,19.277999877929688,18.78700065612793,18.35400009155273,17.993999481201172,17.7450008392334,18.4234,18.4137,18.115,17.7527,17.5258,0.8940000534057617,2.50100040435791,2.6589648426644352,-1.3968556187296444,-9.847854,-11.747065,0.8377221,1.3086164,13.64,-11.977744,3.1469295,0.0,0.2847510172060831,
4FGL J0143.7-5846,1,25.948,-58.7718,290.4591,-57.070656,43.696743,1.0895597e-09,5.029785e-11,1.1961156e-11,6.8853945e-13,LogParabola,1.8377019,0.030036796,1639.2999,1.7638471,0.04685651,0.036367968,0.017174125,0,bll,SUMSS J014347-584550,0.99995816,0.85978067,bzcat,25.9476273708,-58.7642713722,7.700000423938036e-06,RFC J0143-5845,-inf,HSP,42139.48,48911.297,1.4860585e-06,1.7288015e-07,3.801894e+16,9.212978e-12,73.00961,0.3701676,0.09213051,154.092,BLL,16.738436,13.4399995803833,12.77299976348877,10.69499969482422,8.869999885559082,,0.5640000104904175,,,,,,,,,,,0.6669998168945312,2.078000068664549,2.3129159264174834,-0.24872088793876693,-8.962749,-10.922227,1.640449,1.8633801,16.58,-11.0356,3.2146585,0.0,0.006166910980701566,
4FGL J0144.6+2705,1,26.1502,27.0899,137.27614,-34.296703,110.25312,6.1470766e-09,1.2011488e-10,5.542263e-11,1.2381135e-12,LogParabola,2.1271484,0.012145126,806.71155,2.0222726,0.019987557,0.08457923,0.009312352,0,bll,TXS 0141+268,0.99968964,0.9610755,bllac,26.1398077042,27.0841995083,1.3999999737279722e-07,RFC J0144+2705,-inf,LSP,707.1894,87.33268,7.3856654e-06,1.3854617e-07,1.2882495e+13,1.0595245e-11,327.11932,0.26877084,0.059400056,83.6306,BLL,18.50672,12.199999809265137,11.131999969482422,8.343999862670898,6.126999855041504,216.6,0.0049999998882412,22.322999954223636,20.8129997253418,19.479999542236328,18.667999267578125,18.010000228881836,19.6438,18.9997,18.0457,17.8041,16.7024,1.0679998397827148,2.7880001068115234,2.3356584522893016,-2.3010300053712274,-8.211331,-10.256313,2.0423908,2.5147061,13.11,-10.974889,2.9067183,0.0,0.27470867940550703,
4FGL J0146.0-6746,1,26.5182,-67.7748,295.18152,-48.52304,19.08131,4.2476095e-10,3.5932084e-11,3.4629593e-12,4.052446e-13,LogParabola,2.0984325,0.059999168,1396.1937,1.9353739,0.09997196,0.117002994,0.053014364,0,bll,SUMSS J014554-674646,0.99797994,0.81945413,at20g,26.478370666503906,-67.78031158447266,0.0044999998062849045,nan,-inf,ISP,1840.2893,712.3541,4.6668126e-07,4.3826645e-08,8.609938e+14,2.30238e-12,49.807453,0.58995825,0.15616919,195.286,BLL,17.091526,12.961000442504885,12.1899995803833,9.690999984741213,7.506999969482422,,,,,,,,,,,,,0.7710008621215838,2.498999595642088,2.3129159264174834,-1.3968556187296444,-9.371856,-11.460552,1.2806082,1.6972944,14.935,-11.637823,3.1449456,0.0,0.02242731988436585,
4FGL J0153.0+7517,1,28.2527,75.2885,126.897255,12.892864,16.05882,4.301833e-10,4.2794927e-11,4.78626e-12,4.6640074e-13,PowerLaw,2.0297077,0.072299264,3892.1658,2.0176196,0.08219865,0.018005043,0.03935957,0,bll,1RXS J015308.4+751756,0.99988264,0.9762909,bllac,28.2807570917,75.2952572528,1.2000000424450263e-06,RFC J0153+7517,-inf,HSP,2386.1257,6798.2676,4.4456877e-07,4.8288584e-08,7.943282e+15,3.9575188e-12,13.158039,0.17482384,0.18054718,156.109,BLL,18.655273,13.920000076293944,13.130999565124512,11.347999572753906,9.116999626159668,21.2,,,,,,,19.0406,18.0888,18.0584,17.7284,17.5159,0.7890005111694318,1.7829999923706055,1.3263358609287514,-1.3968556187296444,-9.366346,-11.3200035,1.2057136,1.1191912,15.9,-11.402577,3.5901914,0.0,0.008625084708493233,
4FGL J0155.0+4433,1,28.7683,44.5577,134.70755,-16.854156,18.055126,5.6016314e-10,4.6940972e-11,3.696418e-12,4.0485055e-13,LogParabola,2.1975346,0.05679596,1233.5527,1.9368434,0.11721631,0.25911975,0.07802913,0,bll,GB6 J0154+4433,0.997203,0.0,bllac,28.7269459083,44.5605450722,1.700000069604357e-07,RFC J0154+4433,-inf,ISP,1393.4268,288.02045,6.8317877e-07,6.3799895e-08,1.9952623e+14,1.2344571e-12,21.10864,0.2467429,0.115180984,37.3285,BLL,18.486835,13.187000274658203,12.24899959564209,9.970000267028809,7.909999847412109,37.1,,,,,,,18.932,18.7932,18.2463,17.2661,17.9317,0.9380006790161133,2.2789993286132812,1.5693739096150459,-1.3968556187296444,-9.251685,-11.432219,1.2566005,1.3244603,14.3,-11.908524,3.0911577,0.0,0.08583277270917837,
4FGL J0156.9-5301,1,29.2328,-53.0308,282.20322,-61.38199,25.458094,5.0290283e-10,3.899581e-11,5.7130546e-12,5.39783e-13,LogParabola,1.764674,0.04991803,2599.0706,1.5976335,0.089126065,0.08202842,0.036944147,0,bll,1RXS J015658.6-530208,0.9997793,0.98727393,bzcat,29.241670608520508,-53.033329010009766,0.0044999998062849045,nan,-inf,HSP,30197.469,23283.883,8.527199e-07,1.2146822e-07,1.8197008e+18,7.822291e-12,47.38398,0.47137323,0.13241886,125.672,BLL,18.345894,13.904000282287598,13.20400047302246,11.107999801635742,8.821999549865723,,,,,,,,,,,,,0.6999998092651385,2.096000671386717,2.3129159264174834,-1.3968556187296444,-9.298516,-11.243132,1.4058259,1.6756315,18.26,-11.106666,3.414818,0.0,0.0028202708044662438,
4FGL J0158.5-3932,1,29.646,-39.5358,258.83246,-71.33312,27.912975,7.3106726e-10,4.7187768e-11,6.9025363e-12,5.388997e-13,LogParabola,2.0989726,0.042773735,1019.09204,2.0105302,0.06465306,0.05679991,0.028662043,0,bll,PMN J0158-3932,0.9998677,0.96601623,bllac,29.658777575,-39.5343886833,2.7000000955013093e-06,RFC J0158-3932,-inf,ISP,928.87286,572.5154,8.0879164e-07,5.2461214e-08,5.821032e+14,2.1531089e-12,59.487907,0.4253452,0.1098673,39.5802,BLL,17.111843,12.651000022888184,11.75,9.354999542236328,7.334000110626221,131.7,0.0557000003755092,,,,,,,,,,,0.9010000228881836,2.395000457763672,2.119585774961784,-1.2541448018984152,-9.136043,-11.160992,1.4458061,1.7744287,14.765,-11.666934,3.0082135,0.0,0.050606370389763615,
4FGL J0159.7-2740,1,29.9471,-27.6736,218.93056,-74.831764,18.8912,4.0918208e-10,3.4627672e-11,4.549692e-12,3.7898238e-13,PowerLaw,2.0867856,0.061501347,1614.3691,2.048156,0.077666916,0.045033153,0.039539523,0,bll,PMN J0159-2739,0.99960667,0.93776697,bzcat,29.93064925,-27.6772942278,3.700000092976552e-07,RFC J0159-2740,-inf,ISP,945.79474,1080.7397,4.6511676e-07,4.398503e-08,6.606935e+14,2.1894951e-12,20.110079,0.26548237,0.1224419,52.9679,BLL,17.602478,12.88700008392334,12.036999702453612,9.611000061035156,7.685999870300293,102.4,0.0185000002384185,,,,,,17.509,17.184,17.2967,16.8682,16.8262,0.8500003814697283,2.4259996414184553,2.010299956639812,-1.732828266000022,-9.388083,-11.342018,1.2762595,1.3034137,14.82,-11.659656,3.2080028,0.0,0.025184478265635076,
4FGL J0202.7+4204,1,30.6862,42.0714,136.82762,-18.868233,10.211323,2.67541e-10,3.393718e-11,3.0081226e-12,3.8353833e-13,PowerLaw,2.1489131,0.09147459,2100.8333,2.061106,0.13590187,0.10243976,0.076567955,0,bll,B3 0159+418,0.9989377,0.9187261,bllac,30.6818887542,42.0878703222,1.1000000199601345e-07,RFC J0202+4205,-inf,LSP,1559.0574,1238.6396,3.2629313e-07,4.791201e-08,1.0964782e+13,4.332355e-12,38.51214,0.6543083,0.19744043,15.9147,BLL,19.276182,12.569000244140623,11.480999946594238,8.704000473022461,6.383999824523926,166.5,,,,,,,19.5047,19.2884,18.8882,18.4363,17.7734,1.088000297546385,2.7769994735717773,2.2214142378423385,-1.3968556187296444,-9.57261,-11.521705,1.009082,1.5855976,13.04,-11.363276,3.3223915,0.0,0.5570437841737677,
4FGL J0203.6+7233,1,30.9114,72.553,128.353,10.445589,12.105148,4.9960586e-10,5.3187676e-11,6.0742006e-12,8.0842294e-13,PowerLaw,2.3026557,0.084723115,2720.5227,2.278894,0.109022796,0.03081107,0.054656036,0,bll,S5 0159+723,0.9998857,0.96840817,bllac,30.889104025,72.5482409278,6.799999852091787e-08,RFC J0203+7232,-inf,LSP,29.450375,263.05478,9.400644e-07,1.2736014e-06,1.0964782e+13,4.8947218e-12,31.071226,0.51349413,0.16354096,30.7561,BLL,18.555023,11.211000442504885,10.54699993133545,8.079000473022461,5.859000205993652,229.3,0.0074499999172985,,,,,,19.5456,18.7206,17.9776,17.2527,16.7342,0.6640005111694354,2.4679994583129883,2.3604040547299387,-2.127843732072755,-9.301373,-11.216511,1.0829701,1.4923584,13.04,-11.310272,3.4346523,0.0,0.5311508373377123,
4FGL J0208.3-6838,1,32.0985,-68.6409,292.8072,-46.945667,14.23209,2.8520158e-10,2.827407e-11,3.3808308e-12,3.3298516e-13,PowerLaw,2.265303,0.08439645,1566.7412,2.2925813,0.07709162,-0.034047857,0.029857554,0,bll,PKS 0206-688,0.99130625,0.91198725,bzcat,31.9622153,-68.6319894806,3.700000092976552e-07,RFC J0207-6837,-inf,LSP,,,-inf,-inf,6.456542e+13,8.0220433e-13,17.888418,0.17858462,0.16453423,57.4854,BLL,18.421413,13.847000122070312,12.852999687194824,10.09000015258789,7.820000171661377,,0.0077200001105666,,,,,,,,,,,0.9940004348754883,2.7629995346069336,2.3129159264174834,-2.1123826934442556,-9.544848,-11.470977,1.1532687,1.252572,13.81,-12.095715,3.1949973,0.0,0.10370308873295714,
4FGL J0208.5-0046,1,32.135,-0.7768,161.20778,-57.80094,10.673872,2.4388147e-10,3.1772324e-11,2.822761e-12,3.5709353e-13,PowerLaw,2.2229943,0.10642649,1590.007,2.216923,0.118182026,0.0038943451,0.05094372,0,bll,PKS 0205-010,0.99720234,0.9583238,bzcat,32.1097746083,-0.79563715,1.500000053056283e-07,RFC J0208-0047,-inf,LSP,,,-inf,-inf,1.6904409e+13,6.6491176e-13,9.493491,0.0,10.0,23.4223,BLL,20.479202,14.401000022888184,13.333999633789062,10.473999977111816,7.849999904632568,578.8,,21.09199905395508,20.63599967956543,20.106000900268555,19.701000213623047,19.30599975585937,20.7531,20.2449,19.9199,19.5668,19.2821,1.067000389099121,2.859999656677246,2.762528522447,-1.3968556187296444,-9.612822,-11.549326,1.028322,0.97742593,13.228,-12.177236,3.201399,0.0,0.33076770156418006,
4FGL J0209.3+4449,1,32.3439,44.8301,137.16905,-15.876336,14.709415,3.208231e-10,3.6298707e-11,3.8482217e-12,4.2805166e-13,PowerLaw,1.8409709,0.07761818,4410.21,1.7915814,0.10795457,0.042210285,0.054405097,0,bll,1RXS J020917.6+444951,0.99963146,0.9869617,whsp2,32.3213703708,44.8295447972,6.399999961104186e-07,RFC J0209+4449,-inf,HSP,52077.598,138445.58,4.8521383e-07,1.2458246e-07,2.2908677e+16,4.95675e-12,23.60499,0.37151977,0.16020769,82.673,BLL,18.495695,13.970999717712402,13.454999923706056,11.803999900817873,8.972000122070312,28.8,1.090000033378601,,,,,,18.5298,18.303,18.033,17.8724,17.8465,0.5159997940063459,1.6510000228881836,1.4593924877592308,0.037426511239836514,-9.493734,-11.41474,1.1675954,1.3730038,16.36,-11.304803,3.6444592,0.0,0.0024114037599944097,
4FGL J0219.0+2443,1,34.7734,24.7324,147.06609,-33.998367,14.433923,3.3590905e-10,3.9684582e-11,3.8368093e-12,4.4174652e-13,PowerLaw,1.9295958,0.07884304,3881.1377,1.9224851,0.08537771,0.013231225,0.03709201,0,bll,87GB 021610.9+243205,0.997787,0.0,bzcat,34.7516942792,24.7557181583,4.199999921183917e-07,RFC J0219+2445,-inf,HSP,72629.21,583021.6,4.0102296e-07,1.2969478e-07,2.660725e+15,2.7449536e-12,13.900582,0.17277744,0.2446782,57.3089,BLL,17.55767,13.201000213623049,12.322999954223633,10.241000175476074,8.053000450134277,49.1,,,,,,,17.7393,17.3286,16.5182,16.9398,16.6787,0.8780002593994158,2.0819997787475586,1.6910814921229684,-1.3968556187296444,-9.473779,-11.41603,1.1593844,1.143033,15.425,-11.561465,3.588959,0.0,0.003153557517552717,
4FGL J0219.5+0724,1,34.8914,7.4064,157.79947,-49.405552,5.165577,1.4426396e-10,3.195306e-11,1.755092e-12,4.6442017e-13,PowerLaw,2.3035402,0.18236458,2271.5872,2.299811,0.18748936,-0.004494597,0.0735583,0,bll,GB6 J0219+0727,0.8712908,0.0,crates,34.8570233292,7.45955243889,3.0157332275848603e-07,RFC J0219+0727,-inf,LSP,,,-inf,-inf,2.5118865e+13,6.8741974e-13,20.165115,0.45659575,0.44647232,31.775,BLL,19.306625,13.94200038909912,12.934000015258787,10.286999702453612,8.211000442504883,87.3,,20.4379997253418,19.86599922180176,19.35400009155273,18.972999572753903,18.57699966430664,19.7743,19.4869,19.1924,18.6765,18.2978,1.008000373840332,2.647000312805176,1.9410142437055697,-1.3968556187296444,-9.840842,-11.7557,0.71311885,1.3046007,13.4,-12.162778,3.3563294,0.0,0.3728984978886429,
4FGL J0224.0-7941,1,36.0056,-79.6934,297.9118,-36.515594,11.795734,2.766323e-10,3.1556098e-11,3.3503144e-12,3.9886906e-13,PowerLaw,2.2972975,0.09304414,1640.8434,2.3070908,0.089213185,-0.017435746,0.03827057,0,bll,PMN J0223-7940,0.9916354,0.9173541,at20g,35.912540435791016,-79.67057800292969,0.0044999998062849045,nan,-inf,LSP,,,-inf,-inf,9.660509e+13,1.2101439e-12,21.848967,0.36170235,0.1705639,30.3882,BLL,17.902561,13.173999786376951,12.239999771118164,9.95400047302246,7.664999961853027,,,,,,,,,,,,,0.9340000152587873,2.285999298095705,2.3129159264174834,-1.3968556187296444,-9.558097,-11.474915,1.071725,1.3394309,13.985,-11.917163,3.2150671,0.0,0.11780572323343245,
4FGL J0226.5-4441,1,36.6481,-44.6859,261.87213,-64.112724,15.231954,3.1932448e-10,3.6659085e-11,3.640272e-12,4.0591643e-13,PowerLaw,1.9343277,0.08181183,3848.9907,1.8337321,0.117423944,0.104344085,0.06530883,0,bll,RBS 0318,0.9997597,0.9694506,bzcat,36.6619926417,-44.689561925,2.499999936844688e-05,RFC J0226-4441,-inf,HSP,8538.108,4670.9453,4.0846922e-07,6.282793e-08,5.7543993e+16,2.003895e-12,29.50971,0.54264635,0.18495063,120.498,BLL,18.707727,14.473999977111816,13.812000274658203,12.06999969482422,8.87600040435791,,0.231000006198883,,,,,,,,,,,0.6619997024536133,1.7420005798339826,2.3129159264174834,-0.6363880084535671,-9.495768,-11.438866,1.1827557,1.469965,16.76,-11.698125,3.585347,0.0,0.0026605111377136954,
4FGL J0232.9+2608,1,38.2481,26.137,149.73553,-31.395737,8.360025,1.8827925e-10,3.42699e-11,2.1233065e-12,3.7135605e-13,PowerLaw,1.9645083,0.12410499,4071.8472,1.8844153,0.18308888,0.07966425,0.09118488,0,bll,B2 0230+25,0.9952476,0.86690813,wise,38.2348469667,26.1619319889,1.0999999631167157e-06,RFC J0232+2609,-inf,ISP,8411.049,8601.375,2.3134311e-07,5.447558e-08,3.0199516e+14,7.633206e-13,9.972031,0.0,10.0,16.8468,BLL,18.427298,14.119000434875488,13.270999908447266,10.916000366210938,8.602999687194824,97.7,,19.40800094604492,18.98900032043457,18.599000930786133,18.26799964904785,18.090999603271484,18.9224,18.5768,18.2325,18.0666,18.2785,0.8480005264282227,2.354999542236328,1.989894563718773,-1.3968556187296444,-9.725198,-11.672987,0.9222076,0.9987836,14.48,-12.117293,3.6097915,0.0,0.007838788306812602,
4FGL J0241.0-0505,1,40.2509,-5.0943,177.65056,-55.850353,10.885256,2.8911415e-10,3.8439738e-11,1.9978058e-12,3.7352765e-13,LogParabola,2.1528723,0.09716353,1711.9299,2.0124075,0.15531696,0.21157376,0.10869773,0,bll,PKS 0238-052,0.998257,0.93389195,bllac,40.2340531667,-5.07838941111,1.3999999737279722e-07,RFC J0240-0504,-inf,LSP,1662.4619,645.2775,3.3627836e-07,5.0482292e-08,4.786301e+13,9.972637e-13,7.507033,0.0,10.0,-inf,BLL,19.493637,14.017999649047852,12.991000175476074,10.020000457763672,7.413000106811523,237.0,,19.76099967956543,19.18600082397461,18.64699935913086,18.304000854492188,17.969999313354492,20.1628,19.623,18.9994,18.9263,18.6778,1.0269994735717773,2.9709997177124023,2.374748346010104,-1.3968556187296444,-9.538931,-11.699447,1.0368387,0.8754683,13.68,-12.00119,3.233486,0.0,0.06364256408458377,
4FGL J0243.4+7119,1,40.8679,71.3249,131.72546,10.391743,27.28886,1.2331856e-09,6.8546634e-11,1.00255255e-11,8.271539e-13,LogParabola,2.1327574,0.03998052,2024.002,2.0102859,0.06243241,0.11831028,0.034809034,0,bll,S5 0238+711,0.9998172,0.957626,bllac,40.8787138333,71.3383066722,1.199999957179898e-07,RFC J0243+7120,-inf,LSP,1937.904,545.0668,1.3527516e-06,8.3968516e-08,1.5135613e+13,2.074235e-12,188.99852,0.7729023,0.17414568,39.3084,BLL,18.781643,12.901000022888184,11.878999710083008,9.352999687194824,6.956999778747559,210.9,0.0036899999249726,,,,,,19.2536,19.9557,18.4177,18.179,17.4132,1.0220003128051758,2.5260000228881836,2.3240765797394864,-2.4329736426712882,-8.908972,-10.998893,1.4359853,2.2764585,13.18,-11.683142,3.306211,0.0,0.3958475295520946,
4FGL J0245.1-0257,1,41.2914,-2.955,176.21965,-53.620575,16.77633,4.1747467e-10,3.8615867e-11,4.648312e-12,4.3492396e-13,PowerLaw,2.023165,0.067885965,2284.0105,1.9603109,0.09208738,0.07472282,0.047833286,0,bll,PMN J0245-0255,0.97752833,0.0,wise,41.3317917583,-2.94115907222,1.3000000080864993e-06,RFC J0245-0256,-inf,LSP,2978.7625,1689.4435,4.7452724e-07,5.3871112e-08,7.12853e+13,9.782301e-13,48.745308,0.63684213,0.17359772,45.9837,BLL,18.253435,13.597999572753906,12.616000175476074,10.02299976348877,7.739999771118164,73.3,,17.67099952697754,17.222000122070312,16.87700080871582,16.60300064086914,16.368000030517578,19.064,18.6146,18.2846,18.0539,17.7032,0.981999397277832,2.5930004119873047,1.865103974641128,-1.3968556187296444,-9.37937,-11.332705,1.224697,1.6879328,13.853,-12.009559,3.3586981,0.0,0.011057294342091658,
4FGL J0258.1+2030,1,44.5422,20.5137,159.00262,-33.335243,8.469477,4.3291518e-10,6.591759e-11,3.0256095e-12,5.7899795e-13,LogParabola,2.116459,0.09036369,2577.9336,1.9845414,0.16858429,0.20632155,0.10192822,0,bll,MG3 J025805+2029,0.99856764,0.922397,bzcat,44.5304559125,20.5004389361,1.700000069604357e-07,RFC J0258+2030,-inf,LSP,2676.341,1068.729,4.976396e-07,8.261114e-08,2.7861212e+13,2.2511218e-12,30.838726,0.7160392,0.24589641,31.9301,BLL,19.738085,12.93000030517578,11.946999549865724,9.520000457763672,7.454999923706055,98.1,0.0024399999529123,22.822999954223636,20.82200050354004,19.33300018310547,18.447999954223636,17.777999877929688,21.1351,19.9185,18.9924,18.4963,18.0865,0.983000755310055,2.4269990921020526,1.9916690073799486,-2.612610182042389,-9.363597,-11.519187,0.92785656,1.4890964,13.445,-11.647601,3.4112718,0.0,0.15515317835733153,
4FGL J0304.9-0606,1,46.2258,-6.1107,185.49445,-51.962585,7.023096,1.9614112e-10,3.3355055e-11,2.2901791e-12,3.8277305e-13,PowerLaw,2.239606,0.12332973,1577.5504,2.0925856,0.22422983,0.16633657,0.1549114,0,bll,PMN J0304-0608,0.9977226,0.8030783,bzcat,46.2523485833,-6.128194625,2.399999914359796e-07,RFC J0305-0607,-inf,ISP,1194.306,1022.7207,2.6792642e-07,5.295007e-08,1.840772e+14,6.297657e-13,22.14525,0.50167453,0.25744253,22.2557,BLL,19.089788,14.22599983215332,13.218000411987305,10.539999961853027,8.581000328063965,71.9,,19.851999282836918,19.28300094604492,18.799999237060547,18.450000762939453,18.184999465942383,19.6202,19.1174,18.7425,18.4254,18.2707,1.0079994201660156,2.6780004501342773,1.8567288903828827,-1.3968556187296444,-9.707432,-11.640131,0.8465286,1.3452806,14.265,-12.200821,3.1979833,0.0,0.12485751262451991,
4FGL J0309.7-0745,1,47.4326,-7.7655,188.81047,-51.972042,13.347496,3.5703374e-10,3.944664e-11,3.9787214e-12,4.4247746e-13,PowerLaw,2.0168285,0.08007011,2528.3945,1.9468606,0.11956697,0.064777724,0.06719769,0,bll,NVSS J030943-074427,0.99904084,0.9218371,bzcat,47.4301745083,-7.74096815278,3.899999967416079e-07,RFC J0309-0744,-inf,HSP,3810.4688,2912.0002,4.0198273e-07,6.12026e-08,1.2589254e+15,2.2029214e-12,19.42658,0.37090462,0.16517913,37.7502,BLL,18.208462,13.225000381469728,12.5,10.321000099182127,8.26200008392334,81.4,0.0057799997739493,18.542999267578125,18.011999130249023,17.424999237060547,17.06800079345703,16.81800079345703,17.5691,17.451,17.3884,17.0217,16.9026,0.7250003814697283,2.178999900817873,1.9106244048892012,-2.2380721785643454,-9.44729,-11.400256,1.1253998,1.2883964,15.1,-11.657001,3.402845,0.0,0.007056298459416126,
4FGL J0310.6-5017,1,47.6544,-50.2901,263.63104,-54.858116,18.744373,3.2138664e-10,3.1878118e-11,4.0476225e-12,4.2078157e-13,PowerLaw,1.7773553,0.066124365,4257.7827,1.7270555,0.088896774,0.041234195,0.04082262,0,bll,1RXS J031036.0-501615,0.9989776,0.8199091,rfc,47.6446997292,-50.2753148972,6.8999997893115506e-06,RFC J0310-5016,-inf,HSP,116563.336,332129.47,6.0170237e-07,2.0654547e-07,1.216186e+16,1.6396758e-12,36.387405,0.566789,0.16537449,77.2608,BLL,17.857094,13.770999908447266,13.13700008392334,11.104000091552734,8.645999908447266,,0.1430000066757202,,,,,,,,,,,0.6339998245239258,2.0329999923706055,2.3129159264174834,-0.8446639422606139,-9.492972,-11.3928,1.2728709,1.5609511,16.085,-11.785242,3.6291835,0.0,0.0040254975943307715,
4FGL J0312.5-2221,1,48.1385,-22.3553,212.31416,-57.711533,18.666159,3.7937034e-10,3.830324e-11,3.3632706e-12,4.4496928e-13,LogParabola,1.8749244,0.066137746,2412.9504,1.6167675,0.13772202,0.16206923,0.0685121,0,bll,NVSS J031235-222118,0.9991824,0.888991,rfc,48.1487816667,-22.3547548444,2.100000074278796e-06,RFC J0312-2221,-inf,HSP,7870.8105,2706.1252,5.1854005e-07,7.263902e-08,2.2908677e+16,1.3871422e-12,17.470324,0.27345693,0.15320212,28.6691,BLL,18.494526,14.256999969482422,13.661999702453612,11.621999740600586,9.37600040435791,31.2,,,,,,,18.3275,18.2782,18.0459,17.7582,17.8822,0.5950002670288104,2.0399999618530256,1.4941545940184429,-1.3968556187296444,-9.420937,-11.473238,1.271055,1.242301,16.36,-11.857879,3.3825483,0.0,0.004235997744673648,
4FGL J0314.3-5103,1,48.5929,-51.055,264.312,-53.97392,27.952936,6.547027e-10,3.9258884e-11,7.2727046e-12,4.344771e-13,PowerLaw,2.0676782,0.044500202,1694.2805,2.0279455,0.057493743,0.038907073,0.027202725,0,bll,PMN J0314-5104,0.9988533,0.93207735,bzcat,48.607097175,-51.0754337083,9.999999974752427e-07,RFC J0314-5104,-inf,LSP,1183.085,1048.6793,7.226148e-07,4.7222887e-08,6.3826347e+13,1.3518173e-12,31.247826,0.2708717,0.08957195,45.7688,BLL,18.181263,13.364999771118164,12.383999824523926,9.75,7.630000114440918,,0.0204000007361173,,,,,,,,,,,0.9809999465942383,2.633999824523926,2.3129159264174834,-1.6903698169029406,-9.183956,-11.138304,1.4464275,1.4948198,13.805,-11.869082,3.2289853,0.0,0.015508727683470603,
4FGL J0316.2-6437,1,49.0535,-64.6278,281.55563,-46.03505,28.296335,5.7899385e-10,4.0034295e-11,6.133333e-12,5.2812567e-13,LogParabola,1.8031664,0.04513998,2471.3333,1.6333311,0.07991757,0.09105892,0.033727728,0,bll,SUMSS J031614-643732,0.9999253,0.80118096,bzcat,49.0597178333,-64.6254042083,3.2000000373955118e-06,RFC J0316-6437,-inf,HSP,18506.44,9639.861,8.6762174e-07,9.663776e-08,1.0715193e+16,1.612683e-12,16.908121,0.17311811,0.108651005,201.472,BLL,17.97951,13.83899974822998,13.140000343322754,10.527000427246094,8.520999908447266,,0.2049999982118606,,,,,,,,,,,0.6989994049072266,2.61299991607666,2.3129159264174834,-0.6882461427324363,-9.237326,-11.212303,1.4517303,1.2280953,16.03,-11.792451,3.3929312,0.0,0.0019052405696070801,
4FGL J0321.7-7500,3,50.4345,-75.0041,291.29504,-38.533207,6.3120027,1.5381561e-10,2.7102e-11,2.0662907e-12,3.7993756e-13,PowerLaw,2.4166832,0.12974147,1313.8236,2.3912184,0.15472777,0.039617773,0.07773893,0,bll,PMN J0320-7500,0.9931028,0.0,bzcat,50.217498779296875,-75.01058197021484,0.0045000000000000005,nan,-inf,HSP,9.42425,98.02459,5.412662e-07,1.1638432e-06,1e+17,1.1337727e-11,13.300089,0.30029032,0.35342976,-inf,BLL,20.640552520751957,12.583999633789062,12.305999755859377,10.060999870300291,8.20199966430664,,,,,,,,,,,,,0.2779998779296857,2.2449998855590856,2.3129159264174834,-1.3968556187296444,-9.813,-11.684809,0.8001672,1.1238545,17.0,-10.945474,3.118537,0.0,0.29549150481917097,
4FGL J0322.0+2335,1,50.5021,23.5993,162.09285,-27.596306,36.455147,1.4066979e-09,6.684407e-11,1.5829919e-11,7.7155063e-13,PowerLaw,1.9716777,0.035610143,2611.387,1.9486643,0.04365367,0.020442292,0.019517934,0,bll,MG3 J032201+2336,0.99997073,0.9709577,bllac,50.4998762875,23.6031133722,1.5999999902760464e-07,RFC J0321+2336,-inf,HSP,9166.037,10496.515,1.5186346e-06,1.0881365e-07,8.317638e+15,7.393686e-12,15.568618,0.10192051,0.08336268,122.589,BLL,16.928205,12.687000274658203,11.904999732971191,9.788999557495115,7.538000106811523,76.2,0.1829999983310699,,,,,,17.2389,16.9457,16.5683,16.5244,16.3486,0.7820005416870117,2.116000175476076,1.8819549713396004,-0.7375489142302654,-8.851799,-10.800521,1.5617589,1.19225,15.92,-11.131139,3.4168713,0.0,0.004817978688417237,
4FGL J0328.8-5715,1,52.2211,-57.2591,271.34875,-49.08596,6.6084285,9.297298e-11,2.276789e-11,1.1343384e-12,2.5631323e-13,PowerLaw,1.8171139,0.14877737,5798.3022,1.3970647,0.47570118,0.33998752,0.28750736,0,bll,WISEA J032852.69-571605.5,0.99746454,0.8114032,whsp2,52.21954345703125,-57.26819610595703,0.008999999612569809,nan,-inf,HSP,14073.13,6356.964,1.9626684e-07,7.015072e-08,3.801894e+16,1.356863e-12,6.9168153,0.0,10.0,39.1773,BLL,19.216078,14.92199993133545,14.407999992370604,11.984999656677246,8.937999725341797,,,,,,,,,,,,,0.5139999389648455,2.4230003356933576,2.3129159264174834,-1.3968556187296444,-10.031643,-11.945257,0.8200982,0.83990616,16.58,-11.867464,3.763301,0.0,0.007181978711171002,
4FGL J0331.3-6156,1,52.8438,-61.9365,276.97458,-46.318047,27.740828,7.192067e-10,4.506663e-11,6.4887123e-12,5.271455e-13,LogParabola,1.9921678,0.04261096,1529.8168,1.8605181,0.0703436,0.08042884,0.031507716,0,bll,PMN J0331-6155,0.9989373,0.9699499,whsp2,52.82699966430664,-61.92464065551758,0.0044999998062849045,nan,-inf,HSP,3641.012,1202.9568,7.7770596e-07,6.012684e-08,4.466836e+15,4.461943e-12,42.909195,0.38277367,0.10654678,401.015,BLL,17.831472,13.02299976348877,12.368000030517578,10.260000228881836,8.336000442504883,,,,,,,,,,,,,0.6549997329711914,2.107999801635742,2.3129159264174834,-1.3968556187296444,-9.1431465,-11.187841,1.4431194,1.6325504,15.65,-11.350476,3.1846395,0.0,0.010426603060279729,
4FGL J0333.7+2916,1,53.4468,29.2711,160.5221,-21.50749,36.124107,1.5127504e-09,7.535198e-11,1.3021879e-11,8.7009414e-13,LogParabola,1.9574165,0.033994257,2039.2612,1.7802485,0.061616655,0.118904635,0.029822167,0,bll,TXS 0330+291,0.99991876,0.9765182,bzcat,53.4541821042,29.2754303194,1.700000069604357e-07,RFC J0333+2916,-inf,HSP,5137.9478,1034.3483,1.7595481e-06,1.13871266e-07,1.2589254e+15,4.025242e-12,21.371338,0.16683903,0.07390967,111.07,BLL,17.27047,12.277000427246094,11.472000122070312,9.51200008392334,7.339000225067139,193.1,0.017799999564886,,,,,,17.4886,17.0555,16.3836,16.1514,16.047,0.8050003051757812,1.9600000381469727,2.285782273779395,-1.749580008307264,-8.820232,-10.885326,1.5577971,1.3298317,15.1,-11.395208,3.3094728,0.0,0.005663847372198815,
4FGL J0334.2-3725,1,53.5556,-37.4327,240.16171,-54.38745,77.81454,2.8987688e-09,8.219591e-11,2.6567389e-11,9.779007e-13,LogParabola,2.0282238,0.018871425,986.47327,1.9146194,0.031201497,0.06710734,0.013459469,0,bll,PMN J0334-3725,0.9998457,0.97816366,bzcat,53.5642705125,-37.4286289333,1.5999999902760464e-07,RFC J0334-3725,-inf,LSP,1863.6373,318.78387,3.084668e-06,9.4251845e-08,2.5234808e+13,7.0248004e-12,108.49668,0.2562658,0.06030105,77.4502,BLL,15.743452,11.486000061035156,10.524999618530272,7.777999877929687,5.5929999351501465,221.2,0.1759999990463256,,,,,,,,,,,0.9610004425048846,2.746999740600585,2.344785122632661,-0.7544873345391202,-8.5377865,-10.575651,1.8910607,2.0354164,13.402,-11.153366,2.9940853,0.0,0.11156436518801832,
4FGL J0335.1-4459,1,53.7846,-44.9916,252.70174,-52.934036,21.100739,4.2232468e-10,3.312568e-11,4.7340036e-12,3.8622572e-13,PowerLaw,1.9864229,0.058983173,2193.722,1.9829911,0.0668518,0.0033814528,0.028331777,0,bll,SUMSS J033513-445939,0.9996633,0.8809949,bzcat,53.8078455375,-44.9954772528,1.0169263759962632e-06,RFC J0335-4459,-inf,HSP,27129.688,510889.1,4.371089e-07,7.760444e-08,2.660725e+15,2.5806909e-12,42.280716,0.49807924,0.13828342,42.5095,BLL,17.734303,13.434000015258787,12.56700038909912,10.274999618530272,8.62399959564209,,0.0164000000804662,,,,,,,,,,,0.866999626159668,2.2920007705688477,2.3129159264174834,-1.7851561498214468,-9.374353,-11.324772,1.3242977,1.6261424,15.425,-11.588264,3.3411815,0.0,0.006603981693684479,
4FGL J0338.5+1302,1,54.6355,13.0419,173.58495,-32.935448,39.111687,1.5628516e-09,8.4265865e-11,1.6432333e-11,1.0384836e-12,LogParabola,1.7647203,0.03136425,3362.1108,1.5308349,0.06382035,0.16199224,0.03051202,0,bll,RX J0338.4+1302,0.9994736,0.0,whsp2,54.6219965,13.0376245194,2.900000026784255e-07,RFC J0338+1302,-inf,HSP,14305.994,2863.4521,2.6976838e-06,1.978942e-07,7.3282455e+15,1.1797175e-12,62.675648,0.39182723,0.10063561,66.9293,BLL,17.795137,13.854000091552734,13.0600004196167,10.907999992370604,8.560999870300293,15.1,0.0922000035643577,,,,,,18.8808,18.2322,17.8576,17.3989,17.2965,0.7939996719360352,2.1520004272460955,1.1789769472931695,-1.0352690621569904,-8.806082,-10.784301,1.5923065,1.7970989,15.865,-11.928222,3.526612,0.0,0.00419000870571185,
4FGL J0338.7-5706,1,54.6985,-57.1061,270.16394,-47.985695,4.423699,5.057498e-11,1.8914714e-11,6.736751e-13,2.1919435e-13,PowerLaw,1.7166378,0.20941733,8217.198,1.7123426,0.2067654,-0.014226698,0.09440408,0,bll,1RXS J033832.0-570449,0.92855656,0.8553602,whsp2,54.63341522216797,-57.080223083496094,0.008999999612569809,nan,-inf,HSP,,,-inf,-inf,1.1885022e+17,1.824656e-12,15.361375,0.0,10.0,44.983,BLL,19.389833,14.79599952697754,14.359000205993652,12.39900016784668,8.911999702453613,,,,,,,,,,,,,0.4369993209838885,1.9600000381469727,2.3129159264174834,-1.3968556187296444,-10.296064,-12.17155,0.64578557,1.1864301,17.075,-11.738819,3.9147239,0.0,0.03246355919746326,
4FGL J0343.2-6444,1,55.8163,-64.7349,279.22726,-43.659233,27.789042,7.264073e-10,4.1591307e-11,8.1738895e-12,4.4764463e-13,PowerLaw,2.1517184,0.04209115,1530.5807,2.1195207,0.051691122,0.041612502,0.026307058,0,bll,PMN J0343-6442,0.9965384,0.8816248,crates,55.83591842651367,-64.71536254882812,0.0044999998062849045,nan,-inf,ISP,364.04834,466.308,9.1335124e-07,9.337611e-08,1.9054607e+14,1.379412e-12,94.406105,0.5364828,0.12862375,75.5784,BLL,17.287199,13.18000030517578,12.380999565124512,10.060999870300291,8.043000221252441,,,,,,,,,,,,,0.7990007400512678,2.3199996948242205,2.3129159264174834,-1.3968556187296444,-9.13882,-11.087571,1.4438735,1.9750001,14.28,-11.860306,3.1848562,0.0,0.08696046273265891,
4FGL J0348.6-1609,1,57.1532,-16.1654,207.3381,-47.628475,22.479095,6.345929e-10,4.706965e-11,6.890296e-12,5.675457e-13,LogParabola,2.3498597,0.049126927,747.96185,2.2787192,0.06716842,0.071544155,0.037901457,0,bll,PKS 0346-163,0.99969673,0.9770087,bllac,57.1636280625,-16.1715977083,1.3999999737279722e-07,RFC J0348-1610,-inf,LSP,106.64112,144.152,1.2855747e-06,3.032739e-07,2.7861212e+13,5.8495843e-12,31.885666,0.31086174,0.097468734,21.5578,BLL,16.824896,11.836999893188477,10.81999969482422,8.097999572753906,5.736000061035156,436.8,0.0394000001251697,,,,,,18.2465,16.9195,16.7197,16.4723,16.6052,1.017000198364256,2.7220001220703143,2.6402826296966806,-1.4045037767947175,-9.197505,-11.161762,1.3517789,1.5035955,13.445,-11.232875,2.8738794,0.0,0.7463313891326417,
4FGL J0350.8-2814,1,57.71,-28.2494,225.32147,-50.500362,7.660022,1.3498393e-10,3.827831e-11,1.7355813e-12,3.995135e-13,PowerLaw,1.7538012,0.15242396,9811.057,1.6794543,0.21463574,0.11141104,0.12714748,0,bll,GALEXASC J035051.31-281633.0,0.99809825,0.8712379,whsp2,57.71383285522461,-28.27577781677246,0.008999999612569809,nan,-inf,HSP,41350.4,66430.1,2.8608181e-07,1.0357926e-07,1.5240527e+16,5.222543e-13,12.495971,0.0,10.0,104.224,BLL,20.002869,15.291999816894531,14.83199977874756,12.739999771118164,8.711000442504883,3.0,,,,,,,,,,,,0.4600000381469709,2.0920000076293963,0.47712125471966244,-1.3968556187296444,-9.869718,-11.760555,0.88423,1.09677,16.183,-12.282118,3.991716,0.0,0.005499421290472832,
4FGL J0352.9-3623,1,58.2326,-36.391,238.17924,-50.6976,11.308037,1.3918325e-10,2.595731e-11,1.9408216e-12,3.8018286e-13,LogParabola,1.6388947,0.09629547,5359.9883,1.3375489,0.18894453,0.23641062,0.10322582,0,bll,XRS J0353-3623,0.998332,0.0,bllac,58.27119827270508,-36.38560104370117,0.0044999998062849045,nan,-inf,ISP,21758.887,10764.296,3.897525e-07,9.086529e-08,5.2480746e+14,9.594802e-13,13.524362,0.32355824,0.3022789,84.7251,BLL,18.279943,14.133000373840332,13.479000091552734,11.3149995803833,9.232000350952148,6.2,,,,,,,,,,,,0.6540002822875977,2.1640005111694336,0.7923916894982539,-1.3968556187296444,-9.856413,-11.712014,1.0533872,1.1311167,14.72,-12.017964,3.729164,0.0,0.008028713420846514,
4FGL J0354.7+8009,1,58.6919,80.1647,130.42802,20.081562,13.1164255,3.1546152e-10,3.3845666e-11,2.3769368e-12,3.964556e-13,LogParabola,2.2282708,0.078336455,1492.2637,2.045899,0.14101472,0.16700907,0.08513662,0,bll,S5 0346+80,0.99981236,0.98583364,bzcat,58.692191975,80.1580130556,1.1000000199601345e-07,RFC J0354+8009,-inf,LSP,1300.6702,621.1268,3.6989698e-07,4.476974e-08,1.0964782e+13,6.7833776e-13,276.8986,2.255744,0.49072808,-inf,BLL,20.83998,14.451000213623049,13.435999870300291,10.619999885559082,8.086999893188477,643.4,0.013600000180304,20.36000061035156,19.70400047302246,19.143999099731445,18.798999786376957,18.381000518798828,20.8649,20.492,19.203,19.1336,18.9671,1.0150003433227575,2.815999984741209,2.808481056565951,-1.8664610858720596,-9.501054,-11.623982,1.1178155,2.4423208,13.04,-12.168554,3.1738455,0.0,0.43643064361497197,
4FGL J0355.1-1841,1,58.7773,-18.6928,211.6477,-47.107773,6.944675,1.3272024e-10,2.6113665e-11,1.4772978e-12,2.8897994e-13,PowerLaw,2.0257456,0.14557442,2962.5063,1.9017644,0.23300616,0.112781495,0.13665015,0,bll,NVSS J035513-184309,-inf,0.0,rfc,58.8053834625,-18.7190497056,7.099999947968172e-07,RFC J0355-1843,-inf,ISP,4579.31,3875.2957,1.5933637e-07,4.1970086e-08,5.675446e+14,1.2256713e-12,6.431017,0.0,10.0,53.0899,BLL,18.528023,14.253999710083008,13.597000122070312,11.38599967956543,8.770999908447266,39.9,,,,,,,,,,,,0.6569995880126953,2.211000442504883,1.6009728956867482,-1.3968556187296444,-9.877063,-11.830532,0.8416519,0.80827963,14.754,-11.911626,3.4716592,0.0,0.017729810520640307,
4FGL J0359.4-2616,1,59.8713,-26.2734,222.89027,-48.244083,8.920689,2.0173954e-10,3.1171676e-11,2.3409109e-12,3.8301987e-13,PowerLaw,2.2279503,0.12137762,2071.4634,2.1336298,0.19349793,0.10790602,0.10715779,0,bll,PKS 0357-264,0.99877566,0.9786961,bllac,59.8903410583,-26.2587031444,2.7999999474559445e-07,RFC J0359-2615,-inf,LSP,1115.2294,1484.1418,2.4836015e-07,4.98688e-08,1.3182567e+13,3.6200201e-13,17.908875,0.39633834,0.2539223,14.9787,BLL,20.822447,15.06700038909912,13.979000091552734,11.050000190734863,8.694000244140625,795.9,,,,,,,21.1128,20.6513,20.2554,19.9272,19.5627,1.088000297546385,2.928999900817871,2.9008585047019917,-1.3968556187296444,-9.695209,-11.630615,0.9503984,1.2530683,13.12,-12.441289,3.3162773,0.0,0.5575782164191534,
4FGL J0409.8-0359,1,62.4629,-3.9865,195.88716,-37.37893,19.784393,6.7362876e-10,5.4721564e-11,4.320555e-12,4.9907187e-13,LogParabola,2.0597763,0.0583398,1640.8783,1.7435925,0.13822395,0.26845348,0.08533096,0,bll,NVSS J040946-040003,0.9988583,0.0,bzcat,62.4441103667,-4.00098706944,3.700000092976552e-07,RFC J0409-0400,-inf,ISP,2645.33,480.86063,7.9804187e-07,8.050473e-08,1.20226444e+14,2.4871101e-12,43.17131,0.51958114,0.14490123,18.1329,BLL,17.975798,12.545000076293944,11.619000434875488,9.234999656677246,7.239999771118164,39.1,0.0076100002042949,,,,,,17.3322,17.0074,16.7521,16.8203,16.6395,0.9259996414184553,2.384000778198242,1.5921767573958667,-2.118615331570538,-9.171579,-11.36446,1.2963227,1.6351953,14.08,-11.604305,3.2150764,0.0,0.03842833270667465,
4FGL J0414.8-5338,1,63.7098,-53.6479,262.84558,-44.45141,10.884878,1.7806552e-10,3.3508855e-11,2.288905e-12,3.702542e-13,PowerLaw,1.754093,0.106580846,8013.3594,1.6468296,0.16282637,0.15836607,0.104957275,0,bll,RBS 0526,0.9951913,0.95321095,whsp2,63.74216842651367,-53.662193298339844,0.008999999612569809,nan,-inf,ISP,24438.37,18543.148,3.6049164e-07,8.4068894e-08,3.5399734e+14,6.5526653e-13,10.196682,0.0,10.0,69.6979,BLL,18.279678,14.463000297546388,14.013999938964844,11.946000099182127,9.236000061035156,,,,,,,,,,,,,0.44900035858154475,2.0679998397827166,2.3129159264174834,-1.3968556187296444,-9.74942,-11.640372,1.0368236,1.0084589,14.549,-12.183582,3.9038146,0.0,0.004717410664434597,
4FGL J0431.8+7403,1,67.9517,74.0552,136.58528,17.369314,20.00251,4.3744938e-10,3.8781305e-11,4.243734e-12,4.730078e-13,LogParabola,1.9228778,0.057935197,2578.6274,1.7814113,0.10766733,0.08279703,0.047700983,0,bll,GB6 J0431+7403,0.9996796,0.9575116,whsp2,67.937817075,74.0574213806,7.099999947968172e-07,RFC J0431+7403,-inf,HSP,9653.154,5030.892,5.390468e-07,6.426627e-08,3.8904514e+15,1.5061597e-12,32.752903,0.4128029,0.13276972,77.8493,BLL,17.961132,13.682000160217283,12.836000442504885,10.81999969482422,8.855999946594238,30.0,0.0577000007033348,,,,,,18.2691,17.8746,17.5981,17.2672,17.1062,0.8459997177123988,2.016000747680664,1.4771212547196624,-1.238824181550431,-9.359072,-11.3722515,1.3010845,1.5152498,15.59,-11.822129,3.4113886,0.0,0.003570347714981558,
4FGL J0433.1+3227,1,68.2897,32.4614,167.882,-10.448068,11.84213,3.4795397e-10,5.607107e-11,4.0280565e-12,5.6548933e-13,PowerLaw,1.9006584,0.10133522,6630.9536,1.8694613,0.1339919,0.0397508,0.070853114,0,bll,NVSS J043307+322840,0.99983996,0.95516795,whsp2,68.2814624542,32.4780094444,1.6000000186977559e-06,RFC J0433+3228,-inf,HSP,34250.848,89556.1,4.5746393e-07,1.0673071e-07,7.3282455e+15,1.510821e-12,18.833439,0.3103645,0.2279367,62.0486,BLL,18.627504,14.22599983215332,13.461000442504885,11.402999877929688,8.86299991607666,14.7,0.096400000154972,,,,,,19.7599,19.1344,18.7079,18.2202,17.9985,0.7649993896484357,2.058000564575197,1.167317334748176,-1.0159229653990003,-9.458478,-11.394904,1.0734298,1.2749296,15.865,-11.820787,3.8215759,0.0,0.0032830682018463895,
4FGL J0440.8+2749,1,70.2204,27.8319,172.56613,-12.21581,20.506174,8.1696283e-10,7.113853e-11,6.9947273e-12,8.384355e-13,LogParabola,2.027639,0.05821659,2698.9165,1.851948,0.11255637,0.12025004,0.055053446,4,bll,B2 0437+27B,0.99966663,0.9218224,bzcat,70.2098539167,27.8463597472,2.0999999605919584e-07,RFC J0440+2750,-inf,ISP,4995.068,1722.0197,9.474831e-07,9.696295e-08,3.3496544e+14,2.050893e-12,9.916931,0.0,10.0,21.683,BLL,18.427767,12.791999816894531,12.010000228881836,10.008999824523926,7.820000171661377,102.0,0.0274999998509883,,,,,,19.4109,18.4748,17.9812,17.4495,17.2889,0.7819995880126953,2.00100040435791,2.0086001717619175,-1.5606673085230085,-9.087798,-11.15523,1.3118846,0.9963773,14.525,-11.688057,3.4311895,0.0,0.00679258376948395,
4FGL J0441.2-2953,3,70.3216,-29.896,230.47029,-39.96078,4.7228165,9.966461e-11,2.365294e-11,1.3598724e-12,3.2524282e-13,PowerLaw,2.4318051,0.19263427,1196.3894,2.429733,0.2261047,-0.005538914,0.11512987,0,bll,PKS 0439-299,0.99873304,0.0,bllac,70.331298828125,-29.876768112182617,3.7e-07,RFC J0441-2952,-inf,LSP,,,-inf,-inf,1.7377999e+13,4.430564e-13,15.64108,0.33872047,0.51406956,-inf,BLL,20.11439323425293,14.065999984741213,13.53600025177002,10.930999755859377,8.1850004196167,575.8,,,,,,,20.1283,19.5094,19.0383,18.8867,18.5659,0.5299997329711932,2.6050004959106428,2.760271660542063,-1.3968556187296444,-10.001459,-11.866502,0.6742011,1.1942668,13.24,-12.353541,3.0778725,0.0,0.8379632102994257,
4FGL J0502.5+1340,1,75.6341,13.6685,187.384,-16.7311,8.126032,3.3224426e-10,4.820539e-11,3.8037173e-12,5.844624e-13,PowerLaw,2.1996703,0.109501176,2324.058,2.1579611,0.14342295,0.05507971,0.07405601,0,bll,PKS 0459+135,0.9989879,0.9562288,bllac,75.6384146542,13.6363774583,8.199999967928306e-08,RFC J0502+1338,-inf,LSP,553.98566,1493.528,4.094804e-07,1.1752076e-07,9.332543e+12,2.1160844e-12,30.870779,0.79266256,0.25421196,13.1228,BLL,19.255629,13.019000053405762,12.036999702453612,9.406999588012695,7.013999938964844,544.8,0.0256999991834163,21.42200088500977,20.42799949645996,19.476999282836918,18.798999786376957,18.26300048828125,20.0303,19.6014,18.5118,18.0479,17.4968,0.9820003509521502,2.630000114440916,2.736237098904729,-1.5900668904678417,-9.478542,-11.419792,0.9098785,1.4895476,12.97,-11.674467,3.366247,0.0,0.4524688643581311,
4FGL J0502.9+6533,1,75.7451,65.5609,145.26949,14.318355,7.505205,1.4167184e-10,3.158262e-11,1.67844e-12,3.224341e-13,PowerLaw,1.859891,0.13326605,7114.6016,1.8490916,0.14914878,0.011230767,0.060314994,0,bll,1E 0458.1+6530,0.9996869,0.97931725,bllac,75.7742207625,65.5669872361,1.3999999737279722e-06,RFC J0503+6534,-inf,HSP,5.88801e+06,2.0255763e+08,2.763589e-07,6.8152286e-07,8.912509e+16,4.6852847e-12,5.28969,0.0,10.0,66.9516,BLL,19.480648,13.708999633789062,13.279999732971191,11.534000396728516,9.20199966430664,75.7,,,,,,,,,,,,0.4289999008178711,1.7459993362426758,1.8790958795000727,-1.3968556187296444,-9.848717,-11.775094,0.8753626,0.7234302,16.95,-11.329264,3.8521507,0.0,0.047136453993666165,
4FGL J0505.6-1558,1,76.4117,-15.9667,216.22734,-30.432587,10.603373,2.5594654e-10,3.461079e-11,2.8447023e-12,3.8608835e-13,PowerLaw,2.0810409,0.097833365,2632.5312,2.074497,0.1060629,0.009541112,0.046642076,0,bll,TXS 0503-160,0.9965792,0.970857,wise,76.4232500167,-15.9772583778,3.099999901223782e-07,RFC J0505-1558,-inf,LSP,53.074863,1132.9498,3.0306168e-07,2.597136e-07,9.120108e+13,1.269495e-12,21.638823,0.39467746,0.22175686,30.1722,BLL,18.592701,13.383000373840332,12.434000015258787,9.755999565124512,7.626999855041504,482.5,0.0104999998584389,,,,,,18.8815,18.2463,17.8868,17.4931,17.3598,0.9490003585815447,2.6780004501342756,2.6834973176798114,-1.9788107067852243,-9.59185,-11.545963,1.025444,1.3352337,13.96,-11.896369,3.4203734,0.0,0.020284244353899125,
4FGL J0506.0+6113,1,76.5121,61.2257,149.10927,12.0959015,20.024496,6.302695e-10,5.0071985e-11,7.086119e-12,5.463606e-13,PowerLaw,1.9748967,0.055433802,3775.2102,1.9489596,0.067285895,0.037600115,0.031201748,0,bll,RX J0505.9+6113,0.9999259,0.97105885,bzcat,76.4949377917,61.2266549111,2.900000026784255e-07,RFC J0505+6113,-inf,ISP,7442.324,6593.234,6.9635246e-07,6.8695506e-08,2.4547089e+14,8.6256333e-13,27.40411,0.34696618,0.12056454,141.787,BLL,19.212702,13.489999771118164,12.765999794006348,10.696000099182127,8.760000228881836,21.8,0.0439000017940998,21.67300033569336,20.57200050354004,19.636999130249023,19.018999099731445,18.576000213623047,19.3282,19.1407,18.655,18.292,17.482,0.7239999771118164,2.0699996948242205,1.3384564936046048,-1.3575354620091855,-9.200474,-11.149591,1.3015616,1.4378157,14.39,-12.064209,3.5769413,0.0,0.005019189606167933,
4FGL J0506.7-0857,1,76.684,-8.9607,209.05556,-27.311274,11.387619,3.2966607e-10,3.950326e-11,3.6767655e-12,4.4087626e-13,PowerLaw,2.1120508,0.08555732,2217.5525,2.0845656,0.10424753,0.047231387,0.052991726,0,bll,1WGA J0506.6-0857,0.9995783,0.85532343,bllac,76.6662870333,-8.96716648889,4.999999987376214e-07,RFC J0506-0858,-inf,ISP,905.9035,1521.1659,3.785714e-07,5.8196335e-08,8.51138e+14,1.0822461e-12,24.785957,0.45777667,0.17618224,49.0893,BLL,18.816343,13.81700038909912,12.972999572753906,10.58199977874756,8.416000366210938,19.3,0.0014600000577047,,,,,,19.1936,18.8534,18.1902,18.262,17.9389,0.8440008163452131,2.390999794006346,1.2855573090077739,-2.8356471270506094,-9.481926,-11.434534,1.056433,1.3942057,14.93,-11.965674,3.3458738,0.0,0.020763764996451498,
4FGL J0513.9-3746,2,78.4961,-37.7774,241.77452,-34.716743,7.4794183,1.5728772e-10,2.6012704e-11,2.1335884e-12,3.594999e-13,PowerLaw,2.4261837,0.123831935,1233.0924,2.3953445,0.1569432,0.099795945,0.11862302,0,bll,NVSS J051404-374607,0.9620945,0.0,wise,78.51671600341797,-37.768028259277344,0.0045000000000000005,nan,-inf,LSP,170.12209,442.1791,3.4392585e-07,1.8232826e-07,1.2882495e+13,3.5554616e-13,23.806997,0.60912764,0.24667628,-inf,BLL,20.743816,15.175000190734863,14.109999656677246,11.104000091552734,8.390999794006348,62.0,,,,,,,,,,,,1.0650005340576172,3.0059995651245117,1.792391689498254,-1.3968556187296444,-9.803306,-11.670889,0.8738678,1.3767046,13.11,-12.449104,3.0909956,0.0,0.9363795032583809,
4FGL J0515.8+1527,1,78.953,15.4614,187.69286,-13.064665,31.337044,1.4628548e-09,8.340837e-11,1.3572828e-11,9.985871e-13,LogParabola,1.9438368,0.03821534,2331.2996,1.7997206,0.06650031,0.09130024,0.030733773,0,bll,GB6 J0515+1527,0.9998797,0.9158413,bzcat,78.9473052625,15.4546089694,1.8000000068241206e-07,RFC J0515+1527,-inf,ISP,6981.355,2038.4368,1.724602e-06,1.2901778e-07,1.688496e+14,1.8518167e-12,35.612732,0.3044058,0.09153046,67.5594,BLL,17.944649,12.484999656677246,11.55799961090088,9.22700023651123,7.35099983215332,26.5,0.0044300002045929,20.256000518798828,19.184999465942383,18.25300025939941,17.69099998474121,17.18199920654297,18.4882,17.8914,17.3571,16.5899,17.0617,0.9270000457763654,2.33099937438965,1.423245873936808,-2.353596253719692,-8.834799,-10.86733,1.496058,1.5516053,14.2275,-11.732402,3.367598,0.0,0.006239073479053147,
4FGL J0532.0-4827,1,83.0022,-48.4607,255.02611,-32.804626,77.55995,3.3754943e-09,8.958425e-11,3.066127e-11,1.0753123e-12,LogParabola,2.1946979,0.01864695,970.82666,2.084648,0.03175318,0.08730738,0.01533054,0,BLL,PMN J0531-4827,1.0,0.9717554,identified,82.9942294458,-48.4599925417,8.499999921696144e-07,RFC J0531-4827,-inf,ISP,597.8735,143.29576,4.2186844e-06,1.2797163e-07,1.62181e+14,9.045551e-12,3410.7285,1.6092551,0.34378818,49.5571,BLL,19.546616,11.194000244140623,10.274999618530272,7.919000148773193,5.855000019073486,,0.031199999153614,,,,,,,,,,,0.9190006256103516,2.3559994697570783,2.3129159264174834,-1.5058454177629923,-8.4716625,-10.51341,1.8896375,3.5328472,14.21,-11.043565,2.9871416,0.0,0.3021244095512545,
4FGL J0540.5+5823,1,85.1481,58.3879,153.94315,14.26477,22.969275,6.1966976e-10,4.8565173e-11,7.197156e-12,5.352859e-13,PowerLaw,1.8943013,0.05322832,4528.856,1.8958522,0.05583993,-0.0018001564,0.022918405,0,bll,GB6 J0540+5823,0.9997777,0.9885507,bzcat,85.1250400333,58.3940154333,3.099999901223782e-07,RFC J0540+5823,-inf,HSP,,,-inf,-inf,3.273407e+16,5.2734037e-12,19.072006,0.24085045,0.11694276,176.796,BLL,17.788094,13.505000114440918,12.833000183105469,10.729999542236328,8.534000396728516,29.3,0.2269999980926513,,,,,,18.7349,18.0111,17.466,17.3778,17.0916,0.6719999313354492,2.1030006408691406,1.4668676203541096,-0.6439741464560007,-9.20784,-11.142839,1.3611473,1.2803963,16.515,-11.277909,3.6559885,0.0,0.002582430973792508,
4FGL J0553.5-2034,1,88.3909,-20.5777,225.74391,-21.61963,25.611017,7.9894535e-10,5.4403936e-11,6.412146e-12,5.911927e-13,LogParabola,1.9733257,0.04564954,1837.9796,1.8001984,0.08455866,0.14029403,0.042344626,0,bll,NVSS J055333-203417,0.9997521,0.97407687,bzcat,88.3880144,-20.5719107472,3.000000106112566e-06,RFC J0553-2034,-inf,HSP,3746.224,890.04755,9.079899e-07,7.589457e-08,2.0653801e+15,1.5880054e-12,26.412964,0.27441183,0.1013846,141.133,BLL,17.595968,13.699000358581545,12.847999572753906,10.744999885559082,8.439000129699707,232.7,0.2179999947547912,,,,,,17.8601,17.603,17.4905,17.2564,17.2013,0.8510007858276385,2.102999687194824,2.36679638328673,-0.6615435168447771,-9.097483,-11.192997,1.4084268,1.4218172,15.315,-11.799148,3.2643406,0.0,0.007747285628331585,
4FGL J0556.2-4352,1,89.0749,-43.8696,250.4939,-27.961828,17.710762,4.8585236e-10,4.509513e-11,3.774465e-12,4.660546e-13,LogParabola,2.033752,0.06541069,2156.4514,1.8485223,0.112016805,0.15551266,0.059709724,0,bll,SUMSS J055618-435146,0.999634,0.0,bzcat,89.0781153708,-43.8627941194,1.1498858611957985e-06,RFC J0556-4351,-inf,LSP,3509.561,1039.6796,5.5442865e-07,6.045116e-08,7.852356e+13,9.319422e-13,41.841965,0.55607706,0.15654488,51.6981,BLL,18.586687,13.57900047302246,12.656000137329102,10.145000457763672,8.003999710083008,,0.0031200000084936,,,,,,,,,,,0.9230003356933576,2.5109996795654297,2.3129159264174834,-2.505845404799274,-9.313496,-11.423144,1.2482373,1.6216121,13.895,-12.030611,3.3337398,0.0,0.02200586750350876,
4FGL J0558.8-7459,1,89.7236,-74.992,286.0851,-29.525179,19.843372,5.517428e-10,4.4336656e-11,4.9019573e-12,5.4791734e-13,LogParabola,2.0640566,0.057733163,1741.6973,1.9356064,0.09477421,0.081563696,0.044299573,0,bll,PKS 0600-749,0.999858,0.96466774,bzcat,89.6918322167,-74.9847795583,1.8999999440438842e-07,RFC J0558-7459,-inf,LSP,2584.6877,1260.3412,5.900707e-07,5.476291e-08,5.6234133e+13,2.3019453e-12,19.343727,0.23403366,0.112391606,59.1138,BLL,17.765228,12.241999626159668,11.265999794006348,8.701000213623047,6.558000087738037,,0.00793999992311,,,,,,,,,,,0.9759998321533203,2.564999580383301,2.3129159264174834,-2.100179501778559,-9.258264,-11.30963,1.2976155,1.2865402,13.75,-11.637905,3.2409728,0.0,0.02532753079727186,
4FGL J0607.4+4739,1,91.8571,47.6635,165.62958,12.865923,66.451965,3.0910126e-09,8.859999e-11,2.8119831e-11,1.0158795e-12,LogParabola,2.0530941,0.019185327,1181.8087,1.9496961,0.02981397,0.069824524,0.013476967,0,bll,TXS 0603+476,0.99994093,0.98890257,bzcat,91.8468958167,47.6630394694,1.0000000116860974e-07,RFC J0607+4739,-inf,LSP,1694.2892,308.11014,3.3079998e-06,1.01576774e-07,5.4954086e+13,7.1795794e-12,109.009094,0.25974014,0.061597195,98.1468,BLL,16.828754,11.3100004196167,10.380999565124512,7.835999965667725,5.788000106811523,380.0,0.0255999993532896,,,,,,17.0207,16.5448,16.2837,16.0961,15.8896,0.9290008544921875,2.544999599456787,2.57978359661681,-1.5917600456593521,-8.509899,-10.550987,1.8225079,2.0374627,13.74,-11.143901,3.0725472,0.0,0.047874420355343936,
4FGL J0610.1-1848,1,92.5455,-18.8076,225.61806,-17.328075,13.77085,4.8215854e-10,4.9461532e-11,4.55435e-12,6.6766465e-13,LogParabola,2.3102927,0.07085042,1304.4961,2.2424922,0.105955765,0.09762446,0.05719906,0,bll,PMN J0610-1847,0.9968845,0.9281055,bzcat,92.5745253542,-18.7944698722,1.700000069604357e-07,RFC J0610-1847,-inf,LSP,376.75992,405.2726,7.016426e-07,1.3717366e-07,1.3182567e+13,2.6113736e-12,25.989388,0.39083835,0.13809137,22.6322,BLL,18.34744,12.770999908447266,11.722999572753906,8.918000221252441,6.521999835968018,128.2,0.0852999985218048,,,,,,18.942,18.4798,17.6792,17.9692,17.5787,1.0480003356933594,2.804999351501465,2.1078880251827985,-1.0690509763585265,-9.316811,-11.341574,1.1389607,1.414796,13.12,-11.583131,3.1154428,0.0,0.7565052213744374,
4FGL J0612.8+4122,1,93.2218,41.3717,171.82712,10.927332,83.44861,4.6895634e-09,1.108848e-10,3.9690886e-11,1.2224022e-12,LogParabola,1.9961724,0.015481221,1253.2418,1.846384,0.027315412,0.1027355,0.012550721,0,bll,B3 0609+413,0.99993694,0.9792798,bllac,93.2132718292,41.3770578472,9.499999720219421e-08,RFC J0612+4122,-inf,ISP,2646.8281,262.21277,5.0836093e-06,1.4028946e-07,2.2284352e+14,4.4812275e-12,92.30578,0.20574366,0.049380105,132.885,BLL,16.933197,11.666999816894531,10.666999816894531,8.154999732971191,6.004000186920166,247.8,0.0219000000506639,,,,,,17.2488,16.9981,16.6745,16.1002,15.9361,1.0,2.51200008392334,2.3941013020400446,-1.659555884155176,-8.328868,-10.401309,1.9214191,1.9652289,14.348,-11.348603,3.0980349,0.0,0.02695580949215997,
4FGL J0615.3-3117,1,93.8394,-31.2853,238.34879,-20.856953,12.327044,3.1186545e-10,3.6304376e-11,3.5118885e-12,4.208255e-13,PowerLaw,2.154296,0.0941566,2339.1309,2.1409812,0.105490394,0.023455566,0.054525733,0,bll,PKS 0613-312,0.9997112,0.95366657,bllac,93.8300491,-31.2893266944,4.1000001260727004e-07,RFC J0615-3117,-inf,ISP,115.84467,913.5061,4.0378907e-07,2.4371985e-07,3.1622777e+14,8.2155566e-13,30.69809,0.5846123,0.18588184,39.5934,BLL,17.537992,13.347000122070312,12.461999893188477,10.397000312805176,8.348999977111816,173.1,,,,,,,17.6717,17.3133,17.1765,,,0.8850002288818359,2.064999580383301,2.238297067875394,-1.3968556187296444,-9.506033,-11.454459,1.0908589,1.4871113,14.5,-12.085363,3.3690546,0.0,0.019418776757800425,
4FGL J0617.2+5701,1,94.3162,57.0249,157.42,18.093443,38.72701,1.2501011e-09,5.6467088e-11,1.1759567e-11,7.526786e-13,LogParabola,2.0491354,0.032343432,1776.6975,1.9793323,0.05134422,0.057724703,0.022105148,0,bll,87GB 061258.1+570222,0.99991685,0.98994154,bzcat,94.3205107042,57.0212286667,6.799999852091787e-08,RFC J0617+5701,-inf,LSP,2125.0076,847.5035,1.3176982e-06,6.538342e-08,5.7543993e+13,3.7608154e-12,54.811657,0.29502088,0.07767284,72.7384,BLL,17.195492,11.916999816894531,10.951000213623049,8.392000198364258,6.251999855041504,462.6,0.017799999564886,,,,,,17.6129,17.1975,16.9239,16.6541,16.2981,0.9659996032714826,2.559000015258791,2.6652056284346006,-1.749580008307264,-8.903055,-10.929608,1.588014,1.738873,13.76,-11.424718,3.2496135,0.0,0.03599928280283922,
4FGL J0625.3+4439,1,96.3288,44.6648,169.77708,14.391395,26.144264,8.2186224e-10,4.8634638e-11,9.16097e-12,5.3410585e-13,PowerLaw,2.1083546,0.043782018,1854.7814,2.0669274,0.05602088,0.048118453,0.027911628,0,bll,GB6 J0625+4440,0.9998999,0.9654134,whsp2,96.3261057417,44.6671184472,9.499999720219421e-08,RFC J0625+4440,-inf,LSP,925.2618,772.74384,9.4278903e-07,6.6565335e-08,2.089296e+13,3.265337e-12,30.573887,0.25902322,0.088005684,106.78,BLL,18.084806,12.791999816894531,11.833000183105469,9.309000015258787,7.252999782562256,122.3,0.0825000032782554,18.28700065612793,17.783000946044922,17.34600067138672,17.02899932861328,16.75,18.2517,17.6446,17.6346,17.2711,17.0557,0.9589996337890625,2.5240001678466815,2.0874264570362855,-1.0835460341927634,-9.085201,-11.038058,1.4173764,1.4853506,13.32,-11.486072,3.2682927,0.0,0.13240519110196008,
4FGL J0626.4-4259,1,96.6095,-42.9835,251.04501,-22.442991,12.674146,2.5890762e-10,4.199272e-11,2.476718e-12,4.2923575e-13,LogParabola,1.8910127,0.0866293,3380.7363,1.5512803,0.2650807,0.20117143,0.12863192,2,bll,2MASS J06263670-4258059,0.9965427,0.0,whsp2,96.6529344708,-42.9683451806,9.200000022246968e-06,RFC J0626-4258,-inf,HSP,10312.541,3868.3184,4.236118e-07,8.8002736e-08,3.0199518e+15,1.3216912e-12,30.59556,0.7053327,0.22491883,59.3146,BLL,18.791529,14.465999603271484,13.840999603271484,11.694000244140623,8.781000137329102,,0.0223999992012977,,,,,,,,,,,0.625,2.146999359130861,2.3129159264174834,-1.6497519971511947,-9.586855,-11.606123,1.1029187,1.4856584,15.48,-11.87887,3.5290112,0.0,0.008621178884544584,
4FGL J0628.8-6250,1,97.2174,-62.8405,272.439,-26.464733,25.879446,7.639805e-10,4.7689866e-11,6.418224e-12,5.736133e-13,LogParabola,2.191674,0.045161784,1173.0834,2.0419757,0.072241224,0.114314325,0.041001458,0,bll,PKS 0628-627,0.9975429,0.95832354,bzcat,97.2395328792,-62.8124289194,1.199999957179898e-07,RFC J0628-6248,-inf,LSP,976.32214,384.89352,9.006109e-07,5.97621e-08,3.5075187e+12,3.5898227e-13,34.784435,0.31072372,0.09338287,26.176,BLL,20.394203,15.467000007629396,14.352999687194824,11.29800033569336,8.652999877929688,,0.0025599999353289,,,,,,,,,,,1.114000320434572,3.054999351501465,2.3129159264174834,-2.5917600456593624,-9.116918,-11.192585,1.412955,1.5413849,12.545,-12.444927,3.0693288,0.0,0.5340210986305518,
4FGL J0647.0-5138,1,101.7727,-51.6375,261.06845,-21.593142,10.364107,1.7750643e-10,3.1832564e-11,2.1212869e-12,3.4356562e-13,PowerLaw,1.8464783,0.11674678,5731.6963,1.8552219,0.122274145,-0.008813816,0.050731413,0,bll,1ES 0646-515,0.9908017,0.9654622,whsp2,101.79183197021484,-51.59661102294922,0.008999999612569809,nan,-inf,HSP,,,-inf,-inf,4.8977883e+16,7.715605e-12,18.596008,0.37311518,0.31292185,177.598,BLL,18.095388,13.519000053405762,12.991000175476074,11.140999794006348,9.06700038909912,,,,,,,,,,,,,0.5279998779296875,1.8500003814697266,2.3129159264174834,-1.3968556187296444,-9.750786,-11.673401,1.0155319,1.2694197,16.69,-11.11263,3.7582831,0.0,0.014889098359591277,
4FGL J0647.7-6058,1,101.9314,-60.9781,270.8775,-23.936346,16.117786,4.128198e-10,3.710517e-11,6.0439427e-12,4.6701683e-13,PowerLaw,2.4950051,0.06159849,850.49164,2.476238,0.07132804,0.029076343,0.036718056,0,bll,PMN J0647-6058,0.9985312,0.9370009,rfc,101.920218479,-60.9680705556,9.699999736767495e-07,RFC J0647-6058,-inf,LSP,0.23607048,2.5500166,4.877713e-06,1.3009788e-05,1.5135613e+13,4.8282526e-13,103.125725,0.6992393,0.16686611,35.0499,BLL,20.725748,14.803000450134276,13.69499969482422,10.68299961090088,8.26200008392334,,0.0055200001224875,,,,,,,,,,,1.108000755310055,3.01200008392334,2.3129159264174834,-2.258060912633909,-9.384239,-11.218679,1.2073054,2.013367,13.18,-12.31621,2.92967,0.0,0.9561250673091888,
4FGL J0651.0+4013,1,102.7724,40.232,175.9286,17.066418,19.739212,5.938407e-10,4.7877938e-11,5.2559437e-12,5.8408817e-13,LogParabola,2.0863504,0.056236494,1536.6902,1.9663959,0.09061533,0.081029214,0.04418089,0,bll,RX J0651.0+4013,0.99979603,0.96918476,whsp2,102.772559958,40.2272493611,2.900000026784255e-07,RFC J0651+4013,-inf,HSP,1890.7787,1001.7364,6.3747086e-07,5.686786e-08,2.818383e+15,3.4343693e-12,15.112171,0.12932804,0.14252347,158.604,BLL,17.36454,12.982999801635742,12.17099952697754,9.866000175476074,7.808000087738037,31.6,,,,,,,,,,,,0.8120002746582013,2.3049993515014666,1.4996870826184039,-1.3968556187296444,-9.22633,-11.279349,1.2953298,1.1793269,15.45,-11.464153,3.1865864,0.0,0.023831731561475097,
4FGL J0651.4+6525,1,102.8619,65.4233,150.12971,24.499779,17.096684,3.4580946e-10,2.9138376e-11,3.883924e-12,3.217298e-13,PowerLaw,2.1449108,0.06517163,1840.3362,2.0811892,0.091170855,0.069053695,0.048740927,0,bll,NVSS J065125+652458,0.9962975,0.8130525,rfc,102.855505446,65.4158069528,2.200000039920269e-07,RFC J0651+6524,-inf,ISP,1022.3249,954.5037,4.0672785e-07,4.098738e-08,1.6982437e+14,3.4818096e-13,16.10523,0.21549094,0.13358283,38.3574,BLL,19.461395,14.883999824523926,13.866999626159668,11.229000091552734,9.190999984741213,20.0,,,,,,,,,,,,1.0170001983642578,2.6379995346069336,1.3010299956639813,-1.3968556187296444,-9.4611635,-11.410729,1.2329118,1.206967,14.23,-12.458195,3.264897,0.0,0.045321721702880124,
4FGL J0652.1-4813,1,103.0402,-48.2211,257.86246,-19.765213,7.169155,1.5065246e-10,2.9023523e-11,1.692472e-12,3.1536126e-13,PowerLaw,1.9777334,0.13764308,3826.9238,1.8570604,0.23499002,0.11040769,0.12196013,0,bll,1RXS J065201.0-480858,0.99053,0.0,whsp2,103.002392717,-48.149831625,6.715808467561146e-06,RFC J0652-4808,-inf,HSP,7311.054,6341.2173,1.854341e-07,4.6718004e-08,7.3282455e+15,1.2579257e-12,9.845602,0.0,10.0,38.3278,BLL,19.029844,14.437999725341797,13.74899959564209,11.791000366210938,9.319000244140623,,,,,,,,,,,,,0.689000129699707,1.9579992294311523,2.3129159264174834,-1.3968556187296444,-9.822023,-11.771479,0.85546803,0.99324226,15.865,-11.900345,3.5828497,0.0,0.029814938263147014,
4FGL J0700.5-6610,1,105.1293,-66.1803,276.76965,-23.760103,93.52339,4.3456403e-09,9.548531e-11,3.9199474e-11,1.0819987e-12,LogParabola,2.0713737,0.014628943,1008.0341,1.9621602,0.02412744,0.07380093,0.010620431,0,bll,PKS 0700-661,0.9999782,0.9869442,bzcat,105.1302248,-66.1792302333,1.8000000068241206e-07,RFC J0700-6610,-inf,ISP,1302.6042,179.69308,4.745684e-06,1.0623359e-07,3.1622777e+14,1.2309091e-11,424.4349,0.36702892,0.08045604,146.455,BLL,15.393669,11.263999938964844,10.342000007629396,7.948999881744385,5.914999961853027,,0.0299999993294477,,,,,,,,,,,0.9219999313354474,2.3930001258850115,2.3129159264174834,-1.5228787549875764,-8.361946,-10.40672,1.9709202,2.6278112,14.5,-10.909774,3.0034752,0.0,0.011618902739716679,
4FGL J0703.2-3914,1,105.8237,-39.2479,249.86345,-14.646179,19.32313,6.1638417e-10,4.6138676e-11,6.9714165e-12,5.1711136e-13,PowerLaw,2.1681244,0.056320425,1854.5098,2.1309574,0.07088797,0.054631963,0.036131598,0,bll,1RXS J070312.7-391417,0.99814606,0.9389458,at20g,105.802681971,-39.2385826111,6.899999789311551e-07,RFC J0703-3914,-inf,LSP,559.38306,664.9648,7.6250296e-07,8.991065e-08,7.673615e+13,1.7567744e-12,16.667667,0.19723101,0.11455678,49.0305,BLL,17.540037,12.782999992370604,11.857000350952148,9.468999862670898,7.269999980926514,36.5,0.0088200001046061,,,,,,,,,,,0.9259996414184553,2.38800048828125,1.5622928644564746,-2.0545314097174034,-9.210149,-11.156679,1.2860775,1.2218748,13.885,-11.755284,3.268229,0.0,0.048609747126692374,
4FGL J0706.5+3744,1,106.63,37.7383,179.49692,18.988039,37.501255,1.1336073e-09,5.826566e-11,1.1535196e-11,7.4663306e-13,LogParabola,1.8732549,0.033946123,1874.053,1.7643487,0.054968365,0.060353108,0.022224065,0,bll,GB6 J0706+3744,0.99991393,0.9753362,bzcat,106.632070917,37.7434462583,2.200000039920269e-07,RFC J0706+3744,-inf,HSP,13202.078,6831.909,1.397385e-06,1.11273444e-07,1.7701089e+15,2.7954453e-12,19.517246,0.16187482,0.074464135,146.271,BLL,17.345575,12.960000038146973,12.105999946594238,9.98900032043457,8.223999977111816,27.0,0.0483000017702579,,,,,,17.6611,17.4159,17.3271,17.0919,16.7566,0.8540000915527344,2.116999626159668,1.4313637641589874,-1.3160528533310298,-8.945538,-10.937975,1.5740458,1.2904185,15.248,-11.553549,3.2727818,0.0,0.006643650154163069,
4FGL J0706.8+7742,1,106.7249,77.7002,136.76738,27.277351,39.423317,1.0192709e-09,4.635249e-11,8.365889e-12,5.149482e-13,LogParabola,2.0472667,0.031323623,1288.5658,1.8725287,0.059391234,0.11462929,0.027705707,0,bll,NVSS J070651+774137,0.9998397,0.93351465,bzcat,106.713893012,77.6936098583,2.200000039920269e-07,RFC J0706+7741,-inf,ISP,2246.886,417.6393,1.1117016e-06,5.8365707e-08,1.2735031e+14,2.1467526e-12,218.61331,0.66560566,0.14879626,39.2483,BLL,17.744093,12.3149995803833,11.43299961090088,8.984999656677246,7.071000099182129,37.0,0.0076500000432133,,,,,,17.7656,16.9862,17.054,16.4147,16.1417,0.8819999694824201,2.4479999542236346,1.568201724066995,-2.1163385623931408,-8.991711,-11.077488,1.5957532,2.3396766,14.105,-11.668218,3.1101067,0.0,0.036024855464567386,
4FGL J0706.9+6109,1,106.7319,61.1595,155.11508,25.367298,15.6917095,3.3672024e-10,3.073638e-11,4.626776e-12,3.7521063e-13,PowerLaw,2.4384692,0.06378786,955.2885,2.430514,0.06903342,0.015704388,0.034633704,0,bll,TXS 0702+612,0.999268,0.97231764,bzcat,106.752565592,61.1698911111,1.0000000116860974e-07,RFC J0707+6110,-inf,LSP,,,-inf,-inf,3.3113112e+13,3.7242514e-12,31.57772,0.39697304,0.1238555,83.0393,BLL,17.477589,12.479999542236328,11.498000144958496,8.6899995803833,6.466000080108643,424.6,,,,,,,18.0716,17.6123,17.362,16.8256,16.7506,0.981999397277832,2.8080005645751953,2.62797998982998,-1.3968556187296444,-9.472731,-11.334722,1.1956702,1.4993808,13.52,-11.428961,2.9801345,0.0,0.6876165031948578,
4FGL J0709.1+2241,1,107.2769,22.6847,194.26213,13.833457,27.897877,1.0218816e-09,6.170466e-11,9.5896555e-12,7.300256e-13,LogParabola,2.0396986,0.04063537,1310.5944,1.9431303,0.06272048,0.05863186,0.027593115,0,bll,GB6 J0708+2241,0.9921619,0.0,bzcat,107.242872313,22.6931934639,9.783429533172239e-08,RFC J0708+2241,-inf,ISP,2128.5774,932.8166,1.077763e-06,7.2549824e-08,2.7227012e+14,1.8049659e-12,93.697525,0.55525154,0.13346992,104.312,BLL,16.798283,12.708000183105469,11.895999908447266,9.805999755859377,7.798999786376953,40.1,0.0641999989748001,,,,,,17.0691,16.9184,16.5589,16.6879,16.294,0.8120002746582031,2.090000152587889,1.6031443726201824,-1.1924649788663284,-8.9906,-11.018197,1.4455712,1.9717281,14.435,-11.743531,3.1174684,0.0,0.02027305047158431,
4FGL J0715.6-4528,1,108.9168,-45.4784,256.71634,-15.026118,13.071205,4.0502385e-10,3.9890587e-11,4.9676574e-12,4.746413e-13,PowerLaw,2.3144364,0.07101759,1342.499,2.309245,0.07623841,0.017750552,0.042204197,0,bll,SUMSS J071544-453031,0.99389255,0.0,wise,108.93634796142578,-45.50845718383789,0.0044999998062849045,nan,-inf,ISP,0.22122593,4.687973,1.925327e-06,6.391711e-06,2.7227012e+14,1.512422e-12,16.04823,0.21371837,0.14588746,-inf,BLL,18.35786,13.35200023651123,12.623000144958496,9.78600025177002,7.730000019073486,,,,,,,,,,,,,0.7290000915527344,2.8369998931884766,2.3129159264174834,-1.3968556187296444,-9.392519,-11.303848,1.1163156,1.2054272,14.435,-11.820327,3.127914,0.0,0.23323694842594037,
4FGL J0718.6-4319,1,109.6719,-43.3287,254.91808,-13.656107,54.77326,2.3179154e-09,8.004158e-11,2.0701586e-11,9.557111e-13,LogParabola,1.9614308,0.023210298,1464.124,1.826972,0.03867539,0.08703472,0.017625308,0,bll,PMN J0718-4319,0.99995553,0.9444586,bzcat,109.681782004,-43.3304794194,1.7999999499807018e-06,RFC J0718-4319,-inf,ISP,3956.1611,702.60236,2.534557e-06,1.0946675e-07,9.120109e+14,2.5905322e-12,15.420535,0.07203071,0.05186632,75.1171,BLL,17.262083,12.925000190734863,12.0649995803833,9.81700038909912,8.1850004196167,,0.0078199999406933,,,,,,,,,,,0.8600006103515625,2.2479991912841815,2.3129159264174834,-2.1067932502338316,-8.634902,-10.683996,1.7385685,1.1880995,14.96,-11.586611,3.165578,0.0,0.027716560131406012,
4FGL J0723.7+2050,1,110.949,20.8373,197.43155,16.21535,12.729222,2.8450625e-10,3.852429e-11,3.4122978e-12,4.449822e-13,PowerLaw,1.8411038,0.09134711,4704.781,1.8413852,0.10217288,-0.0025613776,0.043611422,0,bll,GB6 J0723+2051,0.9992874,0.82461226,whsp2,110.951425254,20.8585496583,5.80000005356851e-07,RFC J0723+2051,-inf,HSP,,,-inf,-inf,7.079458e+15,2.4966116e-12,15.220042,0.2622388,0.22070825,172.954,BLL,17.228516,13.812000274658203,13.083999633789062,10.97700023651123,8.894000053405762,42.8,,,,,,,17.732,17.8584,17.3573,17.341,16.9853,0.7280006408691406,2.106999397277832,1.631443769013172,-1.3968556187296444,-9.545908,-11.466953,1.1048019,1.1824158,15.85,-11.602649,3.6725395,0.0,0.002332581110954749,
4FGL J0728.2+4827,1,112.0512,48.4594,169.5882,25.821857,8.294622,2.093134e-10,3.038818e-11,2.6093925e-12,4.0734188e-13,PowerLaw,2.3351107,0.11703044,1614.0374,2.3375769,0.12386097,-0.0035687925,0.055759232,0,bll,GB6 J0727+4827,0.9946419,0.0,bzcat,111.999387917,48.4556625667,1.3999999737279722e-06,RFC J0727+4827,-inf,ISP,,,-inf,-inf,7.585776e+14,1.1088735e-12,14.966939,0.26792538,0.26058424,26.4094,BLL,18.213459,13.428999900817873,12.638999938964844,10.661999702453612,8.404999732971191,88.8,,,,,,,18.2742,18.0076,17.5596,17.581,17.4299,0.7899999618530291,1.9770002365112322,1.948412965778601,-1.3968556187296444,-9.679203,-11.583461,0.9187966,1.175133,14.88,-11.955118,3.2079136,0.0,0.13171787698306553,
4FGL J0741.0+3226,1,115.2604,32.4389,187.34207,23.947098,5.8074193,5.7328673e-11,2.248799e-11,8.560191e-13,2.630346e-13,PowerLaw,1.6126999,0.19049384,13789.932,1.4284642,0.37008807,0.3716109,0.25575918,0,bll,NVSS J074054+322600,0.9884188,0.0,bzcat,115.22746276855469,32.43355941772461,0.0044999998062849045,nan,-inf,ISP,29753.19,18445.213,2.1665605e-07,8.663451e-08,2.4547089e+14,5.721725e-13,10.251093,0.0,10.0,75.537,BLL,19.35902,14.133000373840332,13.437999725341797,11.446999549865724,8.315999984741211,14.5,,,,,,,,,,,,0.6950006484985352,1.9910001754760724,1.1613680022349748,-1.3968556187296444,-10.241628,-12.067516,0.7639832,1.0107702,14.39,-12.242473,4.139562,0.0,0.013122401854466306,
4FGL J0743.1+1713,1,115.7753,17.2198,202.81523,18.96565,10.178206,2.840158e-10,3.7890597e-11,3.3697968e-12,4.9404073e-13,PowerLaw,2.266733,0.10909394,2027.9229,2.260611,0.114653565,0.008540359,0.049120195,0,bll,TXS 0740+173,0.9987223,0.94816464,bllac,115.771278392,17.2401144139,9.499999720219421e-08,RFC J0743+1714,-inf,LSP,,,-inf,-inf,3.427678e+13,6.6342065e-13,12.098773,0.14271303,0.36722755,37.5139,BLL,18.594181,13.713000297546388,12.611000061035156,9.765999794006348,7.472000122070312,305.7,,19.160999298095703,18.660999298095703,18.25,17.924999237060547,17.68199920654297,19.2017,18.8242,18.6689,18.2524,18.1049,1.1020002365112322,2.8450002670288086,2.4852954387260886,-1.3968556187296444,-9.546658,-11.472396,1.0076712,1.0827414,13.535,-12.178211,3.3070514,0.0,0.13938933890442326,
4FGL J0746.3-0225,1,116.5985,-2.428,221.48145,11.061638,16.972324,4.4917753e-10,4.8648748e-11,4.473365e-12,5.846782e-13,LogParabola,1.8460377,0.067190886,2976.7502,1.6710106,0.1273887,0.11421203,0.059182737,0,bll,2MASS J07462703-0225492,0.9990653,0.9021715,wise,116.61260223388672,-2.4303781986236572,0.0044999998062849045,nan,-inf,ISP,12567.187,6729.709,6.424284e-07,9.570131e-08,1.9952623e+14,1.1136404e-12,22.220003,0.41345155,0.15728246,85.7251,BLL,18.104439,13.251999855041504,12.623000144958496,10.295000076293944,8.204000473022461,12.8,,,,,,,,,,,,0.6289997100830078,2.3280000686645526,1.1072099696478683,-1.3968556187296444,-9.347582,-11.349365,1.2297413,1.3467441,14.3,-11.953255,3.4737425,0.0,0.0028985768601776153,
4FGL J0746.6-4754,1,116.6694,-47.9155,261.34702,-11.304772,38.395016,1.5211311e-09,6.9870415e-11,1.4470457e-11,8.85043e-13,LogParabola,2.007919,0.033487026,1788.6217,1.912508,0.050344497,0.05850299,0.02185511,0,bll,PMN J0746-4755,0.99993676,0.96609235,bzcat,116.676270858,-47.9153556194,2.4000000848900527e-05,RFC J0746-4754,-inf,HSP,3778.026,1278.4491,1.6183066e-06,9.0837084e-08,1.8197009e+15,3.2412387e-12,180.25992,0.6489832,0.14655955,103.084,BLL,17.380114,12.734999656677246,11.901000022888184,9.541000366210938,7.605999946594238,,,,,,,,,,,,,0.8339996337890625,2.359999656677246,2.3129159264174834,-1.3968556187296444,-8.817833,-10.839518,1.5842749,2.2558992,15.26,-11.489289,3.2525184,0.0,0.011026560046930114,
4FGL J0747.5+0905,1,116.876,9.0911,211.04457,16.552656,11.560763,2.600866e-10,3.4811723e-11,2.909246e-12,3.8673513e-13,PowerLaw,1.9957694,0.09447594,3091.7864,1.9694378,0.11348226,0.04261614,0.051586285,0,bll,RX J0747.3+0905,0.9985344,0.9178524,bllac,116.842466813,9.09680415556,2.6000000161729986e-06,RFC J0747+0905,-inf,HSP,4425.2407,5612.9995,2.850206e-07,4.582093e-08,6.16595e+17,1.9745859e-12,5.9480567,0.0,10.0,83.23,BLL,18.471851,13.803999900817873,13.32800006866455,11.454999923706056,8.753000259399414,39.5,0.1800000071525573,18.733999252319336,18.511999130249023,17.940000534057617,17.582000732421875,17.315000534057617,18.6803,18.4596,18.0842,18.0168,17.8884,0.4759998321533221,1.8730001449584943,1.5965970956264601,-0.7447274776393823,-9.584882,-11.53622,1.0629865,0.7743751,17.79,-11.704524,3.4902096,0.0,0.013509791431282052,
4FGL J0801.1+1335,2,120.2789,13.5853,208.2248,21.474276,4.0110903,1.1003368e-10,3.0050115e-11,1.2425877e-12,3.5693765e-13,PowerLaw,2.1634617,0.18678641,2791.5232,2.0988338,0.31367016,0.11607806,0.16225743,4112,bll,NVSS J080115+133643,0.99303156,0.0,bzcat,120.31271362304688,13.61182975769043,0.0045000000000000005,nan,-inf,ISP,1823.698,3093.2734,1.2932222e-07,4.08008e-08,4.120975e+14,3.6094082e-13,9.8273115,0.0,10.0,-inf,BLL,19.30554,14.619999885559082,14.029000282287598,11.803000450134276,8.565999984741211,16.7,,,,,,,,,,,,0.5909996032714844,2.225999832153322,1.2227164711475833,-1.3968556187296444,-9.958474,-11.905673,0.6032624,0.99243474,14.615,-12.442564,3.4458413,0.0,0.14807932221591724,
4FGL J0803.0+2439,2,120.7508,24.6583,197.17691,26.022387,5.399609,1.1187295e-10,2.991415e-11,1.25307e-12,3.1781278e-13,PowerLaw,1.9896566,0.18002293,4750.3096,2.020198,0.14812586,-0.03894116,0.05814376,0,bll,NVSS J080307+243749,0.99532443,0.0,bzcat,120.7804183959961,24.630809783935547,0.0045000000000000005,nan,-inf,HSP,,,-inf,-inf,7.079458e+15,6.9156497e-13,14.677838,0.39636388,0.49061966,55.0026,BLL,18.739037,14.456000328063965,13.72700023651123,12.208000183105469,8.307000160217285,23.9,,,,,,,,,,,,0.7290000915527344,1.5190000534057617,1.3783979009481377,-1.3968556187296444,-9.951275,-11.902024,0.73236233,1.1666621,15.85,-12.160167,3.6767218,0.0,0.039152860457002225,
4FGL J0805.9+3834,1,121.4877,38.5725,182.16644,30.435486,10.6332655,2.221815e-10,2.93102e-11,2.4820191e-12,3.2963766e-13,PowerLaw,2.1212902,0.10029444,2291.834,2.1046793,0.116111524,0.023228483,0.05511904,0,bll,NVSS J080551+383538,0.99236274,0.0,rfc,121.465658483,38.5939080111,4.799999828719592e-07,RFC J0805+3835,-inf,LSP,240.77283,1591.1403,2.6463363e-07,1.06829056e-07,7.24436e+13,4.800141e-13,13.798577,0.18937634,0.29576033,15.7582,BLL,18.074991,13.954999923706056,13.031000137329102,10.991999626159668,8.725000381469727,13.3,,20.952999114990234,20.39699935913086,19.84499931335449,19.36100006103516,19.065000534057617,18.4163,18.4466,17.0604,17.9849,16.939,0.9239997863769549,2.0390005111694336,1.1238516409670858,-1.3968556187296444,-9.653292,-11.605195,1.0266666,1.1398343,13.86,-12.318746,3.3601832,0.0,0.0316720502724977,
4FGL J0807.1-0541,1,121.7798,-5.6842,226.9651,14.004563,34.52052,1.4707363e-09,7.2413874e-11,1.3013771e-11,8.06854e-13,LogParabola,2.19786,0.033224516,1123.8804,2.1193185,0.0493441,0.10448947,0.0277615,0,bll,PKS 0804-05,0.99982697,0.9873328,bzcat,121.790073221,-5.68719872778,1.500000053056283e-07,RFC J0807-0541,-inf,ISP,634.97314,207.43599,1.8740133e-06,1.0792355e-07,3.7239172e+14,2.15765e-12,129.8438,0.49667788,0.11517401,18.2436,BLL,17.496578,12.678999900817873,11.746000289916992,9.119999885559082,6.874000072479248,544.8,0.0230000000447034,,,,,,17.7099,17.2,16.8391,17.0075,16.4744,0.9329996109008807,2.62600040435791,2.736237098904729,-1.638272163138301,-8.832465,-10.885597,1.5380774,2.1134212,14.571,-11.666019,3.05072,0.0,0.32047740162788246,
4FGL J0811.0-7529,1,122.7513,-75.4982,288.2776,-21.446249,62.76813,2.5161597e-09,7.763896e-11,2.3804837e-11,9.892077e-13,LogParabola,1.9339828,0.02119213,1683.5751,1.815882,0.03703407,0.07178746,0.015175376,512,bll,PMN J0810-7530,0.99992,0.9581072,bzcat,122.763361908,-75.5077290056,5.399999736255268e-07,RFC J0811-7530,-inf,ISP,6069.659,1272.6721,2.8222378e-06,1.1732687e-07,5.623413e+14,2.2748199e-12,22.582983,0.1067836,0.04392053,94.6048,BLL,17.514692,12.79699993133545,11.963000297546388,9.628000259399414,7.691999912261963,,0.0237000007182359,,,,,,,,,,,0.8339996337890607,2.3350000381469744,2.3129159264174834,-1.6252516408284665,-8.599262,-10.623335,1.7977393,1.3537813,14.75,-11.643053,3.2262325,0.0,0.019537870239361602,
4FGL J0812.8+6507,1,123.2171,65.1259,150.96288,32.950424,11.49244,2.3165095e-10,3.1348958e-11,2.5732019e-12,3.4951214e-13,PowerLaw,2.065998,0.11009119,3566.7366,2.1271415,0.10015765,-0.05128646,0.039562274,0,bll,GB6 J0812+6508,0.99630463,0.0,bzcat,123.170193721,65.1530807222,2.699999868127634e-07,RFC J0812+6509,-inf,HSP,,,-inf,-inf,1.0715193e+16,2.6056494e-12,18.775312,0.35145998,0.17633003,80.0916,BLL,18.411575,13.909000396728516,13.347999572753906,11.850000381469728,8.748000144958496,29.3,0.0773999989032745,19.082000732421875,18.506000518798828,17.777999877929688,17.409000396728516,17.138999938964844,18.6828,18.0732,17.7679,17.6118,17.4097,0.5610008239746094,1.497999191284178,1.4668676203541096,-1.111259045470878,-9.635166,-11.589526,1.0604123,1.2735872,16.03,-11.584084,3.5522711,0.0,0.0860425750136315,
4FGL J0814.2-1013,1,123.5509,-10.2172,231.89946,13.214343,29.204716,1.2001291e-09,6.982062e-11,1.1343175e-11,8.6592967e-13,LogParabola,2.0687227,0.04069223,1500.1067,1.9925231,0.06050032,0.055131543,0.026850604,0,bll,NVSS J081411-101208,0.9995791,0.97125953,bzcat,123.548722837,-10.20285795,3.899999967416079e-07,RFC J0814-1012,-inf,ISP,1605.3573,869.1937,1.2733575e-06,7.982971e-08,4.008667e+14,4.66726e-12,63.82673,0.43458173,0.10988744,79.3471,BLL,17.705767,12.123000144958496,11.270000457763672,8.718999862670898,6.698999881744385,36.4,0.0445000007748603,,,,,,17.2181,16.7347,17.4137,16.1559,16.253,0.8529996871948242,2.5510005950927734,1.561101383649056,-1.3516399814568762,-8.920772,-10.945266,1.465453,1.8050026,14.603,-11.330938,3.1761222,0.0,0.011295887416952272,
4FGL J0817.8+3243,1,124.4684,32.7236,189.44737,31.482325,8.692722,2.2051141e-10,3.7922762e-11,2.454671e-12,4.3107236e-13,PowerLaw,2.0983424,0.115725294,3383.288,2.0524943,0.1794051,0.09235733,0.08827123,0,bll,RX J0817.9+3243,0.9982769,0.92144555,bzcat,124.46251135,32.7279071417,4.0000000467443897e-07,RFC J0817+3243,-inf,ISP,2546.339,2838.408,2.475637e-07,4.5631865e-08,2.089296e+14,7.2818715e-13,6.558529,0.0,10.0,37.3803,BLL,18.637972,14.378999710083008,13.64900016784668,11.010000228881836,8.869999885559082,7.1,0.0142999999225139,19.3439998626709,18.88500022888184,18.538000106811523,18.249000549316406,17.98699951171875,18.9089,18.632,18.2912,18.1717,18.1086,0.7299995422363281,2.6389999389648438,0.8512583487190752,-1.84466396488821,-9.656569,-11.610006,0.9391558,0.81680644,14.32,-12.137757,3.529339,0.0,0.038078108224978445,
4FGL J0817.8-0934,1,124.4734,-9.5777,231.8227,14.32306,35.952377,1.6083762e-09,7.7378125e-11,1.2788817e-11,8.339347e-13,LogParabola,2.0818644,0.03272411,1327.3395,1.9215297,0.059456162,0.12913452,0.030525936,0,bll,TXS 0815-094,0.9983389,0.9575577,cgrabs,124.457289475,-9.55847964722,1.8000000068241206e-07,RFC J0817-0933,-inf,LSP,1798.5994,351.19827,1.7816905e-06,9.447045e-08,5.069907e+13,3.0164283e-12,26.746748,0.18340579,0.06664158,69.5066,BLL,17.388245,12.538000106811523,11.553999900817873,8.817000389099121,6.486999988555908,466.9,0.0057899998500943,,,,,,17.8782,17.5944,17.4907,17.16,16.8421,0.9840002059936506,2.7369995117187518,2.6692238739308056,-2.237321447516643,-8.7936125,-10.893169,1.5557276,1.427271,13.705,-11.520507,3.122982,0.0,0.042407017858468954,
4FGL J0818.7+3153,1,124.6953,31.8862,190.45438,31.462664,5.120646,1.2156212e-10,2.8196051e-11,1.365607e-12,3.27955e-13,PowerLaw,2.145721,0.15722959,2734.8374,2.1111598,0.22267903,0.09391458,0.109550625,16,bll,B2 0815+32,0.9931405,0.8041358,bzcat,124.666934742,31.8967195861,1.7999999499807018e-06,RFC J0818+3153,-inf,ISP,1513.2479,2263.5293,1.4358712e-07,3.933276e-08,1.07151935e+14,4.855277e-13,32.345295,0.87623495,0.32186,25.6673,BLL,20.260994,14.335000038146973,13.517000198364258,11.321000099182127,8.8149995803833,62.7,,19.981000900268555,19.5310001373291,19.18099975585937,18.893999099731445,18.6200008392334,20.7995,20.2922,20.0363,19.7682,19.3781,0.8179998397827148,2.1960000991821307,1.7972675408307164,-1.3968556187296444,-9.915202,-11.864675,0.7093248,1.5098112,14.03,-12.313786,3.4369316,0.0,0.1266985006614958,
4FGL J0820.9-1258,1,125.244,-12.9747,235.20422,13.173167,8.918937,2.5726307e-10,3.6613157e-11,3.2194221e-12,4.73663e-13,PowerLaw,2.3397634,0.10287432,1495.2194,2.3342686,0.11690032,0.037146047,0.05712718,0,bll,PKS 0818-128,0.9996317,0.9863271,bllac,125.239365017,-12.9831025417,7.500000265281415e-08,RFC J0820-1258,-inf,ISP,16.620615,119.05598,6.8054624e-07,8.370713e-07,1.6405898e+14,2.621549e-12,9.849685,0.0,10.0,18.517,BLL,19.14662,12.956000328063965,11.897000312805176,9.062999725341797,6.567999839782715,1096.2,0.0201999992132186,,,,,,18.7835,18.3113,18.6649,17.6212,17.5075,1.059000015258789,2.834000587463379,3.0398897977361816,-1.6946486474689617,-9.5896225,-11.492222,0.9503131,0.9934223,14.215,-11.581442,3.174705,0.0,0.10912852702162891,
4FGL J0826.4-6404,1,126.6229,-64.0758,278.50034,-14.67364,17.65639,3.8399078e-10,4.2193454e-11,4.85113e-12,4.9015425e-13,PowerLaw,1.7737168,0.06820385,6178.552,1.7393682,0.08766144,0.032241534,0.040550087,0,bll,SUMSS J082627-640414,0.9998256,0.9916509,rfc,126.616050175,-64.0709073361,2.7999999474559445e-06,RFC J0826-6404,-inf,HSP,351759.8,1.6033362e+06,8.325233e-07,4.3568062e-07,7.5857755e+16,8.414048e-12,18.159845,0.32583317,0.15355337,410.448,BLL,17.373987,14.109000205993652,13.47700023651123,11.61400032043457,9.40999984741211,,0.4539999961853027,,,,,,,,,,,0.6319999694824219,1.8629999160766602,2.3129159264174834,-0.34294415079201945,-9.415679,-11.3141575,1.2469019,1.2591121,16.88,-11.074995,3.7908866,0.0,0.002673610549567535,
4FGL J0829.7+5105,1,127.4324,51.0994,167.80943,35.96401,7.875007,1.3359709e-10,2.51466e-11,1.5072576e-12,2.735743e-13,PowerLaw,1.9631815,0.13028003,3951.7532,1.9490122,0.15704429,0.0075967163,0.06936188,0,bll,GB6 J0829+5108,-inf,0.0,rfc,127.450355238,51.1410223778,3.3000000598804036e-07,RFC J0829+5108,-inf,LSP,113304.07,3.0273302e+06,1.5134044e-07,9.256388e-08,4.6773515e+13,4.046793e-13,14.304812,0.0,10.0,83.854,BLL,19.46186,14.340999603271484,13.435999870300291,11.045000076293944,8.668000221252441,27.2,,21.36000061035156,20.833999633789062,20.3799991607666,20.06800079345703,19.799999237060547,20.0427,19.7045,19.1236,19.1352,18.8042,0.9049997329711932,2.3909997940063477,1.4345689040341987,-1.3968556187296444,-9.874203,-11.821813,0.89625096,1.1554822,13.67,-12.392889,3.5967898,0.0,0.010847719014884438,
4FGL J0831.5+1747,1,127.8868,17.7884,207.09424,29.855448,10.137726,2.1921649e-10,3.5040658e-11,2.4757952e-12,3.8570145e-13,PowerLaw,1.9599363,0.108450234,3731.23,1.8940326,0.1590099,0.0978756,0.079715304,0,bll,GB6 J0831+1746,0.99714535,0.805349,bzcat,127.88768768310547,17.775211334228516,1.3e-06,nan,-inf,ISP,6411.3833,4946.604,2.665668e-07,5.187121e-08,4.570882e+14,6.40345e-13,16.821795,0.52508503,0.26006472,39.7165,BLL,18.368816,14.336000442504885,13.527000427246094,11.699999809265137,8.194000244140625,32.8,,19.30599975585937,18.93600082397461,18.59600067138672,18.312000274658203,18.11599922180176,18.3748,18.4799,17.9438,18.0063,17.838,0.8090000152587908,1.827000617980957,1.515873843711679,-1.3968556187296444,-9.659127,-11.606285,1.0059406,1.2258723,14.66,-12.193586,3.571852,0.0,0.007471463745409092,
4FGL J0834.6+4402,1,128.6666,44.05,176.58507,36.549164,14.036909,3.047998e-10,3.1102856e-11,3.6842274e-12,3.4328405e-13,PowerLaw,2.2945395,0.0763348,1216.9219,2.2428005,0.1040663,0.05399927,0.05723167,0,bll,B3 0831+442,0.98308,0.0,bzcat,128.742500113,44.06059465,1.700000069604357e-07,RFC J0834+4403,-inf,LSP,128.4959,383.90353,5.210795e-07,2.1720018e-07,6.3095733e+13,1.901827e-12,21.933645,0.3509065,0.14305636,-inf,BLL,18.182322,12.892000198364258,11.94200038909912,9.34000015258789,7.103000164031982,148.0,,18.819000244140625,18.24099922180176,17.799999237060547,17.450000762939453,17.14699935913086,18.6665,18.1457,18.2749,17.7289,17.8554,0.9499998092651385,2.6020002365112287,2.1702617153949575,-1.3968556187296444,-9.5159855,-11.433654,1.1472715,1.3411108,13.8,-11.720829,3.0852628,0.0,0.20849014388078962,
4FGL J0839.4+1803,1,129.8695,18.0606,207.60109,31.71104,13.257154,3.419562e-10,3.6350634e-11,3.900588e-12,4.0349907e-13,PowerLaw,2.1909528,0.07936298,1647.0502,2.1874416,0.08423008,0.0059032035,0.03830941,0,bll,TXS 0836+182,0.9990747,0.9676431,bllac,129.878005712,18.0464285,1.1000000199601345e-07,RFC J0839+1802,-inf,LSP,,,-inf,-inf,5.1880005e+13,2.6453065e-12,28.65553,0.4348916,0.14937517,68.592,BLL,17.55855,12.859000205993652,11.98900032043457,9.41800022125244,7.282000064849853,409.9,,18.176000595092773,17.607999801635742,17.134000778198242,16.79599952697754,16.520999908447266,17.9898,17.8477,17.2576,17.0378,16.8661,0.869999885559082,2.5710000991821307,2.6126779183165016,-1.3968556187296444,-9.466029,-11.40887,1.1224504,1.4572085,13.715,-11.577524,3.2167068,0.0,0.04835200986295898,
4FGL J0847.9-0702,1,131.9945,-7.0434,233.7413,21.970226,15.957637,4.3033627e-10,3.976143e-11,5.130894e-12,4.3904585e-13,PowerLaw,2.2743716,0.068132274,1276.7722,2.241136,0.083155856,0.043272797,0.043217305,0,bll,TXS 0845-068,0.9996992,0.9743169,bllac,131.986405067,-7.05469509167,1.3999999737279722e-07,RFC J0847-0703,-inf,LSP,78.71691,257.10474,7.646433e-07,3.3566556e-07,2.089296e+13,7.0776163e-12,11.208018,0.0,10.0,144.45,BLL,16.8435,11.60099983215332,10.57800006866455,7.629000186920166,5.388999938964844,183.3,0.0133999995887279,,,,,,17.4235,16.9753,16.4847,16.3758,16.1384,1.0229997634887695,2.9489998817443848,2.2631624649622166,-1.8728952149645361,-9.366192,-11.289807,1.2029686,1.0495288,13.32,-11.150113,3.1061134,0.0,0.3541278521320719,
4FGL J0848.7+7017,1,132.1811,70.2953,144.01358,35.186172,15.288772,2.691896e-10,3.0675323e-11,1.9617606e-12,3.049112e-13,LogParabola,2.0327573,0.08482875,2541.72,1.7729205,0.16311976,0.22185393,0.09624393,0,bll,GB6 J0848+7017,0.9976987,0.9101377,rfc,132.164620196,70.2909624389,1.500000053056283e-07,RFC J0848+7017,-inf,LSP,4240.232,1206.6058,3.3339884e-07,4.4596266e-08,4.216965e+13,2.6392286e-13,9.638582,0.0,10.0,16.8119,BLL,19.714323,14.940999984741213,13.994999885559082,11.74899959564209,8.696000099182129,51.6,,,,,,,19.6265,19.4494,19.2891,19.2882,18.9505,0.9460000991821307,2.246000289916992,1.7126497016272113,-1.3968556187296444,-9.5699415,-11.707354,1.1843727,0.98401314,13.625,-12.578523,3.4051278,0.0,0.07488877736905082,
4FGL J0848.9+0205,2,132.2375,2.087,225.31119,26.930986,5.3126173,1.4402313e-10,2.9568428e-11,1.7732295e-12,3.7038187e-13,PowerLaw,2.3194253,0.14789897,1496.9633,2.25424,0.21418384,0.09497272,0.11077462,0,bll,PMN J0849+0206,0.9889316,0.0,rfc,132.28671264648438,2.106233596801758,1e-06,nan,-inf,LSP,392.5659,876.55927,2.2387042e-07,9.0729856e-08,4.216965e+13,6.727133e-13,5.3895345,0.0,10.0,-inf,BLL,19.0418,14.281999588012695,13.27299976348877,10.46500015258789,8.008000373840332,52.4,,,,,,,,,,,,1.0089998245239258,2.807999610900879,1.7193312869837265,-1.3968556187296444,-9.841568,-11.751235,0.72530854,0.7315513,13.625,-12.17217,3.1752112,0.0,0.25006898327306426,
4FGL J0850.0+4855,1,132.5083,48.9217,170.4654,39.273106,38.282135,1.6493485e-09,6.8515436e-11,1.5273218e-11,1.0070308e-12,LogParabola,2.2101183,0.027888075,1318.389,2.1444404,0.048455913,0.07913462,0.024656592,0,bll,GB6 J0850+4855,0.99970895,0.9648434,bzcat,132.501464121,48.9162976167,1.8999999440438842e-07,RFC J0850+4854,-inf,LSP,529.29266,277.86465,2.0791401e-06,1.4250611e-07,1.9769697e+13,8.724469e-12,204.88972,0.52309084,0.1187025,56.1708,BLL,17.075935,11.293999671936035,10.315999984741213,7.163000106811523,4.951000213623047,91.6,0.0118000004440546,19.448999404907227,18.834999084472656,18.295000076293945,17.926000595092773,17.64299964904785,17.3591,17.654,17.2208,16.1573,16.4954,0.9779996871948224,3.1529998779296893,1.9618954736678504,-1.9281179763506153,-8.782687,-10.81607,1.5829961,2.31152,13.2960005,-11.059261,3.1200435,0.0,0.40508228116742806,
4FGL J0851.5+5528,1,132.8805,55.4794,162.02168,38.905277,22.349703,5.010194e-10,3.4209094e-11,5.812105e-12,3.606636e-13,PowerLaw,2.2274384,0.049770344,1248.8689,2.179606,0.06516508,0.059863254,0.035588637,0,bll,GB6 J0851+5528,0.9987234,0.9402534,bllac,132.899709513,55.4762264028,1.199999957179898e-07,RFC J0851+5528,-inf,LSP,278.6224,342.1494,7.2469817e-07,1.0098952e-07,3.981072e+13,1.8432066e-12,30.214659,0.30606708,0.09972658,31.9513,BLL,18.023195,13.083000183105469,12.180999755859377,9.394000053405762,7.229000091552734,108.4,,19.086000442504883,18.55299949645996,18.149999618530277,17.847000122070312,17.56999969482422,18.5985,17.7167,17.8454,17.6798,17.4349,0.902000427246092,2.786999702453615,2.035029282202368,-1.3968556187296444,-9.300145,-11.235666,1.3492718,1.4802177,13.6,-11.7344265,3.0965168,0.0,0.18896340427578825,
4FGL J0856.6-1105,1,134.1696,-11.0993,238.65257,21.4733,58.344105,2.4568605e-09,8.441522e-11,2.2053335e-11,9.718449e-13,LogParabola,2.043536,0.023036862,1080.7421,1.9289061,0.03787529,0.07517771,0.016625544,0,bll,PMN J0856-1105,0.9997486,0.98130006,bzcat,134.174183979,-11.0873417583,6.799999852091787e-08,RFC J0856-1105,-inf,LSP,1734.0977,341.7003,2.6364326e-06,9.6565515e-08,2.128139e+13,2.6743115e-12,42.13352,0.16768688,0.049652178,93.8794,BLL,17.522667,12.489999771118164,11.51200008392334,8.65999984741211,6.531000137329102,475.2,0.0182000007480382,,,,,,18.3635,17.5708,17.5305,17.509,17.2134,0.9779996871948242,2.8520002365112305,2.6768764319731373,-1.739928594164988,-8.609619,-10.656526,1.7659969,1.6246277,13.328,-11.572788,3.0337222,0.0,0.2357013780192098,
4FGL J0859.4+6218,1,134.8656,62.302,153.18929,38.53445,11.811456,2.3705155e-10,2.7225947e-11,2.7119303e-12,3.178075e-13,PowerLaw,2.1979868,0.09281784,1962.802,2.2062035,0.09400007,-0.009865024,0.039326753,0,bll,1RXS J085930.5+621737,0.9985685,0.9209954,bzcat,134.877670804,62.2917770417,7.500000265281415e-07,RFC J0859+6217,-inf,ISP,,,-inf,-inf,6.91831e+14,4.1816434e-13,29.282124,0.58710337,0.19423977,84.5511,BLL,18.263905,14.496999740600586,13.758999824523926,11.904999732971191,9.038000106811523,21.7,,19.979999542236328,19.5310001373291,19.187000274658203,18.89800071716309,18.660999298095703,19.0954,18.7914,18.093,18.4665,18.1312,0.7379999160766602,1.8540000915527344,1.3364597338485296,-1.3968556187296444,-9.625157,-11.566722,1.0723034,1.4666026,14.84,-12.378653,3.2928765,0.0,0.04972672413206655,
4FGL J0859.4+8345,2,134.867,83.7558,129.06444,30.303867,4.0516896,3.1933615e-11,1.31385736e-11,5.013762e-13,1.7269701e-13,PowerLaw,1.5717491,0.20096256,12423.329,1.5404184,0.32232857,0.2231676,0.24364753,4096,bll,1RXS J085916.5+834450,0.9990605,0.9471143,bllac,134.79209899902344,83.7510986328125,0.0045000000000000005,nan,-inf,HSP,34787.367,45721.043,1.0916671e-07,5.148864e-08,1.1614487e+15,2.471764e-13,13.616046,0.0,10.0,28.4338,BLL,19.621347,15.032999992370604,14.48799991607666,12.381999969482422,9.383000373840332,9.1,,,,,,,,,,,,0.5450000762939435,2.1059999465942383,0.9590413923210935,-1.3968556187296444,-10.495752,-12.299836,0.60763615,1.1340511,15.065,-12.606993,4.094238,0.0,0.04312637784251407,
4FGL J0901.2+6742,1,135.3164,67.7129,146.58289,37.089233,10.824799,2.576817e-10,2.9828418e-11,4.024669e-12,4.4987964e-13,PowerLaw,2.547553,0.07887295,946.7379,2.514431,0.10625835,0.08237592,0.06555682,0,bll,TXS 0856+679,0.9880512,0.0,bzcat,135.16111555,67.7064672861,4.494365555274271e-07,RFC J0900+6742,-inf,LSP,41.70258,114.495415,1.0072199e-06,7.7087435e-07,7.3282455e+12,3.4902536e-13,16.333546,0.21172118,0.14185478,-inf,BLL,19.661652,15.989999771118164,15.288999557495115,11.522000312805176,8.59000015258789,98.3,0.0021800000686198,,,,,,19.9272,19.6027,18.8682,19.3957,19.1685,0.7010002136230487,3.7669992446899396,1.9925535178321356,-2.66154349272512,-9.588917,-11.395269,1.0344198,1.2130805,12.865,-12.457143,2.9762297,0.0,0.9316161666875112,
4FGL J0905.6+1358,1,136.4017,13.975,215.02544,35.967613,34.016666,1.0329027e-09,6.035077e-11,1.0141402e-11,7.732932e-13,LogParabola,1.7943773,0.036736898,2392.5288,1.5967802,0.06849704,0.12699088,0.031067757,0,bll,MG1 J090534+1358,0.9998529,0.96552306,bzcat,136.395793667,13.9684245639,2.2999999771400326e-07,RFC J0905+1358,-inf,HSP,11704.159,3362.8835,1.4939316e-06,1.2758635e-07,1.0964782e+15,4.6257377e-12,33.45642,0.28319785,0.09073734,125.06,BLL,16.485449,12.4350004196167,11.600000381469728,9.121999740600586,7.093999862670898,128.9,0.0395000018179416,16.785999298095703,16.381000518798828,16.09000015258789,15.85200023651123,15.663999557495115,16.8337,16.1922,16.0082,16.0961,16.004,0.8350000381469709,2.4780006408691424,2.110252917353403,-1.4034028843856414,-8.985941,-10.993902,1.5316918,1.5244795,15.04,-11.334819,3.3788571,0.0,0.004115234548863909,
4FGL J0909.6+0159,1,137.4222,1.9917,228.39023,31.361767,26.468842,1.0555898e-09,6.801669e-11,9.017656e-12,9.644466e-13,LogParabola,2.176737,0.052078776,1608.3394,2.0365038,0.086418696,0.097684145,0.043121073,0,bll,PKS 0907+022,0.9996963,0.9566367,cgrabs,137.416033158,2.001463175,1.5999999902760464e-07,RFC J0909+0200,-inf,LSP,1334.2318,691.97504,1.1736613e-06,8.452115e-08,1.7782794e+13,7.8568597e-13,21.470875,0.18668985,0.09095621,75.8899,BLL,18.239454,13.717000007629396,12.720999717712402,10.15999984741211,7.88100004196167,156.6,0.0127999996766448,19.871999740600582,19.351999282836918,18.920000076293945,18.63999938964844,18.36899948120117,18.9348,19.2161,18.5375,17.98,17.634,0.996000289916994,2.560999870300293,2.1947917577219247,-1.8927900413233332,-8.976505,-11.044907,1.422735,1.3318497,13.25,-12.104751,3.2063777,0.0,0.24256190610532813,
4FGL J0928.5+4048,1,142.1451,40.814,181.1333,46.42992,10.702975,2.0163965e-10,2.7335528e-11,2.2397826e-12,3.0363478e-13,PowerLaw,2.05967,0.111672446,2615.9773,1.972407,0.18717277,0.06796513,0.09688677,0,bll,1RXS J092837.8+404858,0.99572605,0.8213315,bzcat,142.1559600830078,40.81258010864258,0.008999999612569809,nan,-inf,ISP,3204.7422,3829.3665,2.200906e-07,3.913238e-08,6.3095734e+14,8.013975e-13,18.268261,0.36518335,0.20961227,14.4156,BLL,18.366632,14.397000312805176,13.611000061035156,12.196999549865724,8.866000175476074,6.7,,,,,,,,,,,,0.7860002517700195,1.4140005111694318,0.8260748027008264,-1.3968556187296444,-9.695424,-11.649795,1.0295045,1.2616972,14.8,-12.096152,3.417634,0.0,0.009769296366856249,
4FGL J0928.7-3529,1,142.1945,-35.4924,262.99017,11.2191515,8.849739,3.0564606e-10,4.2299886e-11,3.5078002e-12,5.1448895e-13,PowerLaw,2.2052221,0.10432316,2284.6252,2.201836,0.12385273,0.04547265,0.0769851,0,bll,NVSS J092849-352947,0.9934491,0.0,wise,142.207622362,-35.4969026694,6.700000199089118e-07,RFC J0928-3529,-inf,LSP,248.30138,1002.4463,4.1705616e-07,1.7807008e-07,4.6773515e+13,1.1268419e-12,10.531289,0.025691427,1.6487899,17.1138,BLL,18.816484,13.661999702453612,12.701000213623049,9.779999732971191,7.421000003814697,23.0,,,,,,,,,,,,0.9609994888305629,2.9210004806518572,1.3617278360175928,-1.3968556187296444,-9.514781,-11.454966,0.94693047,1.0224816,13.67,-11.948137,3.358815,0.0,0.045666986128817096,
4FGL J0929.3+5014,1,142.3265,50.2352,167.64749,45.426548,35.97415,1.1121102e-09,5.4508578e-11,1.068559e-11,6.645024e-13,LogParabola,2.0980327,0.033061422,1239.0021,2.032989,0.046315726,0.04984816,0.02141268,0,bll,GB6 J0929+5013,0.99954766,0.98594517,cgrabs,142.314334171,50.2266638167,9.499999720219421e-08,RFC J0929+5013,-inf,LSP,889.95123,506.86053,1.2230782e-06,6.524867e-08,2.2646444e+13,1.887687e-12,88.35761,0.4023539,0.09697122,177.012,BLL,17.212997,12.939000129699709,11.961999893188477,9.0600004196167,6.784999847412109,522.0,0.0711999982595443,17.42300033569336,16.989999771118164,16.64900016784668,16.364999771118164,16.111000061035156,17.267,17.3034,16.9387,16.6637,16.3919,0.9770002365112322,2.9019994735717773,2.717670503002262,-1.1475200169792998,-8.953852,-10.971202,1.5559906,1.946244,13.355,-11.72407,3.093072,0.0,0.1472086968383768,
4FGL J0929.6+4621,1,142.4036,46.3544,173.11902,46.140934,6.744866,1.1626506e-10,2.2709353e-11,2.0116283e-12,3.7886372e-13,PowerLaw,2.6236696,0.15596618,878.4457,2.6180289,0.22194366,0.005695223,0.116693914,0,bll,SDSS J092922.75+462046.4,0.97240925,0.0,rfc,142.344829425,46.3462395,8.999999749903509e-07,RFC J0929+4620,-inf,LSP,,,-inf,-inf,4.216965e+13,3.8346613e-13,5.815828,0.0,10.0,-inf,BLL,19.645899,14.35099983215332,13.63599967956543,11.02299976348877,8.647000312805176,95.0,,,,,,,,,,,,0.7150001525878906,2.61299991607666,1.9777236052888478,-1.3968556187296444,-9.934551,-11.696452,0.8289733,0.76461154,13.625,-12.416273,2.9437149,0.0,0.6178532585020402,
4FGL J0930.3+8612,1,142.5994,86.2021,126.28734,29.516201,30.418888,9.469955e-10,4.9857396e-11,8.338732e-12,6.5936937e-13,LogParabola,2.2051778,0.036512237,1302.5369,2.09837,0.06713505,0.09548466,0.032540157,0,bll,S5 0916+864,0.99975544,0.95745236,bllac,142.429407096,86.2059107694,9.499999720219421e-08,RFC J0929+8612,-inf,LSP,778.18176,359.23932,1.1370292e-06,7.442579e-08,1.9054608e+13,2.7350672e-12,107.04973,0.4897823,0.11644879,33.3529,BLL,17.979746,12.583000183105469,11.574999809265137,9.119000434875488,6.853000164031982,142.3,,,,,,,18.5581,17.6641,17.5763,17.0656,16.9142,1.008000373840332,2.4559993743896484,2.1532049000842846,-1.3968556187296444,-9.023652,-11.0789,1.4831433,2.0295856,13.28,-11.563032,3.11479,0.0,0.45711843051259843,
4FGL J0930.7+3502,1,142.6813,35.0334,189.55855,46.756157,9.157378,1.7883983e-10,2.5764708e-11,2.030495e-12,2.886167e-13,PowerLaw,2.1789794,0.109089255,1784.1974,2.1065633,0.15795273,0.072395414,0.08291711,0,bll,B2 0927+35,0.99235696,0.92764676,bzcat,142.730329638,35.0604467611,1.199999957179898e-07,RFC J0930+3503,-inf,LSP,854.6932,1441.3921,2.182983e-07,4.0654516e-08,6.5313057e+12,4.5142956e-13,29.10557,0.76129824,0.22925854,-inf,BLL,20.308968,14.949999809265137,13.949000358581545,10.947999954223633,8.678999900817871,483.9,,21.27300071716309,21.9689998626709,21.614999771118164,21.374000549316406,21.535999298095703,20.1761,20.0064,20.044,19.738,19.4596,1.000999450683592,3.001000404357912,2.684755622108624,-1.3968556187296444,-9.747536,-11.692398,0.96177113,1.4639761,12.815,-12.34541,3.251443,0.0,0.5921690786036942,
4FGL J0935.3-1736,1,143.8272,-17.6076,250.5281,24.723257,13.716998,3.362018e-10,5.4167032e-11,3.5119884e-12,5.57812e-13,LogParabola,1.8415192,0.083575,4642.669,1.734255,0.14874911,0.10611576,0.06665222,0,bll,NVSS J093514-173658,0.9971116,0.8731737,rfc,143.811596892,-17.6162910722,7.500000265281415e-07,RFC J0935-1736,-inf,ISP,16239.338,11436.027,5.1047766e-07,9.4293995e-08,2.3713738e+14,9.426771e-13,6.721664,0.0,10.0,43.9827,BLL,18.275156,13.847999572753906,13.107999801635742,10.654999732971191,8.197999954223633,48.5,0.0153000000864267,,,,,,18.6077,18.2981,17.8935,17.8326,17.7448,0.7399997711181641,2.453000068664551,1.6857417386022637,-1.8153085667291569,-9.4734,-11.454447,1.1372591,0.8274768,14.375,-12.025637,3.6667678,0.0,0.005910185753615455,
4FGL J0941.9+2724,1,145.4936,27.4136,201.20244,48.163425,13.299674,2.9077715e-10,3.2624667e-11,4.011033e-12,3.7610334e-13,PowerLaw,2.4421124,0.07412406,842.6948,2.4061358,0.09372076,0.07847066,0.062506996,0,bll,GB6 J0941+2721,0.9890247,0.0,bzcat,145.46842295,27.3716299278,5.599999894911889e-07,RFC J0941+2722,-inf,LSP,63.357006,145.56718,8.434809e-07,4.15911e-07,2.7542287e+13,3.3785783e-13,23.545155,0.35867977,0.1412584,14.5568,BLL,19.838865,14.640999794006348,13.765999794006348,11.229000091552734,8.58899974822998,104.2,,21.468000411987305,20.83799934387207,20.402000427246094,20.040000915527344,19.3700008392334,20.1284,19.7228,19.3187,19.1714,18.8947,0.875,2.5369997024536133,2.0178677189635055,-1.3968556187296444,-9.53644,-11.396744,1.123841,1.3719015,13.44,-12.471266,2.9256704,0.0,0.8163145449187439,
4FGL J0942.3-0800,1,145.5856,-8.0076,243.5399,32.306194,26.50629,8.670092e-10,5.67554e-11,6.8437365e-12,5.601115e-13,LogParabola,2.1581638,0.043495014,1020.18823,1.984301,0.0775483,0.14843243,0.043039873,0,bll,PMN J0942-0800,0.999656,0.9648545,bzcat,145.589422388,-7.99811221667,1.8000000068241206e-07,RFC J0942-0759,-inf,LSP,1075.5903,274.4,1.03704e-06,6.967047e-08,1.927525e+13,2.3919055e-12,156.16298,0.71103,0.16290641,20.6232,BLL,17.636003,12.836000442504885,11.857999801635742,8.944000244140625,6.7129998207092285,215.8,0.0104999998584389,,,,,,18.5212,18.12,17.8069,17.6375,17.579,0.9780006408691424,2.913999557495117,2.334051440346892,-1.9788107067852243,-9.061976,-11.164707,1.4233489,2.193578,13.285,-11.621256,3.0086803,0.0,0.33043271269354746,
4FGL J0953.0-0840,1,148.2628,-8.6695,246.18584,33.900856,59.698112,2.4414515e-09,8.5729875e-11,2.5043953e-11,1.123698e-12,LogParabola,1.8742205,0.022521738,1454.1986,1.7754116,0.038541574,0.050816514,0.01436576,0,bll,PMN J0953-0840,0.9999626,0.98855835,bllac,148.261289587,-8.67176596667,3.3000000598804036e-07,RFC J0953-0840,-inf,HSP,13253.371,5812.731,2.9210548e-06,1.6517929e-07,1.7782794e+15,4.823497e-12,60.09873,0.22942598,0.060620185,118.407,BLL,16.425882,12.517999649047852,11.677000045776367,9.164999961853027,7.076000213623047,84.7,0.0803000032901763,,,,,,16.8578,16.4652,16.2197,16.1378,16.0193,0.8409996032714844,2.51200008392334,1.927883410330707,-1.0952844369267316,-8.612352,-10.601297,1.7759607,1.7788653,15.25,-11.316638,3.1626236,0.0,0.04857588601090639,
4FGL J1011.6+3600,1,152.9052,36.0141,188.08163,55.07935,7.8627996,1.724753e-10,2.9716687e-11,9.818153e-13,2.3714147e-13,LogParabola,2.1051161,0.12046781,1825.9703,1.853756,0.24860704,0.36876562,0.22555058,2,bll,NVSS J101147+360019,-inf,0.0,rfc,152.947925088,36.0052248528,1.500000053056283e-06,RFC J1011+3600,-inf,ISP,2226.4316,706.8794,2.1090398e-07,4.3505437e-08,1.1350108e+14,1.467476e-13,2.540202,0.0,10.0,-inf,BLL,19.43798,15.277000427246094,14.54300022125244,12.411999702453612,8.347000122070312,10.8,,21.39299964904785,21.083999633789062,20.6879997253418,20.44499969482422,20.256000518798828,19.6384,19.4566,19.1829,18.9371,18.909,0.7340002059936541,2.131000518798828,1.0334237554869496,-1.3968556187296444,-9.763273,-12.00797,0.8955772,0.40486825,14.055,-12.833429,3.2614937,0.0,0.12713637473761658,
4FGL J1018.1+1905,1,154.548,19.0963,217.51247,54.00616,12.990398,3.0113195e-10,3.467059e-11,3.3477064e-12,3.861868e-13,PowerLaw,2.0389054,0.08579043,2501.482,1.9998376,0.11089185,0.040977,0.053324707,0,bll,NVSS J101808+190614,0.9988112,0.0,bzcat,154.532958984375,19.10430908203125,0.0044999998062849045,nan,-inf,LSP,2506.4417,3388.5325,3.2377994e-07,4.431864e-08,1.927525e+13,5.472226e-13,28.44684,0.5016204,0.18184996,34.1868,BLL,19.900702,14.536999702453612,13.868000030517578,11.357999801635742,8.644000053405762,14.3,,,,,,,,,,,,0.6689996719360334,2.510000228881836,1.1553360374650619,-1.3968556187296444,-9.521243,-11.475253,1.1136224,1.4540341,13.285,-12.261836,3.3981974,0.0,0.1297553149297946,
4FGL J1018.8+5913,1,154.7088,59.2301,151.46463,48.576992,16.648544,3.1091846e-10,2.982063e-11,2.5987758e-12,3.614772e-13,LogParabola,2.0080767,0.06966393,2049.479,1.8497442,0.12157716,0.11918672,0.06091513,2,bll,TXS 1015+594,0.9763229,0.0,bzcat,154.743915642,59.1910699889,1.8000000068241206e-07,RFC J1018+5911,-inf,ISP,3849.4243,1561.3871,3.484694e-07,4.106769e-08,6.3095734e+14,1.2274449e-12,23.72662,0.38743436,0.14896277,22.5957,BLL,18.341612,13.543999671936035,12.8149995803833,10.33199977874756,8.142000198364258,97.4,,18.506999969482425,18.084999084472656,17.753999710083008,17.457000732421875,17.211000442504883,18.4885,18.3121,18.0454,17.6718,17.4092,0.7290000915527344,2.4829998016357404,1.9885589568786155,-1.3968556187296444,-9.507354,-11.585231,1.2213763,1.3752359,14.8,-11.910998,3.3116434,0.0,0.009011278586862187,
4FGL J1019.7+6321,1,154.9263,63.3527,146.4297,46.25113,21.823484,4.698608e-10,3.5275106e-11,3.3937345e-12,3.6642878e-13,LogParabola,2.1838632,0.053371467,1208.5771,1.9528822,0.10654846,0.19198224,0.06391367,0,bll,GB6 J1019+6319,0.998596,0.8874069,cgrabs,154.961986854,63.3337852861,9.499999720219421e-08,RFC J1019+6320,-inf,LSP,1366.37,352.70767,5.550634e-07,4.480248e-08,1.7782794e+13,2.2200718e-12,34.19461,0.36367816,0.11380976,27.0631,BLL,18.462389,13.048999786376951,12.067999839782717,9.123000144958496,6.922999858856201,108.6,,19.51000022888184,18.87299919128418,18.42200088500977,18.09600067138672,17.85300064086914,18.4125,18.5069,18.267,17.0775,17.431,0.9809999465942347,2.9449996948242205,2.035829825252828,-1.3968556187296444,-9.328031,-11.469322,1.338924,1.5339577,13.25,-11.653633,3.0822744,0.0,0.23585035171516316,
4FGL J1022.4-4231,1,155.6219,-42.5242,275.7675,12.356559,11.017857,3.4048045e-10,3.9140528e-11,4.107566e-12,4.7903066e-13,PowerLaw,2.29179,0.08457443,1568.6422,2.2570221,0.1081383,0.0641288,0.055140544,0,bll,PMN J1022-4232,0.9944288,0.0,rfc,155.576593763,-42.5352879167,2.900000026784255e-06,RFC J1022-4232,-inf,LSP,211.45538,448.5256,5.483807e-07,1.8011835e-07,6.456542e+13,5.436495e-13,7.263317,0.0,10.0,-inf,BLL,20.20366,14.227999687194824,13.163000106811523,10.472999572753906,8.432000160217285,,,,,,,,,,,,,1.0649995803833008,2.690000534057617,2.3129159264174834,-1.3968556187296444,-9.467908,-11.3864155,1.0420971,0.861135,13.81,-12.264681,3.195524,0.0,0.16519813354889862,
4FGL J1027.0-8542,1,156.7645,-85.7163,300.17862,-23.640285,34.91422,1.0350528e-09,5.7068204e-11,1.0464879e-11,7.1573644e-13,LogParabola,1.8598194,0.036907073,2455.0447,1.716823,0.062304076,0.08253044,0.026601192,0,bll,PKS 1029-85,0.9999226,0.97224873,bzcat,156.643220392,-85.7206378806,4.799999828719592e-07,RFC J1026-8543,-inf,HSP,13649.963,5399.963,1.3788847e-06,1.13760024e-07,1.3121999e+15,2.9528949e-12,5.677041,0.0,10.0,105.963,BLL,17.710352,12.46500015258789,11.57699966430664,9.17199993133545,7.224999904632568,,,,,,,,,,,,,0.88800048828125,2.4049997329711914,2.3129159264174834,-1.3968556187296444,-8.985038,-10.980266,1.5430024,0.754122,15.118,-11.529752,3.3900595,0.0,0.022607506585383325,
4FGL J1030.6-2028,1,157.6631,-20.4787,263.6637,31.452332,19.078636,4.977206e-10,4.3660804e-11,5.761539e-12,5.216846e-13,PowerLaw,1.9007534,0.064038135,3218.5093,1.8068315,0.10663446,0.072201274,0.051410634,0,bll,NVSS J103040-203032,0.97365654,0.0,whsp2,157.668364354,-20.5101152194,1.030982161864813e-06,RFC J1030-2030,-inf,HSP,12263.492,8834.22,6.4408493e-07,9.16763e-08,2.5118864e+15,4.5132667e-13,16.333385,0.18583338,0.14724092,57.0669,BLL,18.89474,14.63599967956543,13.770999908447266,11.866000175476074,8.901000022888184,11.1,,,,,,,19.122,18.756,18.7974,18.6628,18.1836,0.8649997711181641,1.9049997329711914,1.0453229787866574,-1.3968556187296444,-9.303015,-11.239462,1.2805474,1.2130762,15.4,-12.345509,3.5076547,0.0,0.018453399020628366,
4FGL J1032.7+6624,1,158.1829,66.4061,141.82182,45.301037,13.367488,2.072812e-10,2.2683178e-11,2.3225259e-12,2.5108043e-13,PowerLaw,2.135394,0.083329655,1912.507,2.0072126,0.13525148,0.12121522,0.07899608,0,bll,2MASS J10323905+6623234,0.998623,0.9072902,bzcat,158.162833271,66.3897825667,4.700000033608376e-07,RFC J1032+6623,-inf,LSP,1856.4451,1057.0348,2.5074354e-07,3.267145e-08,5.2480746e+13,6.5476585e-13,24.432102,0.43329912,0.1727558,19.1578,BLL,18.303957,14.52299976348877,13.54699993133545,11.06700038909912,8.61400032043457,84.7,,20.277000427246094,19.63999938964844,19.170000076293945,18.878999710083008,18.597999572753903,19.1433,18.7999,18.2152,18.3794,18.0114,0.9759998321533203,2.47999954223633,1.927883410330707,-1.3968556187296444,-9.68344,-11.63404,1.1260498,1.3879608,13.72,-12.183914,3.281603,0.0,0.03293567440667069,
4FGL J1036.5+1231,1,159.1479,12.5227,231.05289,55.24392,6.5438833,1.2186367e-10,2.736406e-11,1.3742052e-12,2.9919288e-13,PowerLaw,1.9647522,0.16354309,3742.717,1.5386403,0.46012673,0.3054215,0.2664274,0,bll,TXS 1034+128,0.9951499,0.8020788,bllac,159.16815185546875,12.560747146606445,8.8e-07,nan,-inf,ISP,7965.3066,3881.729,1.8896488e-07,6.1220184e-08,1.31825674e+14,1.2764124e-12,5.8023877,0.0,10.0,11.2314,BLL,18.289022,13.97700023651123,13.277000427246094,10.852999687194824,7.73799991607666,107.9,0.0156999994069337,18.88400077819824,18.43199920654297,18.04800033569336,17.781999588012695,17.520000457763672,18.6968,18.2401,18.1392,17.9872,17.7617,0.6999998092651367,2.4240007400512695,2.0330214446829107,-1.8041003639962074,-9.914125,-11.861948,0.81583554,0.7636068,14.12,-11.894009,3.573187,0.0,0.012722153159923559,
4FGL J1038.5+3926,2,159.633,39.4384,180.31857,59.841007,4.2852697,7.972061e-11,2.2631428e-11,8.880702e-13,2.4726556e-13,PowerLaw,2.019418,0.18899408,3765.3298,1.9824493,0.23605748,0.044939093,0.10752053,4,bll,NVSS J103845+392736,0.9761616,0.0,bzcat,159.69117736816406,39.459720611572266,0.0045000000000000005,nan,-inf,ISP,4577.294,11639.843,8.370746e-08,2.7606436e-08,1.31825674e+14,5.1115666e-13,16.549265,0.39868543,0.5141867,54.9696,BLL,18.900005,14.50100040435791,13.612000465393066,11.114999771118164,8.815999984741211,10.7,,,,,,,,,,,,0.8889999389648438,2.4970006942749023,1.0293837776852097,-1.3968556187296444,-10.09843,-12.051553,0.63197815,1.2187787,14.12,-12.291446,3.575803,0.0,0.058522693917022195,
4FGL J1040.5+0617,1,160.1495,6.2848,240.79344,52.586082,21.24754,1.1201486e-09,7.532636e-11,1.3700386e-11,1.0575243e-12,PowerLaw,2.3107364,0.05270017,2055.272,2.2966561,0.062170245,0.052492447,0.033195753,0,bll,GB6 J1040+0617,0.9977271,0.821028,bzcat,160.131774658,6.28937916944,2.0000000233721948e-07,RFC J1040+0617,-inf,LSP,121.80962,241.1362,1.883836e-06,6.141882e-07,1.4621772e+13,1.2472772e-12,133.06842,0.87015265,0.20138212,33.8902,BLL,19.017561,13.107000350952148,12.156000137329102,9.741999626159668,7.677999973297119,34.2,0.0130000002682209,21.038000106811523,20.334999084472656,19.849000930786133,19.340999603271484,18.94099998474121,17.6576,18.4147,18.0925,16.9404,16.5331,0.9510002136230469,2.4140005111694336,1.534026106056135,-1.8860566387326358,-8.950725,-10.863267,1.3273087,2.124075,13.165,-11.904037,3.3128693,0.0,0.6103994093319463,
4FGL J1042.1-4128,1,160.5439,-41.4792,278.41614,15.158085,12.104828,2.8889696e-10,4.0251826e-11,2.4953384e-12,4.1559613e-13,LogParabola,1.9359705,0.08489158,2922.2502,1.7666612,0.15259974,0.14458893,0.08035229,0,bll,1RXS J104204.1-412936,0.9940062,0.88739693,rfc,160.512575496,-41.4915968611,4.300000000512227e-06,RFC J1042-4129,-inf,HSP,6548.6436,2933.119,3.6466318e-07,6.043482e-08,1.7782794e+15,1.2869184e-12,5.686092,0.0,10.0,34.1792,BLL,17.865501,13.380000114440918,12.725000381469728,10.614999771118164,8.6899995803833,,,,,,,,,,,,,0.6549997329711896,2.1100006103515643,2.3129159264174834,-1.3968556187296444,-9.539257,-11.602871,1.0829586,0.7548139,15.25,-11.890449,3.4657173,0.0,0.009248660491459313,
4FGL J1043.6+0654,1,160.9008,6.9008,240.73914,53.55324,6.056116,1.3026297e-10,3.147491e-11,1.4840475e-12,3.3775483e-13,PowerLaw,1.9359001,0.1688028,4461.8984,1.8721068,0.23211429,0.06169434,0.112132505,0,bll,NVSS J104323+065307,0.98378783,0.0,bzcat,160.84950256347656,6.886139869689941,0.0044999998062849045,nan,-inf,ISP,12579.658,24356.56,1.59875e-07,5.2552416e-08,3.311311e+14,2.8594927e-13,6.383854,0.0,10.0,60.7895,BLL,19.44253,15.031999588012695,14.3100004196167,11.746000289916992,8.918999671936035,7.4,,,,,,,,,,,,0.7219991683959961,2.564000129699707,0.8692317197309762,-1.3968556187296444,-9.8851795,-11.828552,0.7821942,0.8050829,14.52,-12.543711,3.6495197,0.0,0.03169304455885987,
4FGL J1045.3+2751,2,161.3406,27.8515,204.06577,62.10768,6.216445,1.1663574e-10,2.6479754e-11,1.3169263e-12,2.8827103e-13,PowerLaw,1.9607301,0.15196058,4018.7205,1.9619719,0.15796271,-0.0001232008,0.07006691,0,bll,NVSS J104516+275136,0.9967219,0.0,whsp2,161.31787109375,27.859277725219727,0.0045000000000000005,nan,-inf,HSP,,,-inf,-inf,2.660725e+15,5.152002e-13,19.246944,0.48145053,0.3401025,76.0066,BLL,19.870258,15.437000274658203,14.798999786376951,11.798999786376951,8.758999824523926,3.0,,,,,,,,,,,,0.6380004882812518,3.0,0.47712125471966244,-1.3968556187296444,-9.933168,-11.880439,0.7935421,1.2843618,15.425,-12.288024,3.6040878,0.0,0.018164232851428434,
4FGL J1047.7+7238,1,161.9388,72.642,134.74863,41.529243,16.671534,4.2363038e-10,3.6856476e-11,5.0143344e-12,5.024871e-13,PowerLaw,2.2629142,0.07392936,2301.46,2.2132163,0.09980958,0.06511403,0.058618214,0,bll,GB6 J1047+7238,0.99916804,0.9043724,bzcat,161.948010933,72.6369335139,1.3999999737279722e-07,RFC J1047+7238,-inf,ISP,447.66553,874.87305,5.5033985e-07,1.3786679e-07,4.4668358e+14,3.1585299e-12,74.86048,0.69096375,0.1729446,92.7787,BLL,17.782862,12.204999923706056,11.31700038909912,9.239999771118164,7.184999942779541,36.0,0.0040099998004734,,,,,,17.7563,16.8605,16.8341,16.7189,16.4014,0.8879995346069371,2.0770006179809553,1.5563025007672873,-2.39685564898912,-9.373013,-11.299787,1.2219756,1.8742526,14.65,-11.500515,3.3620033,0.0,0.14623881700660152,
4FGL J1052.9-3743,1,163.2357,-37.7234,278.43542,19.44787,11.108463,2.6024483e-10,3.4910498e-11,2.8974629e-12,3.8629733e-13,PowerLaw,2.023715,0.0933366,3012.7217,1.9846722,0.124995,0.06699428,0.057796404,0,bll,PMN J1053-3743,0.99906635,0.9314997,rfc,163.242074742,-37.7218374472,5.80000005356851e-06,RFC J1052-3743,-inf,HSP,3377.8525,3072.7441,2.900596e-07,4.4545036e-08,1.0471285e+15,1.7252459e-12,15.608639,0.3208685,0.22986755,29.6285,BLL,18.191677,13.515000343322754,12.732999801635742,10.298999786376951,8.196999549865723,62.6,,,,,,,,,,,,0.7820005416870117,2.434000015258791,1.7965743332104296,-1.3968556187296444,-9.584618,-11.537982,1.0456539,1.1933651,15.02,-11.763149,3.478959,0.0,0.007066729721843459,
4FGL J1055.5-0125,1,163.8895,-1.4321,253.9412,50.08416,14.894093,3.7160894e-10,4.1565917e-11,4.401892e-12,5.072414e-13,PowerLaw,1.8601447,0.07354596,3572.2446,1.7991228,0.10084982,0.06567019,0.049241234,4,bll,RX J1055.5-0126,0.99936295,0.9461505,bzcat,163.893206092,-1.4378652,1.6999999843392288e-06,RFC J1055-0126,-inf,HSP,16488.021,17577.283,5.0803277e-07,8.855313e-08,2.0653801e+15,8.068838e-13,21.660398,0.47819084,0.18161096,107.377,BLL,18.267746,14.241000175476074,13.543999671936035,11.138999938964844,8.23799991607666,11.6,0.152999997138977,19.11199951171875,18.732999801635746,18.465999603271484,18.20400047302246,18.03199958801269,18.6683,18.2152,17.9022,18.118,17.9604,0.6970005035400391,2.4049997329711914,1.0644579892269186,-0.8153085773034895,-9.4299135,-11.35636,1.173014,1.3356664,15.315,-12.093189,3.552941,0.0,0.0028228713369351037,
4FGL J1058.0+4305,2,164.5181,43.0938,170.67403,62.07075,6.4142585,1.15767965e-10,2.190045e-11,1.3564795e-12,2.6084275e-13,PowerLaw,2.2458632,0.14008212,1742.0309,2.23306,0.15608643,0.029513573,0.07509385,0,bll,B3 1055+433,0.9969412,0.9447463,crates,164.51217651367188,43.07819747924805,1.3e-07,nan,-inf,LSP,33.597637,358.74902,2.0905433e-07,2.7215205e-07,3.801894e+13,3.1476685e-13,27.49001,0.5114818,0.26808617,-inf,BLL,19.974329,15.241999626159668,14.282999992370604,11.366000175476074,8.569000244140625,307.3,,19.90699958801269,19.53499984741211,19.1879997253418,18.92099952697754,18.645999908447266,20.7894,20.3015,19.6247,19.4507,19.1281,0.9589996337890643,2.9169998168945295,2.4875625602563782,-1.3968556187296444,-9.936412,-11.867587,0.80714643,1.4391749,13.58,-12.502011,3.241056,0.0,0.21184366143940314,
4FGL J1059.2-1134,1,164.8063,-11.572,264.11862,42.68675,74.41293,3.4043883e-09,9.536045e-11,3.1592794e-11,1.0389284e-12,LogParabola,2.1280828,0.017945752,830.23914,2.0343318,0.022010386,0.07001648,0.012893926,0,bll,PKS B1056-113,0.99996924,0.9862551,bllac,164.801776638,-11.5729944917,1.3999999737279722e-07,RFC J1059-1134,-inf,LSP,649.7219,148.35507,4.04203e-06,1.107001e-07,1.927525e+13,5.521397e-12,142.20921,0.26308033,0.06103207,85.1549,BLL,16.205894,11.78499984741211,10.824000358581545,8.154999732971191,6.020999908447266,260.8,0.0606000013649463,,,,,,16.3261,16.1999,15.7395,15.7157,15.9821,0.9609994888305646,2.6690006256103533,2.4163075870598827,-1.217527366051723,-8.467961,-10.500412,1.8716484,2.1529276,13.285,-11.257951,2.9192033,0.0,0.218588524614644,
4FGL J1107.6+0222,1,166.9066,2.3684,253.38776,54.92458,18.224295,5.128261e-10,4.530875e-11,5.717346e-12,5.0791977e-13,PowerLaw,2.0138924,0.068113975,2613.5632,1.9755528,0.09134176,0.034181975,0.04164936,0,bll,NVSS J110735+022225,0.998394,0.81714344,bllac,166.899649221,2.37349838333,4.3000000005122274e-07,RFC J1107+0222,-inf,ISP,3737.132,4324.7446,5.474988e-07,6.2141375e-08,3.548134e+14,7.141312e-13,6.3957534,0.0,10.0,35.98,BLL,17.885744,13.90999984741211,13.04800033569336,10.793999671936035,8.013999938964844,20.8,,19.482999801635746,18.993000030517575,18.660999298095703,18.51000022888184,18.33799934387207,18.2911,18.1635,17.8003,17.7271,17.504,0.86199951171875,2.254000663757324,1.3180633349627615,-1.3968556187296444,-9.29003,-11.2428055,1.2606508,0.8058917,14.55,-12.146222,3.417233,0.0,0.013066046392940815,
4FGL J1110.2+7135,1,167.5623,71.5864,133.63406,43.3776,18.81907,3.3173161e-10,3.0548102e-11,2.8479723e-12,3.5169334e-13,LogParabola,1.9241936,0.06408183,2401.2795,1.7034495,0.11356402,0.1491003,0.060071744,0,bll,RX J1110.5+7133,0.9880885,0.0,bllac,167.656663462,71.5657234111,9.868568184856485e-08,RFC J1110+7133,-inf,HSP,6491.3345,2137.1052,4.20531e-07,5.030044e-08,1.0964782e+15,1.1207713e-12,16.485987,0.2412957,0.14350657,65.0804,BLL,17.487,13.802000045776367,12.986000061035156,10.656999588012695,8.557999610900879,53.9,0.0342999994754791,,,,,,18.0498,17.7715,17.6301,17.6089,17.5546,0.8159999847412109,2.329000473022461,1.7315887651867388,-1.4647058865985279,-9.479213,-11.5454645,1.2745981,1.2171149,15.04,-11.950483,3.3804426,0.0,0.005147206918305851,
4FGL J1110.5-1836,1,167.6411,-18.6058,272.04,38.140987,16.632105,4.8707144e-10,5.1404717e-11,4.1720854e-12,5.9121767e-13,LogParabola,1.9560823,0.07046576,2619.8196,1.7742823,0.13816158,0.13730891,0.068005435,0,bll,CRATES J111027.78-183552.6,0.9975949,0.0,bzcat,167.615723283,-18.5979758833,4.799999828719592e-07,RFC J1110-1835,-inf,ISP,5959.8135,2245.8098,5.9558886e-07,7.7902115e-08,7.8523565e+14,9.080735e-13,42.30113,0.66191334,0.18144198,76.5958,BLL,18.579514,14.232999801635742,13.317999839782717,10.661999702453612,8.880999565124512,46.6,0.0025800000876188,,,,,,19.3281,18.8156,18.3905,18.4801,18.2237,0.9149999618530256,2.656000137329105,1.6683859166900001,-2.588380279287793,-9.3124075,-11.379647,1.2209473,1.626352,14.895,-12.041879,3.4182713,0.0,0.005473448316838115,
4FGL J1111.0+3542,1,167.7736,35.7156,184.77577,67.01815,7.0555334,1.2382703e-10,2.4834463e-11,1.3926229e-12,2.7101474e-13,PowerLaw,1.9737781,0.1482299,3692.7178,1.7432082,0.29541305,0.27960515,0.35230693,0,bll,FBQS J111056.8+353907,0.96761596,0.0,bzcat,167.73683166503906,35.652000427246094,0.0044999998062849045,nan,-inf,ISP,5844.886,3269.4536,1.7635323e-07,5.2041237e-08,1.7378008e+14,4.4814236e-13,9.114856,0.0,10.0,12.9651,BLL,18.485237,14.45400047302246,13.657999992370604,10.984999656677246,8.694000244140625,4.7,,,,,,,,,,,,0.7960004806518555,2.6730003356933576,0.6720978579357175,-1.3968556187296444,-9.907185,-11.856167,0.8485298,0.9597498,14.24,-12.348584,3.567346,0.0,0.01520849868253314,
4FGL J1113.8+1528,1,168.4575,15.4807,235.15096,64.52715,8.862782,2.023833e-10,3.0035165e-11,2.5727513e-12,3.7647636e-13,PowerLaw,2.3582435,0.11738994,1302.9868,2.3726494,0.10547539,-0.029226575,0.0424855,0,bll,2MASS J11135586+1528058,-inf,0.0,rfc,168.482771967,15.4682575333,9.500000146545062e-07,RFC J1113+1528,-inf,ISP,,,-inf,-inf,1.5848933e+14,6.7665144e-13,10.81367,0.0,10.0,18.756,BLL,18.967632,13.92199993133545,13.256999969482422,11.097999572753906,8.76200008392334,44.9,,19.89299964904785,25.11400032043457,18.79199981689453,18.43199920654297,22.82699966430664,18.9412,18.5874,18.1961,18.0112,17.9568,0.6649999618530273,2.1590003967285156,1.6522463410033232,-1.3968556187296444,-9.693826,-11.589602,0.94757,1.0339731,14.2,-12.169635,3.11494,0.0,0.23903734930006793,
4FGL J1113.9+5523,1,168.4913,55.3964,148.18845,56.690296,14.964565,2.6204747e-10,2.6087809e-11,2.9107986e-12,2.8964195e-13,PowerLaw,2.064441,0.07566072,2161.5374,1.9949322,0.107775725,0.07033737,0.0538897,0,bll,SDSS J111356.29+552255.6,-inf,0.0,rfc,168.484569358,55.3821230278,1.6000000186977559e-06,RFC J1113+5522,-inf,ISP,2240.8262,1687.1344,2.9283214e-07,3.4330906e-08,1.5107757e+14,3.0839548e-13,22.81986,0.37662852,0.1490793,23.0615,BLL,18.628784,14.61299991607666,13.906000137329102,11.994000434875488,8.963000297546387,13.8,,20.37800025939941,19.992000579833984,19.75200080871582,19.488000869750977,19.33099937438965,19.0575,18.9361,18.6116,18.5528,18.4346,0.7069997787475586,1.9119997024536133,1.1398790864012365,-1.3968556187296444,-9.58162,-11.535988,1.1750641,1.358313,14.1792,-12.510892,3.3347628,0.0,0.035657625010310265,
4FGL J1118.0+5356,1,169.509,53.9365,149.18906,58.169342,36.951454,8.256239e-10,4.3277007e-11,8.0434895e-12,5.518245e-13,LogParabola,1.8805197,0.034672193,1680.9581,1.7535112,0.05775751,0.07304649,0.023697784,0,bll,NVSS J111757+535553,0.9992025,0.91800934,bzcat,169.488507596,53.9319025083,5.399999736255268e-07,RFC J1117+5355,-inf,HSP,9084.495,3654.2922,9.841332e-07,7.4780914e-08,3.4276778e+15,1.959016e-12,18.498613,0.13831128,0.07523567,106.432,BLL,17.033052,14.027999877929688,13.24899959564209,11.119000434875488,9.095000267028809,12.4,0.0337999984622001,18.076000213623047,17.7549991607666,17.506000518798828,17.329999923706055,17.16200065612793,18.0044,17.6641,17.3302,17.5675,17.1812,0.7790002822875977,2.1299991607666016,1.0934216851622351,-1.4710833194814583,-9.083218,-11.094556,1.5676315,1.2671392,15.535,-11.707962,3.2255569,0.0,0.006794101456433565,
4FGL J1123.1-3233,1,170.7977,-32.5641,282.174,26.725855,5.601584,1.2349413e-10,2.94527e-11,1.3726075e-12,3.2456836e-13,PowerLaw,2.0419457,0.1730259,3366.4329,2.0345495,0.18268609,0.0081729535,0.067739956,0,bll,1RXS J112318.0-323219,0.99352026,0.9271841,whsp2,170.82521057128906,-32.53847122192383,0.008999999612569809,nan,-inf,HSP,406.65216,9235.754,1.308971e-07,7.058423e-08,7.161434e+16,1.2135425e-12,15.774553,0.29524654,0.44760856,43.5813,BLL,19.497492,14.595000267028809,14.232999801635742,12.326000213623049,9.013999938964844,19.6,,,,,,,,,,,,0.3620004653930664,1.9069995880126935,1.2922560713564761,-1.3968556187296444,-9.908354,-11.862453,0.74831086,1.197957,16.855,-11.915945,3.52717,0.0,0.015000672059788089,
4FGL J1123.8+7230,1,170.9588,72.5134,131.75902,43.081497,7.6687407,7.330843e-11,1.7958218e-11,9.650777e-13,2.2738376e-13,LogParabola,1.6746756,0.12258031,5928.3647,1.4491628,0.2106097,0.22301474,0.11845568,0,bll,RX J1123.8+7230,0.9993033,0.97530174,bllac,170.9550018310547,72.5,0.0044999998062849045,nan,-inf,ISP,20383.543,12355.593,1.8757552e-07,5.25603e-08,3.6307805e+14,4.7366576e-13,6.603306,0.0,10.0,61.7639,BLL,19.085379,14.79599952697754,14.248000144958496,12.118000030517578,8.746999740600586,11.9,,,,,,,,,,,,0.5479993820190447,2.130000114440918,1.0755469613925308,-1.3968556187296444,-10.134846,-12.015438,0.884724,0.8197614,14.56,-12.324528,3.772935,0.0,0.018374379005829788,
4FGL J1124.0+2045,1,171.0243,20.7554,225.9494,69.085556,8.543274,1.7099674e-10,3.1220863e-11,1.9088015e-12,3.394493e-13,PowerLaw,2.006279,0.13580866,3670.3096,1.9782996,0.17276639,0.028707933,0.073533215,0,bll,SDSS J112405.35+204553.7,0.99880046,0.81405795,bzcat,171.0222930908203,20.76491928100586,0.0044999998062849045,nan,-inf,HSP,5356.0454,14350.648,1.815214e-07,3.9760558e-08,1.8197009e+15,6.9518436e-13,11.490021,0.0,10.0,60.6845,BLL,18.544691,14.630000114440918,13.758000373840332,11.357999801635742,9.038999557495115,8.7,,,,,,,,,,,,0.8719997406005859,2.40000057220459,0.9395192526186185,-1.3968556187296444,-9.767013,-11.719239,0.93162435,1.0603209,15.26,-12.1579,3.5647027,0.0,0.020213360677705676,
4FGL J1124.9+2143,1,171.2425,21.7309,223.56853,69.62262,7.051053,1.4255559e-10,2.7829603e-11,1.5874118e-12,3.0776168e-13,PowerLaw,2.0224252,0.13994287,3028.0127,1.9357148,0.21542764,0.08453201,0.10393778,0,bll,SDSS J112503.64+214300.1,0.9967778,0.0,bzcat,171.26516723632812,21.716690063476562,0.0044999998062849045,nan,-inf,ISP,4428.8857,4928.026,1.637333e-07,3.9362593e-08,5.754399e+14,7.372741e-13,8.054594,0.0,10.0,33.52,BLL,18.843586,14.855999946594238,14.08199977874756,12.126999855041504,8.694999694824219,7.9,,,,,,,,,,,,0.7740001678466779,1.9549999237060565,0.8976270912904414,-1.3968556187296444,-9.846016,-11.799311,0.84825397,0.90604365,14.76,-12.132371,3.4811578,0.0,0.016429969081345343,
4FGL J1124.9+4934,1,171.2428,49.5674,153.62521,62.090767,25.297853,4.8605603e-10,3.7471654e-11,4.8836174e-12,4.846653e-13,LogParabola,1.7897147,0.048669755,2614.5078,1.5449625,0.09898298,0.14398359,0.0453954,0,bll,GB6 J1124+4933,0.9995113,0.9591192,bllac,171.224284517,49.5693826472,4.1000001260727004e-07,RFC J1124+4934,-inf,HSP,12695.493,4338.207,7.5774165e-07,8.5877474e-08,8.709636e+16,1.127008e-12,38.545425,0.42563182,0.12564015,54.0007,BLL,17.767105,14.3149995803833,13.652000427246094,11.55500030517578,8.489999771118164,19.7,0.1110000014305114,19.075000762939453,18.761999130249023,18.53300094604492,18.36100006103516,18.145000457763672,18.246,18.0464,17.7004,17.8782,17.7217,0.662999153137207,2.0970001220703143,1.294466226161593,-0.9546770156163767,-9.3133135,-11.311258,1.4030837,1.5859728,16.94,-11.948073,3.4173899,0.0,0.003261449401502485,
4FGL J1125.1-2101,1,171.2884,-21.0274,277.2974,37.51198,17.465872,5.1984567e-10,4.9904227e-11,4.2560937e-12,5.465789e-13,LogParabola,1.9444351,0.06467425,2274.4045,1.7085056,0.1255637,0.16460887,0.06609846,0,bll,PMN J1125-2100,0.9996547,0.9350286,bzcat,171.285924854,-21.0183344333,5.100000066704524e-07,RFC J1125-2101,-inf,HSP,5513.1357,1668.6433,6.462034e-07,8.033481e-08,2.818383e+15,2.2795335e-12,17.980667,0.224157,0.14538682,50.9463,BLL,17.534582,13.565999984741213,12.664999961853027,10.583000183105469,8.656000137329102,36.0,,,,,,,18.2676,18.0645,17.7761,17.7164,17.5577,0.9010000228881854,2.0819997787475586,1.5563025007672873,-1.3968556187296444,-9.284125,-11.370989,1.2421902,1.2548058,15.45,-11.642154,3.3568678,0.0,0.004505831138153739,
4FGL J1128.8+3757,1,172.2042,37.9657,175.72609,69.563934,11.427686,4.2502182e-10,5.7276472e-11,3.1757656e-12,7.3332855e-13,LogParabola,2.2427137,0.09217781,2710.9207,2.206054,0.15466216,0.16678178,0.091379896,0,bll,NVSS J112903+375655,0.9592775,0.0,bzcat,172.2635040283203,37.94908142089844,0.0044999998062849045,nan,-inf,LSP,1461.6315,914.3077,4.90108e-07,7.978245e-08,5.2480746e+13,3.9629538e-13,18.45361,0.43387833,0.20474502,-inf,BLL,19.37529,14.583000183105469,13.638999938964844,11.163000106811523,8.281999588012695,26.5,,,,,,,,,,,,0.944000244140625,2.4759998321533203,1.423245873936808,-1.3968556187296444,-9.371589,-11.498152,1.0579582,1.2660813,13.72,-12.401981,3.433117,0.0,0.19225380568675934,
4FGL J1130.5-7801,1,172.6251,-78.0232,298.65366,-15.829117,20.333384,3.992246e-10,4.5763098e-11,5.4882787e-12,5.865921e-13,LogParabola,1.6998944,0.0580996,5169.3735,1.4139785,0.117322706,0.17280155,0.05854293,4,bll,SUMSS J113032-780105,0.9998853,0.98623806,whsp2,172.63357543945312,-78.0181655883789,0.0044999998062849045,nan,-inf,HSP,28174.023,11272.084,1.0417325e-06,1.4821079e-07,9.462371e+15,3.223302e-12,17.833078,0.2416014,0.14739658,107.4,BLL,17.783184,13.053999900817873,12.67199993133545,10.642000198364258,8.597999572753906,,,,,,,,,,,,,0.38199996948242365,2.0299997329711914,2.3129159264174834,-1.3968556187296444,-9.398783,-11.260564,1.3082097,1.2512263,15.976,-11.491699,3.713438,0.0,0.0027851425442553005,
4FGL J1135.1+3014,1,173.7884,30.2344,197.90012,73.00447,10.890776,2.3375182e-10,2.946722e-11,2.8416765e-12,3.5529777e-13,PowerLaw,2.3025231,0.10518401,1455.564,2.3025095,0.11018899,-0.00040053137,0.047766108,0,bll,CRATES J113514+301001,0.9593809,0.0,crates,173.808715108,30.168222575,2.0999999605919584e-07,RFC J1135+3010,-inf,LSP,,,-inf,-inf,1.6311729e+13,2.2044538e-13,38.25777,0.59304005,0.18868202,13.6742,BLL,20.32089,15.5,14.461000442504885,11.425000190734863,8.807999610900879,94.0,,21.481000900268555,20.96500015258789,20.40999984741211,19.951000213623047,19.589000701904297,20.6467,20.3991,19.6702,20.289,19.6023,1.0389995574951154,3.0360002517700213,1.9731278535996986,-1.3968556187296444,-9.631245,-11.546426,1.0370588,1.5827197,13.2125,-12.656699,3.1630313,0.0,0.7135700834624086,
4FGL J1139.0+5530,2,174.7715,55.5088,142.74179,58.749092,5.5133247,3.6412037e-11,1.4214989e-11,6.0906336e-13,1.9117e-13,PowerLaw,1.522611,0.18488035,15096.505,1.251045,0.48615518,0.2721176,0.28228572,0,bll,RX J1138.9+5530,0.9991634,0.8916183,bllac,174.7532958984375,55.509700775146484,0.0045000000000000005,nan,-inf,ISP,59777.16,58585.88,1.9522182e-07,9.6785726e-08,2.5118865e+14,1.2876268e-13,16.393055,0.0,10.0,71.6422,BLL,20.480503,15.91800022125244,15.357999801635742,11.994999885559082,9.086999893188477,,,,,,,,,,,,,0.5600004196166974,3.36299991607666,2.3129159264174834,-1.3968556187296444,-10.438755,-12.215338,0.7414136,1.2146599,14.4,-12.89021,4.1788764,0.0,0.07021888759125638,
4FGL J1141.5-1408,1,175.3866,-14.1457,278.44507,45.377033,10.034933,2.5406532e-10,3.621938e-11,2.8799296e-12,4.1012465e-13,PowerLaw,1.9491949,0.09685038,3258.057,1.8655978,0.13954446,0.0904208,0.07251773,0,bll,NVSS J114141-140753,0.9954895,0.8518897,bzcat,175.424199642,-14.1318749444,4.400000079840538e-07,RFC J1141-1407,-inf,HSP,6850.5903,5095.3574,3.1593828e-07,5.9244694e-08,1.9054607e+16,1.6373442e-12,23.78556,0.4766481,0.1881026,61.9811,BLL,18.425903,14.369999885559082,13.80500030517578,11.85099983215332,8.557000160217285,59.2,0.0979999974370002,,,,,,18.7584,18.6174,18.3291,18.2186,18.0566,0.5649995803833026,1.9540004730224592,1.7723217067229198,-1.0087739356656344,-9.595055,-11.540618,1.0015144,1.3763134,16.28,-11.78586,3.5129588,0.0,0.0049873767857591175,
4FGL J1149.2+6246,2,177.3205,62.7678,134.66357,52.921753,6.5700474,1.05102906e-10,1.9276396e-11,1.3268734e-12,2.4449767e-13,PowerLaw,2.3502202,0.15403143,1366.243,2.3195384,0.27446356,0.021342631,0.13679455,0,bll,NVSS J114926+624333,0.9921234,0.0,bzcat,177.35891723632812,62.72568893432617,0.0045000000000000005,nan,-inf,ISP,0.7663624,40.842793,4.2851565e-07,3.975925e-06,1.1220184e+14,5.734189e-13,7.734392,0.0,10.0,-inf,BLL,19.161077,14.532999992370604,13.855999946594238,11.41800022125244,8.767000198364258,18.4,,,,,,,,,,,,0.6770000457763654,2.4379997253417987,1.2648178230095364,-1.3968556187296444,-9.978385,-11.877171,0.8175685,0.8884262,14.05,-12.241528,3.1355278,0.0,0.290289805589954,
4FGL J1151.3+0957,1,177.8373,9.9612,260.5561,67.742645,17.019472,4.418427e-10,4.139554e-11,5.7772303e-12,4.5013234e-13,PowerLaw,2.389137,0.06760918,927.79987,2.4000711,0.065329745,-0.019188482,0.03150521,0,bll,NVSS J115117+095826,0.99335396,0.0,rfc,177.822120554,9.97397632222,3.099999901223782e-07,RFC J1151+0958,-inf,LSP,,,-inf,-inf,8.709636e+13,3.6995423e-13,9.672546,0.0,10.0,11.3645,BLL,19.271177,14.461999893188477,13.626999855041504,11.331000328063965,8.741999626159668,33.3,,,,,,,,,,,,0.8350000381469727,2.295999526977539,1.5224442335063197,-1.3968556187296444,-9.3547325,-11.23828,1.2309461,0.9855408,13.94,-12.431852,2.9674544,0.0,0.44749534364441296,
4FGL J1154.1-3243,1,178.5423,-32.7189,289.2212,28.623554,33.98613,1.2891219e-09,6.5376225e-11,1.0763846e-11,7.0638845e-13,LogParabola,2.085926,0.033860717,1219.2917,1.9507222,0.05196029,0.10682991,0.028214572,0,bll,PKS 1151-324,0.9997506,0.9698035,bzcat,178.52569325,-32.7119392472,1.8000000068241206e-07,RFC J1154-3242,-inf,LSP,1535.5781,365.9591,1.4244447e-06,7.684044e-08,1e+13,9.775162e-13,48.067493,0.30050132,0.082608454,54.8488,BLL,19.814625,13.87600040435791,12.831000328063965,10.086999893188477,7.589000225067139,211.0,0.0024500000290572,,,,,,,,,,,1.0450000762939453,2.7440004348754883,2.3242824552976926,-2.6108339104846996,-8.889706,-10.968033,1.5313017,1.6818515,13.0,-12.009876,3.0861077,0.0,0.35275271497045224,
4FGL J1155.5-3418,1,178.8781,-34.3122,289.972,27.148205,14.198264,3.0687763e-10,3.7855694e-11,3.6265663e-12,4.3711736e-13,PowerLaw,1.8639392,0.082502976,4305.479,1.8105524,0.11155942,0.057012685,0.053005707,0,bll,NVSS J115520-341718,0.9189814,0.0,whsp2,178.835502279,-34.2888741278,5.7624974942882545e-06,RFC J1155-3417,-inf,ISP,22676.758,31793.816,4.2613e-07,8.4268095e-08,3.6307805e+14,1.2022562e-12,19.720734,0.42132437,0.19141747,126.161,BLL,17.64147,13.411999702453612,12.666000366210938,10.484999656677246,8.762999534606934,23.3,0.0351999998092651,,,,,,,,,,,0.745999336242674,2.1810007095336914,1.3673559210260189,-1.4534573388751393,-9.513035,-11.440504,1.1522353,1.2949231,14.56,-11.920003,3.6340215,0.0,0.0033890454767931326,
4FGL J1156.6-2248,1,179.1642,-22.8095,286.77667,38.337658,11.54195,3.3204275e-10,4.266303e-11,3.6934596e-12,4.8188466e-13,PowerLaw,2.0913486,0.0993172,3026.175,2.022291,0.13561504,0.07518248,0.070709534,0,bll,NVSS J115633-225004,0.99595875,0.0,whsp2,179.138488787,-22.8345652056,1.0999999631167157e-06,RFC J1156-2250,-inf,HSP,2609.2258,2533.9119,3.6321816e-07,5.3143445e-08,2.5118864e+15,9.672039e-13,14.106413,0.25732866,0.2266558,31.7856,BLL,17.888067,14.178999900817873,13.333999633789062,10.916999816894531,8.892999649047852,15.8,0.0207000002264976,,,,,,18.3523,17.9363,17.73,17.705,17.674,0.8450002670288104,2.4169998168945312,1.1986570869544226,-1.6840296497910698,-9.478806,-11.432567,1.0622792,1.1494166,15.4,-12.014482,3.480894,0.0,0.010775100843012163,
4FGL J1159.0+0939,1,179.7512,9.6603,265.15372,68.59494,13.023348,3.714214e-10,5.948246e-11,3.020707e-12,5.2304434e-13,LogParabola,1.9558616,0.08326998,3937.5808,1.5900524,0.22447576,0.35422152,0.14934194,0,bll,GB6 J1158+0937,0.9501017,0.0,bzcat,179.726555996,9.61991074167,1.8849472382953536e-07,RFC J1158+0937,-inf,ISP,7023.2534,1723.2045,6.4141904e-07,9.93571e-08,5.2480746e+14,8.1361697e-13,21.523848,0.40889007,0.17659561,-inf,BLL,18.597315,14.119000434875488,13.26200008392334,11.02299976348877,8.41100025177002,33.8,0.0083299996331334,19.024999618530277,18.617000579833984,18.30900001525879,18.083999633789062,17.909000396728516,18.775,18.6533,18.3192,17.9421,17.8077,0.8570003509521484,2.2390003204345703,1.5289167002776547,-2.0793550177202405,-9.430133,-11.519892,1.1147226,1.3329198,14.72,-12.08958,3.5952294,0.0,0.013819022169673744,
4FGL J1159.5-0723,1,179.8983,-7.3906,281.09805,53.269104,13.675834,3.7086723e-10,4.5857693e-11,3.061284e-12,5.0221784e-13,LogParabola,1.9628175,0.082197934,2580.555,1.7078738,0.18372296,0.17329971,0.09233685,0,bll,PMN J1159-0723,0.9968593,0.8982312,rfc,179.882824058,-7.39985068889,1.0999999631167157e-06,RFC J1159-0723,-inf,ISP,5994.483,2196.7463,4.7583126e-07,7.735392e-08,1.2735031e+14,1.4387986e-12,28.434753,0.53183633,0.18621026,21.0213,BLL,18.091795,12.881999969482422,12.105999946594238,9.9399995803833,7.572999954223633,76.0,,,,,,,18.0822,17.9842,17.5554,17.3372,16.9935,0.7760000228881836,2.1660003662109375,1.8808135922807914,-1.3968556187296444,-9.430781,-11.514096,1.1359538,1.4538494,14.105,-11.842,3.4117131,0.0,0.007487406484057589,
4FGL J1201.7+1429,1,180.4471,14.4852,257.9929,72.86459,7.1251373,1.7851642e-10,3.045305e-11,2.387009e-12,3.830007e-13,PowerLaw,2.4120796,0.11796006,1082.1914,2.2604837,0.27323255,0.32596427,0.23934937,0,bll,OM 198,0.99571437,0.0,cgrabs,180.434453579,14.5267916611,1.0000000116860974e-07,RFC J1201+1431,-inf,LSP,725.73486,469.46094,3.4127024e-07,6.522121e-08,9.120108e+12,8.890885e-13,20.18524,0.41952989,0.21342151,-inf,BLL,19.545122,14.14799976348877,13.020000457763672,10.012999534606934,7.629000186920166,156.7,,20.895000457763672,20.30699920654297,19.857999801635746,19.48500061035156,19.16900062561035,19.6578,19.6293,19.182,18.6691,18.87,1.1279993057250977,3.0070009231567383,2.1950689964685903,-1.3968556187296444,-9.748322,-11.622146,0.8527932,1.3050339,12.96,-12.051055,3.0343041,0.0,0.9082072490335052,
4FGL J1203.7+5821,3,180.9378,58.3638,134.6211,57.66913,9.320817,1.5633524e-10,2.2440832e-11,2.1076114e-12,2.8365645e-13,PowerLaw,2.4201753,0.11275563,1094.6555,2.4436476,0.098923646,-0.04282867,0.04324175,0,bll,GB6 J1203+5819,0.9907196,0.0,bllac,180.98056030273438,58.3293342590332,1.2e-06,RFC J1203+5819,-inf,LSP,,,-inf,-inf,8.7096274e+13,4.0804025e-13,44.92143,0.84292513,0.2418564,-inf,BLL,19.91529655456543,14.637999534606934,13.86299991607666,11.097000122070312,8.57800006866455,46.1,,19.52199935913086,19.024999618530277,18.545000076293945,18.22900009155273,17.930999755859375,20.8066,20.3078,19.8745,19.473,19.3028,0.7749996185302734,2.7659997940063477,1.6637009253896482,-1.3968556187296444,-9.8059435,-11.676209,0.969454,1.6524535,13.94,-12.389297,3.0392776,0.0,0.5149449766530144,
4FGL J1207.7-2229,1,181.9449,-22.4848,289.86975,39.277054,12.395514,3.4278505e-10,4.0446164e-11,3.811281e-12,4.4860388e-13,PowerLaw,2.0371356,0.08672459,2790.8445,2.0281477,0.09403302,0.0095774755,0.044513695,0,bll,NVSS J120736-223036,0.92521447,0.0,wise,181.90443420410156,-22.509864807128906,0.0044999998062849045,nan,-inf,LSP,642.02277,6095.1973,3.5755954e-07,6.7150836e-08,6.7608296e+12,1.0264954e-13,29.781752,0.52428365,0.17978242,60.993,BLL,18.237328,13.668999671936035,12.864999771118164,10.387999534606934,8.140999794006348,120.0,,,,,,,,,,,,0.8039999008178711,2.4770002365112305,2.0791812460476247,-1.3968556187296444,-9.464978,-11.418929,1.0932646,1.4739503,12.83,-12.988643,3.4457357,0.0,0.3286472921346467,
4FGL J1213.7+6423,1,183.4374,64.3961,129.56668,52.243935,4.4731255,7.866644e-11,2.5971305e-11,8.77576e-13,2.742247e-13,PowerLaw,2.009993,0.22443955,5530.9404,1.8417633,0.30770195,0.20854455,0.20481177,16,bll,NVSS J121348+642524,0.9944446,0.0,bzcat,183.45338439941406,64.42224884033203,0.0044999998062849045,nan,-inf,ISP,8082.823,5932.851,1.0474101e-07,3.5919566e-08,3.0199516e+14,3.707456e-13,7.4362526,0.0,10.0,-inf,BLL,19.86926,14.701000213623049,13.928000450134276,11.770999908447266,8.781000137329102,10.5,,,,,,,,,,,,0.7729997634887731,2.15700054168701,1.021189299069938,-1.3968556187296444,-10.104211,-12.056715,0.6506111,0.8713541,14.48,-12.430924,3.742799,0.0,0.03367038087645896,
4FGL J1213.8-4345,1,183.466,-43.7566,295.78705,18.593267,9.833482,3.3442257e-10,4.4061192e-11,3.9460345e-12,5.9046745e-13,PowerLaw,2.2577891,0.104613505,2359.6758,2.2292027,0.14056246,0.062598534,0.071775414,0,bll,PMN J1213-4343,0.9961935,0.92467207,rfc,183.459978275,-43.7235321194,1.3000000080864993e-06,RFC J1213-4343,-inf,LSP,378.24585,1017.192,4.504677e-07,1.731584e-07,5.7543993e+13,6.138963e-13,6.937516,0.0,10.0,-inf,BLL,18.96511,14.137999534606934,13.15999984741211,10.30500030517578,8.133999824523926,,,,,,,,,,,,,0.9779996871948242,2.85499954223633,2.3129159264174834,-1.3968556187296444,-9.475704,-11.403839,0.9927073,0.84120405,13.76,-12.211905,3.3728523,0.0,0.07156141026063545,
4FGL J1218.5-0119,1,184.6388,-1.327,286.07556,60.464108,44.38318,1.9819901e-09,8.101213e-11,1.6581098e-11,9.018448e-13,LogParabola,2.1160614,0.028300678,1222.2838,2.0012417,0.04344678,0.10953202,0.023612367,0,bll,PKS 1216-010,0.9993205,0.9748717,wise,184.6455409,-1.3317617,1.3999999737279722e-07,RFC J1218-0119,-inf,LSP,1215.375,249.60606,2.2491522e-06,9.658589e-08,5.7543993e+13,2.7624409e-12,158.8344,0.47635692,0.10899859,109.373,BLL,16.714457,12.166000366210938,11.265999794006348,8.788999557495117,6.64300012588501,243.9,0.0109000001102685,18.506999969482425,17.979999542236328,17.566999435424805,17.25,16.979999542236328,16.9065,17.0615,16.7663,16.2915,16.0262,0.9000005722045898,2.4770002365112305,2.3872118003137306,-1.9625734976658902,-8.702899,-10.780387,1.6472183,2.2009447,13.76,-11.558707,3.087172,0.0,0.11500202848264937,
4FGL J1219.7+0444,1,184.9391,4.7468,282.8899,66.37793,9.716335,2.5982125e-10,3.8125347e-11,2.8918998e-12,4.3033716e-13,PowerLaw,2.0972753,0.111700885,2817.423,2.0418944,0.14379743,0.09652256,0.080025956,0,bll,NVSS J121945+044621,0.9947702,0.0,bllac,184.937410613,4.77291110833,1.0999999631167157e-06,RFC J1219+0446,-inf,ISP,2267.7861,1827.801,2.9656763e-07,4.989688e-08,2.8840316e+14,1.3394731e-12,15.362846,0.21842791,0.29702145,34.5659,BLL,18.024874,13.66100025177002,12.906000137329102,10.968999862670898,8.645000457763672,7.5,0.017400000244379,18.61599922180176,18.202999114990234,17.843000411987305,17.577999114990234,17.38800048828125,18.0305,17.7208,17.5593,17.6606,17.4405,0.755000114440918,1.9370002746582031,0.8750612633917001,-1.7594507456178343,-9.585325,-11.538816,0.9875025,1.1864717,14.46,-11.873066,3.449852,0.0,0.021388000731828515,
4FGL J1220.1+3432,1,185.0462,34.5383,163.14453,80.01147,21.376554,5.2093985e-10,4.1195884e-11,4.4115826e-12,4.9219103e-13,LogParabola,2.0836442,0.056834016,1426.6936,1.9414711,0.09827108,0.099750295,0.04727487,0,bll,GB2 1217+348,0.9990012,0.9539211,cgrabs,185.034558912,34.5227065083,1.3000000365082087e-07,RFC J1220+3431,-inf,LSP,1913.1218,808.22797,5.6554484e-07,4.9489532e-08,5.2480746e+13,2.2087878e-12,38.908176,0.39435452,0.11996584,43.4295,BLL,17.273157,12.83899974822998,11.961000442504885,9.482000350952148,7.367000102996826,250.3,0.0122999995946884,18.582000732421875,18.009000778198242,17.566999435424805,17.194000244140625,16.86199951171875,18.0759,17.5942,17.2439,17.1134,16.7993,0.8779993057250959,2.479000091552736,2.3984608496082234,-1.9100949028715446,-9.283213,-11.355406,1.3299377,1.5900409,13.72,-11.655846,3.1543307,0.0,0.03730482055255757,
4FGL J1223.5+0818,1,185.8835,8.3017,282.31,70.04826,8.74533,1.9478605e-10,3.251936e-11,2.240717e-12,3.7229353e-13,PowerLaw,1.9136143,0.10842832,3610.4468,1.8668098,0.13824062,0.05950369,0.06619081,0,bll,SDSS J122327.49+082030.4,-inf,0.0,rfc,185.864556054,8.34177924167,8.194646170522901e-07,RFC J1223+0820,-inf,ISP,11056.376,15990.952,2.4276014e-07,5.585639e-08,3.5075186e+14,2.840194e-13,23.537256,0.6916416,0.25234407,46.7376,BLL,19.359282,15.074000358581545,14.145000457763672,11.852999687194824,8.722999572753906,11.7,0.0077100000344216,20.19499969482422,19.83099937438965,19.511999130249023,19.290000915527344,19.01099967956543,19.8348,19.1754,19.1218,18.9664,18.8065,0.9289999008178729,2.2920007705688477,1.0681858617461617,-2.112945620010118,-9.710443,-11.649613,0.9417762,1.3717558,14.545,-12.546652,3.557561,0.0,0.03752837112209338,
4FGL J1223.6-3032,1,185.9147,-30.5437,295.8826,31.947529,9.96266,2.0115563e-10,3.7100274e-11,2.4497297e-12,3.9763237e-13,PowerLaw,1.8195943,0.11739826,6412.949,1.7985977,0.16369571,0.0105624255,0.07332462,0,bll,NVSS J122337-303246,0.9993647,0.0,whsp2,185.9042227,-30.5472611722,1.4999999621068127e-05,RFC J1223-3032,-inf,HSP,8.862999e+07,5.431093e+09,6.2880713e-07,3.5308406e-06,1.0715193e+16,3.8495413e-12,6.2334785,0.0,10.0,204.838,BLL,18.568485,14.10099983215332,13.46500015258789,11.73900032043457,8.593999862670898,6.6,0.0980999991297721,,,,,,18.7753,18.1662,18.0061,17.7656,17.6053,0.6359996795654297,1.7259998321533203,0.8195439355418687,-1.0083309964726017,-9.696467,-11.610882,0.9983753,0.7947305,16.03,-11.414591,3.8070579,0.0,0.013383578930003297,
4FGL J1223.8+8039,1,185.9707,80.6598,124.317635,36.394196,35.910217,1.0534271e-09,4.8570002e-11,9.349864e-12,5.655605e-13,LogParabola,2.2590208,0.031901207,966.16034,2.126948,0.055100195,0.116706654,0.029133633,0,bll,S5 1221+80,0.99977076,0.98843837,bllac,185.91872395,80.6678723278,6.799999852091787e-08,RFC J1223+8040,-inf,LSP,560.8496,184.43208,1.421356e-06,7.881704e-08,1.0964782e+12,5.758389e-13,32.690453,0.18874973,0.061959077,54.231,BLL,19.023113,13.348999977111816,12.251999855041504,9.47599983215332,7.10699987411499,704.8,0.0157999992370605,,,,,,19.6615,19.3348,18.7498,18.7136,18.3933,1.0970001220703125,2.7760000228881836,2.8480658954039915,-1.8013429340164904,-8.977395,-11.029195,1.555218,1.514421,12.04,-12.239699,2.9850492,0.0,0.745225156686694,
4FGL J1226.0+5622,1,186.5197,56.3669,130.0468,60.409664,4.6774106,8.573283e-11,1.9495851e-11,1.0399206e-12,2.4442425e-13,PowerLaw,2.29945,0.17805462,1607.2762,1.9493619,0.52552277,0.2838744,0.33759788,0,bll,SDSS J122602.81+562254.6,-inf,0.0,rfc,186.511731692,56.3818872972,7.300000106624793e-07,RFC J1226+5622,-inf,ISP,1757.2181,1475.8153,1.19011865e-07,3.206567e-08,3.311311e+14,2.3254608e-13,23.620058,0.55738103,0.28635153,-inf,BLL,20.474617,15.49899959564209,14.541999816894531,11.798999786376951,9.38599967956543,15.8,,20.600000381469727,20.0939998626709,19.61899948120117,19.302000045776367,19.07900047302246,19.7964,19.4964,20.8981,19.8555,,0.9569997787475586,2.74300003051758,1.1986570869544226,-1.3968556187296444,-10.066853,-11.983,0.6700055,1.373281,14.52,-12.633491,3.2060905,0.0,0.20171010849500667,
4FGL J1233.1+1703,1,188.2816,17.0579,279.1886,79.076004,8.109807,1.55876e-10,3.632766e-11,1.0662344e-12,2.5108927e-13,LogParabola,1.9386969,0.12100486,3106.561,1.3139527,0.42878184,0.63695693,0.38151416,4,bll,RX J1233.0+1701,0.9966582,0.0,bzcat,188.271428167,17.0259315167,1.6999999843392288e-06,RFC J1233+1701,-inf,HSP,5323.0767,1242.1,2.998302e-07,7.560846e-08,1.5222991e+16,2.9630296e-12,26.805199,0.7894173,0.30438694,-inf,BLL,18.491407,14.317999839782717,13.822999954223633,11.652000427246094,8.536999702453613,30.9,0.0535999983549118,18.246999740600582,17.927000045776367,17.68600082397461,17.465999603271484,17.267000198364258,18.8247,18.4956,18.3692,18.1763,18.068,0.4949998855590838,2.170999526977539,1.4899584794248346,-1.270835223636572,-9.80722,-11.972147,0.9090105,1.4282191,16.1825,-11.528264,3.49228,0.0,0.025935806944696074,
4FGL J1233.7-0144,1,188.4339,-1.7428,293.83102,60.815758,26.70841,9.283022e-10,5.5088035e-11,1.0312695e-11,6.0891884e-13,PowerLaw,2.0706573,0.04414045,1755.3037,2.0519087,0.05229413,0.018466087,0.023642477,0,bll,NVSS J123341-014426,0.9993614,0.8865303,bzcat,188.422225754,-1.73992108889,2.200000039920269e-07,RFC J1233-0144,-inf,ISP,430.4711,1180.5083,1.0275132e-06,1.01361245e-07,1.5848933e+14,8.1995684e-13,38.01073,0.32665446,0.096742205,79.9477,BLL,18.329939,14.128000259399414,13.149999618530272,10.63599967956543,8.819000244140625,27.9,0.0125000001862645,19.082000732421875,18.58799934387207,18.30599975585937,18.06599998474121,17.875999450683594,18.9464,18.9113,18.3096,18.1535,18.1064,0.9780006408691424,2.513999938964842,1.4456042032735976,-1.9030899805204522,-9.0323105,-10.986628,1.426648,1.5799062,14.2,-12.086209,3.2443523,0.0,0.041819566998942584,
4FGL J1238.1-4541,1,189.5453,-45.6861,300.50992,17.123297,13.684549,4.4365692e-10,4.2437803e-11,5.2153364e-12,4.956232e-13,PowerLaw,2.251481,0.06991333,1599.7637,2.2194128,0.08762668,0.06959324,0.047939576,0,bll,PMN J1238-4541,0.9984038,0.9350195,rfc,189.525144742,-45.6915844333,5.299999884300632e-06,RFC J1238-4541,-inf,ISP,330.70175,452.53217,6.5101113e-07,1.2525508e-07,1.1220184e+14,2.3323032e-12,31.413645,0.39812475,0.1358387,20.1028,BLL,18.01661,12.368000030517578,11.506999969482422,9.17300033569336,7.111999988555908,,0.0135000003501772,,,,,,,,,,,0.8610000610351562,2.3339996337890625,2.3129159264174834,-1.8696662202398069,-9.352953,-11.282718,1.1362305,1.4971184,14.05,-11.632215,3.2040558,0.0,0.10130365305346821,
4FGL J1238.3-1959,1,189.5936,-19.9945,298.74963,42.77114,21.36956,7.355374e-10,5.493775e-11,6.0655105e-12,5.9632903e-13,LogParabola,2.101164,0.050821897,1351.6859,1.9597394,0.085769124,0.11224658,0.04319865,0,bll,PMN J1238-1959,0.9997558,0.94838065,bzcat,189.601622738,-19.9871348306,2.200000039920269e-07,RFC J1238-1959,-inf,LSP,1617.194,563.9231,8.123428e-07,6.60124e-08,7.673615e+13,1.852354e-12,39.53694,0.38658246,0.11456613,40.3837,BLL,17.007235,12.784000396728516,11.88700008392334,9.423999786376951,7.264999866485596,94.7,,18.799999237060547,18.21699905395508,17.79199981689453,17.44700050354004,17.201000213623047,17.7298,16.8457,16.5399,17.0454,16.5216,0.8970003128051758,2.4630002975463885,1.9763499790032735,-1.3968556187296444,-9.133395,-11.217133,1.3297956,1.5970031,13.885,-11.732276,3.1308758,0.0,0.04054798017052347,
4FGL J1245.8+0232,1,191.4748,2.5422,299.6101,65.37822,11.559058,4.3587686e-10,5.0700104e-11,2.4467477e-12,3.5714926e-13,LogParabola,2.2958095,0.08319271,1360.0522,2.0895371,0.16820109,0.47850594,0.16171126,0,bll,NVSS J124533+022825,0.9241969,0.0,bzcat,191.390841033,2.47366767778,3.720215033808927e-07,RFC J1245+0228,-inf,ISP,1238.5782,228.97635,6.002319e-07,7.8158706e-08,1.0901845e+14,7.7293505e-13,18.942705,0.32814133,0.16751005,-inf,BLL,19.12612,13.845000267028809,13.003999710083008,10.881999969482422,8.406000137329102,34.3,,20.18000030517578,19.57099914550781,19.083999633789062,18.79700088500977,18.47900009155273,19.2377,18.5384,18.6456,18.3116,18.0489,0.8410005569458008,2.121999740600586,1.5352941200427705,-1.3968556187296444,-9.360636,-11.611411,1.0629225,1.277442,14.0375,-12.111857,3.1335557,0.0,0.28238209462007846,
4FGL J1248.3+5820,1,192.0844,58.3432,123.716736,58.780327,134.02443,5.3603375e-09,9.452796e-11,5.3710852e-11,1.2435853e-12,LogParabola,1.9060471,0.011072212,1121.6704,1.8214486,0.0170878,0.04694648,0.0067194286,512,bll,PG 1246+586,0.99993694,0.99347126,cgrabs,192.078269754,58.3413102306,1.3999999737279722e-07,RFC J1248+5820,-inf,ISP,7511.744,1507.0154,5.9114577e-06,1.4734117e-07,7.673615e+14,1.1163696e-11,174.28874,0.19255705,0.043928735,198.092,BLL,15.486837,11.310999870300291,10.439000129699709,8.121000289916992,6.2129998207092285,244.8,0.1129999980330467,15.958999633789062,15.58199977874756,15.305999755859377,15.098999977111816,14.934000015258787,15.6592,15.6208,15.1883,15.0948,15.0067,0.8719997406005824,2.3179998397827166,2.3888114134735234,-0.9469215640761995,-8.270808,-10.2699375,2.127184,2.2412694,14.885,-10.952192,3.0498652,0.0,0.005231032933589338,
4FGL J1250.2+3157,3,192.5535,31.9582,126.01197,85.16273,4.1616344,5.7434047e-11,1.9781371e-11,7.6920366e-13,2.3725683e-13,PowerLaw,1.7112075,0.19081648,7757.89,1.505395,0.3271178,0.30398232,0.2395835,0,bll,RX J1250.2+3156,0.99645454,0.8475667,bzcat,192.56478881835938,31.933170318603516,0.0045000000000000005,nan,-inf,HSP,17500.908,13771.577,1.4663806e-07,5.781363e-08,3.7153498e+17,8.177e-13,13.978886,0.0,10.0,-inf,BLL,19.33749389648437,15.175000190734863,14.484000205993652,12.10200023651123,8.58899974822998,5.4,,19.465999603271484,19.06100082397461,18.881999969482425,18.687000274658203,18.503999710083008,19.2046,18.9972,18.8115,18.8915,18.4776,0.6909999847412109,2.381999969482422,0.7323937598229685,-1.3968556187296444,-10.24083,-12.113958,0.61926395,1.1454725,17.57,-12.087406,3.8897436,0.0,0.03025623994186478,
4FGL J1253.2+5301,1,193.3067,53.0173,122.315796,64.10881,96.87594,3.8191565e-09,8.357084e-11,3.337033e-11,9.780214e-13,LogParabola,2.0458844,0.014552288,1162.7819,1.9475096,0.02354939,0.08641389,0.011137995,0,bll,S4 1250+53,0.9998322,0.9934763,bllac,193.299668946,53.0199269972,1.199999957179898e-07,RFC J1253+5301,-inf,LSP,1575.433,180.14542,4.152822e-06,9.525558e-08,3.5481337e+13,3.4768343e-12,128.22119,0.22820066,0.052861217,155.625,BLL,16.405312,11.79800033569336,10.883999824523926,8.428000450134277,6.315999984741211,487.5,0.0428000018000602,18.23200035095215,17.715999603271484,17.274999618530273,16.950000762939453,16.655000686645508,16.5435,16.0019,15.7274,15.675,15.5674,0.9140005111694336,2.4559993743896484,2.687974620034556,-1.3685562127214963,-8.418033,-10.47664,1.986216,2.1079597,13.55,-11.458816,3.0654984,0.0,0.10192747283611324,
4FGL J1259.8-3749,1,194.9646,-37.8234,304.76685,25.018347,20.11088,6.227723e-10,4.7133818e-11,6.9236192e-12,5.212342e-13,PowerLaw,2.0849597,0.057965245,2071.2358,2.0703032,0.06838678,0.014299319,0.030919487,0,bll,NVSS J125949-374856,0.9996974,0.90678436,bzcat,194.957506108,-37.8161568806,8.200000252145401e-07,RFC J1259-3748,-inf,HSP,177.26149,1197.7917,7.1355527e-07,1.9585525e-07,1.4125376e+15,1.1041193e-12,25.332678,0.32871348,0.11991436,90.6378,BLL,17.845173,13.72599983215332,13.005999565124512,10.782999992370604,8.664999961853027,26.1,0.0105999996885657,,,,,,,,,,,0.7200002670288086,2.222999572753908,1.416640507338281,-1.97469414749506,-9.20567,-11.159667,1.303431,1.403681,15.15,-11.956984,3.3162296,0.0,0.009232353267302994,
4FGL J1304.3-4353,1,196.0883,-43.8957,305.39087,18.914377,53.561447,2.4492341e-09,8.5882725e-11,2.3550283e-11,1.0900003e-12,LogParabola,1.8871831,0.023661012,1900.6392,1.7504214,0.041221216,0.08159507,0.017105067,0,bll,1RXS J130421.2-435308,0.99983454,0.984109,bzcat,196.087526158,-43.8861626639,4.999999873689376e-06,RFC J1304-4353,-inf,HSP,8771.988,2080.1672,2.9546052e-06,1.483049e-07,2.818383e+15,7.860279e-12,109.63452,0.3618383,0.08537886,149.211,BLL,16.42367,11.824999809265137,10.961999893188477,8.621999740600586,6.662000179290772,,0.1560000032186508,,,,,,,,,,,0.8629999160766602,2.3400001525878906,2.3129159264174834,-0.8068753926850111,-8.61097,-10.628004,1.7288523,2.0399473,15.45,-11.104562,3.2788997,0.0,0.015858401871541635,
4FGL J1305.6+7853,1,196.4126,78.8923,122.06125,38.211914,16.924662,3.2695865e-10,2.73709e-11,3.8123285e-12,3.1145334e-13,PowerLaw,2.2370713,0.06943137,1578.2427,2.1909285,0.09629819,0.045307413,0.055101767,0,bll,S5 1304+79,0.99548,0.9037669,bzcat,196.250059092,78.9099434472,1.0000000116860974e-07,RFC J1305+7854,-inf,LSP,191.91122,628.9575,4.692717e-07,1.6884304e-07,4.920395e+12,1.4847693e-13,12.42509,0.07780685,0.22867748,37.8561,BLL,20.121738,15.70199966430664,14.78499984741211,11.970000267028809,8.78600025177002,287.3,0.0048500001430511,,,,,,20.717,20.2093,19.9215,19.6247,19.4497,0.9169998168945312,2.814999580383301,2.4583356259919475,-2.3142582485881893,-9.485507,-11.41881,1.22852,1.0942996,12.692,-12.8283415,3.1981738,0.0,0.4062237492986644,
4FGL J1305.9+3858,2,196.4776,38.9759,109.53737,77.77347,4.5252047,9.21405e-11,2.1521904e-11,1.0463066e-12,2.4896654e-13,PowerLaw,2.179418,0.17080052,2086.0771,2.1355553,0.2175178,0.06046758,0.118084885,0,bll,2MASS J13053124+3855218,0.9767744,0.0,bllac,196.3800048828125,38.92250061035156,0.0045000000000000005,nan,-inf,HSP,680.0378,2199.979,1.13144864e-07,3.8973226e-08,5.4954085e+15,1.1789001e-12,17.81698,0.30301765,0.5540384,-inf,BLL,19.426668,14.479999542236328,14.104000091552734,12.692999839782717,9.104000091552734,42.6,,,,,,,,,,,,0.37599945068359375,1.4110002517700178,1.6294095991027189,-1.3968556187296444,-10.035549,-11.980341,0.6556382,1.2508341,15.74,-11.928523,3.3193305,0.0,0.08062460457076082,
4FGL J1307.6-4259,1,196.9096,-42.995,306.0789,19.777737,43.36885,1.6771611e-09,6.9083975e-11,1.9184628e-11,8.286004e-13,PowerLaw,1.9261792,0.03054694,2770.2307,1.8923177,0.03852916,0.030950833,0.017310005,0,bll,1RXS J130737.8-425940,0.99995184,0.9918518,bzcat,196.908265217,-42.9941630417,2.7000000955013093e-06,RFC J1307-4259,-inf,HSP,15776.173,13637.388,1.9626768e-06,1.3860425e-07,8.317638e+15,1.0754767e-11,29.009914,0.18054658,0.06136651,114.956,BLL,15.391525,12.10099983215332,11.366000175476074,9.270999908447266,7.386000156402588,,0.4830000102519989,,,,,,,,,,,0.7349996566772461,2.0950002670288086,2.3129159264174834,-0.3160528600302963,-8.775425,-10.717047,1.637178,1.4625465,15.92,-10.968399,3.4425159,0.0,0.003599333984570246,
4FGL J1309.7+1153,1,197.4377,11.8969,319.5743,74.173965,18.130575,5.2691246e-10,4.3269735e-11,6.0729737e-12,4.707748e-13,PowerLaw,2.2143896,0.06039489,1427.1921,2.1744852,0.07750764,0.059337694,0.04197096,0,bll,4C +12.46,0.98757356,0.8955832,cgrabs,197.391385208,11.9068203083,6.799999852091787e-08,RFC J1309+1154,-inf,LSP,328.0586,460.9386,7.336895e-07,1.17997764e-07,1.3489629e+13,2.3528378e-12,10.891691,0.0,10.0,21.6792,BLL,18.37015,13.060999870300291,11.994999885559082,9.260000228881836,7.019000053405762,855.0,0.0130000002682209,19.461000442504883,18.83300018310547,18.381999969482425,18.04700088500977,17.663999557495117,18.7254,18.3646,18.096,18.0222,17.5337,1.0659999847412092,2.734999656677246,2.931966114728173,-1.8860566387326358,-9.278261,-11.2165985,1.2584116,1.0370953,13.13,-11.628408,3.1544824,0.0,0.33530739035645035,
4FGL J1311.8+3954,1,197.9598,39.901,105.88858,76.544586,6.1683474,9.956508e-11,2.2551414e-11,1.1074868e-12,2.4818217e-13,PowerLaw,2.0322993,0.15684684,3365.4084,1.9984474,0.1923409,0.028610796,0.08354944,0,bll,FIRST J131146.0+395317,0.9971435,0.0,bllac,197.9420928955078,39.888099670410156,0.0044999998062849045,nan,-inf,LSP,3457.969,11516.754,1.042593e-07,2.7216227e-08,7.638358e+13,3.125194e-13,8.772559,0.0,10.0,25.0788,BLL,19.325842,14.722000122070312,13.973999977111816,11.708999633789062,8.524999618530273,15.2,,,,,,,,,,,,0.7480001449584961,2.265000343322754,1.1818435879447726,-1.3968556187296444,-10.001893,-11.955662,0.7901688,0.9431263,13.883,-12.505123,3.5270379,0.0,0.02694760887034412,
4FGL J1314.7+2348,1,198.6879,23.8124,1.9950919,83.78184,42.98496,1.3264831e-09,6.080792e-11,1.179874e-11,7.154199e-13,LogParabola,2.0362117,0.031196678,1171.1335,1.9096957,0.051227164,0.07935248,0.023735197,0,bll,TXS 1312+240,0.99977666,0.97425467,bllac,198.682525671,23.8074392417,1.3999999737279722e-07,RFC J1314+2348,-inf,ISP,2068.8215,521.11115,1.418699e-06,7.2552595e-08,1e+14,6.913755e-12,37.45344,0.23154698,0.068399355,47.9974,BLL,17.042664,11.366999626159668,10.503000259399414,8.04699993133545,6.0929999351501465,183.7,0.0102000003680586,17.54800033569336,17.125,16.79800033569336,16.538000106811523,16.320999145507812,16.3741,16.6757,15.9819,15.7737,15.3456,0.8639993667602539,2.456000328063965,2.2641091563058082,-1.9913998125669239,-8.877298,-10.9281645,1.6333165,1.5734917,14.0,-11.160286,3.0686064,0.0,0.027253131286077665,
4FGL J1315.9-0732,1,198.9866,-7.546,313.5148,54.821365,17.926153,5.3349286e-10,5.0234913e-11,4.3538905e-12,5.195854e-13,LogParabola,1.9429656,0.061159443,2089.8103,1.7501317,0.10756254,0.14933132,0.05547393,0,bll,NVSS J131552-073301,0.9978328,0.82713497,rfc,198.970727467,-7.55057693889,4.700000033608376e-07,RFC J1315-0733,-inf,HSP,4824.4526,1476.6754,6.3433475e-07,7.379595e-08,2.3442289e+15,4.1308745e-12,70.68979,0.8358144,0.20572384,63.1438,BLL,17.722986,12.307000160217283,11.44499969482422,9.210000038146973,7.159999847412109,23.8,0.101000003516674,,,,,,17.6316,17.3292,17.0985,16.3584,16.6374,0.8620004653930629,2.234999656677248,1.376576957056512,-0.9956786110958517,-9.272871,-11.361122,1.2534871,1.8493567,15.37,-11.383958,3.320107,0.0,0.014296441309234485,
4FGL J1319.8+7759,1,199.9658,77.9882,121.03249,39.035023,19.809837,3.5773687e-10,2.7909949e-11,3.9745963e-12,3.1100044e-13,PowerLaw,2.0496154,0.062099546,2277.1091,2.0556457,0.068233185,-0.007826055,0.029155705,0,bll,NVSS J131921+775823,0.985299,0.0,rfc,199.838604479,77.9728556861,8.000000093488779e-07,RFC J1319+7758,-inf,ISP,,,-inf,-inf,2.7542286e+14,8.0743024e-13,35.318623,0.4214771,0.12742528,94.1841,BLL,17.652248,13.409000396728516,12.779000282287598,10.795000076293944,8.729999542236328,23.5,,,,,,,17.8702,17.4542,17.4037,16.9919,16.9235,0.630000114440918,1.9840002059936541,1.3710678622717363,-1.3968556187296444,-9.446436,-11.400707,1.296881,1.5480038,14.44,-12.092895,3.3573837,0.0,0.01081086078223799,
4FGL J1328.5-4727,1,202.1342,-47.4613,309.4074,14.9434595,18.586382,7.4067963e-10,7.642078e-11,8.350727e-12,7.977487e-13,PowerLaw,1.9653744,0.06621445,5471.5396,1.9210644,0.09209598,0.061768997,0.046137165,0,bll,2MASS J13284063-4727496,0.9989616,0.0,bzcat,202.169265721,-47.4637375917,2.7000000955013093e-06,RFC J1328-4727,-inf,HSP,10365.864,7109.9644,8.6406214e-07,1.0379702e-07,3.9810718e+15,1.5219451e-12,18.191383,0.25597522,0.13732778,99.6195,BLL,18.040848,13.675000190734863,13.09000015258789,11.026000022888184,8.666999816894531,,0.0513999983668327,,,,,,,,,,,0.5850000381469727,2.064000129699707,2.3129159264174834,-1.2890368948038597,-9.130369,-11.078276,1.2691948,1.2598658,15.6,-11.817601,3.7381096,0.0,0.002760720911109373,
4FGL J1330.2+7002,1,202.5727,70.0406,118.11278,46.72242,19.578005,3.0897565e-10,2.6075798e-11,3.571099e-12,3.1456933e-13,PowerLaw,1.9038485,0.06209217,3054.4648,1.8106827,0.09439739,0.07729379,0.046166044,0,bll,NVSS J133025+700141,0.99913496,0.9189461,bzcat,202.607535721,70.0274088194,3.4999999343199306e-07,RFC J1330+7001,-inf,HSP,10394.379,6473.615,3.9554598e-07,5.1891288e-08,1.7579236e+16,5.104063e-13,32.79175,0.39738616,0.13034716,49.2367,BLL,18.319197,13.939000129699709,13.118000030517578,10.748000144958496,8.446000099182129,20.5,0.0210999995470047,,,,,,18.3705,18.5485,18.0613,18.0062,17.5733,0.8210000991821307,2.369999885559082,1.3117538610557542,-1.6757175540261633,-9.510076,-11.447198,1.2917684,1.5157646,16.245,-12.292084,3.484935,0.0,0.0034530505893300267,
4FGL J1330.3+4441,1,202.5793,44.6877,101.53626,70.79045,15.810519,3.3411976e-10,3.4264303e-11,2.4893228e-12,3.8163336e-13,LogParabola,2.0794628,0.073907845,1641.3674,1.8133126,0.17041546,0.16948394,0.087478764,0,bll,1RXS J133021.4+444117,0.99880195,0.91613543,bllac,202.589690933,44.6889660528,4.300000000512227e-06,RFC J1330+4441,-inf,HSP,2847.0464,960.9085,3.7783101e-07,4.9325827e-08,2.2387211e+15,7.6149314e-13,12.139494,0.13639942,0.21546611,23.1371,BLL,18.737745,14.119000434875488,13.303999900817873,11.107999801635742,9.246999740600586,20.8,0.0226000007241964,19.26799964904785,18.80299949645996,18.499000549316406,18.24399948120117,17.99799919128418,18.7838,18.3287,18.555,18.1285,18.3217,0.8150005340576154,2.1960000991821307,1.3180633349627615,-1.6458915469360285,-9.476098,-11.603919,1.1989461,1.0842006,15.35,-12.118334,3.215206,0.0,0.016868736933336775,
4FGL J1330.4+3157,1,202.6002,31.963,64.97958,80.25019,3.4944787,7.830166e-11,2.1987334e-11,1.1327089e-12,3.665342e-13,PowerLaw,2.4847465,0.20027076,1442.2379,2.4398038,0.31500462,0.1440469,0.18230505,4096,bll,MG2 J132953+3153,0.9617946,0.83591485,bllac,202.47027045,31.9030706861,7.500000265281415e-08,RFC J1329+3154,-inf,LSP,313.35962,787.0384,1.6161096e-07,1.1597181e-07,2.7542288e+12,9.726755e-13,22.872593,0.6947936,0.3518464,-inf,BLL,19.050722,14.588000297546388,13.428999900817873,10.12399959564209,7.630000114440918,829.0,0.0120000001043081,21.143999099731445,20.511999130249023,19.972999572753903,19.5629997253418,19.2189998626709,19.7065,19.1083,19.2658,18.8988,18.6413,1.1590003967285156,3.305000305175783,2.9185545305502734,-1.920818750177339,-10.106229,-11.945882,0.5433824,1.3593154,12.44,-12.012032,3.1590369,0.0,0.8759148491188731,
4FGL J1331.6+1711,1,202.9052,17.1837,348.04065,76.39486,12.79576,3.2191796e-10,3.5448346e-11,3.839078e-12,4.0301608e-13,PowerLaw,2.2747133,0.080500714,1368.6958,2.2429788,0.099158935,0.051964052,0.05331748,0,bll,TXS 1329+174,0.99705404,0.8798139,bllac,202.889351708,17.2140542611,1.8000000068241206e-07,RFC J1331+1712,-inf,LSP,132.11382,376.18906,5.3963976e-07,2.1043407e-07,2.8840315e+13,1.0610748e-12,21.001177,0.35057154,0.16004048,12.5054,BLL,18.302282,13.791000366210938,12.873000144958496,10.338000297546388,7.9770002365112305,180.1,,20.56999969482422,20.114999771118164,19.68899917602539,19.31599998474121,19.00300025939941,18.628,18.2511,18.0763,18.0381,17.8472,0.9180002212524414,2.5349998474121076,2.2555137128195333,-1.3968556187296444,-9.492255,-11.415773,1.1070662,1.3222437,13.46,-11.974254,3.136307,0.0,0.32636443831391,
4FGL J1338.9+1153,1,204.7323,11.8956,341.42117,71.12667,16.006798,4.182575e-10,4.0049672e-11,4.6825916e-12,4.5374877e-13,PowerLaw,1.991756,0.07087304,2651.8298,1.9807947,0.08123889,0.012040741,0.035154007,0,bll,SDSS J133859.05+115316.7,0.99908173,0.80285937,bzcat,204.746051204,11.8879723222,3.199999980552093e-07,RFC J1338+1153,-inf,ISP,5887.1157,19001.436,4.3470178e-07,5.572492e-08,3.9810716e+14,1.0527833e-12,36.735634,0.52926075,0.15922363,23.0779,BLL,18.526047,13.36299991607666,12.470999717712402,10.246999740600586,7.915999889373779,15.7,0.0071100001223385,18.694000244140625,18.202999114990234,17.847000122070312,17.59000015258789,17.381000518798828,18.1574,17.9127,17.7094,17.3715,17.1233,0.8920001983642578,2.2239999771118164,1.1958996524092338,-2.1481303917975283,-9.378556,-11.329514,1.2043045,1.5650876,14.6,-11.977661,3.4235456,0.0,0.008896800537803399,
4FGL J1345.6-3356,1,206.4085,-33.9453,315.599,27.589863,15.01215,4.381195e-10,4.1809365e-11,4.8714917e-12,4.6368687e-13,PowerLaw,2.0868998,0.07101706,2195.9907,2.0854292,0.07671506,0.0020791772,0.032678217,0,bll,NVSS J134543-335643,0.99781907,0.8577552,rfc,206.429358729,-33.94537635,9.999999974752427e-07,RFC J1345-3356,-inf,ISP,,,-inf,-inf,1.4621772e+14,8.9748873e-13,69.2752,0.94453067,0.23229551,154.065,BLL,18.564392,13.649999618530272,12.753999710083008,10.383000373840332,8.277000427246094,39.8,,,,,,,,,,,,0.8959999084472638,2.370999336242676,1.5998830720736879,-1.3968556187296444,-9.358407,-11.312338,1.1764429,1.8405778,14.165,-12.046971,3.3416305,0.0,0.05845347802195286,
4FGL J1347.1-2959,1,206.7789,-29.984,317.05457,31.356277,16.82677,4.771509e-10,4.715502e-11,4.3567606e-12,5.5316656e-13,LogParabola,1.9562323,0.06647103,2318.1714,1.8410579,0.10475959,0.08892298,0.049284782,0,bll,NVSS J134706-295840,0.9991979,0.8713686,bzcat,206.778664825,-29.9784594056,7.400000185953104e-07,RFC J1347-2958,-inf,ISP,5666.01,2876.898,5.4300165e-07,6.654073e-08,1.9952623e+14,1.561723e-12,10.3563595,0.0,10.0,56.5381,BLL,17.344294,13.053000450134276,12.29599952697754,10.218999862670898,8.359999656677246,26.6,0.052700001746416,,,,,,17.2668,17.332,17.1457,16.7798,16.5029,0.7570009231567347,2.0769996643066424,1.424881636631067,-1.2781893703954454,-9.321344,-11.360836,1.2260008,1.015207,14.3,-11.806396,3.3651454,0.0,0.004658564621554731,
4FGL J1351.3+1115,1,207.8434,11.2502,347.39423,68.775116,27.928127,8.0885426e-10,5.336836e-11,8.0271475e-12,6.749087e-13,LogParabola,1.8681148,0.043390103,2051.3838,1.7427039,0.07105699,0.07543891,0.030367548,0,bll,RX J1351.3+1115,0.9997468,0.967582,bllac,207.836856496,11.2480507389,3.199999980552093e-07,RFC J1351+1114,-inf,HSP,11289.149,5714.3384,1.010529e-06,9.859069e-08,7.3282455e+15,2.6452944e-12,26.785776,0.25448903,0.09706907,41.8905,BLL,17.432428,13.434000015258787,12.762999534606934,10.635000228881836,8.694000244140625,42.3,0.1169999986886978,19.11899948120117,18.823999404907227,18.52300071716309,18.229999542236328,18.0049991607666,17.3204,17.2733,16.6916,16.7178,16.8863,0.6710004806518537,2.1279993057250977,1.6263403673750423,-0.9318141431212855,-9.09213,-11.095439,1.4460418,1.4279042,15.865,-11.577526,3.312047,0.0,0.0031120921169456093,
4FGL J1353.0-4413,1,208.2566,-44.226,314.42447,17.267063,20.455557,7.066318e-10,4.952702e-11,8.2374775e-12,5.655304e-13,PowerLaw,2.236663,0.053604547,1579.0101,2.1991498,0.06736043,0.061140567,0.035868615,0,bll,PKS 1349-439,0.999696,0.98042524,bllac,208.235562238,-44.2112188,8.199999967928306e-08,RFC J1352-4412,-inf,LSP,309.80136,386.2612,1.003655e-06,1.5668716e-07,2.2646444e+13,3.0587924e-12,29.189426,0.33423686,0.10864572,31.3183,BLL,17.271236,12.468999862670898,11.413999557495115,8.60099983215332,6.360000133514404,,,,,,,,,,,,,1.055000305175783,2.812999725341795,2.3129159264174834,-1.3968556187296444,-9.150806,-11.084206,1.3108113,1.4652256,13.355,-11.51445,3.198385,0.0,0.23310617598485128,
4FGL J1353.7-3936,1,208.4386,-39.6157,315.79724,21.694191,4.648514,6.308156e-11,2.6667992e-11,8.656213e-13,2.925381e-13,PowerLaw,1.6876304,0.2090768,11926.878,1.2677549,0.56622213,0.42098144,0.40453908,0,bll,NVSS J135345-393711,0.99942034,0.8839745,whsp2,208.438126733,-39.6197007694,2.5999999706982635e-05,RFC J1353-3937,-inf,HSP,28459.514,16601.531,2.2296906e-07,1.06014554e-07,7.943282e+15,7.5427896e-13,13.546155,0.0,10.0,82.52,BLL,19.529154,14.406999588012695,14.012999534606934,11.70400047302246,8.715999603271484,34.2,,,,,,,,,,,,0.3940000534057617,2.3089990615844744,1.534026106056135,-1.3968556187296444,-10.200098,-12.062672,0.6673141,1.131816,15.9,-12.122468,4.0765266,0.0,0.020175144506480742,
4FGL J1406.1-2508,1,211.5445,-25.1386,323.59265,34.716763,14.3735,3.950148e-10,4.044875e-11,4.389038e-12,4.5015128e-13,PowerLaw,2.0481274,0.07281635,2396.861,1.9845827,0.10113433,0.08468604,0.053343643,0,bll,NVSS J140609-250808,0.99977213,0.9086584,bzcat,211.540041829,-25.1359376639,6.399999961104186e-07,RFC J1406-2508,-inf,ISP,2625.2778,1516.9618,4.5531561e-07,5.5287828e-08,9.120109e+14,9.938092e-13,32.997765,0.5574757,0.17201301,68.6541,BLL,17.99907,13.708000183105469,12.854999542236328,10.461000442504885,8.380999565124512,30.4,0.0247000008821487,,,,,,18.2395,17.9728,17.8857,17.6669,17.3929,0.8530006408691406,2.3939990997314435,1.4828735836087537,-1.6073030312297145,-9.403387,-11.357631,1.1575625,1.5184845,14.96,-12.002697,3.379643,0.0,0.00795563202341368,
4FGL J1407.5-2706,2,211.8913,-27.1041,323.1262,32.764915,5.2322493,1.1582962e-10,3.2650976e-11,1.3370439e-12,3.3646884e-13,PowerLaw,1.9064204,0.20148368,5378.93,1.9939854,0.15331604,-0.05812012,0.05562578,0,bll,ESO 140425-2655.2,0.9687011,0.95263994,bzcat,211.81492614746094,-27.15823745727539,3.4e-07,nan,-inf,LSP,,,-inf,-inf,1.6595869e+13,1.1369596e-12,9.961729,0.0,10.0,16.8853,BLL,16.562275,10.633999824523926,10.647000312805176,9.272000312805176,7.784999847412109,101.4,,,,,,,12.744,12.708,12.774,12.868,14.6681,-0.01300048828125,1.375,2.0060379549973173,-1.3968556187296444,-9.93618,-11.873855,0.7186884,0.9983347,13.22,-11.944255,3.730696,0.0,0.2926077082984197,
4FGL J1407.6-4301,1,211.9194,-43.0234,317.44412,17.689692,15.028459,4.7959986e-10,4.5021344e-11,5.366503e-12,5.072763e-13,PowerLaw,2.1293888,0.07066601,2240.9321,2.091386,0.08833579,0.05210605,0.044733223,0,bll,SUMSS J140739-430231,0.99951446,0.96511453,cgrabs,211.915504021,-43.0422051917,5.200000146032835e-07,RFC J1407-4302,-inf,LSP,932.3634,1227.1002,5.5332265e-07,6.762308e-08,5.7543995e+12,9.172084e-13,57.545155,0.68747604,0.18201904,24.1765,BLL,19.789845,14.013999938964844,13.005999565124512,10.37600040435791,8.086000442504883,,0.0131999999284744,,,,,,,,,,,1.008000373840332,2.6299991607666016,2.3129159264174834,-1.8794260711474209,-9.319121,-11.2703085,1.1769145,1.7600088,12.76,-12.037532,3.3504288,0.0,0.36255833550695643,
4FGL J1410.1+0202,1,212.5287,2.0354,343.17108,58.619164,18.175968,5.749576e-10,4.972094e-11,5.005914e-12,5.21059e-13,LogParabola,2.2946537,0.056858487,913.2513,2.1452386,0.0960144,0.1496154,0.055400487,0,bll,PKS 1407+022,0.997862,0.96075237,bzcat,212.519399825,2.05192021667,1.199999957179898e-07,RFC J1410+0203,-inf,LSP,562.07654,255.55516,8.263785e-07,8.143095e-08,1.5848932e+13,3.5230597e-12,49.652596,0.51504505,0.14005744,20.2864,BLL,18.88215,12.909000396728516,11.821000099182127,9.255999565124512,6.853000164031982,333.5,,19.2549991607666,18.64299964904785,18.177000045776367,17.791000366210938,17.482999801635742,18.4329,18.3307,17.7502,16.8363,16.6246,1.0880002975463885,2.5650005340576154,2.523095838252568,-1.3968556187296444,-9.240364,-11.300516,1.2594975,1.6959419,13.2,-11.45308,2.9605904,0.0,0.8507026780368662,
4FGL J1411.5-0723,1,212.886,-7.3984,335.124,50.398525,7.958285,2.072734e-10,4.0319293e-11,2.3119991e-12,4.348314e-13,PowerLaw,2.0107062,0.13805304,4156.632,2.0155563,0.15007895,-0.010573396,0.0739293,0,bll,NVSS J141133-072252,0.9949821,0.9119567,rfc,212.888851908,-7.38150594444,3.099999901223782e-07,RFC J1411-0722,-inf,ISP,,,-inf,-inf,2.7542286e+14,6.7056826e-13,10.158467,0.0,10.0,99.1848,BLL,19.18634,13.993000030517578,13.564000129699709,11.800999641418455,8.496000289916992,93.8,0.017400000244379,,,,,,19.4063,19.0205,18.6456,18.4824,18.2962,0.4289999008178693,1.7630004882812536,1.9722028383790644,-1.7594507456178343,-9.683456,-11.636012,0.9008195,1.0068282,14.44,-12.173557,3.6187415,0.0,0.01619102561109568,
4FGL J1420.3+0612,1,215.0892,6.2004,352.23233,60.258114,6.8348475,1.6866215e-10,3.0401518e-11,2.5566775e-12,4.44127e-13,PowerLaw,2.5237777,0.12996723,978.4614,2.5486927,0.10933701,-0.05412451,0.046356004,0,bll,SDSS J142013.69+061428.6,0.99188596,0.0,bzcat,215.05703735351562,6.2412896156311035,3.1e-06,nan,-inf,ISP,,,-inf,-inf,5.821032e+14,3.7911417e-13,23.272804,0.47821534,0.23914658,-inf,BLL,19.840857,14.006999969482422,13.23900032043457,11.128999710083008,9.06700038909912,52.3,,21.270999908447266,19.815000534057617,18.81800079345703,18.14800071716309,17.875,20.5343,19.7012,19.0015,18.5114,18.4309,0.7679996490478516,2.1100006103515625,1.7185016888672742,-1.3968556187296444,-9.772983,-11.592324,0.83472884,1.3668487,14.765,-12.42123,2.9905438,0.0,0.5727095188027996,
4FGL J1423.1+3738,1,215.7921,37.6452,67.30788,68.049034,22.900713,5.606229e-10,4.167741e-11,4.358349e-12,4.5027743e-13,LogParabola,2.0876298,0.053653166,1492.6228,1.9153479,0.09290616,0.14023465,0.04931423,0,bll,NVSS J142304+373729,0.96661955,0.0,bllac,215.769228413,37.6251582417,2.2999999771400326e-07,RFC J1423+3737,-inf,ISP,2018.5062,562.0785,6.215085e-07,5.2127447e-08,2.910717e+14,7.916569e-13,251.81818,1.4530227,0.3192711,28.9395,BLL,17.892248,13.723999977111816,12.829999923706056,10.071999549865724,7.916999816894531,45.2,0.003400000045076,19.36199951171875,18.875,18.452999114990234,18.118000030517575,17.790000915527344,18.6671,18.7748,17.0888,18.0446,17.8167,0.8940000534057599,2.758000373840332,1.655138434811382,-2.468521077200022,-9.251329,-11.360678,1.359849,2.401087,14.464,-12.101463,3.1739502,0.0,0.025224832543944687,
4FGL J1425.0+3615,1,216.252,36.257,63.4706,68.17862,26.608036,6.578244e-10,5.0649866e-11,6.301338e-12,5.918878e-13,LogParabola,1.8830113,0.0504816,2974.6477,1.7196401,0.08261119,0.11379397,0.04026425,0,bll,FBQS J142455.5+361536,0.99573267,0.91332716,rfc,216.231298142,36.2600114694,2.699999868127634e-07,RFC J1424+3615,-inf,ISP,10196.053,3593.5251,8.825269e-07,8.822394e-08,2.6424088e+14,5.7296225e-13,9.351342,0.0,10.0,86.2709,BLL,18.762178,14.166999816894531,13.246000289916992,10.79599952697754,9.062999725341797,90.6,0.0090199997648596,18.426000595092773,17.985000610351562,17.611000061035156,17.349000930786133,17.117000579833984,19.0703,18.6369,18.3293,18.2735,18.2285,0.9209995269775391,2.4500007629394513,1.9571281976768131,-2.044793473779586,-9.1818905,-11.200567,1.4250128,0.97087395,14.422,-12.241874,3.4734356,0.0,0.00785625966007353,
4FGL J1425.4-0119,1,216.3593,-1.3333,345.1888,53.643364,6.396975,8.9412665e-11,2.7487549e-11,9.0233143e-13,2.5571822e-13,LogParabola,1.840304,0.16222252,5730.859,1.5039548,0.33687782,0.516699,0.291669,0,bll,2QZ J142526.2-011826,0.99867463,0.0,bzcat,216.35903930664062,-1.307170033454895,0.0044999998062849045,nan,-inf,ISP,9261.621,3226.71,2.3022552e-07,6.817222e-08,1.5848933e+14,3.2055386e-13,18.718569,0.44546872,0.4237589,-inf,BLL,19.81649,15.166000366210938,14.449999809265137,12.274999618530272,8.51200008392334,9.6,,,,,,,,,,,,0.7160005569458008,2.175000190734865,0.9822712330395684,-1.3968556187296444,-10.048601,-12.044634,0.80597466,1.2722726,14.2,-12.494099,3.7582197,0.0,0.02893207238703371,
4FGL J1426.1+3403,1,216.5394,34.0627,57.56163,68.529755,17.62757,3.8493628e-10,3.3125995e-11,4.294401e-12,3.6370237e-13,PowerLaw,2.1137657,0.06707613,1877.2574,2.0672827,0.08665854,0.051386338,0.04463203,0,bll,RGB J1426+340,0.9980701,0.84443223,rfc,216.532150775,34.0739790833,1.8000000068241206e-07,RFC J1426+3404,-inf,ISP,975.4432,1178.2804,4.401438e-07,4.491128e-08,2.2387212e+14,1.5328618e-12,21.102896,0.24841096,0.12072717,54.535,BLL,18.219772,13.467000007629396,12.55799961090088,9.96500015258789,7.873000144958496,34.6,0.0042699999175965,18.03499984741211,17.62299919128418,17.3439998626709,17.104000091552734,16.905000686645508,18.5678,18.1777,17.8667,17.8757,17.6689,0.9090003967285156,2.59299945831299,1.5390760987927767,-2.369572133356097,-9.414611,-11.367098,1.2461925,1.324342,14.35,-11.814497,3.2735238,0.0,0.016398903611611247,
4FGL J1427.6-3305,1,216.913,-33.094,325.1789,25.587687,41.25086,1.7479462e-09,7.281437e-11,1.6454381e-11,8.100801e-13,LogParabola,2.293874,0.027754087,906.68414,2.204957,0.041673105,0.119364284,0.024388352,0,bll,PKS 1424-328,0.9998135,0.98047215,cgrabs,216.922337942,-33.09208495,2.0000000233721948e-07,RFC J1427-3305,-inf,LSP,384.23645,114.25259,2.7006924e-06,1.5349168e-07,5.8613815e+12,8.727644e-12,288.66898,0.6012469,0.13328755,31.7372,BLL,18.29514,12.42199993133545,11.281999588012695,8.303000450134277,5.829999923706055,160.6,0.0597000010311603,,,,,,20.701,18.649,16.8727,16.686,16.274,1.140000343322754,2.978999137878418,2.205745540942662,-1.2240256613693374,-8.757472,-10.783718,1.615433,2.4604,12.768,-11.059103,2.957456,0.0,0.9382916817811613,
4FGL J1427.7-3215,1,216.9461,-32.2537,325.58463,26.345203,14.025358,4.1770923e-10,4.5288988e-11,4.6461676e-12,5.104501e-13,PowerLaw,2.0908947,0.083998464,2923.9866,2.0836272,0.09237109,0.008514216,0.040560436,0,bll,NVSS J142750-321515,0.9991879,0.8184695,rfc,216.959202154,-32.2547281694,3.299999889350147e-06,RFC J1427-3215,-inf,ISP,21.534855,555.71735,5.178207e-07,6.013756e-07,2.7542286e+14,9.860047e-13,44.520958,0.6074474,0.17610054,98.2219,BLL,18.705982,13.663999557495115,12.92199993133545,10.56700038909912,8.817000389099121,10.8,0.0017399999778717,,,,,,18.103,17.488,18.6085,17.204,17.138,0.7419996261596662,2.35499954223633,1.0334237554869496,-2.759450757240503,-9.379126,-11.332905,1.146914,1.6485645,14.44,-12.006121,3.4659753,0.0,0.029077855048865238,
4FGL J1431.0-4458,3,217.7661,-44.98,320.84393,14.398811,4.1958256,1.7879587e-10,3.8765022e-11,2.6823541e-12,6.5952983e-13,PowerLaw,2.5153399,0.14512756,1359.1018,2.5220451,0.22996326,0.21617521,0.22657292,16,bll,PKS 1427-448,0.9994561,0.98743284,bllac,217.75209045410156,-45.01708221435547,8.3e-07,RFC J1431-4501,-inf,LSP,406.3119,538.5859,4.148864e-07,1.5135284e-07,2.5118842e+13,8.2258354e-13,23.321735,0.5295234,0.26312688,-inf,BLL,20.045467376708984,13.975000381469728,12.979999542236328,10.303000450134276,7.864999771118164,,,,,,,,,,,,,0.9950008392334002,2.6769990921020526,2.3129159264174834,-1.3968556187296444,-9.7476425,-11.571484,0.62281746,1.3677609,13.4,-12.08482,3.133252,0.0,0.8502376176117413,
4FGL J1431.1-3120,1,217.7962,-31.3468,326.7395,26.872751,17.357801,5.500637e-10,4.912478e-11,6.11667e-12,5.4426776e-13,PowerLaw,2.0356388,0.066359185,2860.9785,1.9974525,0.08629997,0.05132848,0.041466,0,bll,PKS 1428-311,0.9990287,0.9690215,rfc,217.788430933,-31.3441192444,5.200000146032835e-07,RFC J1431-3120,-inf,LSP,2932.8638,2443.9187,5.9730513e-07,6.149063e-08,5.2480746e+13,2.768962e-12,96.8524,1.0122861,0.23631093,50.0827,BLL,17.448788,12.45199966430664,11.491999626159668,8.994999885559082,6.777999877929688,254.4,,,,,,,18.283,17.4659,16.936,16.743,16.596,0.9600000381469727,2.496999740600586,2.4055171069763763,-1.3968556187296444,-9.259587,-11.213485,1.2394947,1.9861104,13.72,-11.557683,3.4565146,0.0,0.01704930059456581,
4FGL J1434.8+6640,1,218.7093,66.6767,108.16285,47.37731,9.86356,9.744108e-11,1.8065688e-11,1.3148573e-12,2.3518316e-13,PowerLaw,1.7037905,0.10882354,6312.1533,1.6144886,0.16094247,0.12217033,0.08702641,0,bll,1RXS J143442.0+664031,0.99947953,0.87237394,bzcat,218.67274475097656,66.67402648925781,0.0044999998062849045,nan,-inf,ISP,30576.717,33444.254,2.080978e-07,5.9000733e-08,4.3651585e+14,5.511325e-13,16.778328,0.32805207,0.31375515,151.724,BLL,19.173033,14.35099983215332,13.722000122070312,11.522000312805176,9.303000450134276,9.3,,,,,,,,,,,,0.6289997100830078,2.1999998092651367,0.9684829485539351,-1.3968556187296444,-10.011258,-11.881122,0.9940337,1.2247487,14.64,-12.258744,3.8001776,0.0,0.005295419695032352,
4FGL J1439.7+4958,1,219.9411,49.9775,88.081825,59.17961,25.070383,5.526217e-10,3.5410855e-11,6.8210515e-12,3.8430533e-13,PowerLaw,2.322654,0.047526248,1094.3734,2.3086064,0.054035064,0.025492053,0.027615998,0,bll,GB6 J1439+4958,0.99942774,0.93872964,cgrabs,219.945734296,49.9681821861,8.800000017572529e-08,RFC J1439+4958,-inf,LSP,2.572667,17.876217,1.8697151e-06,2.1013157e-06,1.0351422e+13,2.5297757e-12,49.25403,0.3561917,0.09728731,26.1615,BLL,18.233112,13.248000144958496,12.13700008392334,9.17199993133545,6.691999912261963,111.2,0.0093400003388524,18.56999969482422,18.05299949645996,17.56999969482422,17.219999313354492,16.95199966430664,19.2589,18.5724,18.5898,18.025,17.7998,1.1110000610351562,2.9650001525878906,2.0461047872460387,-2.029653108013833,-9.257572,-11.166149,1.399161,1.6924417,13.015,-11.596918,3.0391655,0.0,0.7460548664675234,
4FGL J1440.0-1530,1,220.0072,-15.5154,337.8833,39.874413,14.754711,6.618e-10,5.986281e-11,7.838459e-12,7.616608e-13,PowerLaw,2.2639453,0.066678226,2001.037,2.2578602,0.07860159,0.03161736,0.035907328,0,bll,PKS 1437-153,0.9996308,0.9709899,bllac,219.986966887,-15.5307096333,1.3000000365082087e-07,RFC J1439-1531,-inf,LSP,33.906128,167.77519,1.241012e-06,8.449801e-07,1.4962356e+13,1.5208102e-12,100.02586,0.9609521,0.22814675,37.4242,BLL,17.94944,13.48900032043457,12.425999641418455,9.484999656677246,7.081999778747559,640.4,,,,,,,19.7114,18.9229,18.5479,18.304,17.969,1.063000679016115,2.940999984741209,2.806451323247262,-1.3968556187296444,-9.179274,-11.105769,1.1689308,2.0001123,13.175,-11.817925,3.3012552,0.0,0.5072470068983904,
4FGL J1445.9-1626,1,221.4978,-16.4498,338.79575,38.317142,9.9951,3.4216002e-10,4.4412068e-11,4.993709e-12,5.7956884e-13,PowerLaw,2.4923344,0.089710124,903.5931,2.476327,0.105144426,0.041843638,0.06365318,0,bll,PKS B1443-162,0.99462694,0.9576511,bzcat,221.472401229,-16.4837831,8.199999967928306e-08,RFC J1445-1629,-inf,LSP,3.0484421,27.397608,2.194817e-06,4.8075804e-06,6.7608296e+12,9.309235e-13,37.670536,0.6020241,0.18415152,-inf,BLL,19.701412,14.269000053405762,13.138999938964844,10.102999687194824,7.669000148773193,395.8,,,,,,,20.8349,20.0412,19.8462,19.3196,19.1323,1.130000114440918,3.0360002517700195,2.5974757898703773,-1.3968556187296444,-9.465771,-11.301577,0.99978715,1.5760018,12.83,-12.031086,2.955973,0.0,0.952843558876028,
4FGL J1448.0+3608,1,222.0171,36.1344,60.244614,63.71325,54.441143,1.6045345e-09,6.1690604e-11,1.615755e-11,8.2574323e-13,LogParabola,1.8190295,0.024766693,1775.134,1.6700464,0.043818194,0.082179524,0.017523678,0,bll,RBS 1432,0.99814886,0.97848094,bllac,222.002427867,36.1419901139,2.2999999771400326e-07,RFC J1448+3608,-inf,HSP,13215.535,4059.8772,2.1180883e-06,1.2951058e-07,2.3442289e+15,4.0085196e-12,30.24373,0.16610652,0.055790212,155.644,BLL,16.177414,12.97599983215332,12.201000213623049,9.95699977874756,7.909999847412109,34.6,0.2619999945163727,17.32200050354004,16.98900032043457,16.767000198364258,16.520999908447266,16.451000213623047,16.4792,16.5305,15.9177,16.4417,16.3972,0.7749996185302717,2.2440004348754883,1.5390760987927767,-0.5816987177699839,-8.794651,-10.791624,1.7359272,1.4806354,15.37,-11.397016,3.249231,0.0,0.006857669812584109,
4FGL J1454.4+5124,1,223.625,51.409,87.66787,56.45126,86.429985,3.6741943e-09,8.5680345e-11,3.540452e-11,1.0497584e-12,LogParabola,2.0429962,0.015289054,1260.3184,1.9894435,0.022482067,0.047908302,0.009586977,512,bll,TXS 1452+516,0.99972504,0.9795163,bzcat,223.613019092,51.4093699056,1.199999957179898e-07,RFC J1454+5124,-inf,ISP,1407.1105,307.09827,3.898876e-06,9.444835e-08,4.62381e+14,3.1697572e-12,453.62302,0.4446912,0.096959606,85.299,BLL,15.8565035,12.333999633789062,11.420000076293944,8.9399995803833,6.935999870300293,177.3,0.0882000029087066,18.691999435424805,18.23200035095215,17.816999435424805,17.500999450683594,17.23200035095215,16.693,16.3572,16.1664,16.1362,16.1688,0.913999557495119,2.4800004959106428,2.2487087356009177,-1.0545314005457858,-8.434838,-10.450941,1.9366645,2.6566951,14.665,-11.498974,3.1004803,0.0,0.029153042974252266,
4FGL J1454.7+5237,1,223.6774,52.6194,89.40656,55.72649,7.41136,1.3678692e-10,2.3747585e-11,1.5893488e-12,3.069749e-13,PowerLaw,2.230515,0.15370853,2274.799,2.2118137,0.19491516,0.012567355,0.08932833,0,bll,87GB 145311.3+524904,-inf,0.0,rfc,223.688895667,52.6154387028,7.799999934832158e-07,RFC J1454+5236,-inf,LSP,0.49783096,32.183113,3.4883368e-07,2.5492393e-06,3.3884415e+13,2.5193354e-13,9.757349,0.0,10.0,34.8311,BLL,20.032566,14.925999641418455,13.977999687194824,11.44200038909912,9.369000434875488,44.3,,21.554000854492188,20.996000289916992,20.632999420166016,20.072999954223636,19.652999877929688,21.0778,20.5761,20.158,19.6093,19.4572,0.947999954223631,2.535999298095705,1.6464037262230695,-1.3968556187296444,-9.8639555,-11.79878,0.8698979,0.98933184,13.53,-12.598714,3.3569431,0.0,0.227758391105801,
4FGL J1455.8-7601,1,223.957,-76.0179,310.35416,-14.971525,9.348311,2.1904761e-10,3.432632e-11,2.4505608e-12,3.7322782e-13,PowerLaw,1.9950716,0.10716227,3831.972,1.951332,0.13876934,0.049197044,0.07222569,0,bll,SUMSS J145543-760054,0.99962825,0.92295146,whsp2,223.93203735351562,-76.0145034790039,0.008999999612569809,nan,-inf,HSP,6283.977,7949.1323,2.4450998e-07,4.843133e-08,7.079458e+15,1.2110805e-12,10.02015,0.0,10.0,88.1588,BLL,18.749132,14.463000297546388,13.817999839782717,11.6899995803833,8.513999938964844,,,,,,,,,,,,,0.6450004577636719,2.128000259399416,2.3129159264174834,-1.3968556187296444,-9.659461,-11.610735,0.97073317,1.0008743,15.85,-11.916827,3.5834224,0.0,0.013295577527195748,
4FGL J1500.9+5528,1,225.2271,55.4724,92.421555,53.2962,10.256316,1.9830483e-10,2.7060094e-11,2.2119444e-12,3.0826917e-13,PowerLaw,2.1127496,0.10362962,2759.8398,2.0056965,0.15838823,0.14668287,0.09500874,0,bll,FIRST J150106.2+552750,0.9961214,0.0,bzcat,225.276061417,55.4641121639,5.6999999742402e-07,RFC J1501+5527,-inf,ISP,2706.7666,1475.1746,2.346288e-07,3.709644e-08,1.1091748e+14,2.2627001e-13,26.497004,0.52119184,0.21011114,11.3647,BLL,19.153276,15.230999946594238,14.399999618530272,11.883999824523926,9.119000434875488,11.5,,20.32900047302246,19.91699981689453,19.70400047302246,19.481000900268555,19.246999740600582,19.5153,19.4206,19.4309,18.7908,18.9653,0.8310003280639666,2.515999794006346,1.0606978403536118,-1.3968556187296444,-9.702666,-11.655226,1.0109915,1.4231968,14.045,-12.645373,3.4408839,0.0,0.07341702926257593,
4FGL J1505.0-3433,1,226.2581,-34.5546,331.91855,20.689777,11.319654,4.140941e-10,4.8690104e-11,3.4458157e-12,5.8237464e-13,LogParabola,2.2900295,0.08314816,1559.1578,2.2020795,0.12525837,0.1406124,0.07170717,0,bll,PMN J1505-3432,0.99950486,0.97178966,bzcat,226.259876379,-34.5491167778,2.699999868127634e-07,RFC J1505-3432,-inf,LSP,760.0098,516.20575,5.3280934e-07,8.2980335e-08,4.1686938e+12,1.1292653e-12,40.10633,0.7682821,0.2183595,23.9587,BLL,20.204445,14.361000061035156,13.128999710083008,10.29699993133545,7.593999862670898,138.0,0.0052200001664459,,,,,,,,,,,1.2320003509521484,2.8319997787475586,2.1398790864012365,-2.2823294831497427,-9.382901,-11.4627075,1.0538331,1.603213,12.62,-11.947204,3.1928902,0.0,0.8388781432425918,
4FGL J1507.3+3341,1,226.8351,33.6865,53.984673,60.114967,8.519857,1.6378505e-10,2.9387805e-11,1.1436995e-12,2.5266556e-13,LogParabola,2.0113432,0.11805331,2538.782,1.6900266,0.2422267,0.2780234,0.15782619,0,bll,87GB 150531.0+334938,-inf,0.0,rfc,226.881913725,33.6385213833,2.8079347202947247e-07,RFC J1507+3338,-inf,LSP,4433.2974,1601.6791,2.1505583e-07,4.623557e-08,9.660509e+13,2.9762952e-13,10.933272,0.0,10.0,-inf,BLL,19.848858,14.482000350952148,13.9350004196167,11.63599967956543,8.876999855041504,39.4,,,,,,,,,,,,0.5469999313354492,2.2990007400512695,1.5954962218255742,-1.3968556187296444,-9.785726,-11.941689,0.9304323,1.0387502,13.985,-12.526324,3.4046254,0.0,0.03788567558416602,
4FGL J1511.8-0513,1,227.9588,-5.2218,354.6136,43.127792,19.503477,5.995474e-10,6.8526525e-11,6.2809332e-12,7.166697e-13,LogParabola,1.8650049,0.06573736,3948.144,1.632365,0.1282014,0.13750562,0.0620597,0,bll,NVSS J151148-051345,0.9997644,0.87251115,bzcat,227.952336017,-5.22971893056,9.899999895424116e-07,RFC J1511-0513,-inf,HSP,15029.962,6027.8525,9.817122e-07,1.3386222e-07,2.2387211e+17,6.1118684e-12,14.44795,0.13990961,0.18079883,56.6939,BLL,17.719847,13.857999801635742,13.151000022888184,11.20300006866455,9.09000015258789,16.4,0.5360000133514404,,,,,,17.8911,17.6418,17.5454,17.4796,17.4042,0.7069997787475586,1.9479999542236328,1.2148438480476977,-0.2708351994892135,-9.222177,-11.201976,1.290112,1.1598063,17.35,-11.213826,3.596393,0.0,0.0021601425442553004,
4FGL J1513.4-0753,2,228.3685,-7.8903,352.52057,40.920937,4.528041,9.1569786e-11,3.4023492e-11,1.1788671e-12,3.608133e-13,PowerLaw,1.7524092,0.19298328,9878.237,1.3229116,0.5080908,0.39888325,0.33599755,0,bll,NVSS J151324-075450,0.9915184,0.9257398,whsp2,228.3507537841797,-7.914305686950684,0.0045000000000000005,nan,-inf,HSP,23082.254,12414.642,2.6043915e-07,1.1099003e-07,9.440609e+15,2.485278e-12,5.516684,0.0,10.0,66.8246,BLL,19.22855,14.696999549865724,14.31700038909912,12.182000160217283,8.479000091552734,10.7,,,,,,,,,,,,0.3799991607666051,2.135000228881836,1.0293837776852097,-1.3968556187296444,-10.038248,-11.928535,0.6559103,0.7416781,15.975,-11.604625,3.9946795,0.0,0.009194029061460563,
4FGL J1514.8-0949,1,228.7157,-9.817,351.1403,39.27312,18.404121,1.1111665e-09,8.820275e-11,8.923563e-12,1.5865218e-12,LogParabola,2.3926604,0.06725617,1595.5917,2.2086132,0.11834129,0.16077381,0.075302035,0,bll,PMN J1514-0948,0.9981917,0.9769836,rfc,228.707287504,-9.81067115833,2.2999999771400326e-07,RFC J1514-0948,-inf,LSP,833.9898,523.90204,1.4285214e-06,1.8354955e-07,4.645153e+12,1.2803244e-12,322.501,2.0500658,0.44869107,14.9274,BLL,17.856651,14.968999862670898,13.85099983215332,10.83199977874756,7.822999954223633,347.8,,,,,,,,,,,,1.1180000305175781,3.01900005340576,2.5413295776666938,-1.3968556187296444,-8.954221,-11.049461,1.2649151,2.508531,12.667,-11.89268,3.2029219,0.0,0.8110921163603264,
4FGL J1516.1+4351,1,229.0493,43.8527,72.448814,56.498978,5.947734,1.2725555e-10,2.3718e-11,1.7525707e-12,3.923946e-13,PowerLaw,2.44061,0.16393153,1526.246,2.2489915,0.35911694,0.27075163,0.33861595,0,bll,87GB 151444.4+440102,-inf,0.0,rfc,229.130715533,43.8304475611,9.799999816095806e-07,RFC J1516+4349,-inf,ISP,963.67224,1103.0632,1.9491351e-07,4.6794028e-08,1.4454397e+14,2.7545902e-13,48.312813,0.94420373,0.27329436,-inf,BLL,19.07762,14.937999725341797,14.026000022888184,11.406000137329102,9.468999862670898,23.5,,,,,,,,,,,,0.9119997024536133,2.619999885559082,1.3710678622717363,-1.3968556187296444,-9.895323,-11.756325,0.77435154,1.6840624,14.16,-12.559943,3.1836245,0.0,0.473304958925546,
4FGL J1516.4-1523,3,229.1084,-15.3853,346.91672,34.822666,4.4354386,9.7970715e-11,3.403229e-11,1.1818781e-12,3.5754226e-13,PowerLaw,1.8327116,0.179563,8119.8525,1.7473744,0.320517,0.14928919,0.1717788,0,bll,RBS 1478,0.9991742,0.95079505,bllac,229.0771026611328,-15.39579963684082,0.0045000000000000005,nan,-inf,HSP,18923.537,20550.375,1.6887049e-07,6.723388e-08,3.5892217e+17,2.1005014e-12,14.053747,0.0,10.0,87.5502,BLL,19.28706741333008,15.16800022125244,14.503000259399414,11.968000411987305,8.696999549865723,6.8,0.2329999953508377,,,,,,20.046,19.6218,18.9868,18.7411,18.661,0.6649999618530256,2.5349998474121094,0.8325089127062363,-0.6326440876396701,-10.0089035,-11.927427,0.6469366,1.1477921,17.555,-11.677677,3.909548,0.0,0.009454498046622146,
4FGL J1516.8+3651,1,229.2217,36.8505,59.757645,57.883354,7.9210896,1.5008753e-10,2.3931163e-11,1.7669451e-12,2.8033232e-13,PowerLaw,2.2539935,0.12258828,1602.3284,2.2155707,0.14979278,0.05887216,0.10172847,0,bll,MG2 J151646+3650,0.99542576,0.90928143,rfc,229.205246033,36.8396835444,1.5999999902760464e-07,RFC J1516+3650,-inf,LSP,256.82025,958.40845,2.2102044e-07,9.574684e-08,3.1260794e+13,7.03495e-13,33.550938,0.83492076,0.26019797,-inf,BLL,19.590519,13.91100025177002,12.944000244140623,10.22599983215332,8.005999565124512,178.9,,21.05299949645996,20.32999992370605,19.895000457763672,19.53400039672852,19.12700080871582,19.8304,19.1541,18.9577,19.2187,18.9483,0.9670000076293963,2.718000411987303,2.252610340567373,-1.3968556187296444,-9.823655,-11.752777,0.89878494,1.5257046,13.495,-12.152739,3.2047515,0.0,0.3191137246135456,
4FGL J1516.9+1934,1,229.2442,19.5805,28.063953,55.880318,8.094775,1.9996417e-10,3.168817e-11,3.1114059e-12,4.3936594e-13,PowerLaw,2.5445921,0.104832284,836.30835,2.5384746,0.11103284,0.015399421,0.0627725,0,bll,PKS 1514+197,0.9976034,0.9290814,cgrabs,229.236650688,19.5369422,7.500000265281415e-08,RFC J1516+1932,-inf,LSP,,,-inf,-inf,9.120108e+12,2.410205e-12,36.09611,0.6525432,0.20838085,-inf,BLL,18.430756,12.538000106811523,11.473999977111816,8.531000137329102,6.173999786376953,464.1,0.0197999998927116,19.500999450683597,18.93600082397461,18.367000579833984,17.920000076293945,17.530000686645508,18.9718,18.3395,18.2497,17.4716,17.413,1.064000129699707,2.942999839782715,2.66661156841903,-1.7033348120917395,-9.699048,-11.507043,0.9082048,1.5574604,12.96,-11.617946,2.9223664,0.0,0.9681085020819373,
4FGL J1518.0-2731,1,229.5124,-27.5313,338.6656,24.98503,37.46682,1.7112258e-09,7.416328e-11,1.9009476e-11,8.251589e-13,PowerLaw,2.0545576,0.033428885,2272.7817,2.0322945,0.040179648,0.024706433,0.018377164,0,bll,TXS 1515-273,0.999665,0.9913844,whsp2,229.515000467,-27.5253311917,4.599999954280065e-07,RFC J1518-2731,-inf,HSP,1182.2722,1313.343,1.8254717e-06,9.2275634e-08,1.1885023e+15,7.708307e-12,180.2685,0.62505287,0.14000857,115.427,BLL,16.682796,11.94200038909912,11.222999572753906,9.248000144958496,7.048999786376953,564.2,0.0533999986946582,,,,,,17.4035,16.8013,16.0812,16.0856,15.7905,0.7190008163452131,1.9749994277954102,2.7514330818193473,-1.2724587535876,-8.766693,-10.72103,1.5736468,2.25592,15.075,-11.113041,3.3565578,0.0,0.00829715483400698,
4FGL J1520.4+5546,1,230.123,55.7699,90.28887,50.84448,14.113329,2.641956e-10,2.6232398e-11,2.9898974e-12,2.8637818e-13,PowerLaw,2.1698937,0.075260095,1623.7363,2.111618,0.1002932,0.07806561,0.058609195,0,bll,SDSS J152034.98+554256.9,0.9589731,0.0,bzcat,230.145740208,55.7158175944,6.399999961104186e-07,RFC J1520+5542,-inf,LSP,794.3999,778.0119,3.2912732e-07,3.965398e-08,7.852356e+13,8.823076e-13,15.792333,0.24891518,0.14835356,25.6101,BLL,18.164383,13.631999969482422,12.791999816894531,10.093000411987305,7.8979997634887695,58.3,,,,,,,,,,,,0.8400001525878906,2.6989994049072266,1.765668554759014,-1.3968556187296444,-9.578074,-11.5243435,1.1496295,1.1984463,13.895,-12.05438,3.2105155,0.0,0.1221089380731964,
4FGL J1520.8-0348,1,230.2046,-3.8148,358.11658,42.503246,28.851303,1.0366306e-09,6.8749534e-11,1.0175653e-11,8.3243417e-13,LogParabola,1.8189065,0.040433813,2954.3582,1.5734627,0.085921705,0.1567998,0.042043194,0,bll,NVSS J152048-034850,0.99988544,0.9728008,bzcat,230.203773204,-3.81435241944,3.700000092976552e-07,RFC J1520-0348,-inf,HSP,11512.284,2826.5203,1.6070675e-06,1.494699e-07,1.6032454e+15,2.833753e-12,11.541012,0.062141642,0.18456613,62.4141,BLL,17.835033,13.03499984741211,12.196000099182127,9.956000328063965,8.10200023651123,45.4,0.0240000002086162,,,,,,17.8291,17.6484,17.3814,17.1126,16.9597,0.8389997482299822,2.2399997711181623,1.6570558528571038,-1.619788754513358,-8.984376,-10.992437,1.4601654,1.0622439,15.205,-11.547638,3.470463,0.0,0.0030208331966625384,
4FGL J1536.8-3155,1,234.2127,-31.9224,339.31403,19.021564,7.4369373,2.4381178e-10,4.032184e-11,2.7819149e-12,4.8324046e-13,PowerLaw,2.1916838,0.107241355,2493.2407,2.2055428,0.15633973,0.114384845,0.07465937,4,bll,PKS 1533-317,0.98682356,0.88425934,bllac,234.227075942,-31.8542042361,9.601505013279166e-08,RFC J1536-3151,-inf,LSP,1015.2278,905.7279,3.203152e-07,7.0373964e-08,7.3282455e+12,7.431423e-13,16.81135,0.28289035,0.44678625,13.463,BLL,19.768488,14.524999618530272,13.381999969482422,10.385000228881836,8.39900016784668,279.0,,,,,,,,,,,,1.1429996490478498,2.996999740600586,2.4456042032735974,-1.3968556187296444,-9.612946,-11.555656,0.87139416,1.2256026,12.865,-12.128928,3.3967643,0.0,0.6061313309783052,
4FGL J1539.7-1127,1,234.9276,-11.4636,355.1712,33.8401,13.012149,3.9283557e-10,5.0408663e-11,4.6845605e-12,5.6463466e-13,PowerLaw,1.8497112,0.08228546,5101.507,1.8135717,0.10531186,0.062124133,0.05466459,0,bll,PMN J1539-1128,0.99859905,0.974643,wise,234.921661775,-11.4765075333,6.500000040432496e-07,RFC J1539-1128,-inf,ISP,22873.664,30734.918,5.586335e-07,1.06808294e-07,9.4406086e+14,1.5067319e-12,9.678916,0.0,10.0,116.987,BLL,17.903767,13.524999618530272,12.79699993133545,10.539999961853027,8.54800033569336,78.4,0.070200003683567,,,,,,18.1491,17.7474,17.7101,17.228,17.1419,0.7279996871948224,2.256999969482422,1.8943160626844384,-1.1536628650816936,-9.405789,-11.329331,1.114349,0.98582673,14.975,-11.821964,3.7076986,0.0,0.0028873932103904115,
4FGL J1539.9+4220,1,234.9771,42.3381,68.107925,52.663837,7.149047,1.7743594e-10,3.0215924e-11,1.1429324e-12,2.826063e-13,LogParabola,2.2332716,0.115076296,1602.1492,2.0819383,0.22583582,0.28111863,0.16501833,0,bll,87GB 153741.6+422719,0.9212571,0.0,bllac,234.857009013,42.2911518389,2.878157090435707e-07,RFC J1539+4217,-inf,LSP,1384.875,620.26636,2.1890519e-07,4.1912813e-08,2.398833e+13,3.9735985e-13,10.409914,0.0,10.0,-inf,BLL,18.785004,14.666000366210938,13.696999549865724,11.097999572753906,8.753999710083008,49.0,,18.854999542236328,18.413000106811523,18.06999969482422,17.81100082397461,17.569000244140625,19.0677,18.7808,18.5684,18.7117,18.3253,0.9690008163452131,2.598999977111818,1.6901960800285136,-1.3968556187296444,-9.750958,-11.941979,0.85424817,1.0174471,13.38,-12.400816,3.2047029,0.0,0.32357955018532786,
4FGL J1540.1+8155,1,235.0474,81.9223,116.47404,32.96459,36.362396,6.582655e-10,3.894567e-11,8.053873e-12,5.64655e-13,LogParabola,1.6989886,0.035492644,3221.1118,1.5039973,0.06770667,0.10589089,0.028346108,0,bll,1ES 1544+820,0.9999496,0.9924139,bllac,235.066159221,81.9182732056,9.899999895424116e-07,RFC J1540+8155,-inf,HSP,33507.613,15014.161,1.339928e-06,1.4070284e-07,9.440609e+15,5.012565e-12,16.857754,0.1352405,0.09148959,210.221,BLL,17.082012,12.927000045776367,12.244000434875488,10.154000282287598,8.182000160217285,69.2,0.3420000076293945,,,,,,17.2999,17.2034,16.8689,16.9025,16.7263,0.6829996109008789,2.0900001525878906,1.8401060944567578,-0.46597388425554953,-9.181599,-11.093995,1.5606525,1.2267997,15.975,-11.29994,3.5080059,0.0,0.0019840638680205243,
4FGL J1541.9-2915,1,235.4996,-29.2522,342.01965,20.388775,16.499002,4.7148285e-10,5.236905e-11,4.9518835e-12,5.7615745e-13,LogParabola,1.8324207,0.06397955,3600.8547,1.7237417,0.098085396,0.08627165,0.043736953,0,bll,NVSS J154203-291509,0.99854594,0.972471,whsp2,235.51287841796875,-29.25255584716797,0.0044999998062849045,nan,-inf,HSP,17854.7,12212.274,6.8549195e-07,9.9888e-08,1.7782795e+16,1.8564787e-12,16.621216,0.2521735,0.16117223,126.071,BLL,18.25249,14.630999565124512,14.019000053405762,11.27400016784668,8.222999572753906,17.2,,,,,,,,,,,,0.61199951171875,2.744999885559082,1.235528446907549,-1.3968556187296444,-9.326534,-11.305229,1.2174577,1.2206628,16.25,-11.73131,3.5564055,0.0,0.0017316801914377634,
4FGL J1544.7+5017,3,236.1828,50.2871,80.08729,49.858734,7.9875984,1.4534428e-10,2.3775914e-11,1.7214513e-12,3.0153167e-13,PowerLaw,2.263919,0.1251956,1948.6329,2.2591321,0.13572004,0.0057783267,0.06461376,0,bll,NVSS J154442+501711,0.99718714,0.82072145,rfc,236.17898559570312,50.286495208740234,5.7e-06,RFC J1544+5017,-inf,LSP,,,-inf,-inf,3.0199486e+13,3.1103912e-13,25.223774,0.57051986,0.3383529,16.9015,BLL,20.23250389099121,14.61400032043457,13.918999671936035,11.32800006866455,9.347000122070312,29.2,,21.73600006103516,20.933000564575195,19.840999603271484,19.1560001373291,18.694000244140625,21.4957,20.5189,19.8081,19.5723,19.4039,0.6950006484985352,2.5909996032714844,1.4653828514484184,-1.3968556187296444,-9.837602,-11.764105,0.9024162,1.40181,13.48,-12.507185,3.28973,0.0,0.32935585891992586,
4FGL J1546.1-1003,1,236.5414,-10.051,357.71512,33.653416,14.93152,5.280304e-10,5.894785e-11,4.5505184e-12,6.4673397e-13,LogParabola,1.9854504,0.071902476,2791.8494,1.7887954,0.13615388,0.1352387,0.06962642,0,bll,PMN J1546-1003,0.99773335,0.88517076,rfc,236.547809863,-10.0572657278,5.599999894911889e-07,RFC J1546-1003,-inf,HSP,6095.5737,2324.5046,6.4703147e-07,8.7162526e-08,2.5118864e+15,1.770003e-12,76.312584,0.7862612,0.20235173,43.6221,BLL,18.877176,13.192999839782717,12.340999603271484,10.213000297546388,8.0,51.7,,,,,,,18.3198,17.6624,18.2562,17.2743,17.1477,0.8520002365112322,2.127999305725096,1.7134905430939424,-1.3968556187296444,-9.277341,-11.341939,1.1741041,1.8825961,15.4,-11.752026,3.4458919,0.0,0.01527822293983583,
4FGL J1549.8-3044,1,237.4513,-30.7487,342.34882,18.152838,8.797192,2.0273311e-10,3.7903024e-11,2.430511e-12,4.1950357e-13,PowerLaw,1.8417215,0.1068272,5834.463,1.7812519,0.16469967,0.10768444,0.08020614,0,bll,NVSS J154946-304501,0.9994234,0.8454046,rfc,237.442930663,-30.7503278111,3.000000106112566e-06,RFC J1549-3045,-inf,HSP,16110.52,13881.46,3.1209842e-07,7.297993e-08,1.2589255e+16,1.4943214e-12,15.79034,0.25327966,0.5433473,102.911,BLL,19.131323,14.847000122070312,14.161999702453612,11.697999954223633,8.784000396728516,16.3,,,,,,,,,,,,0.685000419616701,2.4639997482299787,1.212187604403958,-1.3968556187296444,-9.693075,-11.614303,0.94434404,1.1983916,16.1,-11.825556,3.766001,0.0,0.005050017141288603,
4FGL J1549.8-0659,1,237.4701,-6.9998,1.2232628,34.979805,24.511398,9.023814e-10,6.043182e-11,1.0218004e-11,6.894331e-13,PowerLaw,1.9521903,0.048332293,3083.2163,1.9245913,0.059552163,0.025465298,0.02660289,0,bll,NVSS J154952-065907,0.9984576,0.0,whsp2,237.466849404,-6.98553447778,1.0999999631167157e-06,RFC J1549-0659,-inf,HSP,13552.746,19613.686,1.0143277e-06,1.0551058e-07,2.5118865e+16,2.2099375e-12,32.87788,0.33854106,0.10690478,127.91,BLL,18.267092,13.979000091552734,13.305999755859377,10.723999977111816,8.564000129699707,12.6,0.1389999985694885,,,,,,18.7288,18.1515,18.0027,17.8608,17.7408,0.6730003356933576,2.5819997787475604,1.100370545117563,-0.8569852042154247,-9.04461,-10.990634,1.389368,1.5169038,16.4,-11.65562,3.489004,0.0,0.003043585073820103,
4FGL J1550.8-0822,1,237.7183,-8.37,0.15524527,33.901756,8.574954,2.1741807e-10,4.2904687e-11,2.4852564e-12,4.4868243e-13,PowerLaw,1.927812,0.12847097,5359.219,1.8084966,0.24596678,0.09609824,0.12315434,0,bll,NVSS J155053-082247,0.999104,0.9435211,whsp2,237.721966642,-8.37967001111,5.80000005356851e-07,RFC J1550-0822,-inf,HSP,14515.427,14132.259,2.899044e-07,8.0912486e-08,4.1209752e+15,1.5028166e-12,18.090986,0.5686159,0.2990966,33.2587,BLL,18.219702,14.074000358581545,13.404999732971191,11.32900047302246,8.619000434875488,26.2,,,,,,,18.9844,18.4467,18.0424,17.8818,17.6547,0.6690006256103533,2.0759992599487322,1.4183012913197455,-1.3968556187296444,-9.662704,-11.604629,0.93323183,1.2574623,15.615,-11.823094,3.7291014,0.0,0.005050017141288603,
4FGL J1553.5-3118,1,238.3923,-31.3113,342.59326,17.19762,34.688168,1.4684982e-09,7.338109e-11,1.3725717e-11,8.5379376e-13,LogParabola,1.9389094,0.0329226,1974.0275,1.8396924,0.04887264,0.07590527,0.021788156,0,bll,1RXS J155333.4-311841,0.9999463,0.98282385,bzcat,238.389771163,-31.3087282,6.899999789311551e-07,RFC J1553-3118,-inf,HSP,5674.871,1694.806,1.6434184e-06,1.0272895e-07,2.2387211e+15,5.3964233e-12,69.02564,0.37880057,0.09685153,176.905,BLL,16.669025,12.267999649047852,11.508999824523926,9.289999961853027,7.265999794006348,155.6,0.066500000655651,,,,,,17.1125,16.7689,16.5404,17.451,16.906,0.7589998245239258,2.2189998626708984,2.1920095926536702,-1.1771783504150066,-8.833127,-10.862465,1.5401814,1.8390105,15.35,-11.267894,3.2953532,0.0,0.004891710016237313,
4FGL J1557.5-7040,1,239.3889,-70.6687,317.21494,-13.155067,21.23199,7.4273715e-10,5.2331438e-11,7.026104e-12,6.849263e-13,LogParabola,2.1778772,0.051421773,1735.8177,2.134347,0.065431766,0.06164229,0.033293705,0,bll,PKS 1552-705,0.99974126,0.97303575,rfc,239.400681333,-70.6744730111,9.699999736767495e-07,RFC J1557-7040,-inf,LSP,583.7676,543.1178,8.817716e-07,9.6991926e-08,1.7782794e+13,3.039226e-13,9.461446,0.0,10.0,38.1988,BLL,20.109604,15.076000213623049,14.32900047302246,11.104999542236328,8.510000228881836,,0.0135000003501772,,,,,,,,,,,0.7469997406005895,3.224000930786131,2.3129159264174834,-1.8696662202398069,-9.129165,-11.153285,1.3269907,0.9759575,13.25,-12.517237,3.239504,0.0,0.2808678945752061,
4FGL J1604.7+1734,2,241.1857,17.5717,31.295332,44.571053,5.581892,1.2563754e-10,4.7088156e-11,7.3483363e-13,2.4709764e-13,LogParabola,2.1059606,0.14570051,2854.0168,1.5462685,0.62646663,0.62561685,0.62399644,0,bll,NVSS J160436+173324,0.99689114,0.0,bllac,241.15249633789062,17.556699752807617,0.0045000000000000005,nan,-inf,LSP,4101.508,1535.9978,2.0473414e-07,7.022232e-08,8.709636e+13,3.1803214e-13,9.598796,0.0,10.0,-inf,BLL,19.311884,14.527999877929688,13.57900047302246,11.3100004196167,8.838000297546387,10.9,,,,,,,,,,,,0.9489994049072283,2.26900005340576,1.0374264979406236,-1.3968556187296444,-9.900881,-12.133811,0.7467814,0.9822168,13.94,-12.497529,3.4554565,0.0,0.05215267263492013,
4FGL J1605.1-1140,1,241.2876,-11.6713,359.90082,29.084923,8.627347,3.0697894e-10,4.815747e-11,3.4135182e-12,5.417014e-13,PowerLaw,2.0875802,0.10700776,3132.7708,1.977856,0.18203294,0.14072783,0.10499254,0,bll,TXS 1602-115,0.9950406,0.8625125,cgrabs,241.323048554,-11.6574530889,6.799999852091787e-08,RFC J1605-1139,-inf,LSP,3389.201,2104.173,3.6722327e-07,6.732032e-08,3.3113113e+12,1.1897043e-12,8.1795845,0.0,10.0,20.3428,BLL,19.559666,14.401000022888184,13.338000297546388,10.218999862670898,7.559999942779541,258.0,,,,,,,,,,,,1.062999725341795,3.11900043487549,2.41161970596323,-1.3968556187296444,-9.512892,-11.466798,0.93587726,0.91273123,12.52,-11.924561,3.4959285,0.0,0.39785797021969865,
4FGL J1608.0-2038,1,242.023,-20.6418,352.99466,22.572943,13.151778,5.206038e-10,5.5396708e-11,5.7859585e-12,6.122394e-13,PowerLaw,2.0431437,0.074314445,3155.0579,2.0239074,0.086237356,0.027291764,0.039557613,0,bll,NVSS J160756-203942,0.9855207,0.95630574,rfc,241.987195479,-20.66176975,2.200000039920269e-07,RFC J1607-2039,-inf,LSP,2036.0426,3821.1323,5.499101e-07,6.648568e-08,6.9984198e+13,2.7485397e-12,21.759853,0.37883884,0.16513039,214.122,BLL,18.70448,12.241000175476074,11.35200023651123,9.095999717712402,5.7820000648498535,335.8,,,,,,,19.0686,18.3695,18.1022,17.5252,17.3392,0.8889999389648438,2.256000518798828,2.5260806918020298,-1.3968556187296444,-9.283493,-11.237625,1.1189845,1.337656,13.845,-11.560898,3.4990072,0.0,0.0175871769564419,
4FGL J1610.7-6648,1,242.6919,-66.8147,320.7881,-11.136324,70.42645,3.025511e-09,8.84238e-11,3.2518963e-11,1.2197357e-12,LogParabola,1.7584515,0.018347353,2577.5322,1.5693944,0.032075584,0.10942825,0.014722264,0,bll,PMN J1610-6649,0.9999948,0.990783,bzcat,242.693589108,-66.817019325,3.099999958067201e-06,RFC J1610-6649,-inf,HSP,18436.967,3484.4185,4.8684306e-06,2.3071587e-07,5.0118725e+15,9.406304e-12,71.18749,0.2165713,0.0557993,133.652,BLL,15.543376,12.38700008392334,11.656999588012695,9.58899974822998,7.915999889373779,,0.3589999973773956,,,,,,,,,,,0.7300004959106445,2.067999839782715,2.3129159264174834,-0.44490555459433445,-8.519201,-10.487864,1.8477358,1.8524036,15.7,-11.026581,3.411204,0.0,0.0035366098021883435,
4FGL J1612.4-3100,1,243.1001,-31.0011,345.86118,14.657587,24.132702,1.1708319e-09,7.367138e-11,9.740986e-12,8.2438467e-13,LogParabola,2.113184,0.043603048,1687.7852,1.9937501,0.067143254,0.10774166,0.034884516,0,bll,NVSS J161219-305937,0.99863076,0.95032513,rfc,243.083353913,-30.9940752028,1.7999999499807018e-06,RFC J1612-3059,-inf,LSP,1737.455,558.53723,1.2832941e-06,8.891757e-08,6.456542e+13,1.662865e-12,88.685905,0.5992903,0.14525683,51.6034,BLL,17.740269,12.687000274658203,11.83199977874756,9.682000160217283,7.567999839782715,221.2,,,,,,,18.1492,17.736,17.27,17.013,16.84,0.8550004959106428,2.149999618530277,2.344785122632661,-1.3968556187296444,-8.931505,-11.011397,1.3826059,1.9478546,13.81,-11.779143,3.227317,0.0,0.05187459474943682,
4FGL J1616.7+3327,1,244.1818,33.4621,54.161175,45.677868,6.4111753,1.461346e-10,2.6067957e-11,1.7592189e-12,3.3755605e-13,PowerLaw,2.2887232,0.14492238,1803.7012,2.1681323,0.23288627,0.12074811,0.1311901,0,bll,NVSS J161633+333043,0.9794985,0.0,bllac,244.140748062,33.5120594667,1.1762402891690726e-06,RFC J1616+3330,-inf,ISP,899.0922,1368.0438,1.9246573e-07,4.7130506e-08,2.3442289e+14,3.909219e-13,17.10978,0.43241188,0.29694325,-inf,BLL,19.081196,14.770000457763672,13.847999572753906,11.244999885559082,8.270999908447266,21.1,,20.10300064086914,19.516000747680664,19.131999969482425,18.834999084472656,18.604999542236328,20.1528,20.0199,19.1603,18.8432,18.7492,0.9220008850097656,2.602999687194824,1.3242824552976926,-1.3968556187296444,-9.835247,-11.75468,0.80693763,1.2332444,14.37,-12.40791,3.2561646,0.0,0.19512501911687113,
4FGL J1624.6+5651,1,246.1715,56.8504,86.59614,42.26298,10.971962,1.9466248e-10,2.4226149e-11,2.224728e-12,2.8678278e-13,PowerLaw,2.195596,0.10122221,2089.1345,2.1957526,0.10791136,-0.003114608,0.048535403,0,bll,SBS 1623+569,0.9974858,0.9197674,bllac,246.134081142,56.8744448028,1.1000000199601345e-07,RFC J1624+5652,-inf,LSP,,,-inf,-inf,3.3113112e+13,2.162614e-12,12.560809,0.15376814,0.30294308,47.6656,BLL,18.3067,12.656000137329102,11.664999961853027,8.824000358581543,6.591000080108643,258.6,,18.927000045776367,18.31599998474121,17.8700008392334,17.542999267578125,17.226999282836914,18.1121,17.8792,18.0857,17.1935,17.0295,0.9910001754760742,2.8409996032714844,2.4126285205443754,-1.3968556187296444,-9.710718,-11.652723,1.0402843,1.0990176,13.52,-11.665021,3.3199663,0.0,0.17233527707081056,
4FGL J1627.3+3148,1,246.8347,31.814,52.27686,43.249187,8.094666,1.3921385e-10,2.9125532e-11,1.5902545e-12,3.120358e-13,PowerLaw,1.9294003,0.13981317,4679.287,1.6827848,0.25529197,0.25907677,0.18136874,0,bll,NVSS J162712+314954,0.9966942,0.0,bzcat,246.8040771484375,31.83222007751465,0.0044999998062849045,nan,-inf,HSP,8630.901,3957.4336,2.1802929e-07,5.771705e-08,5.2722984e+15,2.2685169e-13,15.519399,0.31130072,0.45733666,38.8965,BLL,19.309938,14.984999656677246,14.401000022888184,12.515999794006348,8.871000289916992,6.6,,,,,,,,,,,,0.5839996337890625,1.885000228881836,0.8195439355418687,-1.3968556187296444,-9.8563175,-11.798533,0.9081989,1.1908749,15.722,-12.644258,3.6701796,0.0,0.03388630160376933,
4FGL J1640.2+0629,1,250.0546,6.4907,23.091896,32.04818,9.50599,2.10248e-10,4.1022175e-11,2.488887e-12,4.3217055e-13,PowerLaw,1.8611767,0.11894334,6255.882,1.8721251,0.11192763,-0.018702274,0.04364947,0,bll,NVSS J164011+062827,0.9969331,0.8038752,rfc,250.046055571,6.47415735833,9.500000146545062e-07,RFC J1640+0628,-inf,HSP,,,-inf,-inf,1.4454398e+15,4.3245507e-13,12.182394,0.0,10.0,107.652,BLL,18.10324,14.616000175476074,13.890000343322754,11.93299961090088,9.072999954223633,39.3,,,,,,,,,,,,0.7259998321533203,1.9570007324218732,1.5943925503754266,-1.3968556187296444,-9.677268,-11.603994,0.97799736,1.0857327,15.16,-12.364059,3.7962885,0.0,0.009783112154457667,
4FGL J1641.9-0621,1,250.4892,-6.3529,10.816943,25.030972,18.85719,1.1432972e-09,8.218129e-11,9.991389e-12,1.1183849e-12,LogParabola,2.3309648,0.048513733,1599.4274,2.3128376,0.077593826,0.14756218,0.047186382,0,bll,TXS 1639-062,0.99956155,0.9882465,bzcat,250.509073808,-6.35658196389,6.799999852091787e-08,RFC J1642-0621,-inf,LSP,554.1201,255.48502,1.6455019e-06,1.8846357e-07,6.91831e+12,3.2405595e-12,50.4493,0.36192396,0.10511974,27.5579,BLL,20.099546,13.180999755859377,12.034000396728516,9.225000381469728,6.823999881744385,844.6,0.0104000000283122,21.128999710083008,20.315000534057617,19.40399932861328,18.79700088500977,18.304000854492188,20.5222,19.6158,19.1409,18.8314,18.349,1.1469993591308612,2.8090000152587873,2.9266510770888887,-1.9829666595189281,-8.941841,-11.000374,1.2754769,1.7028551,12.84,-11.48938,3.2039645,0.0,0.7894981333469555,
4FGL J1642.3-8108,2,250.5855,-81.1375,311.01788,-22.16807,5.0719695,1.4208801e-10,2.961144e-11,2.0372497e-12,5.513883e-13,PowerLaw,2.4770286,0.17602487,1682.4263,2.47828,0.12946182,-0.056878,0.04811551,0,bll,PKS 1633-810,0.9998992,0.93220824,bllac,250.7389373779297,-81.14307403564453,1.2e-07,nan,-inf,LSP,,,-inf,-inf,5.0118724e+13,1.1918868e-12,21.096079,0.5843075,0.28292635,-inf,BLL,18.991724,13.602999687194824,12.586000442504885,9.687999725341797,7.376999855041504,,,,,,,,,,,,,1.0169992446899396,2.8980007171630877,2.3129159264174834,-1.3968556187296444,-9.847443,-11.690956,0.70517665,1.3242017,13.7,-11.923765,3.225936,0.0,0.5115492932333502,
4FGL J1643.0-7714,2,250.7719,-77.2488,314.40317,-19.900534,5.0628624,1.4341617e-10,2.9237165e-11,2.0703751e-12,5.9089447e-13,PowerLaw,2.4829638,0.18667483,1797.0668,2.4783707,0.14735606,-0.044310827,0.051676366,0,bll,PKS 1636-77,0.9856493,0.9834678,rfc,251.06716918945312,-77.26355743408203,1.8e-07,nan,-inf,LSP,,,-inf,-inf,6.91831e+12,2.1157971e-12,9.139883,0.0,10.0,-inf,BLL,17.110304,11.239999771118164,10.920000076293944,8.668000221252441,6.459000110626221,,,,,,,,,,,,,0.3199996948242205,2.251999855041502,2.3129159264174834,-1.3968556187296444,-9.843402,-11.683951,0.7043961,0.96094066,12.84,-11.674526,3.2545643,0.0,0.7389758638645172,
4FGL J1647.4-6438,1,251.8705,-64.6454,325.01556,-12.464683,20.469976,7.7162177e-10,5.4452103e-11,7.588667e-12,7.023145e-13,LogParabola,2.2732735,0.050275356,1281.8514,2.217342,0.064928845,0.0691987,0.03478086,0,bll,PMN J1647-6437,0.9992937,0.97498,cgrabs,251.907255937,-64.6334079111,1.8000000068241206e-07,RFC J1647-6438,-inf,LSP,266.57135,287.01917,1.1183872e-06,1.7739791e-07,2.5118865e+13,2.478626e-12,30.381666,0.31506407,0.10499794,66.2345,BLL,18.17894,12.55500030517578,11.67300033569336,8.986000061035156,6.4670000076293945,,,,,,,,,,,,,0.8819999694824201,2.687000274658203,2.3129159264174834,-1.3968556187296444,-9.112596,-11.119835,1.3111173,1.4826117,13.4,-11.605789,3.1078377,0.0,0.5220930326637019,
4FGL J1649.4+5235,1,252.3637,52.5901,80.18478,39.536793,41.831726,1.1502295e-09,5.0576883e-11,1.1314802e-11,6.02526e-13,LogParabola,2.1104243,0.029841151,993.1126,2.042732,0.042882636,0.042231627,0.01881541,0,bll,87GB 164812.2+524023,0.9997401,0.94396865,bzcat,252.354131413,52.5874989917,2.2999999771400326e-07,RFC J1649+5235,-inf,ISP,598.7959,418.66705,1.2997203e-06,6.411433e-08,2.5118865e+14,2.2244262e-12,113.97411,0.40318012,0.09494871,285.193,BLL,16.685925,12.633999824523926,11.791000366210938,9.449000358581545,7.513000011444092,48.9,0.0035500000230968,18.183000564575195,17.695999145507812,17.257999420166016,16.972000122070312,16.726999282836914,17.531,17.0215,16.8773,16.3789,16.3697,0.8429994583129883,2.3420000076293928,1.6893088591236203,-2.4497716441193247,-8.939216,-10.946353,1.6215057,2.056806,14.4,-11.652782,2.9969985,0.0,0.026646948989644453,
4FGL J1651.6+7219,1,252.9107,72.3279,104.27178,34.70442,16.481295,2.5148475e-10,2.7363419e-11,2.982113e-12,3.1469426e-13,PowerLaw,1.8584628,0.07298314,4460.008,1.855127,0.08074415,0.0037594303,0.03388507,0,bll,RX J1651.6+7218,0.9981417,0.9272564,bzcat,252.91650390625,72.30692291259766,0.008999999612569809,nan,-inf,HSP,,,-inf,-inf,8.912509e+15,1.7924911e-12,19.493425,0.32113436,0.15322347,134.4,BLL,18.794615,13.866000175476074,13.13599967956543,11.739999771118164,9.121999740600586,19.8,,,,,,,,,,,,0.7300004959106445,1.3959999084472656,1.2966651902615312,-1.3968556187296444,-9.599488,-11.5254755,1.2169913,1.2898881,15.95,-11.746543,3.6493356,0.0,0.0028377680438685065,
4FGL J1701.3+3956,1,255.334,39.9406,64.00978,37.451366,11.837043,2.943568e-10,3.6165484e-11,2.111373e-12,4.2928023e-13,LogParabola,2.3116212,0.08810874,1190.9283,2.069374,0.20032966,0.2329285,0.1255006,0,bll,B3 1659+399,0.9941425,0.89148855,crates,255.352645058,39.9103032222,6.799999852091787e-08,RFC J1701+3954,-inf,LSP,1026.1521,515.638,3.8053454e-07,5.0805063e-08,3.5892194e+13,5.0053564e-12,16.216385,0.24310803,0.1826613,19.8129,BLL,17.215696,11.928000450134276,10.934000015258787,8.01099967956543,5.785999774932861,190.2,,17.886999130249023,17.316999435424805,16.85700035095215,16.4689998626709,16.163000106811523,18.4878,18.0326,17.6431,16.9018,17.0215,0.9940004348754883,2.9230003356933576,2.279210512601395,-1.3968556187296444,-9.531126,-11.675435,1.0732433,1.209954,13.555,-11.300565,3.0758855,0.0,0.3101584653284758,
4FGL J1702.2+2642,1,255.5583,26.7116,47.967785,34.723015,11.7550745,2.7562444e-10,3.422234e-11,3.0740996e-12,3.8616525e-13,PowerLaw,2.1121721,0.09212636,2510.6287,2.0595388,0.1257394,0.09044904,0.06768208,0,bll,MG2 J170210+2643,0.998764,0.8328407,bzcat,255.540138825,26.7207481139,4.400000079840538e-07,RFC J1702+2643,-inf,LSP,1806.5238,1460.3451,3.173291e-07,4.5225704e-08,5.2480746e+13,1.7044803e-12,24.61162,0.3450531,0.18476698,66.8664,BLL,17.859564,13.430999755859377,12.472000122070312,9.704999923706056,7.374000072479248,43.6,0.004420000128448,18.929000854492188,18.35300064086914,17.885000228881836,17.541000366210938,17.23900032043457,18.4761,18.1706,17.855,17.6273,17.4475,0.9589996337890643,2.767000198364256,1.639486489268586,-2.3545777180300353,-9.559682,-11.512282,1.0702254,1.3911402,13.72,-11.768408,3.3997824,0.0,0.028512503342680552,
4FGL J1704.5-0527,1,256.1384,-5.462,14.937011,20.791054,20.657114,9.355607e-10,7.3177096e-11,1.0469784e-11,7.9518564e-13,PowerLaw,1.9935937,0.055829275,3766.3232,1.9872499,0.06039671,0.0068125473,0.026015153,0,bll,NVSS J170433-052839,0.999497,0.92240155,whsp2,256.140991938,-5.47800940833,2.300000005561742e-06,RFC J1704-0528,-inf,ISP,9601.186,44467.7,9.65837e-07,9.808847e-08,5.821032e+14,7.9897834e-13,22.01749,0.2734083,0.11606433,165.219,BLL,18.254915,13.987000465393066,13.223999977111816,10.968000411987305,8.402000427246094,9.9,0.0885000005364418,,,,,,19.2991,18.7321,18.2686,17.6807,17.4666,0.76300048828125,2.2559995651245117,0.9956351945975499,-1.0530567266697033,-9.028928,-10.9800625,1.3150697,1.3427678,14.765,-12.097465,3.5759177,0.0,0.0496640054247653,
4FGL J1736.0+2033,1,264.0186,20.5559,44.078957,25.418045,17.976645,4.934663e-10,4.7183382e-11,4.30713e-12,5.0483814e-13,LogParabola,1.9082808,0.06049265,2620.9211,1.7405409,0.10704881,0.1382291,0.05355267,0,bll,NVSS J173605+203301,0.9998718,0.9086936,bzcat,264.021922908,20.5503313194,3.3000000598804036e-07,RFC J1736+2033,-inf,HSP,6699.527,2258.8345,6.2053994e-07,7.389156e-08,1.2022644e+18,2.5883857e-12,49.10633,0.6509289,0.17431903,63.6607,BLL,18.294504,14.071000099182127,13.31999969482422,11.210000038146973,8.621000289916992,24.3,0.2339999973773956,,,,,,18.3814,18.0839,18.0721,17.8251,17.6237,0.7510004043579066,2.109999656677248,1.3856062735983121,-0.6307841474573043,-9.306743,-11.365812,1.2547086,1.6911376,18.08,-11.586971,3.418454,0.0,0.003822927024915974,
4FGL J1740.6+5346,1,265.1591,53.7701,81.41241,31.853355,18.331923,4.1168446e-10,3.5422176e-11,3.4683276e-12,4.3737976e-13,LogParabola,2.133702,0.064723894,1609.8605,1.986142,0.104166165,0.10208618,0.05285956,0,bll,87GB 173932.3+534742,0.99815583,0.89374185,rfc,265.152202383,53.7732952806,3.700000092976552e-07,RFC J1740+5346,-inf,LSP,1722.9209,887.9763,4.4985754e-07,4.259284e-08,8.912509e+13,5.255197e-13,48.22549,0.54744226,0.14986205,60.1597,BLL,18.86799,14.206000328063965,13.211000442504885,10.765000343322754,8.470999717712402,48.7,,20.14299964904785,19.61599922180176,19.197999954223636,18.90800094604492,18.625999450683597,19.3615,18.9047,18.5986,18.4591,18.2864,0.9949998855590803,2.4460000991821307,1.6875289612146342,-1.3968556187296444,-9.385435,-11.45988,1.263208,1.6832767,13.95,-12.279411,3.2067883,0.0,0.04807452366348035,
4FGL J1741.2+5739,1,265.3226,57.6587,85.99305,31.918407,6.901276,1.3545759e-10,2.301575e-11,1.6146274e-12,2.9975734e-13,PowerLaw,2.2739604,0.14317451,1927.6665,2.321151,0.12375664,-0.048130676,0.049295884,0,bll,NVSS J174111+573812,-inf,0.0,rfc,265.298766446,57.6368810194,1.9999999949504854e-06,RFC J1741+5738,-inf,ISP,,,-inf,-inf,1.6405898e+14,1.5829747e-13,22.819403,0.48801428,0.2330639,-inf,BLL,18.830746,14.574000358581545,13.913999557495115,11.817999839782717,8.9399995803833,18.7,,19.715999603271484,19.333999633789062,19.000999450683597,18.69099998474121,18.45400047302246,19.1752,18.8852,18.6333,18.4121,18.4115,0.6600008010864293,2.095999717712399,1.271841606536499,-1.3968556187296444,-9.8681965,-11.791927,0.8389294,1.3583043,14.215,-12.800526,3.2850318,0.0,0.22205357158211222,
4FGL J1744.4+1851,1,266.1025,18.8636,43.150784,22.969471,5.4158707,1.3689486e-10,3.4661725e-11,1.5600821e-12,3.6824854e-13,PowerLaw,1.9351339,0.16483644,4916.3643,1.8861018,0.22889553,0.05317533,0.10404944,0,bll,1RXS J174420.1+185215,0.9975015,0.8021954,whsp2,266.0824890136719,18.871665954589844,0.008999999612569809,nan,-inf,HSP,14346.952,31134.568,1.6624949e-07,5.573359e-08,1.7782795e+16,9.773564e-13,15.021507,0.052155018,3.498876,100.196,BLL,18.367594,14.680999755859377,14.031000137329102,12.196999549865724,8.616000175476074,12.2,,,,,,,,,,,,0.6499996185302752,1.8340005874633771,1.0863598306747482,-1.3968556187296444,-9.863613,-11.806852,0.73366827,1.1767135,16.25,-12.009947,3.691644,0.0,0.00810278116983894,
4FGL J1744.6-5713,1,266.1555,-57.2321,335.25482,-14.1801195,14.75822,4.2930012e-10,4.3766747e-11,4.7932665e-12,4.800075e-13,PowerLaw,2.0050309,0.0734675,3416.0005,1.9237602,0.117016725,0.07144198,0.057791047,0,bll,PMN J1744-5715,0.99831694,0.92505455,wise,266.1478576660156,-57.25302505493164,0.0044999998062849045,nan,-inf,ISP,5824.361,3766.432,4.893962e-07,6.707902e-08,1.3335214e+14,7.6349116e-13,34.764606,0.50281703,0.15834875,57.7308,BLL,19.183775,13.482999801635742,12.803999900817873,10.65999984741211,8.788999557495117,,,,,,,,,,,,,0.6789999008178693,2.1440000534057635,2.3129159264174834,-1.3968556187296444,-9.367239,-11.319368,1.169034,1.5411373,14.125,-12.117196,3.5335178,0.0,0.010416500013874974,
4FGL J1745.4-0753,1,266.3636,-7.8894,18.16171,10.820227,24.544281,1.5116755e-09,9.2809684e-11,1.6791549e-11,1.0323114e-12,PowerLaw,2.0644577,0.044488847,3126.182,2.054736,0.048970964,0.016601637,0.022245977,0,bll,TXS 1742-078,0.9999677,0.9958799,bzcat,266.362937304,-7.88442998056,1.1000000199601345e-07,RFC J1745-0753,-inf,LSP,601.279,1782.568,1.6199756e-06,1.7648813e-07,1.5135613e+13,2.2792712e-12,9.015311,0.0,10.0,200.332,BLL,19.189213,12.840999603271484,11.812999725341797,9.104999542236328,6.750999927520752,1181.4,0.0240000002086162,,,,,,20.539,19.9741,19.0056,18.2967,17.9743,1.0279998779296875,2.7080001831054688,3.072396966521762,-1.619788754513358,-8.820541,-10.774909,1.3899503,0.95498073,13.18,-11.642204,3.4950142,0.0,0.2160330768578226,
4FGL J1749.0+4321,1,267.2554,43.3616,69.629295,29.152006,35.69804,1.0378604e-09,5.2276652e-11,1.0119518e-11,6.287908e-13,LogParabola,2.0919836,0.03455426,1116.2756,2.0201194,0.04679105,0.044074383,0.021749686,0,bll,B3 1747+433,0.999818,0.9837984,bllac,267.251501542,43.364246525,8.800000017572529e-08,RFC J1749+4321,-inf,LSP,888.4767,600.87305,1.1314681e-06,5.9057207e-08,1.5135613e+13,2.0644816e-12,38.622154,0.24733686,0.07237394,55.7071,BLL,18.861607,13.032999992370604,11.972999572753906,9.053999900817873,6.711999893188477,278.7,0.0261000003665685,20.00900077819824,19.402999877929688,18.915000915527344,18.506000518798828,18.145000457763672,18.7722,18.3536,18.3197,17.6583,17.6025,1.0600004196166974,2.9189996719360334,2.445136968713304,-1.583359486562153,-8.983861,-10.994841,1.5526444,1.5868365,13.18,-11.685189,3.0477715,0.0,0.28026615493495954,
4FGL J1754.2+3212,1,268.5532,32.2007,57.734795,25.409292,60.62514,2.3267814e-09,7.5832535e-11,2.0339848e-11,9.0301475e-13,LogParabola,1.9214121,0.02155662,1455.8191,1.7500224,0.038636405,0.1051585,0.017604021,0,bll,RX J1754.1+3212,0.9998954,0.96117705,bzcat,268.549163492,32.2064040833,1.199999957179898e-07,RFC J1754+3212,-inf,ISP,4778.5835,724.5534,2.638726e-06,1.1226206e-07,3.1622777e+14,2.46638e-12,529.3083,0.7857984,0.17047593,90.7452,BLL,16.567049,11.824000358581545,10.963000297546388,8.791999816894531,6.855999946594238,63.4,0.0537000000476837,,,,,,17.0751,16.0061,16.4955,16.4954,16.1144,0.8610000610351562,2.1710004806518572,1.8020892578817327,-1.2700257139148063,-8.6332445,-10.691652,1.7826527,2.7237086,14.5,-11.60794,3.1631074,0.0,0.04456003587467671,
4FGL J1800.1+7037,1,270.0321,70.6296,101.070274,29.716444,10.914749,2.716968e-10,3.398151e-11,3.0292023e-12,3.9005496e-13,PowerLaw,2.109891,0.09723952,3046.9512,2.0175457,0.14853138,0.09293087,0.08478907,0,bll,RX J1759.8+7037,0.9957492,0.9116978,bzcat,269.9542236328125,70.6225814819336,0.008999999612569809,nan,-inf,ISP,2772.472,2353.633,3.000757e-07,4.3862794e-08,3.0199516e+14,2.4033886e-13,29.259174,0.48737636,0.1807076,56.4316,BLL,18.8191,15.192999839782717,14.392000198364258,11.906999588012695,9.821999549865724,9.9,,,,,,,,,,,,0.8009996414184588,2.4850006103515625,0.9956351945975499,-1.3968556187296444,-9.565915,-11.518672,1.0380138,1.4662621,14.48,-12.619176,3.4838655,0.0,0.039663482551821345,
4FGL J1807.2+6429,1,271.8087,64.4988,94.038574,29.012808,10.301681,1.7625951e-10,2.4164271e-11,1.957944e-12,2.6899378e-13,PowerLaw,2.0671673,0.103272125,2956.4712,2.0913677,0.10581326,-0.023433011,0.04556258,0,bll,7C 1807+6428,0.9845338,0.0,wise,271.884033203125,64.49063873291016,9e-07,nan,-inf,ISP,,,-inf,-inf,5.821032e+14,3.5539475e-13,33.582443,0.5906199,0.20972385,431.575,BLL,18.677711,13.644000053405762,13.10099983215332,11.24899959564209,9.131999969482422,58.7,,,,,,,,,,,,0.5430002212524414,1.8520002365112305,1.7686381012476144,-1.3968556187296444,-9.753847,-11.7081995,1.0129081,1.5261123,14.765,-12.449289,3.4707737,0.0,0.0898766612827305,
4FGL J1807.9+4650,1,271.9951,46.8378,74.24094,26.574135,8.751138,1.290831e-10,2.6602552e-11,1.5437932e-12,2.7939616e-13,PowerLaw,1.8453234,0.1320077,6290.5156,1.8555816,0.13476507,-0.016284112,0.058079377,0,bll,RGB J1808+468,0.99909526,0.9030997,bllac,272.004979992,46.8280461944,2.900000026784255e-07,RFC J1808+4649,-inf,LSP,,,-inf,-inf,6.91831e+13,1.1107876e-12,12.642392,0.12797071,0.7350869,64.9858,BLL,18.31108,13.428999900817873,12.6850004196167,10.243000030517578,8.048999786376953,64.3,,,,,,,18.6565,18.1482,17.8258,17.5942,17.4736,0.7439994812011737,2.442000389099121,1.808210972924222,-1.3968556187296444,-9.889131,-11.811411,0.9420645,1.1018293,13.84,-11.954369,3.7986863,0.0,0.028867141958062014,
4FGL J1808.2+3500,1,272.0657,35.0104,61.642025,23.460823,14.705148,4.509687e-10,4.331641e-11,5.3243326e-12,5.571471e-13,PowerLaw,2.2587528,0.07144146,2126.0955,2.25977,0.07329537,0.005161303,0.03233624,0,bll,MG2 J180813+3501,0.99868566,0.90552306,crates,272.048043054,35.0218547056,2.699999868127634e-07,RFC J1808+3501,-inf,ISP,,,-inf,-inf,5.623413e+14,3.1515485e-12,41.34017,0.5218441,0.14808935,115.063,BLL,17.39116,12.913000106811523,11.987000465393066,9.305999755859377,7.243000030517578,93.7,,,,,,,18.3534,17.8712,17.331,17.0281,16.9499,0.925999641418457,2.6810007095336896,1.9717395908877782,-1.3968556187296444,-9.345854,-11.273735,1.1674694,1.6163722,14.75,-11.501476,3.3275828,0.0,0.07661956133891343,
4FGL J1810.7+5335,1,272.6779,53.5932,81.78098,27.410284,16.09014,3.366567e-10,3.4661836e-11,2.9177802e-12,4.2750848e-13,LogParabola,2.0118403,0.07434349,2341.0308,1.8344908,0.14029802,0.11167116,0.06602141,0,bll,2MASS J18103800+5335016,0.9969236,0.8504566,rfc,272.658289433,53.5837668889,2.0000000233721948e-07,RFC J1810+5335,-inf,HSP,4911.8364,2189.7458,3.8586725e-07,5.0584223e-08,1e+15,1.4082573e-12,10.1809845,0.0,10.0,32.4064,BLL,17.91046,13.595000267028809,12.77299976348877,10.458999633789062,8.241000175476074,10.3,0.0063800001516938,,,,,,18.1625,17.9284,17.6762,17.6594,17.4785,0.8220005035400391,2.314000129699707,1.0128372247051722,-2.1951793109528532,-9.472813,-11.534947,1.2065598,1.0077897,15.0,-11.851318,3.3694072,0.0,0.008367462755832295,
4FGL J1811.0+1608,1,272.75,16.1478,43.160828,16.073633,8.846967,3.0196004e-10,4.558613e-11,3.3563983e-12,5.111906e-13,PowerLaw,2.0823488,0.10401934,3106.5552,1.9487922,0.18108468,0.14421532,0.104407996,0,bll,87GB 180835.5+160714,0.99428153,0.0,bzcat,272.709045108,16.1391026972,2.399999914359796e-07,RFC J1810+1608,-inf,ISP,3710.0815,2107.4988,3.623522e-07,6.480072e-08,3.108136e+14,1.3378579e-12,46.096153,1.0036032,0.27774855,118.49,BLL,18.924767,13.798999786376951,12.914999961853027,10.50100040435791,8.397000312805176,33.1,,,,,,,18.4038,18.5549,18.126,17.4008,17.0796,0.883999824523924,2.413999557495117,1.5198279937757189,-1.3968556187296444,-9.52005,-11.474127,0.9467944,1.6636647,14.4925,-11.87359,3.492279,0.0,0.010672686840252466,
4FGL J1811.3+0340,1,272.826,3.6794,31.639746,10.602802,29.34679,1.2116381e-09,7.6903345e-11,1.2268741e-11,8.9379226e-13,LogParabola,1.8503239,0.03957091,2988.4502,1.7134162,0.06566227,0.09326215,0.028507087,0,bll,NVSS J181118+034113,0.9999675,0.97014755,whsp2,272.825118183,3.68709727778,2.7999999474559445e-07,RFC J1811+0341,-inf,HSP,13890.383,5214.6543,1.6777869e-06,1.4442678e-07,1.0715193e+16,5.1344983e-12,35.390907,0.33613092,0.10113213,314.921,BLL,16.709093,12.543999671936035,11.798999786376951,9.859000205993652,8.04800033569336,20.6,0.2160000056028366,18.29400062561035,17.80699920654297,17.41699981689453,17.128000259399414,16.900999069213867,17.4471,17.0431,17.3263,16.8649,16.491,0.7449998855590838,1.939999580383299,1.3138672203691535,-0.6655462375838793,-8.916627,-10.9112,1.4675606,1.5488917,16.03,-11.289502,3.475446,0.0,0.003918753737026285,
4FGL J1813.6+0614,1,273.4084,6.2408,34.23568,11.235587,23.76534,1.1206363e-09,7.4581286e-11,8.547691e-12,7.6229127e-13,LogParabola,2.0732179,0.04576388,1933.0286,1.9136853,0.07757139,0.1530392,0.04326327,0,bll,TXS 1811+062,0.9987831,0.0,bllac,273.389214987,6.26167604167,2.0000000233721948e-07,RFC J1813+0615,-inf,LSP,2562.7734,575.2593,1.2497758e-06,9.5203134e-08,1.4962356e+13,2.2353627e-12,25.437561,0.25500518,0.09715639,60.0219,BLL,17.707,13.369999885559082,12.449000358581545,9.137999534606934,6.767000198364258,190.0,,,,,,,18.8463,18.0965,18.3372,17.4117,17.171,0.9209995269775373,3.311000823974611,2.278753600952829,-1.3968556187296444,-8.950536,-11.068151,1.375944,1.4054755,13.175,-11.650652,3.2862382,0.0,0.2568587192334303,
4FGL J1819.1+2133,1,274.7765,21.5514,49.118206,16.492462,10.574746,3.1721042e-10,4.2422777e-11,3.5237653e-12,4.696599e-13,PowerLaw,2.0548928,0.09824666,3420.4,2.0100768,0.1356747,0.043737136,0.062201213,0,bll,MG2 J181902+2132,0.999475,0.90235215,bzcat,274.771738254,21.5427272389,2.0999999605919584e-07,RFC J1819+2132,-inf,ISP,3048.2322,5005.4517,3.3525382e-07,5.0138514e-08,1.7988709e+14,1.1103426e-12,9.541585,0.0,10.0,13.462,BLL,18.512009,13.47700023651123,12.588000297546388,10.083000183105469,7.918000221252441,78.1,0.0039400001987814,19.225000381469727,18.61000061035156,18.020000457763672,17.687999725341797,17.37299919128418,19.2038,18.7206,18.3728,18.117,17.8766,0.888999938964842,2.5050001144409197,1.8926510338773004,-2.404503756263344,-9.498652,-11.452993,1.0242699,0.9796205,14.255,-11.954543,3.534077,0.0,0.017622877070626635,
4FGL J1820.3+3624,1,275.0963,36.4016,63.899906,21.552946,11.261652,2.1303563e-10,3.1531347e-11,2.499632e-12,3.4999437e-13,PowerLaw,1.8759015,0.1011876,4678.427,1.8641136,0.1179488,0.008676557,0.048583172,0,bll,NVSS J182021+362343,0.999115,0.93267965,rfc,275.087442075,36.3953341056,2.900000026784255e-07,RFC J1820+3623,-inf,HSP,1.177378e+07,4.8548576e+08,3.9654327e-07,1.0363132e-06,7.3282455e+15,9.957723e-13,22.596542,0.5593312,0.2161944,55.7881,BLL,18.745832,14.357000350952148,13.91800022125244,11.871000289916992,8.949999809265137,13.3,0.0575999990105629,,,,,,18.5174,18.2557,18.4737,18.2522,17.8558,0.4390001296997088,2.0469999313354474,1.1238516409670858,-1.2395775240369802,-9.671548,-11.602124,1.0516021,1.354042,15.865,-12.00184,3.6700997,0.0,0.006388686082027581,
4FGL J1823.5+6858,1,275.8884,68.9676,99.21344,27.669567,26.309048,7.6221074e-10,4.6714615e-11,6.3807262e-12,7.320215e-13,LogParabola,2.329924,0.050307732,1239.4415,2.135015,0.0922877,0.13599934,0.052830245,0,bll,7C 1823+6856,0.99948156,0.97147584,bzcat,275.88689125,68.9646145889,6.799999852091787e-08,RFC J1823+6857,-inf,ISP,754.4845,385.70416,9.765465e-07,8.183471e-08,1.1220184e+14,9.766861e-13,32.78228,0.30694684,0.09311077,26.2034,BLL,20.038305,13.696999549865724,12.833000183105469,10.260000228881836,7.995999813079834,219.3,,,,,,,20.0798,19.6613,20.3489,19.7046,19.2569,0.8639993667602557,2.572999954223633,2.341038631677523,-1.3968556187296444,-9.117925,-11.19513,1.4201051,1.5156392,14.05,-12.010245,3.093226,0.0,0.44417703728184127,
4FGL J1829.3+5402,1,277.3306,54.0464,82.85831,24.800554,23.154295,4.6700577e-10,3.7112802e-11,4.421976e-12,4.5080243e-13,LogParabola,1.8693244,0.0529506,2564.008,1.6684456,0.09512793,0.123728774,0.046173763,0,bll,RX J1829.3+5403,0.9996038,0.9440094,bzcat,277.351176117,54.0499271389,1.8999999440438842e-07,RFC J1829+5402,-inf,HSP,9790.526,3529.7693,6.334116e-07,6.9927516e-08,1.4125376e+15,1.3511855e-12,21.650486,0.26611128,0.114888646,53.1149,BLL,17.949081,13.265999794006348,12.45400047302246,10.229999542236328,8.182999610900879,25.4,0.0196000002324581,,,,,,17.9296,17.7111,17.4526,17.2617,17.2346,0.8119993209838885,2.224000930786131,1.404833716619938,-1.707743923492745,-9.330678,-11.354383,1.3646315,1.3354677,15.15,-11.869285,3.4089193,0.0,0.003169594033319438,
4FGL J1830.0-5225,1,277.5117,-52.4188,342.63913,-18.105877,7.322624,2.5914762e-10,4.5823075e-11,1.3605702e-12,2.9467113e-13,LogParabola,2.1358857,0.11816046,2276.546,1.7035288,0.29644632,0.55290693,0.29445723,0,bll,SUMSS J183004-522618,0.9962702,0.0,wise,277.5180358886719,-52.438560485839844,0.0044999998062849045,nan,-inf,LSP,2976.54,699.5374,3.5639854e-07,7.2243914e-08,5.4954086e+13,1.1096423e-12,19.273632,0.47765398,0.23712926,-inf,BLL,18.026443,13.42099952697754,12.458000183105469,9.913999557495115,7.931000232696533,,,,,,,,,,,,,0.9629993438720721,2.5440006256103533,2.3129159264174834,-1.3968556187296444,-9.5864525,-11.866279,0.86466676,1.2849636,13.74,-11.954817,3.3572764,0.0,0.06023277281454166,
4FGL J1830.0+1324,1,277.512,13.4138,42.60769,10.746295,11.916773,4.572943e-10,5.3926592e-11,5.085229e-12,6.083954e-13,PowerLaw,2.0881598,0.08633588,3194.8557,2.0235376,0.121374816,0.06743992,0.060503528,0,bll,MG1 J183001+1323,0.99975187,0.9311158,bzcat,277.503177804,13.4039817944,2.7999999474559445e-07,RFC J1830+1324,-inf,ISP,2683.2632,2638.3735,4.990781e-07,6.598936e-08,2.4547089e+14,2.4720371e-12,37.732994,0.6078868,0.18622549,55.8033,BLL,19.40205,13.282999992370604,12.307000160217283,9.616999626159668,7.40500020980835,94.8,0.0027499999850988,,,,,,19.0159,18.6927,18.2127,17.8215,17.6095,0.9759998321533203,2.6900005340576154,1.9768083373380663,-2.5606673085230134,-9.339805,-11.29369,1.0761586,1.5767213,14.39,-11.606945,3.5044513,0.0,0.022322000429826624,
4FGL J1832.6-5658,1,278.1569,-56.9776,338.24966,-20.032917,26.989069,9.262144e-10,5.2237707e-11,1.0365647e-11,5.8479914e-13,PowerLaw,2.130158,0.04580882,2118.3767,2.0845718,0.059133448,0.050031655,0.03045807,0,bll,PMN J1832-5659,0.9993931,0.9443833,bzcat,278.129073496,-56.9890909972,5.399999736255268e-07,RFC J1832-5659,-inf,ISP,909.7976,856.5524,1.0545782e-06,7.844006e-08,1.1297959e+14,1.8619713e-12,33.438347,0.29911065,0.091912396,41.4257,BLL,18.061167,13.138999938964844,12.152999877929688,9.411999702453612,7.208000183105469,,,,,,,,,,,,,0.9860000610351562,2.741000175476076,2.3129159264174834,-1.3968556187296444,-9.033289,-10.984404,1.4311879,1.5242448,14.053,-11.730027,3.326003,0.0,0.020638485846893623,
4FGL J1834.7-5858,2,278.6874,-58.9818,336.3191,-20.941475,7.2078066,2.1921961e-10,3.4347136e-11,3.2345732e-12,6.183328e-13,PowerLaw,2.501559,0.12264045,1489.7043,2.4471056,0.18950948,0.14801508,0.11231001,0,bll,PKS 1830-589,0.9995852,0.8900224,bllac,278.6144714355469,-58.94340896606445,2.4e-07,nan,-inf,LSP,328.9792,493.8803,4.412672e-07,1.8837396e-07,8.0352615e+12,1.475326e-12,26.518602,0.69994396,0.28079644,-inf,BLL,19.39453,13.70300006866455,12.66800022125244,9.937999725341797,7.515999794006348,,,,,,,,,,,,,1.0349998474121112,2.7300004959106428,2.3129159264174834,-1.3968556187296444,-9.659121,-11.490183,0.8578031,1.4235506,12.905,-11.831112,3.1731,0.0,0.9093956755137271,
4FGL J1836.4+3137,1,279.1053,31.618,60.36881,16.778587,11.734169,4.5567175e-10,4.9123577e-11,6.112677e-12,8.025867e-13,PowerLaw,2.4152908,0.08208039,1834.8281,2.4153342,0.08219353,-0.0024961515,0.036377613,16,bll,RX J1836.2+3136,0.99930024,0.86960715,bzcat,279.088500562,31.6074250917,2.200000039920269e-07,RFC J1836+3136,-inf,ISP,,,-inf,-inf,6.3095734e+14,2.154294e-12,24.603437,0.34759322,0.1427577,61.3223,BLL,17.852722,12.81999969482422,12.022000312805176,9.55799961090088,7.551000118255615,36.1,0.0068100001662969,,,,,,17.9955,17.4174,17.262,17.0025,16.7557,0.7979993820190447,2.464000701904295,1.557507201905658,-2.166852877481954,-9.341348,-11.213769,1.0694523,1.3909957,14.8,-11.666695,3.2635953,0.0,0.4056754809596708,
4FGL J1838.0-5959,1,279.5237,-59.991,335.42444,-21.651344,11.160094,2.3742036e-10,4.2565142e-11,2.328119e-12,4.0222578e-13,LogParabola,1.8741044,0.092069365,4319.721,1.6133581,0.19746087,0.2076891,0.106501624,0,bll,SUMSS J183806-600033,0.999192,0.8168875,whsp2,279.528076171875,-60.008914947509766,0.0044999998062849045,nan,-inf,ISP,10957.341,4312.347,4.0541775e-07,7.615379e-08,2.5118865e+14,7.1464113e-13,14.123436,0.2932192,0.2414468,-inf,BLL,18.283833,13.906999588012695,13.012999534606934,10.829999923706056,8.315999984741211,,,,,,,,,,,,,0.8940000534057617,2.182999610900877,2.3129159264174834,-1.3968556187296444,-9.624482,-11.632995,1.0476679,1.1499404,14.4,-12.145912,3.6354556,0.0,0.00783870148992914,
4FGL J1841.3+2909,1,280.3441,29.1527,58.427517,14.8470125,16.59952,4.1366421e-10,4.803065e-11,5.19717e-12,5.4404766e-13,PowerLaw,1.7802216,0.06923495,6588.342,1.7198559,0.09866089,0.0628461,0.04765768,0,bll,MG3 J184126+2910,0.99971163,0.99166346,whsp2,280.340500412,29.1613969722,5.200000146032835e-07,RFC J1841+2909,-inf,HSP,61197.875,89418.875,7.702594e-07,1.6646842e-07,1.650061e+16,1.1387647e-11,10.484912,0.0,10.0,58.463,BLL,17.506475,13.307000160217283,12.69200038909912,10.675999641418455,8.696999549865723,63.7,0.0844999998807907,,,,,,18.3189,17.7825,17.4291,17.2304,17.0396,0.6149997711181641,2.016000747680664,1.8041394323353503,-1.0731432916629933,-9.383352,-11.284233,1.2200955,1.0205648,16.2175,-10.943566,3.8187761,0.0,0.0021638506998112816,
4FGL J1841.8+3218,1,280.453,32.301,61.477333,15.976873,18.409914,4.5969115e-10,5.6390403e-11,4.144781e-12,5.353828e-13,LogParabola,1.9289794,0.06585502,3504.5999,1.6288041,0.16688581,0.20364155,0.08968607,0,bll,RX J1841.7+3218,0.9997065,0.9828234,bzcat,280.446009437,32.3108729806,2.6000000730164174e-07,RFC J1841+3218,-inf,HSP,8718.714,2293.075,7.022146e-07,9.857785e-08,7.2443595e+15,2.4783463e-12,48.719627,0.64496166,0.17450559,38.7072,BLL,18.711878,13.755000114440918,13.04300022125244,10.927000045776367,9.109999656677246,20.4,0.0736000016331672,,,,,,18.6591,18.2093,17.8212,17.5808,17.4832,0.7119998931884783,2.1160001754760724,1.3096301674258988,-1.1331221760256058,-9.337534,-11.382499,1.2650517,1.687704,15.86,-11.605838,3.5446384,0.0,0.003720362922351872,
4FGL J1848.9+4247,1,282.2448,42.7877,72.247284,18.46645,11.124856,2.4532434e-10,3.312967e-11,2.7392956e-12,3.6268872e-13,PowerLaw,2.004681,0.09612818,3498.3713,1.9892923,0.111077905,0.011393963,0.048260655,0,bll,RGB J1848+427,0.9951512,0.89135677,bllac,282.1961975097656,42.760799407958984,0.008999999612569809,nan,-inf,ISP,5596.7446,24651.82,2.5285593e-07,4.258067e-08,8.317638e+14,4.2960863e-13,19.028542,0.43363044,0.19612144,67.6718,BLL,18.869123,14.491000175476074,13.937999725341797,12.050999641418455,9.0649995803833,20.5,,,,,,,,,,,,0.5530004501342773,1.8870000839233416,1.3117538610557542,-1.3968556187296444,-9.610259,-11.562361,1.0462945,1.2794055,14.92,-12.366927,3.543866,0.0,0.008591035827696806,
4FGL J1849.4+2745,1,282.3543,27.7542,57.838604,12.667128,11.336556,4.303628e-10,4.994446e-11,3.62519e-12,5.8295957e-13,LogParabola,2.281502,0.07850767,1447.8541,2.1854768,0.11773185,0.13481738,0.071138345,0,bll,MG2 J184929+2748,0.98963815,0.0,bzcat,282.38222735,27.8002007167,1.5999999902760464e-07,RFC J1849+2748,-inf,LSP,727.74927,497.5321,5.5586935e-07,8.3288704e-08,3.981072e+13,1.9479375e-12,49.314816,0.73070693,0.19680983,12.868,BLL,19.501932,12.80799961090088,11.777000427246094,9.0600004196167,6.872000217437744,47.0,,,,,,,19.4295,19.3874,18.4893,18.1986,18.0679,1.030999183654787,2.7170000076293945,1.6720978579357175,-1.3968556187296444,-9.366165,-11.440669,1.0544811,1.6929774,13.6,-11.710425,3.1607249,0.0,0.3782960574258055,
4FGL J1849.4-4313,1,282.3623,-43.2214,352.88928,-17.856789,31.811655,1.4008016e-09,6.9889025e-11,1.2622461e-11,7.996389e-13,LogParabola,2.166464,0.034413982,1386.4177,2.111228,0.047629178,0.084407814,0.024760129,0,bll,PMN J1849-4314,0.99973005,0.9459381,bzcat,282.358027488,-43.2370391306,1.500000053056283e-06,RFC J1849-4314,-inf,LSP,717.3804,276.60974,1.6780671e-06,1.0062952e-07,2.089296e+13,3.705041e-12,82.341835,0.39688632,0.09782069,133.812,BLL,18.316616,11.817999839782717,10.850000381469728,8.434000015258789,6.320000171661377,,0.0151000004261732,,,,,,,,,,,0.9679994583129883,2.4160003662109393,2.3129159264174834,-1.821023040449568,-8.853623,-10.898856,1.5025862,1.9156206,13.32,-11.431207,3.141894,0.0,0.37458592309883426,
4FGL J1903.2+5540,1,285.8077,55.6773,85.967804,20.534733,100.9621,4.3233e-09,9.0303175e-11,3.9233252e-11,1.0801504e-12,LogParabola,1.9437206,0.013551921,1282.0115,1.8150735,0.022901189,0.08026914,0.009821805,0,bll,TXS 1902+556,0.99994653,0.98799884,bllac,285.798364138,55.677346975,1.3000000365082087e-07,RFC J1903+5540,-inf,LSP,4056.6003,469.32516,4.708105e-06,1.2282922e-07,4.207266e+13,4.996398e-12,98.26617,0.17650832,0.042478547,144.391,BLL,16.228697,11.505999565124512,10.597000122070312,8.276000022888184,6.24399995803833,260.1,0.0390000008046627,,,,,,16.5578,16.3156,16.0399,15.708,15.7111,0.9089994430541992,2.321000099182129,2.415140352195873,-1.4089353840129735,-8.364184,-10.406345,2.0041583,1.992404,13.624,-11.301343,3.107892,0.0,0.05507291256660587,
4FGL J1913.9+4439,1,288.4915,44.6618,75.81712,14.974933,16.988811,3.9300896e-10,3.97876e-11,3.7516474e-12,4.7397844e-13,LogParabola,1.9193853,0.06519454,2545.0737,1.80618,0.10153747,0.082452685,0.048989706,0,bll,2MASS J19140184+4438323,0.99946797,0.96060276,bzcat,288.5078430175781,44.642276763916016,0.008999999612569809,nan,-inf,HSP,8244.124,4981.626,4.6956592e-07,6.042531e-08,4.4157045e+15,1.6784948e-12,16.690844,0.27402762,0.16177756,41.921,BLL,18.222813,13.979999542236328,13.267999649047852,11.031999588012695,9.45300006866455,15.0,,,,,,,,,,,,0.7119998931884766,2.2360000610351562,1.1760912590556813,-1.3968556187296444,-9.405598,-11.425778,1.230163,1.2224783,15.645,-11.77508,3.4057004,0.0,0.0024763671133672884,
4FGL J1918.2-4111,1,289.5643,-41.1893,356.7804,-22.239796,57.288994,2.86206e-09,9.225213e-11,2.4693423e-11,1.0758804e-12,LogParabola,1.9548452,0.02147766,1472.0338,1.7919542,0.038129244,0.10420377,0.017661816,0,bll,PMN J1918-4111,0.9999628,0.98609835,bzcat,289.566914246,-41.1919551528,4.799999828719592e-07,RFC J1918-4111,-inf,LSP,3994.4646,571.5723,3.179057e-06,1.2976258e-07,7.943282e+13,1.357907e-12,89.65462,0.29955432,0.07214455,106.315,BLL,17.90862,13.050999641418455,12.104999542236328,9.447999954223633,7.269000053405762,,0.009519999846816,,,,,,,,,,,0.9460000991821271,2.6569995880126953,2.3129159264174834,-2.021363058603652,-8.543322,-10.607419,1.7580712,1.9525727,13.9,-11.86713,3.1679177,0.0,0.13006051842439867,
4FGL J1921.8-1607,1,290.4633,-16.1231,21.694683,-13.872434,29.024935,1.0615773e-09,7.164874e-11,1.1375579e-11,8.776233e-13,LogParabola,1.809284,0.041646678,3218.7366,1.6721773,0.07122773,0.08986123,0.03063273,0,bll,PMN J1921-1607,0.99991864,0.9683844,bzcat,290.464690979,-16.1201567417,2.200000039920269e-07,RFC J1921-1607,-inf,ISP,19946.195,9465.722,1.6219497e-06,1.6116934e-07,5.1286137e+14,3.1950304e-12,49.990486,0.40499413,0.111309245,197.608,BLL,17.423355,12.510000228881836,11.765000343322754,8.168000221252441,7.23199987411499,95.6,0.0227000005543231,,,,,,17.8575,16.9674,17.0041,16.9051,16.3191,0.744999885559082,3.5970001220703125,1.9804578922761,-1.6439741322016146,-8.974049,-10.944027,1.4627713,1.6988873,14.71,-11.495525,3.5076854,0.0,0.0037240749570133062,
4FGL J1925.8-2220,1,291.4665,-22.341,16.185234,-17.248854,5.651423,1.340134e-10,3.6751466e-11,1.6705717e-12,3.9441885e-13,PowerLaw,1.7896545,0.1451629,8296.24,1.7481289,0.19590402,0.063751265,0.09169982,2,bll,TXS 1922-224,0.99575377,0.95372576,bzcat,291.415792404,-22.3264202083,8.800000017572529e-08,RFC J1925-2219,-inf,LSP,59812.99,161786.61,2.4277577e-07,1.0204394e-07,6.7608296e+12,4.870135e-13,8.575741,0.0,10.0,104.798,BLL,19.458649,14.498000144958496,13.736000061035156,10.970000267028809,7.929999828338623,444.3,,,,,,,20.4145,19.8869,19.0531,19.3544,18.9983,0.7620000839233398,2.7659997940063477,2.6476763132408707,-1.3968556187296444,-9.872851,-11.777135,0.7521578,0.93327165,12.83,-12.312459,3.9188814,0.0,0.2271710411644899,
4FGL J1926.8+6154,1,291.7097,61.9146,93.31233,19.744543,44.613255,1.4284032e-09,6.314609e-11,1.445572e-11,7.855341e-13,LogParabola,1.8920426,0.029655857,2804.2817,1.7959372,0.048795868,0.06655854,0.019464165,0,bll,87GB 192614.4+614823,0.9999246,0.98832726,bzcat,291.707880837,61.9117628417,2.499999993688107e-07,RFC J1926+6154,-inf,HSP,12989.023,4683.183,1.7897639e-06,1.1157902e-07,1e+16,4.5614927e-12,85.756355,0.39580816,0.096651375,133.453,BLL,17.396297,13.128000259399414,12.347999572753906,10.197999954223633,8.265999794006348,22.1,0.221000000834465,17.599000930786133,17.31599998474121,17.07699966430664,16.865999221801758,16.704999923706055,17.0721,17.0334,17.0195,16.519,16.46,0.7800006866455078,2.1499996185302734,1.3443922736851108,-0.6556077246750542,-8.845149,-10.83996,1.6494639,1.9332663,16.0,-11.340893,3.4478216,0.0,0.003916655005597729,
4FGL J1927.5+6117,1,291.8822,61.294,92.72885,19.445026,33.772446,1.0712381e-09,5.3226458e-11,9.519353e-12,6.5913356e-13,LogParabola,2.1471121,0.035540767,1715.7648,2.087111,0.05055593,0.08309323,0.025590353,0,bll,S4 1926+61,0.9999316,0.9917645,bllac,291.876844038,61.2924664639,8.199999967928306e-08,RFC J1927+6117,-inf,LSP,1015.80664,399.38626,1.212557e-06,7.166798e-08,1.5848932e+13,3.3509196e-12,43.31562,0.30406728,0.083975405,66.6865,BLL,17.734102,12.286999702453612,11.258000373840332,8.435999870300293,6.132999897003174,534.1,0.0320000015199184,18.035999298095703,17.56599998474121,17.18199920654297,16.878999710083008,16.638999938964844,17.9423,17.6595,17.2299,17.1126,16.8879,1.0289993286132795,2.822000503540039,2.727622577969137,-1.494850001052214,-8.970114,-11.021393,1.5285625,1.6366446,13.2,-11.474836,3.2344577,0.0,0.45362822717969314,
4FGL J1934.3-2419,1,293.582,-24.326,15.02439,-19.798666,8.837819,2.0985085e-10,4.422367e-11,1.9985849e-12,4.1870516e-13,LogParabola,1.8724736,0.10575881,3983.4666,1.5855842,0.24349771,0.22374992,0.14170456,0,bll,NVSS J193412-241922,0.99873954,0.96395934,whsp2,293.553161929,-24.3223063222,1.2000000424450263e-06,RFC J1934-2419,-inf,HSP,10056.524,4422.2456,3.554236e-07,7.976356e-08,1.2589255e+16,6.6295645e-12,11.610865,0.0,10.0,60.4968,BLL,18.625547,13.986000061035156,13.357000350952148,11.038000106811523,8.178999900817871,18.4,,,,,,,,,,,,0.6289997100830078,2.319000244140625,1.2648178230095364,-1.3968556187296444,-9.678089,-11.699278,0.9463451,1.0648645,16.1,-11.178515,3.6002612,0.0,0.015773625196000868,
4FGL J1941.3-6210,1,295.3468,-62.1753,334.52176,-29.543617,76.36679,3.1123635e-09,7.995229e-11,3.6374393e-11,8.771937e-13,LogParabola,2.4073725,0.015863378,600.13556,2.3313482,0.023458678,0.0934447,0.013030418,0,bll,PKS 1936-623,0.9998677,0.99297756,bzcat,295.3407024,-62.1891824194,1.199999957179898e-07,RFC J1941-6211,-inf,LSP,101.92034,32.808075,7.803333e-06,5.2196424e-07,8.963962e+12,1.3796884e-12,1230.7968,0.6338519,0.13630345,61.3661,BLL,20.771103,13.86299991607666,12.539999961853027,9.677000045776367,7.277999877929687,,0.0293000005185604,,,,,,,,,,,1.3229999542236328,2.86299991607666,2.3129159264174834,-1.5331323719596135,-8.506909,-10.439204,1.8829045,3.0901864,12.9525,-11.860219,2.7782493,0.0,0.9844978736594504,
4FGL J1955.1-1604,1,298.7774,-16.0715,25.154505,-21.148197,17.370502,6.402514e-10,5.879972e-11,7.127152e-12,6.44369e-13,PowerLaw,2.025063,0.06788193,3442.1702,2.0280302,0.069518656,-0.0029304898,0.027355518,0,bll,1RXS J195500.6-160328,0.99680793,0.9080149,bzcat,298.752768033,-16.0607890639,6.500000040432496e-07,RFC J1955-1603,-inf,HSP,,,-inf,-inf,7.079458e+15,3.8836044e-12,25.924463,0.3513797,0.13739404,102.9,BLL,18.111387,13.607000350952148,13.06999969482422,10.914999961853027,8.342000007629395,24.3,0.1790000051259994,,,,,,18.6031,18.41,17.9803,17.8323,17.3957,0.5370006561279279,2.154999732971193,1.3856062735983121,-0.7471469565832732,-9.193649,-11.147084,1.2398124,1.4137098,15.85,-11.410765,3.5368323,0.0,0.006366073329252288,
4FGL J1959.7-4725,1,299.9475,-47.4326,351.79352,-30.84566,37.026867,1.2106447e-09,6.178719e-11,1.1538415e-11,7.757319e-13,LogParabola,1.8235347,0.032700825,2311.2974,1.6209648,0.060085107,0.12778778,0.028527549,0,bll,1RXS J195945.8-472531,0.9997948,0.96243143,bzcat,299.940273887,-47.4220411833,7.499999810534064e-06,RFC J1959-4725,-inf,HSP,10184.573,2443.8838,1.6770551e-06,1.2329862e-07,2.2387211e+15,4.1027307e-12,20.895357,0.18613932,0.07657776,148.432,BLL,16.80803,12.630000114440918,11.819000244140623,9.590999603271484,8.003000259399414,,0.0710999965667724,,,,,,,,,,,0.8109998703002947,2.228000640869139,2.3129159264174834,-1.1481304202411455,-8.916984,-10.937854,1.568517,1.3200498,15.35,-11.386927,3.3638558,0.0,0.0035464472008113882,
4FGL J2002.6+6302,1,300.6727,63.0493,96.194885,16.44337,9.2593355,8.325706e-11,2.4029336e-11,1.435846e-12,3.0157682e-13,LogParabola,1.6286793,0.11485872,9599.471,1.4279208,0.22695331,0.23855753,0.12950729,0,bll,1RXS J200245.4+630226,0.9987795,0.9588295,whsp2,300.6890869140625,63.04258346557617,0.0044999998062849045,nan,-inf,HSP,31840.725,18398.076,3.1450728e-07,8.544978e-08,2.1877616e+16,5.7487576e-13,7.898313,0.0,10.0,51.5254,BLL,20.488806,15.309000015258787,14.592000007629396,12.06700038909912,9.40999984741211,10.4,,,,,,,,,,,,0.717000007629391,2.524999618530277,1.0170333392987803,-1.3968556187296444,-10.079579,-11.842892,0.9665798,0.8975344,16.34,-12.240426,3.9822474,0.0,0.0056305752901063925,
4FGL J2005.1+7003,1,301.2776,70.0624,102.86715,19.436934,20.889044,4.969541e-10,5.007484e-11,4.946338e-12,5.06713e-13,LogParabola,1.847787,0.053690154,4036.5957,1.612661,0.11302733,0.1814948,0.05985698,0,bll,1RXS J200504.0+700445,0.99932045,0.9334169,bzcat,301.275058312,70.0776004611,3.4999999343199306e-07,RFC J2005+7004,-inf,HSP,11733.8955,3153.2263,8.249934e-07,9.225247e-08,5.7543993e+16,1.9095014e-12,49.574913,0.6507206,0.16831891,98.5326,BLL,19.00939,13.81700038909912,13.072999954223633,11.187999725341797,9.201000213623049,6.5,0.0674000009894371,,,,,,19.877,19.0545,18.4517,17.9125,17.559,0.7440004348754865,1.885000228881836,0.8129133566428556,-1.1713400970892043,-9.303683,-11.3057165,1.3199185,1.695262,16.76,-11.71908,3.6060152,0.0,0.0030096315675951,
4FGL J2010.0+7229,1,302.5159,72.4874,105.36082,20.167343,44.29939,1.7232418e-09,6.4281115e-11,1.5646052e-11,7.9632937e-13,LogParabola,2.2975569,0.026546046,1040.4878,2.1785393,0.0440934,0.11555504,0.023459867,0,bll,4C +72.28,0.99974734,0.9894054,bllac,302.467932688,72.488708475,1.199999957179898e-07,RFC J2009+7229,-inf,LSP,480.5424,146.66124,2.4338633e-06,1.3042371e-07,9.332543e+12,2.0321418e-12,71.450134,0.26158735,0.06579822,47.3812,BLL,18.224524,13.581000328063965,12.47599983215332,9.428999900817873,6.980999946594238,953.0,0.0096000004559755,,,,,,19.8772,18.7076,18.2484,17.7605,17.589,1.1050004959106445,3.0469999313354474,2.979092900638326,-2.0177287463325526,-8.763654,-10.805595,1.6463977,1.8540031,12.97,-11.692046,3.017237,0.0,0.8774019579661139,
4FGL J2012.2-1646,1,303.0719,-16.7729,26.204094,-25.213833,14.030366,4.7255005e-10,5.4695616e-11,6.598719e-12,9.21501e-13,LogParabola,2.6722538,0.05981265,695.3785,2.600075,0.13820864,0.3984839,0.1077272,0,bll,PMN J2012-1646,0.9920507,0.9110585,at20g,303.125747721,-16.7806855667,2.399999914359796e-07,RFC J2012-1646,-inf,LSP,327.50677,99.33679,1.715498e-06,2.50327e-07,1.0115794e+13,1.9802636e-13,99.580635,0.8354526,0.19525437,-inf,BLL,20.09924,15.751999855041504,14.696000099182127,12.01099967956543,8.467000007629395,148.9,,,,,,,20.1916,19.4128,20.0007,19.6809,19.1879,1.0559997558593768,2.6850004196166974,2.1728946977521764,-1.3968556187296444,-9.325552,-11.18054,1.147069,1.9981749,13.005,-12.703277,2.8422213,0.0,0.9915212303202128,
4FGL J2015.2-0137,1,303.8074,-1.6254,41.32359,-19.329098,27.503958,1.3187526e-09,7.397928e-11,1.158054e-11,8.4073086e-13,LogParabola,2.2485714,0.037974086,1512.9629,2.237387,0.054379992,0.12416412,0.032419533,0,bll,PKS 2012-017,0.99994904,0.9925955,bllac,303.813158171,-1.62571114722,1.199999957179898e-07,RFC J2015-0137,-inf,LSP,581.6593,198.31938,1.7859383e-06,1.3354361e-07,6.3095733e+13,3.1689837e-12,14.741259,0.09772541,0.09120324,28.3003,BLL,17.630022,12.590999603271484,11.633000373840332,9.01200008392334,6.8460001945495605,917.9,0.0189999993890523,,,,,,17.8549,17.1761,16.9457,16.796,16.6483,0.9579992294311523,2.621000289916992,2.962795369857233,-1.721246413011972,-8.879837,-10.936271,1.4393952,1.1685345,13.8,-11.49908,3.1798282,0.0,0.2363343996009348,
4FGL J2021.9+0629,1,305.492,6.4941,49.62446,-16.781029,14.106035,5.4338933e-10,5.982136e-11,4.3542865e-12,7.001374e-13,LogParabola,2.0891962,0.07499157,2364.0635,1.9161628,0.1486952,0.13420153,0.0732336,0,bll,PMN J2021+0628,0.9996467,0.89861494,bzcat,305.481099013,6.48712910833,3.7999998880877683e-07,RFC J2021+0629,-inf,ISP,3230.824,1453.7853,6.064034e-07,7.5094945e-08,4.4668358e+14,2.3462864e-12,21.322756,0.31122357,0.1633724,73.6256,BLL,16.910109,12.593999862670898,11.779000282287598,9.463000297546388,7.78000020980835,60.9,0.0078099998645484,18.55299949645996,17.993000030517578,17.48699951171875,17.14299964904785,16.80699920654297,17.7262,17.3164,16.59,16.777,16.6179,0.8149995803833008,2.315999984741209,1.7846172926328754,-2.107348973654823,-9.264889,-11.361083,1.149405,1.3288434,14.65,-11.629619,3.3736591,0.0,0.017772043781810812,
4FGL J2022.3-4513,1,305.5911,-45.2228,354.92657,-34.465546,23.751423,9.208697e-10,5.8990056e-11,8.044218e-12,6.525072e-13,LogParabola,2.1897624,0.042069074,1032.6141,2.0657425,0.06819971,0.10263568,0.036443546,0,bll,PMN J2022-4513,0.99980825,0.9487437,bzcat,305.610054288,-45.2248751222,3.700000092976552e-07,RFC J2022-4513,-inf,ISP,749.6287,310.30695,1.1261222e-06,7.840412e-08,4.5185596e+14,6.8627313e-12,64.106995,0.41528335,0.10698478,13.9437,BLL,17.005362,12.189000129699709,11.232999801635742,8.427000045776367,6.281000137329102,,0.0243999995291233,,,,,,,,,,,0.9560003280639666,2.805999755859375,2.3129159264174834,-1.6126101820423835,-9.035802,-11.094516,1.3756896,1.8069054,14.655,-11.163503,3.013938,0.0,0.13425601771309265,
4FGL J2023.8-4828,2,305.9727,-48.4726,351.00583,-34.95885,4.310554,1.2245069e-10,2.9000854e-11,1.366931e-12,3.2828135e-13,PowerLaw,2.1173942,0.16278481,2569.5796,1.9697783,0.28076574,0.13181238,0.16902661,0,bll,PMN J2023-4826,0.9896033,0.9545326,rfc,305.91094970703125,-48.44791030883789,5e-06,nan,-inf,ISP,2881.703,2833.268,1.4989112e-07,4.426631e-08,2.5118865e+14,4.4320128e-13,7.4283934,0.0,10.0,-inf,BLL,19.31152,13.958000183105469,13.44499969482422,11.557000160217283,8.656999588012695,,,,,,,,,,,,,0.5130004882812482,1.8879995346069371,2.3129159264174834,-1.3968556187296444,-9.912039,-11.864253,0.6345331,0.8708949,14.4,-12.353399,3.409862,0.0,0.06943361551924347,
4FGL J2024.4-0847,1,306.1147,-8.7973,35.568016,-24.64506,20.23605,6.603735e-10,5.3767837e-11,7.345987e-12,5.94763e-13,PowerLaw,2.031602,0.06330053,2934.2087,2.0069916,0.07678343,0.024352098,0.035640284,0,bll,1RXS J202428.9-084810,0.99983054,0.97930545,whsp2,306.122368821,-8.80122741944,3.3000000598804036e-07,RFC J2024-0848,-inf,ISP,2541.8376,4278.4272,6.9078743e-07,6.4355596e-08,3.7153524e+14,9.679479e-13,19.196396,0.25209692,0.11811815,99.1606,BLL,18.019802,13.86400032043457,13.114999771118164,10.95699977874756,8.335000038146973,36.3,0.0829000025987625,,,,,,18.4329,18.1913,17.9153,17.7851,17.6586,0.7490005493164062,2.1579999923706037,1.5599066250361124,-1.0814454558353936,-9.18021,-11.13395,1.3061258,1.2832197,14.57,-12.014148,3.467491,0.0,0.007165162490100666,
4FGL J2030.9+1935,1,307.7407,19.5988,62.215233,-11.525653,24.468975,8.0362983e-10,5.7940347e-11,7.415496e-12,6.8817814e-13,LogParabola,1.8894552,0.04699688,2559.8699,1.716495,0.08586628,0.11951872,0.04081733,0,bll,RX J2030.8+1935,0.9999547,0.94312537,bzcat,307.738057888,19.6035923333,3.7999998880877683e-07,RFC J2030+1936,-inf,HSP,8381.142,2666.2292,1.0353339e-06,1.00760815e-07,6.309573e+15,1.483645e-12,23.517075,0.2769001,0.10643447,106.846,BLL,18.106335,14.027000427246094,13.442999839782717,11.288999557495115,8.57800006866455,56.2,0.0592000000178813,,,,,,18.6032,18.257,18.006,17.8075,17.6371,0.5840005874633771,2.154000282287601,1.749736315569061,-1.227678293145902,-9.094944,-11.12986,1.3886157,1.3713833,15.8,-11.82867,3.408218,0.0,0.0019052405696070801,
4FGL J2034.8-4200,1,308.7079,-42.0008,359.12744,-36.403954,14.465552,3.7246856e-10,4.316947e-11,3.3374967e-12,5.0168837e-13,LogParabola,1.9425764,0.07686167,2647.07,1.7833635,0.13628983,0.11549123,0.06701749,0,bll,2MASS J20345108-4200386,0.99953103,0.0,rfc,308.712869704,-42.0106757278,2.700000004551839e-05,RFC J2034-4200,-inf,HSP,6762.1797,3274.2485,4.5348756e-07,6.630528e-08,4.6238104e+15,1.9098534e-12,18.22137,0.34003216,0.17312336,38.516,BLL,18.206867,13.92099952697754,13.28499984741211,11.545000076293944,8.50100040435791,,0.0509999990463256,,,,,,,,,,,0.6359996795654315,1.7399997711181658,2.3129159264174834,-1.2924298320231524,-9.42891,-11.476579,1.1603351,1.260581,15.665,-11.719,3.4227655,0.0,0.002197037504428741,
4FGL J2036.4+6553,1,309.1032,65.8834,100.65727,14.796309,21.404577,6.7974804e-10,5.1474557e-11,4.9963566e-12,5.0468397e-13,LogParabola,2.0243149,0.050581213,2421.1638,1.8614367,0.089442536,0.19024865,0.05525185,0,bll,87GB 203539.4+654245,0.9997656,0.9594115,bzcat,309.083896775,65.8873785778,2.699999868127634e-07,RFC J2036+6553,-inf,ISP,3484.8042,721.5383,7.940769e-07,6.8927186e-08,2.660725e+14,1.5723202e-12,40.068756,0.41660285,0.12460849,63.4396,BLL,18.439812,13.201000213623049,12.336999893188477,9.940999984741213,7.881999969482422,130.5,,,,,,,18.9954,18.2774,17.954,17.6696,17.3885,0.8640003204345721,2.395999908447264,2.1156105116742996,-1.3968556187296444,-9.167652,-11.301347,1.3305067,1.6028059,14.425,-11.803459,3.3840241,0.0,0.008040463083225488,
4FGL J2039.0-1046,1,309.7581,-10.7731,35.304592,-28.736252,47.167,2.0140722e-09,7.9433245e-11,1.7438039e-11,8.616656e-13,LogParabola,2.078451,0.026101647,1055.6116,1.950533,0.042120837,0.09115589,0.020363983,0,bll,TXS 2036-109,0.99988526,0.97792834,bzcat,309.752960133,-10.77829515,1.199999957179898e-07,RFC J2039-1046,-inf,LSP,1384.656,281.20105,2.2199326e-06,9.116282e-08,3.527768e+13,3.344899e-12,56.942257,0.26170176,0.06782196,38.4539,BLL,17.847797,11.843999862670898,10.89799976348877,8.305000305175781,6.104000091552734,192.7,0.0154999997466802,,,,,,17.5712,17.086,17.2264,16.1837,16.3749,0.9460000991821289,2.5929994583129883,2.284881714655453,-1.8096683089274757,-8.695925,-10.758502,1.6736382,1.7554348,13.5475,-11.475617,3.0235043,0.0,0.11382158878053612,
4FGL J2041.8-7319,1,310.4607,-73.3254,320.7329,-33.7194,11.890394,2.0083317e-10,3.094462e-11,2.4075431e-12,3.4576836e-13,PowerLaw,1.8418379,0.100983,5233.2563,1.7085786,0.18763128,0.09367675,0.08803978,0,bll,SUMSS J204201-731911,0.9995434,0.0,whsp2,310.508169937,-73.3204502,7.3999999585794285e-06,RFC J2042-7319,-inf,HSP,24791.393,25563.86,3.196958e-07,7.625143e-08,6.456542e+15,1.7308483e-12,6.740195,0.0,10.0,52.9757,BLL,17.958818,14.32699966430664,13.659000396728516,11.5649995803833,9.243000030517578,,,,,,,,,,,,,0.667999267578125,2.094000816345215,2.3129159264174834,-1.3968556187296444,-9.697165,-11.618426,1.0751963,0.8286724,15.81,-11.761741,3.718772,0.0,0.006058766886609332,
4FGL J2046.6-1012,1,311.672,-10.2003,36.82455,-30.1918,8.6042595,2.4540656e-10,3.8000814e-11,2.7726545e-12,4.272897e-13,PowerLaw,1.9587526,0.10726887,3261.38,1.9078956,0.14572434,0.089888096,0.08261822,0,bll,PMN J2046-1010,0.9842688,0.0,crates,311.726372146,-10.1778254778,3.099999901223782e-07,RFC J2046-1010,-inf,HSP,5443.8076,4393.653,2.9460097e-07,5.7132645e-08,1e+15,2.0115877e-12,15.467845,0.38963982,0.26435047,90.4234,BLL,17.26513,13.178999900817873,12.340999603271484,9.90999984741211,8.27400016784668,105.4,0.0104999998584389,,,,,,17.6001,17.399,16.651,16.9621,16.7976,0.8380002975463885,2.430999755859375,2.022840610876528,-1.9788107067852243,-9.610114,-11.557104,0.9347135,1.1894298,15.0,-11.696461,3.5134015,0.0,0.005398455035065581,
4FGL J2048.6-6804,1,312.1624,-68.0728,326.61984,-35.84941,12.962855,3.2461328e-10,3.5004954e-11,3.6405262e-12,3.996379e-13,PowerLaw,2.1391897,0.08309782,2343.9175,2.1181843,0.10086718,0.02207631,0.04435746,0,bll,PKS 2043-682,0.9959973,0.95044434,wise,312.0999755859375,-68.08110046386719,0.0044999998062849045,nan,-inf,ISP,161.2343,1078.1492,4.018436e-07,1.8549078e-07,3.9810716e+14,2.5928775e-12,12.596414,0.113920674,0.25291467,61.1587,BLL,17.301394,13.027999877929688,12.199000358581545,9.376999855041504,7.36299991607666,,,,,,,,,,,,,0.8289995193481428,2.822000503540041,2.3129159264174834,-1.3968556187296444,-9.488634,-11.438836,1.1127007,1.1002469,14.6,-11.586218,3.3699424,0.0,0.03823542376939841,
4FGL J2050.0+0408,1,312.5181,4.1401,51.390198,-23.974163,20.981316,6.8621914e-10,4.9334318e-11,8.039164e-12,5.4892955e-13,PowerLaw,2.2455525,0.05261777,1407.6133,2.2417936,0.05577008,0.0053485404,0.025898987,0,bll,PKS 2047+039,0.99967027,0.98397607,bllac,312.526002504,4.13024710278,1.199999957179898e-07,RFC J2050+0407,-inf,LSP,,,-inf,-inf,2.041738e+13,1.9924756e-12,23.131325,0.22515097,0.10077679,72.8313,BLL,18.348112,12.93000030517578,11.914999961853027,8.951000213623047,6.71999979019165,565.0,0.0103000001981854,19.520999908447266,18.91900062561035,18.452999114990234,18.09199905395508,17.673999786376953,18.975,18.5418,18.1194,17.7852,17.6197,1.0150003433227521,2.9639997482299805,2.7520484478194387,-1.987162766938437,-9.163537,-11.0947895,1.3218328,1.3642005,13.31,-11.700607,3.1484833,0.0,0.18964862415219,
4FGL J2056.7-3209,1,314.178,-32.1612,12.244465,-39.371586,5.5919447,1.7134685e-10,3.4309982e-11,2.5195295e-12,4.7643844e-13,PowerLaw,2.4986687,0.12469193,951.9036,2.443364,0.18180071,0.14004357,0.13483292,0,bll,PKS 2053-323,0.99423534,0.9540287,bzcat,314.104459308,-32.1466113278,1.500000053056283e-07,RFC J2056-3208,-inf,LSP,195.49092,354.62204,4.5706315e-07,2.0350353e-07,4.786301e+12,1.7773543e-12,7.5667925,0.0,10.0,-inf,BLL,18.813822,13.07800006866455,12.045000076293944,9.531000137329102,7.0980000495910645,66.5,,,,,,,19.034,18.041,19.0218,17.429,17.274,1.0329999923706072,2.513999938964842,1.8228216453031045,-1.3968556187296444,-9.766124,-11.5986805,0.7475629,0.87891185,12.68,-11.750226,2.9785929,0.0,0.8986461337777797,
4FGL J2103.8-6233,1,315.9547,-62.5563,332.69885,-38.9497,53.739708,1.8659048e-09,6.6294144e-11,1.583495e-11,7.204745e-13,LogParabola,2.0204072,0.023403462,1148.8956,1.876381,0.038261164,0.09928316,0.018422848,0,bll,PMN J2103-6232,0.97534716,0.95042366,whsp2,315.909974288,-62.5405325694,1.019865180751367e-06,RFC J2103-6232,-inf,ISP,2141.1836,325.06186,2.0185403e-06,8.035049e-08,8.51138e+14,3.2648784e-12,69.564735,0.2587856,0.06543532,167.204,BLL,16.192255,12.133999824523926,11.27400016784668,9.3149995803833,7.4629998207092285,,0.0425999984145164,,,,,,,,,,,0.8599996566772461,1.959000587463379,2.3129159264174834,-1.3705904170608207,-8.729111,-10.800384,1.7302953,1.8423891,14.93,-11.486133,3.0602806,0.0,0.027857428560224134,
4FGL J2104.3-0212,1,316.0787,-2.2088,47.375843,-30.317177,11.271926,1.8908665e-10,3.516679e-11,2.6497825e-12,4.3602247e-13,PowerLaw,1.6680913,0.104370944,8469.981,1.6224293,0.13304612,0.04940693,0.06624428,0,bll,NVSS J210421-021239,0.999418,0.94307405,bzcat,316.091373921,-2.21083865833,4.599999954280065e-07,RFC J2104-0212,-inf,HSP,386664.84,1.8214394e+06,6.138098e-07,4.8576914e-07,3.548134e+15,1.6486255e-12,11.53517,0.0,10.0,113.862,BLL,18.096605,13.913000106811523,13.27299976348877,11.090999603271484,8.112000465393066,13.6,,18.465999603271484,18.090999603271484,17.82900047302246,17.597000122070312,17.42799949645996,18.0605,17.7775,17.6552,17.6132,17.4961,0.6400003433227539,2.182000160217285,1.1335389083702174,-1.3968556187296444,-9.723339,-11.57679,1.0519981,1.062024,15.55,-11.782878,3.9278824,0.0,0.003191765740757936,
4FGL J2108.9-6638,1,317.2438,-66.6414,327.52386,-38.162235,28.0694,7.164832e-10,4.1272506e-11,8.034126e-12,4.4411146e-13,PowerLaw,2.1385791,0.044816423,1589.176,2.1367688,0.048624408,0.003211434,0.022496602,0,bll,PKS 2104-668,0.9994679,0.94527245,bzcat,317.215919925,-66.6229845694,7.500000265281415e-07,RFC J2108-6637,-inf,ISP,,,-inf,-inf,1.0964782e+14,1.5967025e-12,11.503162,0.0,10.0,57.0984,BLL,18.295465,12.958000183105469,12.003999710083008,9.739999771118164,7.76800012588501,,0.0276999995112419,,,,,,,,,,,0.9540004730224609,2.2639999389648438,2.3129159264174834,-1.557520238598546,-9.144794,-11.095061,1.4482331,1.0608172,14.04,-11.796776,3.201172,0.0,0.024966753460936388,
4FGL J2112.7+0819,1,318.1852,8.3195,58.697437,-26.309464,18.63205,4.830983e-10,5.592763e-11,4.649584e-12,5.9539645e-13,LogParabola,1.889057,0.0683598,3463.8186,1.6799256,0.13851914,0.14140818,0.06682936,0,bll,1RXS J211242.5+081831,0.9993753,0.9812988,whsp2,318.179194788,8.30979141667,6.700000199089118e-07,RFC J2112+0818,-inf,HSP,10741.461,4141.0986,7.0307607e-07,9.967292e-08,1e+16,2.2904562e-12,21.927176,0.39412564,0.15769503,66.8642,BLL,18.4368,14.097000122070312,13.335000038146973,10.777000427246094,8.553000450134277,22.0,0.049600001424551,18.916000366210938,18.29199981689453,17.857999801635742,17.562000274658203,17.291000366210938,18.6989,18.2313,18.188,17.8107,17.9827,0.7620000839233398,2.557999610900879,1.3424226808222062,-1.3045183110365237,-9.315965,-11.332586,1.2702606,1.3409827,16.0,-11.640078,3.539555,0.0,0.0024439733142167506,
4FGL J2115.2+1218,1,318.8169,12.3027,62.63912,-24.420252,11.756704,2.843802e-10,4.0066433e-11,3.2481817e-12,4.3668958e-13,PowerLaw,1.9296376,0.09766724,4235.5444,1.9105514,0.11289167,0.018309502,0.04921068,0,bll,NVSS J211522+121802,-inf,0.0,rfc,318.841663042,12.3007799667,1.9999999949504854e-06,RFC J2115+1218,-inf,ISP,48725.01,293082.56,3.4451972e-07,1.047385e-07,7.585776e+14,5.0804125e-13,26.128654,0.59860885,0.22468378,119.159,BLL,18.085812,14.300999641418455,13.536999702453612,11.576000213623049,8.937000274658203,16.0,0.0119000002741813,18.68600082397461,18.23200035095215,17.915000915527344,17.634000778198242,17.408000946044922,18.6215,18.2191,18.2589,17.6449,17.7092,0.7639999389648438,1.9609994888305629,1.2041199826559248,-1.924453028601131,-9.546101,-11.488359,1.0702856,1.417117,14.88,-12.294101,3.6269093,0.0,0.0051747769272908065,
4FGL J2127.7+3612,1,321.9311,36.2125,83.35042,-10.556593,28.011806,1.1110305e-09,6.601413e-11,9.413824e-12,7.4553574e-13,LogParabola,1.972413,0.040098365,2079.628,1.8024923,0.07317774,0.12203845,0.03529514,0,bll,B2 2125+35,0.99997187,0.9776817,bzcat,321.929285483,36.2182592694,2.6000000730164174e-07,RFC J2127+3613,-inf,HSP,4671.087,1079.3486,1.2781601e-06,9.533599e-08,3.801894e+15,3.7213197e-12,69.15436,0.45814914,0.115992576,61.931,BLL,17.69793,12.79599952697754,11.968000411987305,9.552000045776367,7.598999977111816,191.2,0.0621999986469745,,,,,,17.7571,17.1671,16.9436,17.0159,16.8471,0.8279991149902362,2.4160003662109375,2.2814878879400813,-1.2062096247563117,-8.954274,-11.026234,1.4473411,1.8398196,15.58,-11.429303,3.3179855,0.0,0.0064184665684898145,
4FGL J2133.9+6646,1,323.4793,66.7776,105.18094,10.986431,19.941584,7.804421e-10,5.8186716e-11,8.690312e-12,6.6516074e-13,PowerLaw,2.100854,0.05541718,3324.6636,2.0579865,0.07348046,0.05000076,0.03553657,0,bll,NVSS J213349+664706,0.9982955,0.89142346,rfc,323.454819921,66.7845500889,2.399999914359796e-07,RFC J2133+6647,-inf,HSP,1861.7426,1848.762,8.365918e-07,7.134418e-08,2.4547088e+15,1.2703284e-12,65.7554,0.57635075,0.1467784,65.2133,BLL,19.78981,13.51200008392334,12.708000183105469,10.711000442504885,8.930000305175781,34.6,0.015599999576807,,,,,,20.4427,19.9842,19.1852,18.3311,18.1048,0.8039999008178711,1.9969997406005842,1.5390760987927767,-1.8068754134269736,-9.107659,-11.060965,1.2997596,1.8179314,15.39,-11.896084,3.5217476,0.0,0.014033604382084857,
4FGL J2134.5-2130,1,323.6414,-21.5029,28.944061,-45.07269,24.261526,7.59598e-10,5.4046927e-11,6.919506e-12,6.269314e-13,LogParabola,1.9983147,0.04821259,1592.8623,1.8901341,0.07443335,0.074598044,0.033472005,0,bll,NVSS J213430-213032,0.99955976,0.8211801,bzcat,323.625749008,-21.5091111639,4.4999998749517545e-07,RFC J2134-2130,-inf,ISP,3326.4924,1320.7489,8.13952e-07,6.87066e-08,1.4454397e+14,8.1972656e-13,62.368122,0.53430694,0.13613845,152.288,BLL,18.868101,13.628000259399414,12.87399959564209,10.460000038146973,8.052000045776367,22.1,0.0020900000818073,,,,,,18.633,18.2861,17.9992,17.7426,17.4219,0.7540006637573242,2.413999557495117,1.3443922736851108,-2.679853696889684,-9.119416,-11.1599245,1.3849181,1.7949626,14.16,-12.086331,3.2021782,0.0,0.017845910976640976,
4FGL J2139.4-4235,1,324.8546,-42.5895,358.31622,-48.328983,107.749695,5.9418515e-09,1.1896764e-10,5.735958e-11,1.4163797e-12,LogParabola,1.9945611,0.012381158,898.94653,1.9126105,0.019039998,0.048418153,0.007626289,0,bll,MH 2136-428,0.9999866,0.9617989,bllac,324.850722792,-42.5890182306,7.599999776175537e-07,RFC J2139-4235,-inf,ISP,2216.4648,328.9039,6.2204704e-06,1.3583228e-07,2.5118865e+14,6.7729676e-12,850.6859,0.4973295,0.10732325,152.074,BLL,15.36574,11.057000160217283,10.131999969482422,7.828999996185303,5.795000076293945,,0.0353999994695186,,,,,,,,,,,0.9250001907348615,2.302999973297119,2.3129159264174834,-1.4509967444822671,-8.226078,-10.241394,2.032416,2.9297693,14.4,-11.169221,2.953734,0.0,0.04046961299631646,
4FGL J2144.2+3132,1,326.0646,31.5457,82.600204,-16.30174,20.884222,6.506547e-10,4.743104e-11,7.2743296e-12,5.2549897e-13,PowerLaw,2.125327,0.053445313,1967.5853,2.0831,0.06877913,0.06149548,0.03567427,0,bll,MG3 J214415+3132,0.9981331,0.92147297,wise,326.063383754,31.5608677528,2.900000026784255e-07,RFC J2144+3133,-inf,ISP,1001.14813,788.29944,7.620692e-07,6.705045e-08,2.4547089e+14,1.5171622e-12,32.22026,0.3948376,0.122102365,85.0098,BLL,17.94947,13.152000427246094,12.34000015258789,9.9399995803833,7.875,80.8,,,,,,,18.1503,17.617,17.2694,17.1627,16.8034,0.8120002746582031,2.40000057220459,1.9074113607745862,-1.3968556187296444,-9.186649,-11.138207,1.3198183,1.508129,14.39,-11.818968,3.2939336,0.0,0.023609623546285274,
4FGL J2148.0-0733,1,327.0197,-7.5612,48.475033,-42.425808,14.390066,3.540989e-10,3.7876504e-11,3.9420325e-12,4.2377915e-13,PowerLaw,2.0244792,0.08076121,2517.16,1.8931204,0.14352114,0.105827205,0.07764309,0,bll,SDSS J214807.08-073347.0,0.9994439,0.0,bzcat,327.0294494628906,-7.563029766082764,0.0044999998062849045,nan,-inf,ISP,4170.7817,2114.721,4.1998067e-07,6.3702146e-08,6.237348e+14,7.987723e-13,14.315817,0.23755907,0.20361906,127.11,BLL,18.265598,14.07699966430664,13.595000267028809,11.916000366210938,8.041999816894531,7.8,,,,,,,,,,,,0.48199939727783203,1.678999900817871,0.8920946026904804,-1.3968556187296444,-9.450875,-11.40428,1.1580628,1.1558162,14.795,-12.097577,3.4009109,0.0,0.006122065711772774,
4FGL J2149.6+0323,1,327.4236,3.3959,60.551502,-36.612793,16.682423,4.8955e-10,4.2871852e-11,5.4847407e-12,4.7464045e-13,PowerLaw,2.1349857,0.069603674,1931.2224,2.0926561,0.09019612,0.051712908,0.047449954,0,bll,PKS B2147+031,0.99902755,0.9477046,bzcat,327.4244575,3.38095382778,1.8000000068241206e-07,RFC J2149+0322,-inf,LSP,788.42505,1123.1962,5.696549e-07,6.776381e-08,5.7543993e+13,3.1326725e-12,46.442272,0.6598596,0.17932615,21.3439,BLL,18.089148,12.99899959564209,12.071000099182127,9.576000213623049,7.48799991607666,96.9,0.0033100000582635,19.27300071716309,18.718000411987305,18.226999282836918,17.871999740600586,17.552000045776367,18.5725,17.8519,17.5553,17.1579,17.1801,0.9279994964599627,2.4949998855590785,1.9863237770507653,-2.4801719985797144,-9.310203,-11.260844,1.2222592,1.6669135,13.76,-11.504085,3.2858324,0.0,0.04871481944604354,
4FGL J2200.1+2138,1,330.0307,21.6382,78.25296,-26.012667,15.452361,4.4557988e-10,4.2110745e-11,4.9673603e-12,4.6800546e-13,PowerLaw,2.109235,0.06915821,2131.6414,2.0583737,0.09317771,0.057004087,0.045591023,0,bll,TXS 2157+213,0.99945754,0.91903216,bllac,330.059155833,21.6325108333,1.8000000068241206e-07,RFC J2200+2137,-inf,LSP,1277.4663,1359.4594,5.0606644e-07,5.5936887e-08,3.981072e+13,1.064317e-12,46.009388,0.57630277,0.16010222,41.7779,BLL,17.775606,13.6850004196167,12.645999908447266,9.8100004196167,7.554999828338623,209.0,,20.121000289916992,19.44300079345703,18.899999618530277,18.42099952697754,18.06599998474121,19.5027,18.5461,17.8633,18.0589,18.2716,1.0390005111694336,2.8359994888305664,2.320146286111054,-1.3968556187296444,-9.351074,-11.303874,1.1889949,1.6628464,13.6,-11.972929,3.3287141,0.0,0.03578403513820349,
4FGL J2211.4-7040,1,332.8558,-70.6795,319.2962,-40.98466,10.815017,2.1336123e-10,2.7232173e-11,2.4110327e-12,3.2023117e-13,PowerLaw,2.1654842,0.10895574,2324.6497,2.2108274,0.09536981,-0.046966355,0.03751081,0,bll,PMN J2211-7039,0.9714903,0.0,wise,332.9843444824219,-70.65412139892578,0.0044999998062849045,nan,-inf,HSP,,,-inf,-inf,1.7782794e+15,2.1404595e-12,17.824245,0.33335045,0.2069115,64.9218,BLL,17.941978,13.64799976348877,12.843000411987305,10.414999961853027,8.197999954223633,,,,,,,,,,,,,0.8049993515014648,2.4280004501342773,2.3129159264174834,-1.3968556187296444,-9.670884,-11.617797,1.0340272,1.2510111,15.25,-11.669493,3.3663576,0.0,0.09495097344905126,
4FGL J2212.6+2800,1,333.1688,28.0085,85.163315,-22.986038,15.877375,4.990845e-10,4.713572e-11,4.4414585e-12,5.1882603e-13,LogParabola,2.1829283,0.062958956,1283.4467,2.092971,0.09101405,0.089666985,0.047295578,0,bll,MG3 J221240+2759,0.99708784,0.9436726,crates,333.162929671,27.9940137333,1.3999999737279722e-07,RFC J2212+2759,-inf,LSP,764.2388,531.97156,5.9597664e-07,6.599729e-08,7.0794575e+13,4.3512698e-13,9.254722,0.0,10.0,51.2056,BLL,19.123985,14.3100004196167,13.390999794006348,10.763999938964844,8.649999618530273,144.4,,20.336000442504883,19.761999130249023,19.170000076293945,18.809999465942383,18.44300079345703,19.7358,19.8727,19.2417,19.2883,19.1387,0.9190006256103516,2.626999855041504,2.1595671932336202,-1.3968556187296444,-9.301826,-11.352474,1.2007787,0.9663634,13.85,-12.361384,3.108378,0.0,0.21807751596442748,
4FGL J2223.3+0102,1,335.8476,1.0476,65.220085,-44.604538,7.2837706,1.58902e-10,3.3311565e-11,1.8275214e-12,3.6121505e-13,PowerLaw,1.9140875,0.14258541,4552.981,1.763931,0.25929788,0.18637094,0.18333481,0,bll,SDSS J222329.56+010226.6,0.995817,0.0,bzcat,335.873212313,1.04073617778,5.399999736255268e-07,RFC J2223+0102,-inf,LSP,8577.248,5483.31,2.2749724e-07,6.3300504e-08,1.5135613e+13,7.0332005e-13,16.480825,0.38600904,0.57908434,12.0229,BLL,19.226076,13.947999954223633,13.130999565124512,10.869999885559082,8.281999588012695,6.1,0.0045199999585747,20.018999099731445,19.48600006103516,19.132999420166016,18.875999450683597,18.652999877929688,19.1312,18.7011,19.4633,18.8591,18.0756,0.8170003890991211,2.2609996795654297,0.785329835010767,-2.344861569168879,-9.798871,-11.738137,0.8623563,1.2169789,13.18,-12.152847,3.6582959,0.0,0.19789256085339219,
4FGL J2234.1-2656,1,338.5425,-26.9375,25.290482,-59.528767,35.71592,1.1716877e-09,6.035749e-11,1.1008198e-11,7.274361e-13,LogParabola,2.0689025,0.034835573,1094.1978,1.9837604,0.05401288,0.05749035,0.023790557,0,bll,PMN J2234-2656,0.9996331,0.9451944,cgrabs,338.53499715,-26.9457159667,9.999999974752427e-07,RFC J2234-2656,-inf,LSP,1260.1866,544.1838,1.2632514e-06,6.667311e-08,3.981072e+13,1.5151198e-12,214.08388,0.67287993,0.1512826,62.4727,BLL,17.85021,13.062999725341797,12.149999618530272,9.571999549865724,7.255000114440918,99.5,0.0111999996006488,,,,,,18.0914,17.8496,17.6907,16.699,17.4148,0.9130001068115252,2.5780000686645472,1.9978230807457253,-1.9507819928151777,-8.931189,-10.958283,1.5528618,2.330584,13.6,-11.819553,3.0390959,0.0,0.04781827929118967,
4FGL J2235.3+1818,1,338.8356,18.311,83.16829,-33.849815,11.227277,3.5180323e-10,4.405111e-11,2.5008556e-12,4.842576e-13,LogParabola,2.2505581,0.08804125,1557.7046,2.0848246,0.17406161,0.20923989,0.10345415,0,bll,2MASS J22352860+1816356,-inf,0.0,rfc,338.869201037,18.2765307806,2.900000026784255e-07,RFC J2235+1816,-inf,ISP,1271.906,596.1456,4.2514648e-07,5.988885e-08,1.0115795e+14,9.063251e-13,17.216526,0.28540733,0.19705528,-inf,BLL,17.82455,13.62399959564209,12.711999893188477,10.086000442504885,8.340999603271484,21.2,,20.12700080871582,19.46699905395508,18.882999420166016,18.45400047302246,18.131000518798828,19.0042,18.6366,18.0002,17.9741,17.7926,0.9119997024536133,2.625999450683592,1.3263358609287514,-1.3968556187296444,-9.4537,-11.601912,1.0502744,1.2359456,14.005,-12.042716,3.192485,0.0,0.12970040218952014,
4FGL J2235.8-3627,1,338.9708,-36.4605,6.342658,-59.90193,33.75216,9.537005e-10,5.2934226e-11,8.938267e-12,5.630217e-13,LogParabola,2.2016914,0.036063243,793.4637,2.0913708,0.05731279,0.079653695,0.027603868,0,bll,NVSS J223554-362901,0.99890375,0.9638232,bzcat,338.978468454,-36.4841329111,2.900000026784255e-07,RFC J2235-3629,-inf,ISP,447.1336,231.41386,1.2520461e-06,7.8868354e-08,1e+14,1.283728e-12,83.20732,0.40075642,0.098430924,14.577,BLL,18.601652,13.498000144958496,12.54599952697754,9.586999893188477,7.519000053405762,67.8,0.0039499998092651,,,,,,,,,,,0.9520006179809553,2.9589996337890643,1.8312296938670634,-2.4034029253444555,-9.020588,-11.048747,1.5283016,1.9201615,14.0,-11.891527,2.899527,0.0,0.2924542235368902,
4FGL J2243.9+2021,1,340.9895,20.3565,86.58174,-33.366913,86.30109,4.222431e-09,1.0562758e-10,4.0794833e-11,1.3844384e-12,LogParabola,1.8752682,0.016656717,1504.9337,1.734964,0.03000782,0.075980276,0.011787642,0,bll,RGB J2243+203,0.99951875,0.9159295,bllac,340.978097954,20.3510493194,1.5999999902760464e-07,RFC J2243+2021,-inf,HSP,8609.439,1635.6699,5.0178696e-06,1.8452586e-07,1.11943786e+15,6.8750682e-12,129.26231,0.27767465,0.064156346,133.553,BLL,16.215754,11.916000366210938,11.088000297546388,8.753000259399414,6.798999786376953,108.5,0.1860000044107437,16.420000076293945,16.058000564575195,15.781000137329102,15.553000450134276,15.383999824523926,16.3518,16.0949,16.0123,15.6313,15.3968,0.828000068664549,2.3350000381469744,2.0354297381845483,-0.7304870454833652,-8.374437,-10.389395,1.9360163,2.111472,15.049,-11.162723,3.1775174,0.0,0.0066394996735699595,
4FGL J2247.8+4413,1,341.974,44.2257,100.72736,-13.254856,20.207674,4.8738374e-10,4.7581654e-11,6.2208515e-12,5.598316e-13,PowerLaw,1.7619675,0.059935782,6289.7583,1.7347585,0.0755261,0.026172277,0.033676654,0,bll,RGB J2247+442,0.99990094,0.9870398,bzcat,341.971689813,44.2209427583,2.499999993688107e-07,RFC J2247+4413,-inf,HSP,998391.44,5.9389175e+06,1.2228302e-06,8.6154785e-07,1.4454398e+16,5.2374997e-12,12.284205,0.13644072,0.18537046,275.969,BLL,17.72743,13.149999618530272,12.493000030517578,10.3149995803833,8.336000442504883,70.6,0.1230000033974647,,,,,,18.0197,17.5851,17.2799,17.2365,17.0154,0.6569995880126935,2.1780004501342773,1.8488047010518038,-0.9100948765646659,-9.312129,-11.20615,1.3055164,1.0893471,16.16,-11.280876,3.798634,0.0,0.0018402772162342015,
4FGL J2251.5-4928,1,342.8789,-49.4691,340.6581,-57.94625,23.312366,5.4075994e-10,4.135099e-11,5.094741e-12,5.435571e-13,LogParabola,1.8441962,0.050417267,2068.5957,1.6596388,0.09276455,0.11359347,0.0439069,0,bll,SUMSS J225128-492912,0.99897534,0.0,rfc,342.869576221,-49.4864251778,8.099999831756577e-06,RFC J2251-4929,-inf,ISP,9253.714,3889.496,7.062862e-07,7.7598564e-08,1.14815364e+14,5.6427915e-13,109.20144,0.83707297,0.19644675,53.5139,BLL,18.3707,13.925000190734863,13.213000297546388,10.63599967956543,8.475000381469727,,0.0033199999015778,,,,,,,,,,,0.7119998931884748,2.577000617980959,2.3129159264174834,-2.4788619291707286,-9.266995,-11.292878,1.3675864,2.0382283,14.06,-12.248506,3.3156757,0.0,0.029856762801086414,
4FGL J2256.6-2011,1,344.1728,-20.1986,41.530987,-62.895115,28.965147,8.189571e-10,4.8347177e-11,9.20565e-12,5.065692e-13,PowerLaw,2.1479795,0.04277445,1289.4344,2.1245277,0.05303821,0.021905007,0.025296658,0,bll,PKS 2254-204,0.99987644,0.98200613,bllac,344.171698771,-20.1945859222,1.3000000365082087e-07,RFC J2256-2011,-inf,LSP,75.151924,302.74667,1.1214446e-06,3.1903144e-07,1.2022644e+13,2.9058821e-12,12.047663,0.059363656,0.1352756,65.7085,BLL,18.101728,12.46399974822998,11.402000427246094,8.543000221252441,6.199999809265137,344.8,0.0299999993294477,,,,,,17.8137,17.8659,16.9994,17.0373,16.5487,1.0619993209838867,2.8590002059936523,2.5375672571526753,-1.5228787549875764,-9.086739,-11.035946,1.4618757,1.0809028,13.08,-11.536722,3.1103992,0.0,0.2767934680387965,
4FGL J2256.7+1307,1,344.1777,13.1207,84.62112,-41.06331,6.573873,1.4266682e-10,3.179332e-11,1.6388904e-12,3.4670517e-13,PowerLaw,1.9166052,0.14510845,4511.3955,1.5681423,0.42487976,0.32705382,0.26896688,0,bll,NVSS J225624+130541,0.9582848,0.0,bllac,344.101135246,13.0949025917,1.2109551050798473e-07,RFC J2256+1305,-inf,ISP,8730.57,3795.8525,2.3793444e-07,7.239255e-08,2.9853828e+14,7.1853347e-13,14.897784,0.34825066,0.48615077,14.6037,BLL,18.788769,13.897000312805176,13.008999824523926,10.51200008392334,8.065999984741211,44.2,,19.59199905395508,19.027999877929688,18.593000411987305,18.29800033569336,18.0,19.0327,18.7042,18.4848,18.2807,17.9165,0.88800048828125,2.496999740600586,1.6454222693490919,-1.3968556187296444,-9.845677,-11.78545,0.8178213,1.1731217,14.475,-12.143553,3.654311,0.0,0.012911434136936217,
4FGL J2258.3-3643,1,344.5757,-36.7277,3.9459403,-64.2682,12.423449,2.631855e-10,3.0585732e-11,2.9403771e-12,3.382832e-13,PowerLaw,2.1218176,0.09190174,1981.753,2.0757086,0.12057988,0.04606684,0.06326799,0,bll,MRSS 406-025483,0.99871296,0.0,bzcat,344.562561467,-36.7428777028,7.3999999585794285e-06,RFC J2258-3644,-inf,ISP,871.32214,1832.7762,2.9967575e-07,4.4805144e-08,6.025596e+14,7.467771e-13,20.960033,0.39926395,0.17444299,29.3291,BLL,18.100555,13.925000190734863,13.345000267028809,10.993000030517578,8.833999633789062,10.6,0.007309999782592,,,,,,,,,,,0.5799999237060547,2.3520002365112305,1.0253058652647702,-2.1360826359585685,-9.579738,-11.531597,1.0942422,1.3213919,14.78,-12.126809,3.2970495,0.0,0.0200693755707375,
4FGL J2300.1+4053,1,345.0338,40.8983,101.25155,-17.241013,6.644863,1.1572741e-10,2.9607608e-11,1.513815e-12,3.4256948e-13,PowerLaw,1.7352899,0.14804669,7509.036,1.4727921,0.32069728,0.21905796,0.19666381,0,bll,NVSS J230012+405224,0.99663997,0.95115083,whsp2,345.0515441894531,40.87363815307617,0.008999999612569809,nan,-inf,HSP,25014.6,20804.139,2.7068836e-07,8.773421e-08,2.2908677e+16,2.1369974e-12,13.958277,0.0,10.0,60.7871,BLL,19.468489,14.670000076293944,14.192999839782717,12.097000122070312,9.262999534606934,13.5,,,,,,,,,,,,0.4770002365112269,2.095999717712404,1.130333768495006,-1.3968556187296444,-9.9365635,-11.819927,0.82248604,1.1448318,16.36,-11.670196,3.8755841,0.0,0.005650370941758893,
4FGL J2300.3+3136,1,345.0879,31.6121,96.83491,-25.569977,31.145176,9.744313e-10,5.664044e-11,8.467871e-12,6.737241e-13,LogParabola,1.8982782,0.038213477,1899.9678,1.7210029,0.06846825,0.12388474,0.03448341,0,bll,NVSS J230022+313703,0.9998287,0.9475043,bzcat,345.095155646,31.6178902028,2.399999914359796e-07,RFC J2300+3137,-inf,ISP,5858.372,1449.2291,1.1667179e-06,8.896366e-08,2.3442289e+14,2.0545987e-12,10.3890505,0.0,10.0,45.5318,BLL,17.739347,13.001999855041504,12.074000358581545,9.592000007629396,7.579999923706055,67.5,,18.496000289916992,18.000999450683594,17.59000015258789,17.277999877929688,17.020999908447266,18.0632,17.6749,17.3063,17.2008,17.1426,0.9279994964599592,2.4820003509521484,1.8293037728310249,-1.3968556187296444,-9.011249,-11.072226,1.4933908,1.0165758,14.37,-11.687273,3.2787461,0.0,0.005649777970009464,
4FGL J2304.6+3704,1,346.1726,37.0826,100.35355,-21.065008,24.159227,6.7004535e-10,4.8925558e-11,7.8499655e-12,5.808212e-13,PowerLaw,1.8785375,0.051489163,3654.1477,1.8691261,0.061237562,0.0077342074,0.02595822,0,bll,1RXS J230437.1+370506,0.9990464,0.9879036,bllac,346.152977708,37.0853953056,2.7999999474559445e-07,RFC J2304+3705,-inf,HSP,1.72675e+07,4.5983613e+08,1.236853e-06,1.9972429e-06,2.6001595e+16,4.529946e-12,39.507015,0.39735016,0.11589052,153.539,BLL,17.354015,13.508999824523926,12.843000411987305,10.822999954223633,8.753000259399414,22.5,0.2160000056028366,,,,,,17.7576,17.4399,17.3391,17.0327,17.0366,0.6659994125366211,2.020000457763672,1.3521825181113625,-0.6655462375838793,-9.173896,-11.105132,1.3830831,1.5966742,16.415,-11.343907,3.562786,0.0,0.0037477094708165183,
4FGL J2309.7-3632,1,347.4302,-36.5473,2.9343524,-66.526886,17.977705,4.0174497e-10,3.5108243e-11,4.464457e-12,3.9345518e-13,PowerLaw,2.0451736,0.068500414,1992.4604,2.0753152,0.07336928,-0.023159724,0.02939254,0,bll,WISEA J230940.84-363248.7,0.99948573,0.9588516,whsp2,347.420191138,-36.5468985917,7.099999947968172e-07,RFC J2309-363A,-inf,HSP,,,-inf,-inf,7.3282455e+15,3.570179e-12,9.684461,0.0,10.0,119.018,BLL,17.390425,13.503000259399414,12.722999572753906,10.51099967956543,8.579999923706055,,,,,,,,,,,,,0.7800006866455078,2.2119998931884766,2.3129159264174834,-1.3968556187296444,-9.3960495,-11.350231,1.2547343,0.98607546,15.865,-11.44731,3.2993898,0.0,0.02737373570378465,
4FGL J2311.0+0205,1,347.7661,2.0995,79.34671,-52.0682,22.20984,7.7407497e-10,5.7641822e-11,6.6968596e-12,6.2779415e-13,LogParabola,2.164412,0.04868281,947.10504,2.0208688,0.08269674,0.102327175,0.04384829,0,bll,NVSS J231101+020504,0.9993487,0.88501495,bzcat,347.755387071,2.08481312778,1.8999999440438842e-07,RFC J2311+0205,-inf,LSP,855.2888,390.47095,9.216697e-07,7.0218505e-08,8.709636e+13,3.2598828e-12,167.08553,0.90765697,0.20547672,47.3939,BLL,17.114466,12.388999938964844,11.395999908447266,8.845999717712402,6.611000061035156,61.9,0.0094799995422363,17.834999084472656,17.304000854492188,16.864999771118164,16.5310001373291,16.239999771118164,17.465,17.1865,16.5784,17.1096,16.9147,0.9930000305175781,2.5500001907348633,1.791690649020118,-2.0231916836328465,-9.111217,-11.174129,1.3465455,2.2229388,13.94,-11.486798,2.9763982,0.0,0.17992125499045003,
4FGL J2317.4-4533,1,349.3565,-45.5623,342.10312,-63.765793,21.892303,5.6820226e-10,4.3305803e-11,4.3828725e-12,4.68369e-13,LogParabola,1.9934595,0.054980773,1822.6946,1.7845584,0.09581977,0.16074708,0.05209682,0,bll,SUMSS J231731-453400,0.9991388,0.9019552,bzcat,349.383290408,-45.5665826278,6.0999998822808266e-05,RFC J2317-4533,-inf,HSP,3562.4265,879.34,6.519412e-07,6.132307e-08,2.3442289e+15,2.9287681e-12,31.65723,0.39042708,0.12647475,16.3722,BLL,18.35526,13.246000289916992,12.496999740600586,10.513999938964844,8.744999885559082,,,,,,,,,,,,,0.7490005493164062,1.9829998016357422,2.3129159264174834,-1.3968556187296444,-9.245497,-11.358241,1.3402915,1.5004729,15.37,-11.533315,3.2607138,0.0,0.011013522397260191,
4FGL J2319.7+1609,1,349.9448,16.1637,93.06248,-41.331345,6.8253446,1.2361993e-10,3.4481102e-11,1.1075513e-12,3.0469103e-13,LogParabola,1.9008739,0.14276941,3947.8333,1.4308736,0.37271687,0.38387442,0.2631758,0,bll,RX J2319.6+1611,0.9956948,0.0,bllac,349.930983975,16.1972693667,5.200000032345997e-06,RFC J2319+1611,-inf,HSP,8285.1045,3184.1826,2.4525465e-07,7.132992e-08,7.3282455e+15,2.6002314e-12,10.994845,0.0,10.0,-inf,BLL,18.370773,13.866999626159668,13.208999633789062,11.411999702453612,8.930999755859375,36.6,0.0271000005304813,17.89699935913086,17.591999053955078,17.34000015258789,17.145999908447266,16.974000930786133,18.569,18.1489,18.1085,18.0233,17.7347,0.6579999923706055,1.796999931335451,1.5634810853944108,-1.5670307006242992,-9.907911,-11.955636,0.83412457,1.0411892,15.865,-11.584988,3.5963588,0.0,0.00553327492302353,
4FGL J2321.7-6438,1,350.4332,-64.6453,317.60803,-49.849125,25.588898,5.752875e-10,3.6466708e-11,6.40302e-12,3.976811e-13,PowerLaw,2.0971012,0.047587227,1665.1965,2.0813122,0.05577756,0.016366059,0.025914015,0,bll,PMN J2321-6438,0.9989437,0.9415462,at20g,350.4258728027344,-64.63530731201172,0.0044999998062849045,nan,-inf,ISP,138.86879,683.5091,6.855152e-07,1.5740571e-07,5.1582215e+14,1.5770192e-12,183.44705,0.8844304,0.19934168,53.5444,BLL,17.377182,13.505000114440918,12.58899974822998,9.970000267028809,8.217000007629395,,,,,,,,,,,,,0.9160003662109375,2.618999481201172,2.3129159264174834,-1.3968556187296444,-9.240115,-11.193615,1.4080516,2.2635107,14.7125,-11.802163,3.2214656,0.0,0.039061035327572956,
4FGL J2324.7+0801,1,351.1896,8.0282,89.02081,-49.05167,21.925016,7.0550243e-10,5.017011e-11,8.0442345e-12,5.539444e-13,PowerLaw,2.189968,0.05624652,1640.2319,2.1562612,0.06948895,0.046235025,0.036348473,0,bll,PMN J2324+0801,0.99956995,0.9284151,bzcat,351.188854758,8.03504819444,3.099999901223782e-07,RFC J2324+0802,-inf,ISP,302.69766,532.15564,9.293913e-07,1.5810993e-07,1e+14,1.1381696e-12,25.900467,0.2849192,0.10450956,47.6536,BLL,17.843899,13.071999549865724,12.208000183105469,9.98799991607666,8.1850004196167,75.4,0.0028699999675154,17.611000061035156,17.149999618530273,16.77400016784668,16.489999771118164,16.238000869750977,18.1742,17.5722,17.3922,17.3845,16.9429,0.8639993667602557,2.2200002670288086,1.877371345869774,-2.542118108181646,-9.151502,-11.094515,1.34094,1.4133077,14.0,-11.943793,3.2149053,0.0,0.040627063792746394,
4FGL J2325.2+3957,1,351.3154,39.9542,105.502754,-19.98307,39.83958,1.5460951e-09,6.741308e-11,1.28008385e-11,7.174178e-13,LogParabola,2.1154797,0.029911958,1218.4473,1.9852036,0.048377298,0.11333956,0.024901329,0,bll,B3 2322+396,0.9997895,0.9626825,bllac,351.324457704,39.9601412806,1.1000000199601345e-07,RFC J2325+3957,-inf,LSP,1300.6342,268.00522,1.7451886e-06,8.0695365e-08,3.427678e+13,1.4651767e-12,86.03061,0.37754604,0.0915306,34.8352,BLL,18.37077,13.574000358581545,12.550999641418455,9.63599967956543,7.11299991607666,113.3,0.0070899999700486,,,,,,18.7102,18.1704,17.8381,17.8267,17.7184,1.0230007171630895,2.9149999618530256,2.0542299098633974,-2.1493537666515916,-8.810763,-10.892761,1.6003147,1.934653,13.535,-11.83411,3.0858068,0.0,0.1246225009910251,
4FGL J2325.6+1644,1,351.4248,16.746,95.10169,-41.446236,9.901143,2.3254307e-10,3.3284715e-11,2.5862678e-12,3.6979388e-13,PowerLaw,2.0338345,0.10767619,2709.2437,1.9805207,0.14694014,0.05791979,0.08216102,0,bll,NVSS J232538+164641,0.99761444,0.0,whsp2,351.408827679,16.7785344417,3.4999999343199306e-07,RFC J2325+1646,-inf,HSP,3205.3691,3751.614,2.5492093e-07,4.635075e-08,2.5118864e+15,2.0000828e-12,15.355905,0.33921954,0.27127156,27.3104,BLL,18.38761,13.720999717712402,12.97700023651123,10.583000183105469,8.418000221252441,50.8,0.0127999996766448,18.54700088500977,18.170000076293945,17.82200050354004,17.57900047302246,17.33300018310547,18.574,18.2582,17.9965,17.62,17.6001,0.7439994812011719,2.3940000534057617,1.7058637122839193,-1.8927900413233332,-9.633496,-11.587326,0.99568534,1.1862755,15.4,-11.698952,3.432848,0.0,0.007572498320987441,
4FGL J2327.4+0444,1,351.8522,4.7433,87.26658,-52.212,6.000328,1.7531596e-10,3.272358e-11,2.1362985e-12,3.975343e-13,PowerLaw,2.3057313,0.13292964,1458.0117,2.304374,0.2037281,0.16554953,0.1440208,0,bll,NVSS J232733+044740,0.96929973,0.0,crates,351.890643346,4.79513155833,4.400000079840538e-07,RFC J2327+0447,-inf,ISP,581.4618,652.9132,2.8727933e-07,7.5962774e-08,2.7227012e+14,1.2425961e-12,18.568659,0.40761116,0.24346296,-inf,BLL,19.123486,13.699000358581545,12.826000213623049,10.39799976348877,8.253000259399414,165.7,,,,,,,,,,,,0.8730001449584961,2.428000450134279,2.219322508419337,-1.3968556187296444,-9.756179,-11.670338,0.778175,1.2687806,14.435,-11.90567,3.163761,0.0,0.29701409488196334,
4FGL J2339.2-7403,1,354.8153,-74.0579,309.51974,-42.134506,21.481884,4.5704196e-10,3.46021e-11,5.113467e-12,3.9539896e-13,PowerLaw,1.9947236,0.057532057,2440.7595,1.9696267,0.07312965,0.020826243,0.033262633,0,bll,1RXS J233919.8-740439,0.9986203,0.9400002,whsp2,354.8370361328125,-74.0766372680664,0.0044999998062849045,nan,-inf,HSP,5060.771,7556.2285,4.825098e-07,5.123158e-08,4.2169652e+17,1.5034674e-12,26.01728,0.31283796,0.11403378,86.7338,BLL,17.866219,13.512999534606934,12.94200038909912,11.149999618530272,9.130999565124512,,,,,,,,,,,,,0.5709991455078143,1.7920007705688477,2.3129159264174834,-1.3968556187296444,-9.340044,-11.291285,1.3320724,1.4152619,17.625,-11.822906,3.387525,0.0,0.006851992920444111,
4FGL J2343.9+0546,1,355.9906,5.7788,94.06728,-53.269043,10.89121,3.8969272e-10,4.9393076e-11,2.5666314e-12,4.3888322e-13,LogParabola,2.1552544,0.086735554,1915.339,2.051894,0.1469635,0.24414328,0.108073175,0,bll,1RXS J234354.4+054713,0.99686605,0.8809264,rfc,355.983488088,5.78409717778,1.700000069604357e-07,RFC J2343+0547,-inf,HSP,1722.2245,551.0866,4.5838982e-07,6.626046e-08,1.0914403e+15,2.9407629e-12,16.593552,0.29183647,0.20158279,-inf,BLL,17.9946,13.36299991607666,12.604999542236328,10.498000144958496,8.177000045776367,19.0,,,,,,,,,,,,0.758000373840332,2.106999397277832,1.2787536009528289,-1.3968556187296444,-9.409278,-11.590636,1.0370761,1.2199394,15.038,-11.53154,3.2822456,0.0,0.04660726497676226,
4FGL J2346.7+8008,1,356.6867,80.1366,120.06229,17.6272,12.340413,6.6920636e-10,6.727549e-11,6.8973763e-12,9.087398e-13,LogParabola,2.3971884,0.06010827,2313.641,2.5165546,0.09755273,0.1130327,0.051814675,16,bll,WN B2344.2+7951,0.99969,0.9381508,bllac,356.6067044,80.1320109917,1.8999999440438842e-07,RFC J2346+8007,-inf,LSP,235.47377,211.14793,1.244838e-06,2.714777e-07,1.428894e+12,6.6624354e-13,12.503614,0.09922654,0.16060418,18.7616,BLL,18.66666,14.0649995803833,13.015999794006348,10.748000144958496,8.404000282287598,141.9,0.0076199998147785,,,,,,20.0707,19.1316,18.5813,17.7696,17.8746,1.0489997863769531,2.2679996490478516,2.151982395457474,-2.1180450392169186,-9.17444,-11.161316,1.0913297,1.0970355,12.155,-12.176367,3.364296,0.0,0.6944520791207028,
4FGL J2351.3-7559,1,357.8326,-75.9865,307.67386,-40.58343,19.563074,4.587061e-10,3.9287906e-11,4.129339e-12,4.7461855e-13,LogParabola,1.96087,0.059747733,2018.8951,1.802391,0.10417729,0.096765004,0.048246104,0,bll,SUMSS J235115-760012,0.9991656,0.8487799,rfc,357.817208267,-76.0043211528,1.500000053056283e-06,RFC J2351-7600,-inf,HSP,5604.8184,2325.5745,5.2648306e-07,5.9266966e-08,3.0199518e+15,1.5696832e-12,19.88268,0.27508375,0.12947953,134.721,BLL,18.146832,13.696000099182127,13.105999946594238,11.241000175476074,8.821999549865723,,0.025000000372529,,,,,,,,,,,0.5900001525878888,1.864999771118164,2.3129159264174834,-1.602059984856471,-9.338466,-11.384119,1.2914371,1.2984749,15.48,-11.804188,3.3051138,0.0,0.004174161569435489,
4FGL J2352.0+1750,1,358.0132,17.8394,103.52169,-42.783012,16.415041,4.630922e-10,4.459037e-11,3.6866335e-12,5.2728985e-13,LogParabola,2.0698173,0.06825802,1539.7445,1.8909712,0.12553252,0.1295854,0.06827215,0,bll,CLASS J2352+1749,0.99867755,0.8293364,bzcat,358.024322129,17.8204851722,2.900000026784255e-07,RFC J2352+1749,-inf,ISP,2345.0334,922.037,5.09233e-07,5.7608442e-08,2.7227012e+14,1.1044982e-12,46.650047,0.56932986,0.15848067,21.6937,BLL,17.76779,13.741999626159668,12.843000411987305,10.324999809265137,8.133999824523926,44.2,,18.336000442504883,17.96299934387207,17.611000061035156,17.389999389648438,17.194000244140625,19.0274,18.5698,18.3236,18.0532,17.4172,0.8989992141723633,2.518000602722168,1.6454222693490919,-1.3968556187296444,-9.334332,-11.43337,1.215242,1.6688521,14.435,-11.956835,3.1874487,0.0,0.02623324034571558,
