"Source_Name","DataRelease","RAJ2000","DEJ2000","GLON","GLAT","Signif_Avg","Flux1000","Unc_Flux1000","Energy_Flux100","Unc_Energy_Flux100","SpectrumType","PL_Index","Unc_PL_Index","Pivot_Energy","LP_Index","Unc_LP_Index","LP_beta","Unc_LP_beta","Flags","CLASS","ASSOC1","ASSOC_PROB_BAY","ASSOC_PROB_LR","Counterpart_Catalog","RA_Counterpart","DEC_Counterpart","Unc_Counterpart","VLBI_Counterpart","Redshift","SED_class","nu_syn","nuFnu_syn","Variability_Index","Frac_Variability","Unc_Frac_Variability","Highest_energy","Gaia_G_Magnitude","AGN_Type","LabelNo","LogFlux","LogEnergy_Flux","LogSignificance","LogVariability_Index","Lognu_syn","LognuFnu_syn","LogPivot_Energy","InvRedshift"
"4FGL J0001.2-0747",1,0.315100014209747,-7.79710006713867,89.0327224731445,-67.3050079345703,23.3693428039551,8.23205059674592e-10,5.6777423040888e-11,9.44017780613038e-12,6.5065303405526e-13,"PowerLaw",2.1049427986145,0.0500279888510704,1612.61413574219,2.07189321517944,0.0635740682482719,0.0487698614597321,0.0322345234453678,0,"bll","PMN J0001-0746",0.997014462947845,0.932932138442993,"bzcat",0.3251038,-7.774144975,1.80000000682412e-07,"RFC J0001-0746",NA,"LSP",91201080393728,1.93676975498991e-12,33.2286796569824,0.332793176174164,0.108399756252766,86.9751968383789,16.50757,"BLL",0,-9.08449196892832,-11.0250198256708,1.3686464992716,1.5215130849116,13.9599999831338,-11.7129220055487,3.20753046238875,NA
"4FGL J0009.3+5030",1,2.34660005569458,50.5115013122559,116.124366760254,-11.8035879135132,57.9272193908691,2.63245936160672e-09,8.71198252427874e-11,2.5818997981264e-11,1.18526575273309e-12,"LogParabola",1.99391210079193,0.0222308374941349,1316.57922363281,1.89767110347748,0.0328300781548023,0.0622856616973877,0.0143649987876415,0,"bll","NVSS J000922+503028",0.99996942281723,0.928107738494873,"bzcat",2.344833625,50.5080106194,3.70000009297655e-07,"RFC J0009+5030",NA,"HSP",1258925378764800,1.19589483715127e-12,148.499588012695,0.38765761256218,0.0970162153244019,72.7617034912109,18.19759,"BLL",0,-8.57963832447911,-10.5880606164326,1.76288268209504,2.1717252487774,15.0999999886058,-11.9223070090206,3.11944699739679,NA
"4FGL J0013.1-3955",1,3.28020000457764,-39.9272003173828,332.339874267578,-74.936164855957,18.3475341796875,4.18483747655074e-10,3.79446925269367e-11,4.98482331801053e-12,4.8477395058269e-13,"PowerLaw",2.00226831436157,0.0675223544239998,2175.20239257812,1.91790437698364,0.0959404408931732,0.115241721272469,0.0539051294326782,0,"bll","PKS 0010-401",0.998661458492279,0.999435722827911,"bllac",3.24962430417,-39.9072375472,9.49999972021942e-08,"RFC J0012-3954",NA,"LSP",7244359401472,9.46614206291663e-13,12.1377325057983,0.187760293483734,0.15923760831356,24.104700088501,18.870478,"BLL",0,-9.37832140371798,-11.3023502302055,1.26357770542117,1.08413756217605,12.8599999880534,-12.0238269821543,3.33749967227478,NA
"4FGL J0019.3-8152",1,4.8326997756958,-81.8797988891602,304.314361572266,-35.1620903015137,19.4846897125244,6.12944750510991e-10,4.69946338788052e-11,5.91443604161523e-12,5.54704123346267e-13,"PowerLaw",2.11243629455566,0.0595200732350349,1951.51416015625,2.07546877861023,0.0757830366492271,0.0410557463765144,0.0377422831952572,0,"bll","PMN J0019-8152",0.999825775623322,0.976639688014984,"bzcat",4.83601874167,-81.8809475222,1.39999997372797e-06,"RFC J0019-8152",NA,"ISP",754223369158656,4.57526247790718e-12,19.4399662017822,0.250651597976685,0.112146817147732,53.9177017211914,16.735743,"BLL",0,-9.21257867006491,-11.2280866602822,1.28969349418252,1.28869550552893,14.8774999846321,-11.3395839858736,3.29037170686267,NA
"4FGL J0019.6+2022",1,4.90700006484985,20.3754997253418,112.900817871094,-41.8758354187012,11.7326860427856,3.17321835474615e-10,3.85794209079027e-11,3.1332926704597e-12,4.51828705743187e-13,"PowerLaw",2.16482949256897,0.0890141576528549,1691.4482421875,2.11334800720215,0.123257420957088,0.118588633835316,0.0834028869867325,0,"bll","PKS 0017+200",0.998645782470703,0.985692620277405,"bllac",4.90772707083,20.3626790694,6.79999985209179e-08,"RFC J0019+2021",NA,"LSP",2290867765248,1.17670879550696e-12,15.9731426239014,0.372970283031464,0.199663251638412,-Inf,19.2491,"BLL",0,-9.49850004230282,-11.5039990372188,1.06939744945727,1.20339036948536,12.3600000213236,-11.9293310003273,3.22825871304551,NA
"4FGL J0021.5-2552",1,5.39120006561279,-25.8680992126465,41.9261016845703,-83.1996765136719,24.4983425140381,6.54388598864131e-10,4.62057787864456e-11,7.00609969345178e-12,5.47088904127163e-13,"PowerLaw",2.12144136428833,0.0501471050083637,1301.55676269531,2.08159375190735,0.0632220953702927,0.0459135137498379,0.0324021726846695,0,"bll","CRATES J002132.55-255049.3",0.998194873332977,0.853462994098663,"bzcat",5.3856229,-25.8470519611,4.49999987495175e-07,"RFC J0021-2550",NA,"ISP",412097515094016,1.49734543340718e-12,29.7312088012695,0.316963464021683,0.1059789955616,50.5625,17.618673,"BLL",0,-9.18416427579995,-11.1545236871713,1.38913670226831,1.47321256695969,14.6149999957811,-11.824677997575,3.11446311304287,NA
"4FGL J0022.1-1854",1,5.53529977798462,-18.9067993164062,82.0826568603516,-79.3743515014648,27.4928455352783,8.57129589526551e-10,5.93155108363774e-11,9.49065652455783e-12,7.32501949721187e-13,"LogParabola",1.94224107265472,0.0453778170049191,1479.99499511719,1.76786077022552,0.0794927254319191,0.105158574879169,0.0383044295012951,0,"bll","1RXS J002209.2-185333",0.999663531780243,0.922496020793915,"bzcat",5.53862082917,-18.8930185972,3.49999993431993e-07,"RFC J0022-1853",NA,"LSP",66069343502336,1.80719913860095e-12,15.9172487258911,0.146507352590561,0.102939158678055,95.5201034545898,17.230118,"BLL",0,-9.06695351207728,-11.0227037438287,1.43921969205569,1.20186800269669,13.8199999914651,-11.7429939890935,3.17026024674856,NA
"4FGL J0022.5+0608",1,5.63759994506836,6.13430023193359,110.012115478516,-56.0111083984375,48.8026580810547,2.08237804777411e-09,8.62664592538032e-11,2.15125989938558e-11,8.76809421509334e-13,"LogParabola",2.14897036552429,0.0278715882450342,850.430297851562,2.07054972648621,0.0402875989675522,0.0513761639595032,0.0185556262731552,0,"bll","PKS 0019+058",0.999870240688324,0.98650586605072,"bllac",5.6351717375,6.13451915833,6.79999985209179e-08,"RFC J0022+0608",NA,"LSP",13963683168256,2.71381354888245e-12,58.4823303222656,0.254651248455048,0.0711956471204758,36.3344993591309,18.874916,"BLL",0,-8.68144042316468,-10.6673071181804,1.68844347688993,1.76702466945489,13.1449999862436,-11.5664199936229,2.92963872418146,NA
"4FGL J0023.9+1603",1,5.98190021514893,16.0638999938965,113.344970703125,-46.2951240539551,9.08593368530273,2.57327020802833e-10,3.78543932311182e-11,2.95753005419286e-12,4.69602059061797e-13,"PowerLaw",2.06521344184875,0.108238205313683,2201.62548828125,1.93830931186676,0.185328364372253,0.128663003444672,0.108336143195629,0,"bll","87GB 002122.5+154553",0.997017979621887,0,"bzcat",6.005336625,16.0427651639,4.99999998737621e-07,"RFC J0024+1602",NA,"LSP",57543992803328,7.60881429476973e-13,8.71981239318848,0.150687590241432,0.399758040904999,14.9981002807617,19.71136,"BLL",0,-9.58951460800098,-11.5290708334105,0.958369562743609,0.940507141184919,13.7599999929782,-12.1186830154186,3.34274344442416,NA
"4FGL J0029.0-7044",1,7.25089979171753,-70.7414016723633,305.604736328125,-46.2702484130859,18.4595260620117,4.67760330469247e-10,3.837439047083e-11,6.52218513572111e-12,5.0578259028905e-13,"PowerLaw",2.21812558174133,0.0683405473828316,1561.71752929688,2.17749333381653,0.0927025377750397,0.0353317186236382,0.0458612255752087,0,"bll","PKS 0026-710",0.999319732189178,0.95868855714798,"bzcat",7.1731794,-70.7544244639,6.29999988177588e-07,"RFC J0028-7045",NA,"LSP",20892960686080,3.04480160702447e-12,45.4701995849609,0.448783338069916,0.135260030627251,15.3715000152588,19.283255,"BLL",0,-9.32997661234479,-11.1856068776734,1.26622054656555,1.65772686048303,13.3199999870611,-11.5164409998395,3.19360248500782,NA
"4FGL J0031.3+0726",1,7.82999992370605,7.44430017471313,114.195915222168,-55.0858459472656,7.88067436218262,1.79461209781628e-10,3.42678177500666e-11,2.27420729817518e-12,4.34650227051567e-13,"PowerLaw",1.91562020778656,0.131315514445305,3832.85888671875,1.83504962921143,0.181139796972275,0.0866593793034554,0.0925217941403389,0,"bll","NVSS J003119+072456",0.989553570747375,0,"wise",7.83212394167,7.41487718889,3.3000000598804e-07,"RFC J0031+0724",NA,"ISP",749894176342016,8.90405858853388e-13,13.1531734466553,0.305908620357513,0.450338631868362,54.3461990356445,18.247992,"BLL",0,-9.74602940891472,-11.6431699511037,0.896563382368185,1.11903054705378,14.8749999808939,-12.0504119910146,3.58352283025161,NA
"4FGL J0040.3+4050",1,10.0988998413086,40.8362007141113,120.679779052734,-21.9872570037842,9.33174419403076,2.17541290536971e-10,4.19557270869841e-11,2.44790320826083e-12,4.97008846838537e-13,"PowerLaw",1.92570066452026,0.1474649310112,5153.22265625,1.98428404331207,0.0912429019808769,-0.0749558061361313,0.0314759388566017,4,"bll","B3 0037+405",0.9963498711586,0.878672242164612,"bllac",10.0575411875,40.8346463778,1.203626197821e-06,"RFC J0040+4050",NA,"LSP",19054607728640,5.79488713958742e-13,16.4109172821045,0.451554954051971,0.302219718694687,118.511001586914,20.178925,"BLL",0,-9.66245829939701,-11.6112057584829,0.969962825209203,1.21513285645972,13.280000012513,-12.2369550178767,3.71207890750894,NA
"4FGL J0045.1-3706",1,11.2936000823975,-37.1064987182617,310.094970703125,-79.9344863891602,20.8074913024902,4.11616352113953e-10,3.76255623879551e-11,6.94448665239378e-12,4.61825890030187e-13,"PowerLaw",2.59465217590332,0.0530942566692829,505.546997070312,2.57889986038208,0.0598900653421879,0.0249060112982988,0.0347427912056446,0,"fsrq","PKS 0042-373",0.999034762382507,0.967239856719971,"crates",11.3002753833,-37.0967962694,1.59999999027605e-07,"RFC J0045-3705",NA,"LSP",5370318159872,9.89356925377993e-13,102.666801452637,0.558178424835205,0.144857138395309,10.3385000228882,17.88754,"FSRQ",1,-9.38550738052818,-11.1583598524854,1.31821972177038,2.01143003194407,12.7300000158641,-12.0046470018735,2.7037615350399,NA
"4FGL J0045.3+2128",1,11.339599609375,21.4668006896973,121.046653747559,-41.3826942443848,42.9982376098633,1.51233381373572e-09,7.29528173981642e-11,1.90537013250447e-11,1.22836658379699e-12,"LogParabola",1.80910086631775,0.0322528928518295,2123.08129882812,1.66907477378845,0.0561114102602005,0.0763050317764282,0.0221657827496529,0,"bll","GB6 J0045+2127",0.999621033668518,0.978806972503662,"whsp2",11.3304093833,21.4611111167,1.59999999027605e-07,"RFC J0045+2127",NA,"HSP",7943282168430592,5.56501069184923e-12,222.415374755859,0.844188511371613,0.205132871866226,246.753005981445,16.760456,"BLL",0,-8.82035233749724,-10.7200206468177,1.63345065530059,2.34716480512603,15.8999999902235,-11.2545339969345,3.32696662485673,NA
"4FGL J0056.4-2118",1,14.120400428772,-21.3029003143311,134.363037109375,-84.062385559082,29.5387020111084,9.48869982586587e-10,6.0303234628023e-11,6.72185918038082e-12,7.20341754995024e-13,"LogParabola",1.91210079193115,0.0416111536324024,1603.04553222656,1.73241865634918,0.0748860314488411,0.123462654650211,0.0358191765844822,0,"bll","PMN J0056-2117",0.998817563056946,0.930442154407501,"bzcat",14.134481525,-21.2855897528,4.40000007984054e-07,"RFC J0056-2117",NA,"ISP",309029540724736,2.10701204747532e-12,25.1196155548096,0.262547433376312,0.0963487327098846,48.1236991882324,17.245262,"BLL",0,-9.02279329201274,-11.1725105900254,1.47039140763814,1.40001298842095,14.4899999964492,-11.6763329811754,3.20494585804592,NA
"4FGL J0058.0-3233",1,14.5131998062134,-32.5657997131348,288.560272216797,-84.3767242431641,39.9495735168457,1.39537004173462e-09,6.86205883781987e-11,1.23661610465509e-11,7.84191559344977e-13,"LogParabola",2.10806727409363,0.0324102863669395,993.82958984375,1.91580474376678,0.0675906762480736,0.14846758544445,0.0340859442949295,0,"bll","PKS 0055-328",0.999779284000397,0.974958598613739,"cgrabs",14.5092929833,-32.5724306389,2.3999999143598e-07,"RFC J0058-3234",NA,"LSP",36307803832320,2.18000248929096e-12,66.1132354736328,0.340640485286713,0.0927306115627289,27.1646995544434,17.088493,"BLL",0,-8.85531060545678,-10.9077651019118,1.6015121473479,1.82028841134281,13.5599999803271,-11.661543010485,2.99731192309431,NA
"4FGL J0107.4+0334",2,16.8507995605469,3.56909990310669,130.697830200195,-59.0617065429688,7.02907609939575,1.82177106733405e-10,3.27059802851526e-11,2.73682660735519e-12,4.58414827365222e-13,"PowerLaw",2.35384917259216,0.162913382053375,1693.76550292969,2.42353963851929,0.15977954864502,-0.0550532825291157,0.0718230381608009,0,"bll","PMN J0107+0333",0.994998693466187,0.811605751514435,"rfc",16.869047164917,3.56350088119507,8.6e-07,"",NA,"LSP",22908676079616,2.38898256645775e-13,34.4847297668457,0.781673967838287,0.268920719623566,16.8264999389648,18.89187,"BLL",0,-9.73950619950372,-11.5627527166031,0.846898245175886,1.53762682707057,13.3599999915058,-12.621787019492,3.2288532833069,NA
"4FGL J0112.8-7506",1,18.2049007415771,-75.1024017333984,301.086486816406,-41.9491500854492,13.739935874939,3.217101585129e-10,3.50716782004934e-11,2.03791432513978e-12,3.73476016822874e-13,"PowerLaw",2.02399039268494,0.0851191654801369,2789.08203125,1.78872430324554,0.171580389142036,0.218115419149399,0.112751051783562,0,"bll","2MASS J01123146-7506179",0.999099612236023,0,"whsp2",18.1307129875,-75.1049727278,8.50000014906982e-06,"RFC J0112-7506",NA,"ISP",555904260898816,8.41995960801367e-13,8.23572635650635,0,10,11.3353996276855,18.584408,"BLL",0,-9.4925352253385,-11.6908140778866,1.13798470585125,0.915701908145894,14.7450000028347,-12.0746899918803,3.44546128773156,NA
"4FGL J0115.6+0356",1,18.9120998382568,3.94700002670288,134.506134033203,-58.3796348571777,34.1759834289551,1.26956489765462e-09,6.51134215989835e-11,1.36731520203326e-11,7.8473994880382e-13,"PowerLaw",2.08382248878479,0.0388265363872051,1548.22424316406,2.01185488700867,0.0547707602381706,0.0708392933011055,0.0308661311864853,0,"bll","PMN J0115+0356",0.999498307704926,0.952129423618317,"bzcat",18.9187986125,3.94536195278,2.20000003992027e-07,"RFC J0115+0356",NA,"ISP",519995985494016,2.11008033962345e-12,17.9550704956055,0.149191245436668,0.0708431005477905,51.8623008728027,17.604643,"BLL",0,-8.89634509394512,-10.8641313576165,1.5337210204344,1.2541871146023,14.7159999907799,-11.675701008972,3.18983386365673,NA
"4FGL J0116.0-2745",1,19.0032005310059,-27.7588996887207,220.940292358398,-84.5119171142578,8.40943622589111,1.62827196170667e-10,3.45254762279534e-11,1.64080001755634e-12,3.97820340038157e-13,"PowerLaw",1.88672840595245,0.149884015321732,4946.76611328125,1.72532498836517,0.227098405361176,0.119287267327309,0.119065314531326,0,"bll","1RXS J011555.6-274428",0.994065403938293,0.909822762012482,"whsp2",18.9811379958,-27.7421637861,4.20000014855759e-06,"RFC J0115-2744",NA,"HSP",199526227608862720,1.43310168419786e-12,18.0232639312744,0.448154211044312,0.264428973197937,48.6334991455078,18.605423,"BLL",0,-9.78827305546391,-11.7849443479928,0.924766881387496,1.2558334425244,17.2999999915372,-11.8437229936087,3.69432137708895,NA
"4FGL J0116.2-6153",1,19.0599994659424,-61.8946990966797,297.844055175781,-54.987865447998,14.6943368911743,2.66062255560584e-10,3.08897456224866e-11,3.14427086797742e-12,4.20802769799528e-13,"PowerLaw",1.87453103065491,0.0786260962486267,3295.54541015625,1.79901909828186,0.107869483530521,0.0799995958805084,0.052862498909235,0,"bll","SUMSS J011619-615343",0.999944746494293,0.80797678232193,"bzcat",19.0817185458,-61.89542075,1.69999998433923e-06,"RFC J0116-6153",NA,"ISP",660693476966400,1.20878480835973e-12,6.16070032119751,0,10,80.1763000488281,18.44431,"BLL",0,-9.57501673147804,-11.5024800480649,1.16714999251808,0.789630083648844,14.8200000190355,-11.9176510067159,3.51792730027126,NA
"4FGL J0120.4-2701",1,20.1226997375488,-27.0228996276855,213.654647827148,-83.5328216552734,78.0519027709961,3.45238104770829e-09,1.0095251717912e-10,3.55848198130282e-11,1.53109090076514e-12,"LogParabola",1.90865182876587,0.01834711804986,1130.30749511719,1.81619572639465,0.0291837453842163,0.0521446280181408,0.011719973757863,0,"bll","PKS 0118-272",0.999721109867096,0.993991672992706,"bzcat",20.1319307583,-27.0235145972,1.1999999571799e-07,"RFC J0120-2701",NA,"ISP",141253756846080,8.02405711319842e-12,35.9449195861816,0.138233363628387,0.043582621961832,116.561996459961,15.9418335,"BLL",0,-8.46188127617116,-10.4487352289211,1.89238349487917,1.55563751637107,14.1500000073292,-11.0956059887789,3.05319660743564,NA
"4FGL J0125.3-2548",1,21.3474006652832,-25.8073997497559,204.982711791992,-82.2894439697266,20.0859432220459,5.09445430285638e-10,4.1926129235037e-11,6.4368822771943e-12,5.09503951615781e-13,"PowerLaw",2.22368764877319,0.0601531974971294,1183.82946777344,2.1439061164856,0.0892397835850716,0.0835941731929779,0.050106517970562,0,"bll","PKS 0122-260",0.998335301876068,0.943405151367188,"bzcat",21.3284893792,-25.8178858333,1.39999997372797e-07,"RFC J0125-2549",NA,"LSP",20417379041280,9.52557043659708e-13,25.2204284667969,0.317267030477524,0.11689805239439,14.5922002792358,19.12756,"BLL",0,-9.29290232901785,-11.1913244335202,1.30289223071601,1.40175246047596,13.3099999913765,-12.0211090072483,3.07328914618839,NA
"4FGL J0127.2+0324",1,21.8236999511719,3.41300010681152,140.127853393555,-58.2565460205078,17.45924949646,4.91490681486795e-10,4.54752208112197e-11,6.82081778211052e-12,6.49077254617769e-13,"PowerLaw",1.9667717218399,0.0687113851308823,2373.53369140625,1.90704119205475,0.0960404500365257,0.0499539077281952,0.046275120228529,0,"bll","NVSS J012713+032259",0.975346088409424,0,"whsp2",21.8081496417,3.38349560556,3.60000001364824e-07,"RFC J0127+0323",NA,"HSP",3404081825579008,1.62956616516635e-12,76.4209365844727,0.781456768512726,0.209762319922447,83.6747970581055,17.925978,"BLL",0,-9.30848471184452,-11.1661635524746,1.24202557118219,1.8832123559247,15.5319999908868,-11.7879280012109,3.3753954007428,NA
"4FGL J0132.8-4413",1,23.2077007293701,-44.2238998413086,279.658569335938,-70.9864044189453,14.471884727478,3.06383751702555e-10,3.26999816113727e-11,3.62123417189941e-12,4.00200678802795e-13,"PowerLaw",2.2652907371521,0.0842843055725098,1278.12341308594,2.32257437705994,0.0747438967227936,-0.0541904382407665,0.0297532789409161,0,"bll","SUMSS J013306-441422",0.990510106086731,0,"bzcat",23.2765218583,-44.2392775694,7.97252425854822e-07,"RFC J0133-4414",NA,"ISP",463446936125440,1.1277737641327e-12,5.78605699539185,0,10,34.7672996520996,18.14618,"BLL",0,-9.51373427015246,-11.4411433900476,1.16052509459114,0.762382707338625,14.6660000153582,-11.9477780128022,3.10657279046909,NA
"4FGL J0136.5+3906",1,24.1422996520996,39.0999984741211,132.421768188477,-22.9386787414551,91.8019790649414,4.53368587116643e-09,1.12233881910395e-10,5.32827913735101e-11,1.93692739798579e-12,"LogParabola",1.7168687582016,0.014746124856174,1869.87133789062,1.56128084659576,0.025984238833189,0.0819578468799591,0.0102187562733889,512,"bll","B3 0133+388",0.999940514564514,0.996997356414795,"bllac",24.1358265417,39.0997772972,1.70000006960436e-07,"RFC J0136+3905",NA,"HSP",11117317761007616,1.34969301360255e-11,61.2266693115234,0.185509651899338,0.0507889688014984,250.610000610352,15.679815,"BLL",0,-8.34354857444885,-10.2734130314662,1.96285204381256,1.78694063475878,16.0460000190711,-10.8697650001415,3.27181172462929,NA
"4FGL J0138.0+2247",1,24.5062999725342,22.796199798584,136.75227355957,-38.8220863342285,13.5994653701782,3.95748683823527e-10,4.46939013576397e-11,4.58547089188244e-12,5.80838708293813e-13,"PowerLaw",2.00633454322815,0.0851787626743317,2763.59936523438,2.00170350074768,0.0945862829685211,0.00428507057949901,0.039433378726244,0,"bll","GB6 J0138+2248",0.998790264129639,0.920845329761505,"wise",24.5047722,22.8023813444,5.59999989491189e-07,"RFC J0138+2248",NA,"HSP",1096478172905472,1.17064170856995e-12,35.1492958068848,0.575213611125946,0.183473825454712,67.8767013549805,17.544535,"BLL",0,-9.40258052083485,-11.3386160590681,1.13352183547718,1.54591662863756,15.039999990796,-11.931576006551,3.44147508425963,NA
"4FGL J0139.0+2601",1,24.7581005096436,26.0298004150391,136.106170654297,-35.6214294433594,6.23307991027832,1.85236534444577e-10,3.52531406844214e-11,2.33003178383429e-12,5.87675687193506e-13,"PowerLaw",2.43026995658875,0.157668054103851,1499.17687988281,2.44715356826782,0.152741000056267,-0.0174158234149218,0.0657169446349144,0,"bll","WISE J013859.14+260015.7",0.989206552505493,0.884759366512299,"rfc",24.7464383333,26.0043626861,6.99999986863986e-07,"RFC J0138+2600",NA,"ISP",109647822323712,9.7082064609566e-13,19.1811466217041,0.54703950881958,0.292381882667542,-Inf,18.542168,"BLL",0,-9.73227335273578,-11.6326381547466,0.794702694735807,1.28287456511799,14.0400000107314,-12.0128609962564,3.1758528759605,NA
"4FGL J0142.7-0543",1,25.6753997802734,-5.73320007324219,154.911224365234,-65.3711853027344,6.86892557144165,1.52444210033131e-10,2.85438877395405e-11,2.01302993371733e-12,3.84788690710805e-13,"PowerLaw",2.29279589653015,0.139615386724472,1514.01391601562,2.27534461021423,0.166010156273842,0.0516500994563103,0.0891081765294075,0,"bll","PKS 0140-059",0.998351156711578,0.965932190418243,"bzcat",25.661988325,-5.73376685278,4.99999998737621e-07,"RFC J0142-0544",NA,"LSP",43651581345792,1.05258217506649e-12,20.977783203125,0.722505211830139,0.306099772453308,-Inf,18.192745,"BLL",0,-9.81688906587658,-11.6961497671125,0.836888810584134,1.32175959284149,13.6399999813133,-11.9777439888084,3.18012986698771,NA
"4FGL J0143.7-5846",1,25.9479999542236,-58.771800994873,290.459106445312,-57.0706558227539,41.2299575805664,1.1105542041534e-09,5.14398836026775e-11,1.43086011789029e-11,8.60719590219106e-13,"PowerLaw",1.83216023445129,0.031840555369854,2431.44384765625,1.77990508079529,0.042092502117157,0.0445268042385578,0.0186960510909557,0,"bll","SUMSS J014347-584550",0.999958157539368,0.859780669212341,"bzcat",25.9476273708,-58.7642713722,7.70000042393804e-06,"RFC J0143-5845",NA,"HSP",38018938835042304,9.21297760303474e-12,53.1095695495605,0.322360515594482,0.0910050570964813,154.091995239258,16.738436,"BLL",0,-8.9544602394656,-10.8444028211653,1.6152128879778,1.72517278149806,16.5799999908956,-11.0355999846161,3.38586424431973,NA
"4FGL J0144.6+2705",1,26.1501998901367,27.0898990631104,137.276138305664,-34.296703338623,100.823783874512,5.97414917535843e-09,1.28625193829279e-10,5.3128629967647e-11,1.45247334125409e-12,"LogParabola",2.13637685775757,0.0132722277194262,759.531005859375,2.03289794921875,0.0209485851228237,0.0839851200580597,0.0101941460743546,0,"bll","TXS 0141+268",0.999689638614655,0.961075484752655,"bllac",26.1398077042,27.0841995083,1.39999997372797e-07,"RFC J0144+2705",NA,"LSP",12882495406080,1.0595245167333e-11,263.327758789062,0.269248902797699,0.0658121481537819,48.2164993286133,18.50672,"BLL",0,-8.22372393720124,-10.2746713831334,2.00356299229856,2.42049664282606,13.109999996263,-10.9748889895348,2.88054550749279,NA
"4FGL J0153.0+7517",1,28.2527008056641,75.2884979248047,126.897254943848,12.8928642272949,15.4119567871094,4.65918248426789e-10,4.68439835532575e-11,5.3588175563668e-12,5.77195734784153e-13,"PowerLaw",2.00050377845764,0.0714351534843445,3514.19897460938,1.94700884819031,0.0921524465084076,0.0674187391996384,0.047296155244112,0,"bll","1RXS J015308.4+751756",0.999882638454437,0.976290881633759,"bllac",28.2807570917,75.2952572528,1.20000004244503e-06,"RFC J0153+7517",NA,"HSP",7943282168430592,3.95751877449446e-12,7.52347755432129,0,10,156.108993530273,18.655273,"BLL",0,-9.33169027938682,-11.2709310284783,1.18785778264396,0.876418629627781,15.8999999902235,-11.4025770161649,3.545826347691,NA
"4FGL J0155.0+4433",1,28.7682991027832,44.5577011108398,134.707550048828,-16.8541564941406,15.9597148895264,5.5940369003693e-10,5.21481122173206e-11,3.39355735352875e-12,4.44293148278707e-13,"LogParabola",2.18985414505005,0.0636290013790131,1249.36206054688,1.89789140224457,0.137715369462967,0.303894549608231,0.0981111750006676,0,"bll","GB6 J0154+4433",0.99720299243927,0,"bllac",28.7269459083,44.5605450722,1.70000006960436e-07,"RFC J0154+4433",NA,"ISP",199526228951040,1.23445708950093e-12,16.9000148773193,0.246394917368889,0.130656689405441,37.328498840332,18.486835,"BLL",0,-9.25227467318546,-11.4693448065254,1.20302512868066,1.22788708692934,14.2999999944586,-11.908524001817,3.09668831356349,NA
"4FGL J0158.5-3932",1,29.6459999084473,-39.5358009338379,258.832458496094,-71.333122253418,26.335865020752,7.29532823040557e-10,4.72358957503971e-11,8.43125569360836e-12,6.10113034312659e-13,"PowerLaw",2.09074330329895,0.0455546639859676,1383.96057128906,2.03726410865784,0.0596932917833328,0.0599100738763809,0.0310229435563087,0,"bll","PMN J0158-3932",0.999867677688599,0.966016232967377,"bllac",29.658777575,-39.5343886833,2.70000009550131e-06,"RFC J0158-3932",NA,"ISP",582103225860096,2.15310885440245e-12,47.3848114013672,0.401713401079178,0.11571116745472,39.5802001953125,17.111843,"BLL",0,-9.13695516361328,-11.0741077397058,1.42054758764773,1.67563915640731,14.7650000060352,-11.6669340130603,3.14112371734942,NA
"4FGL J0159.7-2740",1,29.9470996856689,-27.6735992431641,218.930557250977,-74.8317642211914,17.3153228759766,4.01997740651083e-10,3.74244489564912e-11,4.8524877692413e-12,4.87333318231059e-13,"PowerLaw",2.05919051170349,0.0679586827754974,1713.435546875,2.00666880607605,0.0901094451546669,0.0678293332457542,0.049419566988945,0,"bll","PMN J0159-2739",0.999606668949127,0.937766969203949,"bzcat",29.93064925,-27.6772942278,3.70000009297655e-07,"RFC J0159-2740",NA,"ISP",660693476966400,2.18949511299193e-12,13.4336376190186,0.219167038798332,0.146412640810013,27.6334991455078,17.602478,"BLL",0,-9.39577638777504,-11.3140355505831,1.23843059417873,1.12819362874879,14.8200000190355,-11.659656019827,3.23386777251669,NA
"4FGL J0200.6-6637",1,30.1599006652832,-66.6259994506836,292.554107666016,-49.0844268798828,14.9253606796265,2.96452279391346e-10,3.19019290151434e-11,4.90109602208078e-12,4.56071974890698e-13,"PowerLaw",2.57763195037842,0.0722948685288429,708.370849609375,2.57022166252136,0.0778560638427734,0.0169846676290035,0.0429192222654819,0,"fsrq","PMN J0201-6638",0.984554290771484,0.950164020061493,"rfc",30.2822668125,-66.6368516278,1.70000006960436e-07,"RFC J0201-6638",NA,"LSP",2570395844608,3.67250175582756e-13,50.893726348877,0.510981380939484,0.150332868099213,10.8928003311157,19.344305,"FSRQ",1,-9.5280452060602,-11.3097067887236,1.17392483489547,1.70666425031342,12.4100000104483,-12.4350379879009,2.85026068109755,NA
"4FGL J0202.7+4204",1,30.6861991882324,42.0713996887207,136.827621459961,-18.8682327270508,7.36353158950806,2.13062123499697e-10,3.48695829155421e-11,2.57374525337861e-12,4.49976481856768e-13,"PowerLaw",2.17327761650085,0.119385182857513,2113.75390625,2.08327031135559,0.166323378682137,0.0932514742016792,0.0886368080973625,0,"bll","B3 0159+418",0.998937726020813,0.918726086616516,"bllac",30.6818887542,42.0878703222,1.10000001996013e-07,"RFC J0202+4205",NA,"LSP",10964782022656,4.33235478741745e-12,30.3476066589355,0.726251244544983,0.235639229416847,-Inf,19.276182,"BLL",0,-9.67149374886452,-11.5894344413194,0.86708615428037,1.48212444645566,13.040000002425,-11.3632759851242,3.32505442318948,NA
"4FGL J0203.6+7233",1,30.9113998413086,72.5530014038086,128.352996826172,10.4455890655518,11.0998001098633,4.98188212905148e-10,5.7687483262514e-11,6.52159706446276e-12,9.3527518629094e-13,"PowerLaw",2.26186633110046,0.0901668667793274,2573.61865234375,2.22000169754028,0.116624981164932,0.0554266311228275,0.0563020594418049,0,"bll","S5 0159+723",0.999885678291321,0.968408167362213,"bllac",30.889104025,72.5482409278,6.79999985209179e-08,"RFC J0203+7232",NA,"LSP",10964782022656,4.8947217806683e-12,29.922872543335,0.557461798191071,0.184425830841064,30.7560997009277,18.555023,"BLL",0,-9.30260655205204,-11.1856460374967,1.04531515788891,1.47600328270302,13.040000002425,-11.3102719887545,3.41054419546176,NA
"4FGL J0208.3-6838",1,32.0984992980957,-68.6408996582031,292.807189941406,-46.9456672668457,12.3957853317261,2.76583478342474e-10,3.1067134975693e-11,3.22478827495531e-12,3.97785184782715e-13,"PowerLaw",2.27523231506348,0.0943203568458557,1508.77893066406,2.30726981163025,0.0859656631946564,-0.0375768840312958,0.0340950898826122,0,"bll","PKS 0206-688",0.991306245326996,0.911987245082855,"bzcat",31.9622153,-68.6319894806,3.70000009297655e-07,"RFC J0207-6837",NA,"LSP",64565421277184,8.02204331608325e-13,19.4315032958984,0.237945348024368,0.160847947001457,57.4854011535645,18.421413,"BLL",0,-9.55817376594398,-11.4914987939084,1.09327404658838,1.28850640059249,13.8099999890609,-12.0957149973176,3.17862561073245,NA
"4FGL J0209.3+4449",1,32.3438987731934,44.8301010131836,137.169052124023,-15.8763360977173,11.6759881973267,2.8483926328704e-10,3.74750022680281e-11,3.32428594200518e-12,4.73801011445507e-13,"PowerLaw",1.92116606235504,0.094711147248745,3642.0517578125,1.78129625320435,0.16365359723568,0.105982907116413,0.0869575291872025,0,"bll","1RXS J020917.6+444951",0.999631464481354,0.986961722373962,"whsp2",32.3213703708,44.8295447972,6.39999996110419e-07,"RFC J0209+4449",NA,"HSP",22908676952031232,4.95674985431793e-12,17.919059753418,0.397769689559937,0.187922894954681,45.9201011657715,18.495695,"BLL",0,-9.54540014616718,-11.4783016269776,1.0672936473096,1.25331521768016,16.3600000080447,-11.3048029975021,3.56134611333497,NA
"4FGL J0219.0+2443",1,34.7733993530273,24.732400894165,147.06608581543,-33.9983673095703,12.5532684326172,3.19106074897491e-10,4.21706905506802e-11,3.90948731721075e-12,5.37702369608761e-13,"PowerLaw",1.90936410427094,0.0870642885565758,3796.04345703125,1.89111602306366,0.0992870479822159,0.0278206430375576,0.0430710203945637,0,"bll","87GB 021610.9+243205",0.997786998748779,0,"bzcat",34.7516942792,24.7557181583,4.19999992118392e-07,"RFC J0219+2445",NA,"HSP",2660724992114688,2.74495356999971e-12,12.6479949951172,0.233020797371864,0.229620143771172,57.3088989257812,17.55767,"BLL",0,-9.49606492796147,-11.4078801914289,1.0987568156533,1.10202168507142,15.4249999889523,-11.5614649971022,3.57933117557845,NA
"4FGL J0219.5+0724",1,34.8913993835449,7.40640020370483,157.799468994141,-49.4055519104004,5.49199867248535,1.65832708676206e-10,3.56546146773606e-11,2.05572885103589e-12,5.09833332235782e-13,"PowerLaw",2.26687049865723,0.171513423323631,2114.53564453125,2.25362586975098,0.188957348465919,0.0185392554849386,0.0774712264537811,0,"bll","GB6 J0219+0727",0.871290802955627,0,"crates",34.8570233292,7.45955243889,3.01573322758486e-07,"RFC J0219+0727",NA,"LSP",25118864572416,6.87419739187067e-13,16.7879486083984,0.386377990245819,0.406607747077942,31.7749996185303,19.306625,"BLL",0,-9.78032980553131,-11.6870341689884,0.739730423587959,1.2249976310706,13.400000004449,-12.1627780012984,3.32521501040643,NA
"4FGL J0226.5-4441",1,36.6481018066406,-44.6859016418457,261.872131347656,-64.1127243041992,13.4669456481934,3.09988729130239e-10,3.92866156273541e-11,3.59101225318181e-12,4.98480705497795e-13,"PowerLaw",1.94894754886627,0.0945238918066025,3546.78466796875,1.79994106292725,0.139875888824463,0.134296327829361,0.0803282707929611,0,"bll","RBS 0318",0.999759674072266,0.96945059299469,"bzcat",36.6619926417,-44.689561925,2.49999993684469e-05,"RFC J0226-4441",NA,"HSP",57543993306644480,2.00389509673327e-12,29.9969615936279,0.621555805206299,0.212886333465576,120.498001098633,18.707727,"BLL",0,-9.50865409637711,-11.4447831129803,1.12926910733767,1.47707726705471,16.7599999967768,-11.6981250173868,3.54983482242974,NA
"4FGL J0232.9+2608",1,38.2481002807617,26.136999130249,149.735534667969,-31.3957366943359,7.12289714813232,1.77683312507781e-10,3.60601444537867e-11,2.45717335367601e-12,4.49096949949393e-13,"PowerLaw",1.95834994316101,0.137147217988968,4111.6123046875,1.87045359611511,0.193377539515495,0.0902085453271866,0.100278615951538,0,"bll","B2 0230+25",0.995247602462769,0.866908133029938,"wise",38.2348469667,26.1619319889,1.09999996311672e-06,"RFC J0232+2609",NA,"ISP",301995156045824,7.63320613314522e-13,8.62980175018311,0,10,12.5663003921509,18.427298,"BLL",0,-9.75035335793527,-11.6095642029464,0.852656673346243,0.93600081891446,14.4799999769987,-12.1172930094278,3.61401215708818,NA
"4FGL J0241.0-0505",1,40.2509002685547,-5.09429979324341,177.65055847168,-55.8503532409668,8.98011493682861,2.28902730103897e-10,3.51195565684304e-11,2.6811096745516e-12,4.41164764225163e-13,"PowerLaw",2.10978174209595,0.1156120672822,2159.3876953125,2.04556179046631,0.166049227118492,0.138238847255707,0.105750769376755,0,"bll","PKS 0238-052",0.998256981372833,0.933891952037811,"bllac",40.2340531667,-5.07838941111,1.39999997372797e-07,"RFC J0240-0504",NA,"LSP",47863010689024,9.97263686561278e-13,7.28939771652222,0,10,-Inf,19.493637,"BLL",0,-9.64034902750026,-11.5716854202289,0.953281895254274,0.862691646397997,13.6800000132182,-12.0011899946699,3.33433062233381,NA
"4FGL J0243.4+7119",1,40.8679008483887,71.3248977661133,131.725463867188,10.3917427062988,19.8253993988037,9.60353019330284e-10,7.08716488273531e-11,6.60236015165294e-12,7.37901818641251e-13,"LogParabola",2.13328075408936,0.0519476681947708,2192.51977539062,2.02214694023132,0.0785003155469894,0.145824372768402,0.0490100644528866,0,"bll","S5 0238+711",0.999817192554474,0.957625985145569,"bllac",40.8787138333,71.3383066722,1.1999999571799e-07,"RFC J0243+7120",NA,"LSP",15135612600320,2.07423509791804e-12,118.975135803223,0.840571880340576,0.211650863289833,-Inf,18.781643,"BLL",0,-9.01756909387186,-11.1803007890621,1.29722194529352,2.07545620919306,13.1800000033272,-11.6831420213597,3.3409435191666,NA
"4FGL J0245.1-0257",1,41.2914009094238,-2.95499992370605,176.219650268555,-53.6205749511719,13.2268362045288,3.54962947923809e-10,4.00255037447117e-11,2.66132428594634e-12,4.37369324784997e-13,"PowerLaw",2.03892731666565,0.0821132510900497,2247.07299804688,1.94474112987518,0.122890539467335,0.11749605089426,0.0688604265451431,0,"bll","PMN J0245-0255",0.97752833366394,0,"wise",41.3317917583,-2.94115907222,1.3000000080865e-06,"RFC J0245-0256",NA,"LSP",71285300264960,9.78230083742426e-13,42.4611930847168,0.724913001060486,0.215335860848427,45.983699798584,18.253435,"BLL",0,-9.44981697751404,-11.574902202857,1.12145597546254,1.62799219291122,13.8529999832601,-12.0095589853479,3.35161718106799,NA
"4FGL J0258.1+2030",1,44.5421981811523,20.5137004852295,159.002624511719,-33.3352432250977,8.88872528076172,5.10067932335545e-10,7.33691649101864e-11,5.46356015984628e-12,7.92224359030813e-13,"LogParabola",2.12661075592041,0.0887696817517281,2394.03149414062,1.96134746074677,0.163594514131546,0.24578595161438,0.108154103159904,0,"bll","MG3 J025805+2029",0.998567640781403,0.922397017478943,"bzcat",44.5304559125,20.5004389361,1.70000006960436e-07,"RFC J0258+2030",NA,"LSP",27861211676672,2.25112181499731e-12,25.7259864807129,0.661823451519012,0.236063227057457,-Inf,19.738085,"BLL",0,-9.29237197944371,-11.2625242704979,0.948839483892036,1.41037203707552,13.44499999985,-11.6476010033781,3.37912985937094,NA
"4FGL J0304.9-0606",1,46.2257995605469,-6.11070013046265,185.494445800781,-51.9625854492188,6.97940015792847,2.08823833225402e-10,3.65894745057993e-11,2.66937752284313e-12,4.73175589422309e-13,"PowerLaw",2.29593753814697,0.132890895009041,1362.14538574219,2.23736047744751,0.209143176674843,0.0555327646434307,0.129409641027451,0,"bll","PMN J0304-0608",0.997722625732422,0.803078293800354,"bzcat",46.2523485833,-6.128194625,2.3999999143598e-07,"RFC J0305-0607",NA,"ISP",184077198032896,6.29765716572001e-13,19.7950420379639,0.553117454051971,0.269466519355774,22.2556991577148,19.089788,"BLL",0,-9.68021993647633,-11.5735900007748,0.843818098941786,1.29655642838357,14.2649999950124,-12.2008209853458,3.13422346356494,NA
"4FGL J0309.7-0745",1,47.4325981140137,-7.76550006866455,188.810470581055,-51.9720420837402,10.8877649307251,3.11382530870929e-10,4.14852804886401e-11,3.7061352251011e-12,5.40956277168825e-13,"PowerLaw",1.97613346576691,0.0965760499238968,2819.89233398438,1.87100768089294,0.160494044423103,0.0922237634658813,0.102435164153576,0,"bll","NVSS J030943-074427",0.999040842056274,0.921837091445923,"bzcat",47.4301745083,-7.74096815278,3.89999996741608e-07,"RFC J0309-0744",NA,"HSP",1258925378764800,2.20292143901513e-12,10.9096851348877,0.228686928749084,0.240018308162689,37.7501983642578,18.208462,"BLL",0,-9.50670575579863,-11.431078738702,1.0369387357817,1.03781221656872,15.0999999886058,-11.6570009904618,3.45023252688351,NA
"4FGL J0310.6-5017",1,47.6543998718262,-50.2901000976562,263.631042480469,-54.8581161499023,17.5654544830322,3.52809614856398e-10,3.62904602202452e-11,4.95717052476086e-12,5.79301960134532e-13,"PowerLaw",1.80922424793243,0.0701076090335846,3782.06811523438,1.75426018238068,0.0921230763196945,0.0493277609348297,0.0443343706429005,0,"bll","1RXS J031036.0-501615",0.998977601528168,0.81990909576416,"rfc",47.6446997292,-50.2753148972,6.89999978931155e-06,"RFC J0310-5016",NA,"HSP",12161860249845760,1.63967580832369e-12,29.7645797729492,0.514918327331543,0.169985741376877,60.4038009643555,17.857094,"BLL",0,-9.45245958787645,-11.3047661412746,1.24465939107194,1.47369975540524,16.0850000086911,-11.7852420108388,3.57772934624462,NA
"4FGL J0312.5-2221",1,48.138500213623,-22.3553009033203,212.314163208008,-57.7115325927734,16.5288219451904,3.45212247676585e-10,3.64618821246943e-11,3.79551034698777e-12,5.14316291378575e-13,"PowerLaw",1.85717570781708,0.0723947435617447,2982.74609375,1.66753077507019,0.128554165363312,0.166224375367165,0.0706509128212929,0,"bll","NVSS J031235-222118",0.999182403087616,0.888990998268127,"rfc",48.1487816667,-22.3547548444,2.1000000742788e-06,"RFC J0312-2221",NA,"HSP",22908676952031232,1.38714224568598e-12,13.5671405792236,0.24433009326458,0.177635416388512,28.6690998077393,18.494526,"BLL",0,-9.46191380448638,-11.420729820301,1.21824190130677,1.13248832507167,16.3600000080447,-11.8578790015446,3.47461628561934,NA
"4FGL J0314.3-5103",1,48.5928993225098,-51.0550003051758,264.31201171875,-53.9739189147949,25.1427402496338,6.46527498204819e-10,4.35465899450982e-11,6.38545943551505e-12,5.15876024623912e-13,"PowerLaw",2.04346418380737,0.0503462292253971,1799.13586425781,2.00217700004578,0.0637670308351517,0.0394077114760876,0.0295447576791048,0,"bll","PMN J0314-5104",0.998853325843811,0.932077348232269,"bzcat",48.607097175,-51.0754337083,9.99999997475243e-07,"RFC J0314-5104",NA,"LSP",63826347163648,1.35181731260314e-12,31.2459621429443,0.305449455976486,0.103852592408657,45.768798828125,18.181263,"BLL",0,-9.18941299891252,-11.1948078496722,1.40041260868967,1.49479390224516,13.804999990097,-11.8690819958864,3.25506396093837,NA
"4FGL J0316.2-6437",1,49.0535011291504,-64.627799987793,281.555633544922,-46.0350494384766,24.2518787384033,5.39727318393801e-10,4.32396861371753e-11,6.16439668407742e-12,5.98736609336986e-13,"LogParabola",1.79267466068268,0.0516604296863079,2565.92407226562,1.59002995491028,0.0910394117236137,0.117113493382931,0.041417334228754,0,"bll","SUMSS J031614-643732",0.999925315380096,0.801180958747864,"bzcat",49.0597178333,-64.6254042083,3.20000003739551e-06,"RFC J0316-6437",NA,"HSP",10715192857985024,1.61268296893641e-12,12.993483543396,0.170065119862556,0.128711014986038,201.47200012207,17.97951,"BLL",0,-9.26782559948635,-11.2101094218416,1.3847453880565,1.11372560071542,16.0299999921212,-11.7924510004809,3.40924380110986,NA
"4FGL J0322.0+2335",1,50.5021018981934,23.5993003845215,162.092849731445,-27.596305847168,33.427547454834,1.40719591534832e-09,7.20130413633946e-11,1.47897735724989e-11,8.81558769125906e-13,"PowerLaw",1.98608708381653,0.0387168675661087,2368.21850585938,1.96970689296722,0.0458215326070786,0.013425518758595,0.0198320839554071,0,"bll","MG3 J032201+2336",0.999970734119415,0.970957696437836,"bllac",50.4998762875,23.6031133722,1.59999999027605e-07,"RFC J0321+2336",NA,"HSP",8317637960400896,7.39368635760407e-12,17.6569919586182,0.154655262827873,0.0774314105510712,122.588996887207,16.928205,"BLL",0,-8.85164543417045,-10.8300384748853,1.52410451401689,1.24691671922773,15.9200000130207,-11.1311389762745,3.37442177047953,NA
"4FGL J0333.7+2916",1,53.4468002319336,29.2710990905762,160.522094726562,-21.5074901580811,33.2971038818359,1.52105095185817e-09,8.1448882360835e-11,1.4317800417496e-11,1.09754056971251e-12,"LogParabola",1.97271323204041,0.036908432841301,1965.57299804688,1.83351945877075,0.057341743260622,0.0969465151429176,0.0277603380382061,0,"bll","TXS 0330+291",0.999918758869171,0.976518213748932,"bzcat",53.4541821042,29.2754303194,1.70000006960436e-07,"RFC J0333+2916",NA,"HSP",1258925378764800,4.02524194531573e-12,21.6283149719238,0.19939099252224,0.0800610110163689,111.069999694824,17.27047,"BLL",0,-8.81785623779433,-10.8441236957095,1.52240646104881,1.33502268555554,15.0999999886058,-11.3952080103626,3.29348917741597,NA
"4FGL J0334.2-3725",1,53.5556488037109,-37.4327392578125,240.161773681641,-54.3874092102051,71.597526550293,2.9493962827587e-09,9.13910128130802e-11,2.60879356311916e-11,1.20984017075443e-12,"LogParabola",2.03080606460571,0.0206195451319218,958.441650390625,1.91586077213287,0.0334804207086563,0.0679780244827271,0.0148891331627965,0,"bll","PMN J0334-3725",0.999845683574677,0.978163659572601,"bzcat",53.5642705125,-37.4286289333,1.59999999027605e-07,"RFC J0334-3725",NA,"LSP",25234807717888,7.02480044620368e-12,99.8067169189453,0.266503214836121,0.0687633454799652,77.4502029418945,15.743452,"BLL",0,-8.53026687144519,-10.5835602857696,1.85489801917777,1.99915976997145,13.4019999998809,-11.1533660082689,2.98156567831504,NA
"4FGL J0335.1-4459",1,53.7845993041992,-44.9916000366211,252.701736450195,-52.9340362548828,18.9848880767822,4.23094059787132e-10,3.65840309435317e-11,5.14054857708723e-12,5.02849552361934e-13,"PowerLaw",1.98129212856293,0.0647229328751564,2172.68627929688,1.98255980014801,0.0699818804860115,-0.00113678898196667,0.0290939547121525,0,"bll","SUMSS J033513-445939",0.999663293361664,0.880994915962219,"bzcat",53.8078455375,-44.9954772528,1.01692637599626e-06,"RFC J0335-4459",NA,"HSP",2660724992114688,2.58069086933599e-12,33.3433647155762,0.462785571813583,0.146312907338142,42.5094985961914,17.734303,"BLL",0,-9.37356307209196,-11.2889905325049,1.27840804115034,1.52300942283679,15.4249999889523,-11.588264014744,3.3369970217617,NA
"4FGL J0338.5+1302",1,54.6355018615723,13.0418996810913,173.584945678711,-32.9354476928711,35.5887794494629,1.55581592053977e-09,9.07249136927746e-11,1.46771813452906e-11,1.19672761283995e-12,"LogParabola",1.76764488220215,0.0343111082911491,3451.48657226562,1.53608310222626,0.0668517574667931,0.165013879537582,0.0319461673498154,0,"bll","RX J0338.4+1302",0.999473571777344,0,"whsp2",54.6219965,13.0376245194,2.90000002678426e-07,"RFC J0338+1302",NA,"HSP",7328245535997952,1.17971745653561e-12,55.2007331848145,0.403941333293915,0.113579027354717,66.9292984008789,17.795137,"BLL",0,-8.8080417887236,-10.8333573397688,1.55131309372307,1.74194484613508,15.8650000121258,-11.9282219941859,3.53800618813942,NA
"4FGL J0348.6-1609",1,57.1531982421875,-16.1653995513916,207.338104248047,-47.628475189209,20.284517288208,5.94693350119968e-10,4.74335848377194e-11,7.94431447709298e-12,5.56146925387302e-13,"PowerLaw",2.37145256996155,0.0549708679318428,929.055725097656,2.33071351051331,0.070812851190567,0.0619063787162304,0.0399132296442986,0,"bll","PKS 0346-163",0.999696731567383,0.977008700370789,"bllac",57.1636280625,-16.1715977083,1.39999997372797e-07,"RFC J0348-1610",NA,"LSP",27861211676672,5.84958427182758e-12,35.3467750549316,0.376266747713089,0.117048054933548,21.5578002929688,16.824896,"BLL",0,-9.22570691776834,-11.0999435725486,1.30716467723325,1.54834979607526,13.44499999985,-11.2328749979976,2.96804176391464,NA
"4FGL J0354.7+8009",1,58.6918983459473,80.1647033691406,130.428024291992,20.0815620422363,12.4836444854736,3.00899138938604e-10,3.24960856834533e-11,4.20681458418448e-12,4.54862547367291e-13,"PowerLaw",2.26566410064697,0.0832398980855942,1580.74157714844,2.16568398475647,0.127335160970688,0.130096331238747,0.089075393974781,0,"bll","S5 0346+80",0.999812364578247,0.985833644866943,"bzcat",58.692191975,80.1580130556,1.10000001996013e-07,"RFC J0354+8009",NA,"LSP",10964782022656,6.78337757058917e-13,274.126312255859,2.07589602470398,0.49840447306633,-Inf,20.83998,"BLL",0,-9.52157905504738,-11.3760466291382,1.09634139214681,2.43795072367916,13.040000002425,-12.1685540089324,3.19886087638897,NA
"4FGL J0359.4-2616",1,59.8712997436523,-26.2733993530273,222.890274047852,-48.244083404541,7.94018936157227,2.09550043983597e-10,3.49316374437247e-11,2.31584976889687e-12,4.42023750501369e-13,"PowerLaw",2.31784462928772,0.132902413606644,1627.01135253906,2.28625535964966,0.168120965361595,0.0342423617839813,0.0819077044725418,0,"bll","PKS 0357-264",0.998775660991669,0.97869610786438,"bllac",59.8903410583,-26.2587031444,2.79999994745594e-07,"RFC J0359-2615",NA,"LSP",13182567448576,3.62002013651677e-13,8.55125713348389,0.0558317750692368,0.953399419784546,11.704400062561,20.822447,"BLL",0,-9.6787122436737,-11.6352896170756,0.899830859820708,0.932029965722493,13.1200000020759,-12.4412890136785,3.21139058325516,NA
"4FGL J0409.8-0359",1,62.4628982543945,-3.98650002479553,195.887161254883,-37.3789291381836,18.6510982513428,6.77375211477482e-10,5.94643015383589e-11,4.00138299230801e-12,5.8693474342883e-13,"LogParabola",2.06075000762939,0.0638127028942108,1671.466796875,1.67737352848053,0.146329179406166,0.29881939291954,0.0980573147535324,0,"bll","NVSS J040946-040003",0.998858273029327,0,"bzcat",62.4441103667,-4.00098706944,3.70000009297655e-07,"RFC J0409-0400",NA,"ISP",120226444214272,2.48711012722225e-12,37.3454284667969,0.513854563236237,0.156980693340302,15.5136003494263,17.975798,"BLL",0,-9.16917070039219,-11.3977898781422,1.27070440989564,1.57223744649527,14.0800000027184,-11.6043049840964,3.22309775390065,NA
"4FGL J0431.8+7403",1,67.9516983032227,74.0551986694336,136.58528137207,17.3693141937256,18.3261394500732,4.553215582348e-10,3.96606254782217e-11,5.78056959937845e-12,5.13980947646625e-13,"PowerLaw",1.97713232040405,0.0633547008037567,2972.98706054688,1.93239223957062,0.0816244259476662,0.0414460115134716,0.0407243818044662,0,"bll","GB6 J0431+7403",0.999679625034332,0.957511603832245,"whsp2",67.937817075,74.0574213806,7.09999994796817e-07,"RFC J0431+7403",NA,"HSP",3890451438370816,1.50615967180884e-12,30.7235507965088,0.408242344856262,0.140618354082108,77.8492965698242,17.961132,"BLL",0,-9.34168178654496,-11.2380293654413,1.2630709869418,1.48747140674408,15.5899999987082,-11.8221289850346,3.47319301901142,NA
"4FGL J0433.1+3227",1,68.2897033691406,32.4613990783691,167.88200378418,-10.4480676651001,11.0933818817139,3.53313045486914e-10,5.65034304067513e-11,4.10958940488815e-12,6.46717759639898e-13,"PowerLaw",1.89116942882538,0.106112070381641,5587.51025390625,1.83812153339386,0.143073916435242,0.0426746159791946,0.071057952940464,0,"bll","NVSS J043307+322840",0.999839961528778,0.955167949199677,"whsp2",68.2814624542,32.4780094444,1.60000001869776e-06,"RFC J0433+3228",NA,"HSP",7328245535997952,1.510820982209e-12,13.022777557373,0.280290156602859,0.263154923915863,62.0485992431641,18.627504,"BLL",0,-9.45184032667955,-11.3862015669558,1.04506396352231,1.11470362241888,15.8650000121258,-11.8207869923418,3.74721833313522,NA
"4FGL J0440.8+2749",1,70.2203979492188,27.8318996429443,172.566131591797,-12.2158098220825,17.8865623474121,7.81681552819435e-10,6.8300608224714e-11,8.94996663586278e-12,8.4271657577531e-13,"PowerLaw",2.04045057296753,0.0638020262122154,3201.1845703125,1.95829808712006,0.0941447466611862,0.0957322120666504,0.0487755164504051,4,"bll","B2 0437+27B",0.999666631221771,0.921822428703308,"bzcat",70.2098539167,27.8463597472,2.09999996059196e-07,"RFC J0440+2750",NA,"ISP",334965438939136,2.05089309250617e-12,8.60068798065186,0,10,23.021900177002,18.427767,"BLL",0,-9.10697013699166,-11.048178583666,1.25252688070112,0.934533192435461,14.5249999997165,-11.6880569776349,3.50531071493057,NA
"4FGL J0502.5+1340",1,75.6341018676758,13.6684999465942,187.384002685547,-16.7311000823975,8.46850872039795,3.78676923151744e-10,5.3357755713801e-11,3.6388028007428e-12,6.85194685278584e-13,"PowerLaw",2.23150897026062,0.106115147471428,1883.71032714844,2.18108487129211,0.139086082577705,0.0581869408488274,0.0717447549104691,0,"bll","PKS 0459+135",0.998987913131714,0.956228792667389,"bllac",75.6384146542,13.6363774583,8.19999996792831e-08,"RFC J0502+1338",NA,"LSP",9332543455232,2.11608443441424e-12,21.9544258117676,0.606788575649261,0.227251753211021,13.1227998733521,19.255629,"BLL",0,-9.42173116029568,-11.4390414796899,0.927806939076418,1.34152208320575,12.9700000208136,-11.6744670073984,3.27501411873638,NA
"4FGL J0505.6-1558",1,76.4116973876953,-15.9666996002197,216.227340698242,-30.4325866699219,9.56852245330811,2.58262050634173e-10,3.79834913522004e-11,2.75987197505267e-12,4.69698227794496e-13,"PowerLaw",2.06119394302368,0.106007359921932,2548.34228515625,2.03776383399963,0.124185159802437,0.0270714275538921,0.0563229843974113,0,"bll","TXS 0503-160",0.996579170227051,0.97085702419281,"wise",76.4232500167,-15.9772583778,3.09999990122378e-07,"RFC J0505-1558",NA,"LSP",91201080393728,1.26949503426871e-12,21.6574420928955,0.486368983983994,0.222478270530701,30.1721992492676,18.592701,"BLL",0,-9.58793940494165,-11.5591110635209,0.980844880314296,1.33560716186732,13.9599999831338,-11.8963689935645,3.40625776062206,NA
"4FGL J0506.0+6113",1,76.5121002197266,61.225700378418,149.109268188477,12.0959014892578,17.8188800811768,6.30256458133971e-10,5.38633894431317e-11,6.57616582716569e-12,6.55645188748361e-13,"PowerLaw",2.02974057197571,0.0628205314278603,3106.82543945312,2.01913118362427,0.0686616450548172,0.0157042350620031,0.0306436605751514,0,"bll","RX J0505.9+6113",0.999925911426544,0.97105884552002,"bzcat",76.4949377917,61.2266549111,2.90000002678426e-07,"RFC J0505+6113",NA,"ISP",245470886625280,8.62563330223526e-13,18.4495525360107,0.2806236743927,0.128681227564812,141.787002563477,19.212702,"BLL",0,-9.20048269548479,-11.1820272439907,1.25088040509653,1.26598583751416,14.3899999912543,-12.0642090087684,3.49231685260741,NA
"4FGL J0506.7-0857",1,76.6839981079102,-8.96070003509521,209.055557250977,-27.3112735748291,11.5959367752075,3.66467467483034e-10,4.35713271018656e-11,4.26873727338295e-12,5.51290458596088e-13,"PowerLaw",2.19442105293274,0.0910402908921242,1702.68127441406,2.20272517204285,0.0945387408137321,-0.00975621026009321,0.043374951928854,0,"bll","1WGA J0506.6-0857",0.999578297138214,0.855323433876038,"bllac",76.6662870333,-8.96716648889,4.99999998737621e-07,"RFC J0506-0858",NA,"ISP",851138031124480,1.08224605492591e-12,18.1392650604248,0.370675563812256,0.168633565306664,49.089298248291,18.816343,"BLL",0,-9.4359645730548,-11.3697005737581,1.06430583877563,1.25861968698714,14.9299999963885,-11.9656739886306,3.2311333598135,NA
"4FGL J0515.8+1527",1,78.9530029296875,15.4614000320435,187.692855834961,-13.0646648406982,28.5137157440186,1.35569377945899e-09,8.00155566804683e-11,1.70070901805985e-11,1.05948637450087e-12,"PowerLaw",1.94187605381012,0.0420244261622429,3068.31079101562,1.8568959236145,0.0603661350905895,0.081536240875721,0.0306862015277147,0,"bll","GB6 J0515+1527",0.999879717826843,0.915841281414032,"bzcat",78.9473052625,15.4546089694,1.80000000682412e-07,"RFC J0515+1527",NA,"ISP",168849592811520,1.85181666008394e-12,41.0715484619141,0.375384628772736,0.110662743449211,67.5594024658203,17.944649,"BLL",0,-8.86783839668561,-10.7693699854239,1.4550538157652,1.6135410767467,14.2275000176518,-11.7324020130403,3.48689934745003,NA
"4FGL J0532.0-4827",1,83.002197265625,-48.4607009887695,255.026107788086,-32.8046264648438,80.2440338134766,3.95954691256861e-09,1.04278544132974e-10,4.48760299753825e-11,1.51460853407837e-12,"LogParabola",2.18625402450562,0.018361808732152,935.294494628906,2.08667683601379,0.0296211037784815,0.0777675285935402,0.0143998544663191,0,"BLL","PMN J0531-4827",1,0.971755385398865,"identified",82.9942294458,-48.4599925417,8.49999992169614e-07,"RFC J0531-4827",NA,"ISP",162181001773056,9.04555076675084e-12,3040.92333984375,1.49262380599976,0.352490991353989,49.5570983886719,19.546616,"BLL",0,-8.40235450716266,-10.3479855705587,1.9044127522519,3.48300547193549,14.2099999786768,-11.0435649846164,2.9709483779899,NA
"4FGL J0540.5+5823",1,85.1481018066406,58.3879013061523,153.943145751953,14.2647695541382,19.6171798706055,5.94532811870607e-10,5.12928761964293e-11,7.3892576085699e-12,6.47494048395397e-13,"PowerLaw",1.93563520908356,0.0612600073218346,3790.98681640625,1.94463062286377,0.0629436448216438,-0.00971348956227303,0.0252515189349651,0,"bll","GB6 J0540+5823",0.999777674674988,0.98855072259903,"bzcat",85.1250400333,58.3940154333,3.09999990122378e-07,"RFC J0540+5823",NA,"HSP",32734069624143872,5.27340367553752e-12,15.6572647094727,0.241952806711197,0.13253715634346,176.796005249023,17.788094,"BLL",0,-9.22582417196015,-11.131399192552,1.29263657416191,1.19471589403482,16.5150000018078,-11.2779089824428,3.57875227411993,NA
"4FGL J0553.5-2034",1,88.3908996582031,-20.5776996612549,225.743911743164,-21.6196308135986,22.2395610809326,7.32461369334914e-10,5.76067665791768e-11,6.65764925827927e-12,6.32241654863197e-13,"LogParabola",1.94481956958771,0.0521819815039635,2044.98657226562,1.7640688419342,0.0900581926107407,0.155015751719475,0.0477053411304951,0,"bll","NVSS J055333-203417",0.999752104282379,0.974076867103577,"bzcat",88.3880144,-20.5719107472,3.00000010611257e-06,"RFC J0553-2034",NA,"HSP",2065380113645568,1.58800544328846e-12,19.4321460723877,0.27654430270195,0.119688257575035,141.132995605469,17.595968,"BLL",0,-9.1352152754477,-11.1766790883031,1.34712621177648,1.2885207664221,15.3149999911338,-11.7991480132527,3.31069046070028,NA
"4FGL J0556.2-4352",1,89.0748977661133,-43.8695983886719,250.493896484375,-27.9618282318115,18.2101745605469,5.80149983608891e-10,5.11915440593036e-11,5.286981356184e-12,5.30063135311537e-13,"LogParabola",2.05727791786194,0.0633117333054543,1700.33471679688,1.85418510437012,0.100047461688519,0.159023731946945,0.0596065483987331,0,"bll","SUMSS J055618-435146",0.999634027481079,0,"bzcat",89.0781153708,-43.8627941194,1.1498858611958e-06,"RFC J0556-4351",NA,"LSP",78523561672704,9.31942240392503e-13,33.5228042602539,0.448884576559067,0.144626542925835,51.6981010437012,18.586687,"BLL",0,-9.23645971569018,-11.2767922210722,1.26031410890963,1.5253403412176,13.8949999901093,-12.0306110033715,3.23053442217185,NA
"4FGL J0558.8-7459",1,89.7236022949219,-74.9919967651367,286.085113525391,-29.5251789093018,18.8853054046631,5.49243428515922e-10,4.44022804635402e-11,6.61900265500059e-12,5.71724308520705e-13,"PowerLaw",2.05071187019348,0.0610556565225124,2237.63110351562,1.97804844379425,0.0856360346078873,0.0687789395451546,0.0434686057269573,0,"bll","PKS 0600-749",0.999858021736145,0.964667737483978,"bzcat",89.6918322167,-74.9847795583,1.89999994404388e-07,"RFC J0558-7459",NA,"LSP",56234132635648,2.30194530971561e-12,20.1534862518311,0.266593456268311,0.115128345787525,59.1138000488281,17.765228,"BLL",0,-9.26023513054099,-11.1792074447085,1.27612401243532,1.30435018342851,13.7500000009006,-11.6379049986779,3.34978849018476,NA
"4FGL J0607.4+4739",1,91.8571014404297,47.663501739502,165.629577636719,12.8659229278564,61.7402992248535,3.12042458538997e-09,9.58292681318973e-11,2.53736892608103e-11,1.17737753140695e-12,"LogParabola",2.04292869567871,0.0206604674458504,1213.87084960938,1.93750655651093,0.0308798309415579,0.073953203856945,0.0141182960942388,0,"bll","TXS 0603+476",0.999940931797028,0.988902568817139,"bzcat",91.8468958167,47.6630394694,1.0000000116861e-07,"RFC J0607+4739",NA,"LSP",54954085580800,7.17957941362424e-12,102.02507019043,0.274362325668335,0.0710784569382668,98.1467971801758,16.828754,"BLL",0,-8.50578630901156,-10.5956163830295,1.79056872996285,2.00870690222802,13.7399999857356,-11.1439009963834,3.08417248222054,NA
"4FGL J0610.1-1848",1,92.5455017089844,-18.8076000213623,225.618057250977,-17.3280754089355,12.9004373550415,4.68116378993244e-10,4.88465240477964e-11,6.13624862727535e-12,6.17818567572731e-13,"PowerLaw",2.34342122077942,0.0737025737762451,1260.60815429688,2.29066681861877,0.10306391865015,0.0949449613690376,0.0581514425575733,0,"bll","PMN J0610-1847",0.996884524822235,0.928105473518372,"bzcat",92.5745253542,-18.7944698722,1.70000006960436e-07,"RFC J0610-1847",NA,"LSP",13182567448576,2.61137357397689e-12,28.805305480957,0.453623324632645,0.153650462627411,22.6322002410889,18.34744,"BLL",0,-9.32964616301283,-11.212097052047,1.11060443414897,1.45947248529039,13.1200000020759,-11.5831309950819,3.10058011205081,NA
"4FGL J0612.8+4122",1,93.2218017578125,41.3717002868652,171.827117919922,10.9273319244385,78.5793609619141,4.81350692638216e-09,1.21366805494461e-10,4.1711020054569e-11,1.4887906445854e-12,"LogParabola",1.98915016651154,0.0164309274405241,1231.85363769531,1.83251667022705,0.0288853775709867,0.108789794147015,0.0136106256395578,0,"bll","B3 0609+413",0.999936938285828,0.979279816150665,"bllac",93.2132718292,41.3770578472,9.49999972021942e-08,"RFC J0612+4122",NA,"ISP",222843522514944,4.48122745508317e-12,82.3142547607422,0.212718591094017,0.0558100715279579,132.884994506836,16.933197,"BLL",0,-8.31753839892155,-10.3797491892322,1.89530849263762,1.91547505061759,14.3480000147879,-11.3486030119047,3.09055911033058,NA
"4FGL J0615.3-3117",1,93.8394012451172,-31.2852993011475,238.348785400391,-20.8569526672363,11.7613086700439,3.26982524390118e-10,4.07894308607215e-11,4.14476395912966e-12,5.35669761585894e-13,"PowerLaw",2.1200544834137,0.0997161641716957,2309.64404296875,2.10271334648132,0.115031018853188,0.0442397706210613,0.0648422986268997,0,"bll","PKS 0613-312",0.999711215496063,0.953666567802429,"bllac",93.8300491,-31.2893266944,4.1000001260727e-07,"RFC J0615-3117",NA,"ISP",316227771695104,8.21555659873824e-13,22.0767555236816,0.490188628435135,0.190460085868835,39.5933990478516,17.537992,"BLL",0,-9.48547545762641,-11.3825001971201,1.07045564797802,1.34393524832814,14.5000000077983,-12.085363008057,3.36354505258202,NA
"4FGL J0617.2+5701",1,94.3162002563477,57.0248985290527,157.419998168945,18.0934429168701,36.2054786682129,1.16721132759068e-09,5.39612104999421e-11,1.20589571314667e-11,6.36259274433559e-13,"PowerLaw",2.08938670158386,0.0342365354299545,1613.22937011719,2.04770708084106,0.0430928617715836,0.045651238411665,0.0211656801402569,0,"bll","87GB 061258.1+570222",0.999916851520538,0.989941537380219,"bzcat",94.3205107042,57.0212286667,6.79999985209179e-08,"RFC J0617+5701",NA,"LSP",57543992803328,3.76081544378737e-12,41.5397033691406,0.275947749614716,0.0806277692317963,72.7384033203125,17.195492,"BLL",0,-8.93285050633886,-10.918690248716,1.55877429360886,1.61846339095677,13.7599999929782,-11.424717978386,3.20769612008224,NA
"4FGL J0625.3+4439",1,96.3287963867188,44.6647987365723,169.777084350586,14.3913946151733,23.5796279907227,8.05428723715806e-10,5.25024537734176e-11,8.4389760804382e-12,6.23220875947683e-13,"PowerLaw",2.09283900260925,0.0477689951658249,1886.49755859375,2.05185055732727,0.0596518628299236,0.0497817099094391,0.029870543628931,0,"bll","GB6 J0625+4440",0.999899923801422,0.965413391590118,"whsp2",96.3261057417,44.6671184472,9.49999972021942e-08,"RFC J0625+4440",NA,"LSP",20892960686080,3.2653370025254e-12,27.6584453582764,0.279659271240234,0.100266858935356,106.779998779297,18.084806,"BLL",0,-9.09397288636401,-11.0737102440843,1.37253694906904,1.44182776538657,13.3199999870611,-11.4860719902589,3.27565624749623,NA
"4FGL J0626.4-4259",1,96.6094970703125,-42.9835014343262,251.045013427734,-22.4429912567139,11.9726362228394,2.94214930196546e-10,3.74747489984006e-11,2.81900371101873e-12,4.81293607398903e-13,"PowerLaw",1.90032684803009,0.0897094011306763,3364.11083984375,1.58421432971954,0.270131081342697,0.205319374799728,0.137366399168968,0,"bll","2MASS J06263670-4258059",0.996542692184448,0,"whsp2",96.6529344708,-42.9683451806,9.20000002224697e-06,"RFC J0626-4258",NA,"HSP",3019951761784832,1.32169123735759e-12,29.8866672515869,0.687865555286407,0.224919185042381,18.805700302124,18.791529,"BLL",0,-9.53133529239214,-11.5499043524101,1.07818978707951,1.47547748830981,15.4800000059512,-11.8788699893084,3.52687029638256,NA
"4FGL J0628.8-6250",1,97.217399597168,-62.8404998779297,272.438995361328,-26.4647331237793,22.9614944458008,6.70927646773123e-10,4.51933698797369e-11,6.70175373529425e-12,5.2640980767113e-13,"PowerLaw",2.20437860488892,0.0513866096735001,1358.75341796875,2.11171817779541,0.0739944279193878,0.0963206514716148,0.0425175651907921,0,"bll","PKS 0628-627",0.997542917728424,0.958323538303375,"bzcat",97.2395328792,-62.8124289194,1.1999999571799e-07,"RFC J0628-6248",NA,"LSP",3507518701568,3.58982266655816e-13,33.1868705749512,0.352391749620438,0.109760120511055,26.1760005950928,20.394203,"BLL",0,-9.17332431187488,-11.1738115349263,1.3610001506442,1.52096630163706,12.5449999953002,-12.4449270045797,3.13314064957133,NA
"4FGL J0644.4-6712",1,101.10530090332,-67.21240234375,277.526794433594,-25.5275382995605,52.6069145202637,2.03217620509122e-09,7.40619579553403e-11,2.17638008309651e-11,1.02013850925703e-12,"LogParabola",2.15682530403137,0.0254826713353395,995.039184570312,2.03696084022522,0.0410226657986641,0.0895989015698433,0.0200685001909733,0,"fsrq","PKS 0644-671",0.999908447265625,0.979625642299652,"cgrabs",101.116850517,-67.2159327667,1.39999997372797e-07,"RFC J0644-6712",NA,"LSP",15776112181248,2.43223193321929e-12,1320.4033203125,1.36471569538116,0.323294579982758,42.2336006164551,19.349422,"FSRQ",1,-8.69203863812972,-10.6622652571462,1.72104283047765,3.12070660774521,13.1979999858022,-11.6139950138917,2.99784018356742,NA
"4FGL J0647.7-6058",1,101.931396484375,-60.978099822998,270.877502441406,-23.9363460540771,15.9929962158203,4.61071486546061e-10,4.24140410293372e-11,8.10422562391722e-12,5.95923917851016e-13,"PowerLaw",2.44562554359436,0.0627635344862938,881.515991210938,2.41792130470276,0.074251689016819,0.0426047965884209,0.0393386110663414,0,"bll","PMN J0647-6058",0.998531222343445,0.937000870704651,"rfc",101.920218479,-60.9680705556,9.6999997367675e-07,"RFC J0647-6058",NA,"LSP",15135612600320,4.82825259807973e-13,86.4935607910156,0.652638256549835,0.173747807741165,35.0499000549316,20.725748,"BLL",0,-9.33623173446808,-11.0912884765991,1.20392983448413,1.93698377663217,13.1800000033272,-12.3162100171409,2.94523019506039,NA
"4FGL J0700.5-6610",1,105.129302978516,-66.1802978515625,276.769653320312,-23.760103225708,90.2599868774414,4.76339945265636e-09,1.09072126330823e-10,4.3117818343541e-11,1.39756197066465e-12,"LogParabola",2.07710719108582,0.0151681751012802,962.543212890625,1.96394968032837,0.0241251438856125,0.0777736604213715,0.0111488271504641,0,"bll","PKS 0700-661",0.999978184700012,0.986944198608398,"bzcat",105.1302248,-66.1792302333,1.80000000682412e-07,"RFC J0700-6610",NA,"ISP",316227771695104,1.23090912462764e-11,263.038604736328,0.306116759777069,0.0748253092169762,146.455001831055,15.393669,"BLL",0,-8.32208299757505,-10.3653432215071,1.9554952660437,2.42001949219161,14.5000000077983,-10.9097740089124,2.98342023604929,NA
"4FGL J0703.2-3914",1,105.823699951172,-39.2478981018066,249.86344909668,-14.6461791992188,17.0582542419434,5.8616156373148e-10,5.05413211282502e-11,6.40169688093106e-12,6.28231407867608e-13,"PowerLaw",2.11001515388489,0.0634390339255333,1989.82238769531,2.06072878837585,0.0811002850532532,0.0642937645316124,0.0398827195167542,0,"bll","1RXS J070312.7-391417",0.998146057128906,0.938945770263672,"at20g",105.802681971,-39.2385826111,6.89999978931155e-07,"RFC J0703-3914",NA,"LSP",76736150634496,1.75677441344169e-12,11.1855764389038,0.167106762528419,0.153669625520706,49.0304985046387,17.540037,"BLL",0,-9.23198266287917,-11.193704893462,1.23193458299297,1.04865836999584,13.8850000096117,-11.7552840024702,3.29881431284873,NA
"4FGL J0706.5+3744",1,106.629997253418,37.7383003234863,179.496917724609,18.9880390167236,35.7638740539551,1.18751297684128e-09,6.39221245379851e-11,1.33672760360692e-11,8.45542928208654e-13,"LogParabola",1.87718105316162,0.0355569869279861,1837.95812988281,1.76506340503693,0.0538803301751614,0.0642541274428368,0.0225883778184652,0,"bll","GB6 J0706+3744",0.999913930892944,0.975336194038391,"bzcat",106.632070917,37.7434462583,2.20000003992027e-07,"RFC J0706+3744",NA,"HSP",1770108896673792,2.79544529885323e-12,7.61493682861328,0,10,146.27099609375,17.345575,"BLL",0,-8.92536163581698,-10.8739570836154,1.55344455679967,0.881666304901416,15.2479999848758,-11.5535490015769,3.26433561359635,NA
"4FGL J0706.8+7742",1,106.724899291992,77.7002029418945,136.767379760742,27.2773513793945,38.5579223632812,1.12303466526242e-09,5.28243768171954e-11,1.07719545089369e-11,6.94852595600759e-13,"LogParabola",2.03880190849304,0.0324896797537804,1301.75012207031,1.86052131652832,0.0584871061146259,0.118826203048229,0.0278529692441225,0,"bll","NVSS J070651+774137",0.999839723110199,0.933514654636383,"bzcat",106.713893012,77.6936098583,2.20000003992027e-07,"RFC J0706+7741",NA,"ISP",127350310174720,2.14675261074604e-12,173.425842285156,0.607221901416779,0.150563150644302,39.2482986450195,17.744093,"BLL",0,-8.94960683795063,-10.9677054893266,1.58611362454429,2.2391138124344,14.1050000070696,-11.6682180002672,3.11452762707326,NA
"4FGL J0706.9+6109",1,106.731903076172,61.1595001220703,155.115081787109,25.3672981262207,12.7095518112183,3.00696245680854e-10,3.28297389273757e-11,4.04273272844313e-12,4.41583591524394e-13,"PowerLaw",2.4077205657959,0.0775872841477394,1011.00433349609,2.3968608379364,0.0845064893364906,0.0145479515194893,0.0414627008140087,0,"bll","TXS 0702+612",0.999267995357513,0.972317636013031,"bzcat",106.752565592,61.1698911111,1.0000000116861e-07,"RFC J0707+6110",NA,"LSP",33113111527424,3.7242513760416e-12,18.0246715545654,0.326023370027542,0.144297569990158,83.0392990112305,17.477589,"BLL",0,-9.52187199421497,-11.3933249696233,1.10413023589258,1.25586735975266,13.5199999918574,-11.428961013098,3.00475301712355,NA
"4FGL J0709.1+2241",1,107.276901245117,22.684700012207,194.262130737305,13.833456993103,25.5898418426514,9.402413292392e-10,5.78425848885011e-11,1.14165369866082e-11,7.2818151248405e-13,"PowerLaw",2.06397008895874,0.0447658859193325,1715.85827636719,1.99548864364624,0.0605530329048634,0.0680397301912308,0.0315928533673286,0,"bll","GB6 J0708+2241",0.992161929607391,0,"bzcat",107.242872313,22.6931934639,9.78342953317224e-08,"RFC J0708+2241",NA,"ISP",272270123597824,1.80496589896606e-12,92.085807800293,0.61212557554245,0.15868254005909,104.311996459961,16.798283,"BLL",0,-9.02676066288396,-10.9424656119996,1.40806760174979,1.96419270219512,14.4349999884995,-11.7435309987615,3.23448141385446,NA
"4FGL J0718.6-4319",1,109.671897888184,-43.3287010192871,254.918075561523,-13.6561069488525,50.0324363708496,2.30366192788267e-09,8.74826461272349e-11,2.06013175269026e-11,1.20693374999065e-12,"LogParabola",1.93143570423126,0.0255236104130745,1622.10205078125,1.79108679294586,0.0402805879712105,0.0958194062113762,0.0189942643046379,0,"bll","PMN J0718-4319",0.999955534934998,0.944458603858948,"bzcat",109.681782004,-43.3304794194,1.7999999499807e-06,"RFC J0718-4319",NA,"ISP",912010871046144,2.59053217245564e-12,15.0737142562866,0.092926412820816,0.0552306398749352,75.1171035766602,17.262083,"BLL",0,-8.63758125512207,-10.6861050040791,1.69925165172716,1.17822027834361,14.9600000150907,-11.5866110097335,3.2100781733628,NA
"4FGL J0723.7+2050",1,110.948997497559,20.8372993469238,197.431549072266,16.2153491973877,12.4823904037476,3.08173847551885e-10,4.14848919105815e-11,3.26351163974781e-12,4.89904232632565e-13,"PowerLaw",1.89248430728912,0.096725769340992,4102.69189453125,1.9383350610733,0.0983087420463562,-0.0341259315609932,0.0413534417748451,0,"bll","GB6 J0723+2051",0.99928742647171,0.824612259864807,"whsp2",110.951425254,20.8585496583,5.80000005356851e-07,"RFC J0723+2051",NA,"HSP",7079457944764416,2.49661164138104e-12,10.7336521148682,0.148774027824402,0.317109286785126,172.953994750977,17.228516,"BLL",0,-9.51120421943272,-11.4863148339963,1.09629776160825,1.03074751539284,15.8500000061912,-11.602649008759,3.61306890338436,NA
"4FGL J0728.2+4827",1,112.051200866699,48.459400177002,169.588195800781,25.8218574523926,7.68875980377197,2.15146039872494e-10,3.3549368144703e-11,2.76379960584272e-12,4.3713261634569e-13,"PowerLaw",2.24840450286865,0.114262044429779,1644.64196777344,2.19667482376099,0.150265231728554,0.0665880888700485,0.0769290998578072,0,"bll","GB6 J0727+4827",0.994641900062561,0,"bzcat",111.999387917,48.4556625667,1.39999997372797e-06,"RFC J0727+4827",NA,"ISP",758577593581568,1.10887351818106e-12,10.7587671279907,0.200503051280975,0.357538133859634,26.4094009399414,18.213459,"BLL",0,-9.66726664343386,-11.5584934494425,0.885856293791694,1.03176250737243,14.8800000106215,-11.9551179881057,3.21607136833824,NA
"4FGL J0743.1+1713",1,115.775299072266,17.2198009490967,202.815231323242,18.9656505584717,9.51577854156494,2.83459172800704e-10,4.08343185653859e-11,2.84954438517504e-12,5.50929961373736e-13,"PowerLaw",2.1972234249115,0.117193251848221,2281.36840820312,2.18845772743225,0.126597434282303,0.0142569057643414,0.0545442849397659,0,"bll","TXS 0740+173",0.998722314834595,0.948164641857147,"bllac",115.771278392,17.2401144139,9.49999972021942e-08,"RFC J0743+1714",NA,"LSP",34276779229184,6.63420653048558e-13,10.7931652069092,0.167796015739441,0.350989401340485,37.5139007568359,18.594181,"BLL",0,-9.54750948458138,-11.5452245739642,0.97844432625137,1.03314882469334,13.5350000072795,-12.178211012519,3.35819542325576,NA
"4FGL J0747.5+0905",1,116.875999450684,9.09109973907471,211.044570922852,16.5526561737061,11.6014175415039,2.82573714427414e-10,3.76242127730908e-11,3.28301990627777e-12,4.64149064235281e-13,"PowerLaw",2.03236889839172,0.0970715507864952,2733.86596679688,2.00674986839294,0.116882055997849,0.0350681357085705,0.0535826720297337,0,"bll","RX J0747.3+0905",0.998534381389618,0.917852401733398,"bllac",116.842466813,9.09680415556,2.600000016173e-06,"RFC J0747+0905",NA,"HSP",616594988301549568,1.97458585940447e-12,3.60781812667847,0,10,83.2300033569336,18.471851,"BLL",0,-9.54886823955068,-11.4837264839595,1.06451105757524,0.557244636250502,17.7899999904492,-11.7045239774226,3.4367772186051,NA
"4FGL J0805.9+3834",1,121.487701416016,38.5724983215332,182.166442871094,30.4354858398438,9.52476978302002,2.21789142607065e-10,3.17855915199505e-11,2.6349389250363e-12,3.98974202200225e-13,"PowerLaw",2.13416385650635,0.109138280153275,2080.88354492188,2.11675238609314,0.126629084348679,0.0243021845817566,0.0607037022709846,0,"bll","NVSS J080551+383538",0.99236273765564,0,"rfc",121.465658483,38.5939080111,4.79999982871959e-07,"RFC J0805+3835",NA,"LSP",72443599257600,4.80014086205044e-13,17.3164939880371,0.376048058271408,0.215148061513901,-Inf,18.074991,"BLL",0,-9.6540597179761,-11.5792294467995,0.978854487426677,1.23845996644688,13.8600000194841,-12.3187460178924,3.31824777592859,NA
"4FGL J0807.1-0541",1,121.779800415039,-5.68419981002808,226.965103149414,14.004563331604,31.7642059326172,1.42156486582223e-09,7.7103552709179e-11,1.69116075310338e-11,8.43285348234996e-13,"LogParabola",2.18176341056824,0.0380426310002804,1231.3701171875,2.09998273849487,0.0544672459363937,0.0999069511890411,0.0319792069494724,0,"bll","PKS 0804-05",0.999826967716217,0.987332820892334,"bzcat",121.790073221,-5.68719872778,1.50000005305628e-07,"RFC J0807-0541",NA,"ISP",372391716847616,2.15764992678169e-12,117.142593383789,0.580780744552612,0.147018373012543,18.2436008453369,17.496578,"BLL",0,-8.84723331871998,-10.7718151086249,1.50193800296128,2.06871483451012,14.5710000123539,-11.6660190171137,3.09038860995219,NA
"4FGL J0811.0-7529",1,122.75129699707,-75.4981994628906,288.277587890625,-21.4462490081787,55.6738662719727,2.45349629501845e-09,8.43894745750084e-11,2.41526416921989e-11,1.24730802943118e-12,"LogParabola",1.93031215667725,0.0236518569290638,1723.1982421875,1.81151306629181,0.0379709638655186,0.0761604830622673,0.0164422951638699,0,"bll","PMN J0810-7530",0.999920010566711,0.958107173442841,"bzcat",122.763361908,-75.5077290056,5.39999973625527e-07,"RFC J0811-7530",NA,"ISP",562341309579264,2.27481987240263e-12,23.284049987793,0.129946514964104,0.0505406185984612,94.6047973632812,17.514692,"BLL",0,-8.61021459350302,-10.6170353614093,1.74565138193707,1.36705852298698,14.7499999879436,-11.6430529864876,3.23633524293588,NA
"4FGL J0812.8+6507",1,123.217102050781,65.1259002685547,150.962875366211,32.9504241943359,10.7888526916504,2.47296183530921e-10,3.381748700515e-11,2.56713422221166e-12,4.03542542264101e-13,"PowerLaw",2.07390570640564,0.10649187117815,3121.37329101562,2.0585310459137,0.122738026082516,0.0149519396945834,0.0600836388766766,0,"bll","GB6 J0812+6508",0.996304631233215,0,"bzcat",123.170193721,65.1530807222,2.69999986812763e-07,"RFC J0812+6509",NA,"HSP",10715192857985024,2.60564942018704e-12,8.63080215454102,0.0649341270327568,0.607198357582092,59.9561996459961,18.411575,"BLL",0,-9.60678258596078,-11.5905514237158,1.03297526338747,0.936051161312119,16.0299999921212,-11.5840840172959,3.49434570988091,NA
"4FGL J0814.2-1013",1,123.550903320312,-10.2172002792358,231.899459838867,13.2143430709839,24.1414260864258,1.00347896658803e-09,6.50888717923515e-11,1.17604450483588e-11,8.18128984697575e-13,"PowerLaw",2.11282467842102,0.0482972711324692,1815.08508300781,2.07299017906189,0.0618412643671036,0.049548827111721,0.0309443008154631,0,"bll","NVSS J081411-101208",0.999579071998596,0.971259534358978,"bzcat",123.548722837,-10.20285795,3.89999996741608e-07,"RFC J0814-1012",NA,"ISP",400866712485888,4.66726006800866e-12,24.9704303741455,0.266694784164429,0.0971475318074226,79.3470993041992,17.705767,"BLL",0,-8.99849172610673,-10.9295762430227,1.38276292123656,1.39742602763392,14.6029999944298,-11.3309379987818,3.25889698761716,NA
"4FGL J0817.8+3243",1,124.468399047852,32.7235984802246,189.447372436523,31.4823246002197,8.86800670623779,2.31810751150086e-10,4.04940907194895e-11,2.62549942724177e-12,5.18049199458442e-13,"PowerLaw",2.03719592094421,0.12168063223362,3604.107421875,1.82826685905457,0.243966907262802,0.195206448435783,0.144223108887672,0,"bll","RX J0817.9+3243",0.998276889324188,0.921445548534393,"bzcat",124.46251135,32.7279071417,4.00000004674439e-07,"RFC J0817+3243",NA,"ISP",208929606860800,7.28187150335347e-13,5.55408477783203,0,10,37.380298614502,18.637972,"BLL",0,-9.63486642576293,-11.5807880721192,0.94782601286836,0.744612504557854,14.3199999870611,-12.1377569889391,3.55679772682209,NA
"4FGL J0817.8-0934",1,124.47339630127,-9.57769966125488,231.822692871094,14.3230600357056,33.5193138122559,1.62591706764914e-09,8.36503297185764e-11,1.22940694083362e-11,1.00848376958368e-12,"LogParabola",2.0497043132782,0.0348343513906002,1409.02856445312,1.89117288589478,0.0626523569226265,0.132373377680779,0.0317254513502121,0,"bll","TXS 0815-094",0.998338878154755,0.957557678222656,"cgrabs",124.457289475,-9.55847964722,1.80000000682412e-07,"RFC J0817-0933",NA,"LSP",50699069030400,3.01642825301096e-12,23.7994499206543,0.200512185692787,0.0756423845887184,44.4202003479004,17.388245,"BLL",0,-8.78890161002171,-10.9103043393222,1.52529511942718,1.37656691927562,13.7049999846061,-11.5205070000979,3.1489197974093,NA
"4FGL J0818.7+3153",1,124.695297241211,31.8861999511719,190.454376220703,31.4626636505127,4.91218709945679,1.16463699795233e-10,2.94288725333214e-11,1.64363824200348e-12,3.93110267645283e-13,"PowerLaw",2.13471794128418,0.18469350039959,2793.6162109375,2.06809258460999,0.262973219156265,0.0804592967033386,0.130233690142632,0,"bll","B2 0815+32",0.993140518665314,0.804135799407959,"bzcat",124.666934742,31.8967195861,1.7999999499807e-06,"RFC J0818+3153",NA,"ISP",107151934619648,4.85527687933002e-13,28.2928295135498,0.997628033161163,0.381641834974289,-Inf,20.260994,"BLL",0,-9.93380941742968,-11.7841937627023,0.691274900216612,1.45167638261683,14.0300000166009,-12.313785998766,3.44616674217878,NA
"4FGL J0820.9-1258",1,125.244003295898,-12.9746999740601,235.204223632812,13.1731672286987,8.69399642944336,2.72146222224379e-10,4.06605131508808e-11,3.64606261848976e-12,5.90381096874509e-13,"PowerLaw",2.23489379882812,0.109536193311214,1736.30505371094,2.2233898639679,0.123294085264206,0.0314237214624882,0.059256374835968,0,"bll","PKS 0818-128",0.999631702899933,0.986327111721039,"bllac",125.239365017,-12.9831025417,7.50000026528141e-08,"RFC J0820-1258",NA,"ISP",164058976223232,2.6215490282061e-12,5.79546403884888,0,10,-Inf,19.14662,"BLL",0,-9.56519768992855,-11.4381758769232,0.939219457493493,0.763088215354503,14.2149999970968,-11.5814420156995,3.23962602931086,NA
"4FGL J0826.4-6404",1,126.622901916504,-64.075798034668,278.500335693359,-14.6736402511597,15.9155950546265,4.09625389163892e-10,4.58725210594757e-11,4.88087478420218e-12,6.08444880850073e-13,"PowerLaw",1.8113499879837,0.0731281340122223,4952.23876953125,1.77773559093475,0.0917866080999374,0.0274549778550863,0.0409969910979271,0,"bll","SUMSS J082627-640414",0.999825596809387,0.991650879383087,"rfc",126.616050175,-64.0709073361,2.79999994745594e-06,"RFC J0826-6404",NA,"HSP",75857755331624960,8.41404810408841e-12,15.414361000061,0.346877127885818,0.168736279010773,77.1828994750977,17.373987,"BLL",0,-9.38761313300865,-11.3115023337546,1.20182288072702,1.18792552582545,16.8799999875691,-11.0749950094,3.69480157579195,NA
"4FGL J0829.7+5105",1,127.432403564453,51.0993995666504,167.809432983398,35.9640083312988,6.36210107803345,1.3120565744984e-10,2.6333784111654e-11,1.44865955169216e-12,3.39725128454052e-13,"PowerLaw",2.06737971305847,0.155111283063889,2694.77685546875,1.98175156116486,0.2366753667593,0.0565803796052933,0.109174489974976,0,"bll","GB6 J0829+5108",-Inf,0,"rfc",127.450355238,51.1410223778,3.3000000598804e-07,"RFC J0829+5108",NA,"LSP",46773515059200,4.04679301136898e-13,5.52710103988647,0,10,35.6231002807617,19.46186,"BLL",0,-9.8820474382357,-11.8390336657322,0.803600564690152,0.742497403909449,13.6700000086396,-12.3928890086846,3.43052280868755,NA
"4FGL J0831.5+1747",1,127.88680267334,17.7884006500244,207.09423828125,29.855447769165,9.78602600097656,2.16143630771271e-10,3.6924050622611e-11,1.98791070410431e-12,4.28206732225322e-13,"PowerLaw",1.88785469532013,0.110607638955116,4113.4375,1.76240706443787,0.187794268131256,0.187752053141594,0.1094079464674,0,"bll","GB6 J0831+1746",0.997145354747772,0.805348992347717,"bzcat",127.887687683105,17.7752113342285,1.3e-06,"",NA,"ISP",457088203489280,6.40344981900354e-13,17.7622413635254,0.656465530395508,0.271446049213409,39.7164993286133,18.368816,"BLL",0,-9.66525755754715,-11.7016031277786,0.990606365323944,1.24949776720793,14.6600000131825,-12.1935859895003,3.61420490297652,NA
"4FGL J0834.6+4402",1,128.666595458984,44.0499992370605,176.585067749023,36.5491638183594,11.568528175354,2.71809269536405e-10,3.26324522958998e-11,3.12319701351038e-12,3.9276559977465e-13,"PowerLaw",2.24563455581665,0.0872761085629463,1360.99914550781,2.15784859657288,0.122700922191143,0.11583799123764,0.0753708258271217,0,"bll","B3 0831+442",0.98308002948761,0,"bzcat",128.742500113,44.06059465,1.70000006960436e-07,"RFC J0834+4403",NA,"LSP",63095732961280,1.90182700317287e-12,23.5457611083984,0.467437386512756,0.182779833674431,-Inf,18.182322,"BLL",0,-9.56573573656649,-11.5054006192979,1.06327810865077,1.37191273342113,13.7999999897666,-11.720828990545,3.13385785253518,NA
"4FGL J0839.4+1803",1,129.869506835938,18.0606002807617,207.601089477539,31.7110404968262,11.5571308135986,3.0841323939157e-10,3.74990073714887e-11,3.29975434996965e-12,4.737638775211e-13,"PowerLaw",2.17601156234741,0.0951404273509979,1795.77526855469,2.19467401504517,0.0891121029853821,-0.0273584797978401,0.0366932339966297,0,"bll","TXS 0836+182",0.999074697494507,0.967643082141876,"bllac",129.878005712,18.0464285,1.10000001996013e-07,"RFC J0839+1802",NA,"LSP",51880004681728,2.64530649989048e-12,19.4223289489746,0.393217533826828,0.178442269563675,68.5920028686523,17.55855,"BLL",0,-9.51086698706956,-11.4815183899475,1.0628500290253,1.28830130533738,13.7150000066034,-11.5775240009447,3.25425198615457,NA
"4FGL J0847.9-0702",1,131.994506835938,-7.04339981079102,233.741302490234,21.9702262878418,14.8515062332153,4.23763607537708e-10,4.24576034052659e-11,4.66890328482128e-12,5.11193843331925e-13,"PowerLaw",2.23770713806152,0.0755105838179588,1400.40783691406,2.21105027198792,0.0897468030452728,0.0323276743292809,0.0445527844130993,0,"bll","TXS 0845-068",0.999699175357819,0.974316895008087,"bllac",131.986405067,-7.05469509167,1.39999997372797e-07,"RFC J0847-0703",NA,"LSP",20892960686080,7.07761627083414e-12,11.8182420730591,0.148970037698746,0.170825347304344,144.449996948242,16.8435,"BLL",0,-9.37287634286873,-11.330785122279,1.17177050184185,1.07255288138887,13.3199999870611,-11.1501129873296,3.1462545324836,NA
"4FGL J0848.7+7017",1,132.181106567383,70.2953033447266,144.013580322266,35.1861724853516,13.0998640060425,2.424948297719e-10,2.98571375956236e-11,2.94870269694492e-12,3.81298752337791e-13,"PowerLaw",2.02687358856201,0.0989892482757568,3062.75390625,1.82912528514862,0.168910592794418,0.23017156124115,0.109568022191525,0,"bll","GB6 J0848+7017",0.997698724269867,0.910137712955475,"rfc",132.164620196,70.2909624389,1.50000005305628e-07,"RFC J0848+7017",NA,"LSP",42169649856512,2.63922862514185e-13,7.28963804244995,0,10,-Inf,19.714323,"BLL",0,-9.6152975165482,-11.5303690129976,1.11726678712661,0.862705964522461,13.6249999949912,-12.578522987068,3.48611210243786,NA
"4FGL J0850.0+4855",1,132.50830078125,48.9216995239258,170.465393066406,39.2731056213379,55.9529838562012,1.89732096700368e-09,6.92790755318917e-11,2.22883256989492e-11,9.06109117859016e-13,"LogParabola",2.22156429290771,0.0235724505037069,655.013671875,2.14052271842957,0.03524986281991,0.0536927431821823,0.0166857652366161,0,"bll","GB6 J0850+4855",0.999708950519562,0.964843392372131,"bzcat",132.501464121,48.9162976167,1.89999994404388e-07,"RFC J0850+4854",NA,"LSP",19769696714752,8.72446906385882e-12,260.306579589844,0.450460821390152,0.110149763524532,-Inf,17.075935,"BLL",0,-8.72185919393614,-10.6519225545354,1.74782325150296,2.41548514561,13.2960000068898,-11.0592609929822,2.81625036496568,NA
"4FGL J0851.5+5528",1,132.880493164062,55.4794006347656,162.021682739258,38.9052772521973,20.9946117401123,5.08441566626772e-10,3.78853892701869e-11,5.63821211940763e-12,4.33990652659935e-13,"PowerLaw",2.21939396858215,0.0544653236865997,1238.50073242188,2.17067813873291,0.070361390709877,0.0507585443556309,0.0363779701292515,0,"bll","GB6 J0851+5528",0.998723387718201,0.940253376960754,"bllac",132.899709513,55.4762264028,1.1999999571799e-07,"RFC J0851+5528",NA,"LSP",39810718760960,1.84320657695136e-12,28.9989261627197,0.319135367870331,0.10749913007021,13.9463996887207,18.023195,"BLL",0,-9.29375895178697,-11.2488585892386,1.32210784750523,1.46238191616654,13.6000000186065,-11.7344259885994,3.09289626775406,NA
"4FGL J0856.6-1105",1,134.16960144043,-11.0993003845215,238.652572631836,21.4733009338379,53.8208198547363,2.42948461348647e-09,9.09483668931621e-11,2.22863550530805e-11,1.17316518912641e-12,"LogParabola",2.05276536941528,0.0252108164131641,1042.52307128906,1.94892907142639,0.0399334691464901,0.0668102353811264,0.0176669657230377,0,"bll","PMN J0856-1105",0.999748587608337,0.981300055980682,"bzcat",134.174183979,-11.0873417583,6.79999985209179e-08,"RFC J0856-1105",NA,"LSP",21281390985216,2.67431151008968e-12,40.9033737182617,0.185602083802223,0.0571222081780434,-Inf,17.522667,"BLL",0,-8.61448584708424,-10.6519609548385,1.73095030910362,1.61175913017845,13.3280000107217,-11.5727880064856,3.01808567479463,NA
"4FGL J0859.4+6218",1,134.865600585938,62.3019981384277,153.18928527832,38.5344505310059,8.64998531341553,1.99619501484172e-10,2.89788904678234e-11,2.60016660980078e-12,4.05087340624513e-13,"PowerLaw",2.28946971893311,0.114997178316116,1482.49377441406,2.29252886772156,0.116784833371639,-0.00730032287538052,0.0501275733113289,0,"bll","1RXS J085930.5+621737",0.998568475246429,0.92099541425705,"bzcat",134.877670804,62.2917770417,7.50000026528141e-07,"RFC J0859+6217",NA,"ISP",691830983229440,4.1816433670773e-13,21.2684955596924,0.512935280799866,0.21947954595089,-Inf,18.263905,"BLL",0,-9.69979703332294,-11.5849988230296,0.937015370088166,1.32773677089795,14.8400000077279,-12.3786530088964,3.17099287826342,NA
"4FGL J0901.2+6742",1,135.31640625,67.7128982543945,146.582885742188,37.0892333984375,8.68368625640869,2.27817917308748e-10,3.24256316242e-11,3.63303267678083e-12,5.35643849153972e-13,"PowerLaw",2.50757145881653,0.0957822203636169,1004.11895751953,2.43114590644836,0.151343077421188,0.140667736530304,0.100356549024582,0,"bll","TXS 0856+679",0.988051176071167,0,"bzcat",135.16111555,67.7064672861,4.49436555527427e-07,"RFC J0900+6742",NA,"LSP",7328245481472,3.49025360479524e-13,17.9090576171875,0.32845139503479,0.159244641661644,-Inf,19.661652,"BLL",0,-9.64241212274016,-11.4397306959215,0.938704123905838,1.25307273367577,12.8650000088944,-12.4571430156879,3.00178516652809,NA
"4FGL J0905.6+1358",1,136.401702880859,13.9750003814697,215.025436401367,35.9676132202148,31.951530456543,1.02571096061155e-09,6.44043846032005e-11,9.81683397766053e-12,9.31144159173336e-13,"LogParabola",1.79101467132568,0.0400226451456547,2457.83276367188,1.59154462814331,0.0723817199468613,0.1282709389925,0.0336828827857971,0,"bll","MG1 J090534+1358",0.999852895736694,0.965523064136505,"bzcat",136.395793667,13.9684245639,2.29999997714003e-07,"RFC J0905+1358",NA,"HSP",1096478172905472,4.62573772688768e-12,29.0784931182861,0.28099712729454,0.0984291881322861,125.059997558594,16.485449,"BLL",0,-8.9889750036456,-11.0080285537335,1.50449166540248,1.46357189711927,15.039999990796,-11.3348189947808,3.39055232920732,NA
"4FGL J0909.6+0159",1,137.42219543457,1.99170005321503,228.390228271484,31.3617668151855,23.6243457794189,9.42619982069459e-10,6.53201312483809e-11,9.12132869235194e-12,8.49371083449374e-13,"PowerLaw",2.16387534141541,0.0579072497785091,2088.29541015625,2.04419302940369,0.0900936499238014,0.123075753450394,0.0515073053538799,0,"bll","PKS 0907+022",0.999696314334869,0.956636726856232,"cgrabs",137.416033158,2.001463175,1.59999999027605e-07,"RFC J0909+0200",NA,"LSP",17782794092544,7.85685969409422e-13,16.4407348632812,0.172537818551064,0.104200549423695,75.8899002075195,18.239454,"BLL",0,-9.02566335811498,-11.0399418939385,1.37335979058565,1.21592122560886,13.2499999998084,-12.104751002312,3.31979193394997,NA
"4FGL J0928.7-3529",1,142.19450378418,-35.4924011230469,262.990173339844,11.2191514968872,9.04411506652832,3.38625516516089e-10,4.71197247886579e-11,3.84229670649661e-12,6.14999696134377e-13,"PowerLaw",2.23598027229309,0.109403565526009,1917.90417480469,2.2360246181488,0.108330704271793,-0.00235207309015095,0.0530657880008221,0,"bll","NVSS J092849-352947",0.993449091911316,0,"wise",142.207622362,-35.4969026694,6.70000019908912e-07,"RFC J0928-3529",NA,"LSP",46773515059200,1.12684189236545e-12,8.18919467926025,0,10,-Inf,18.816484,"BLL",0,-9.47028031951532,-11.4154091014684,0.956366079153243,0.913241195588282,13.6700000086396,-11.948137015711,3.2828269045066,NA
"4FGL J0929.3+5014",1,142.326507568359,50.2351989746094,167.647491455078,45.4265480041504,34.2646713256836,1.13610121310614e-09,5.54905912886205e-11,1.16192342206056e-11,6.44599391225187e-13,"PowerLaw",2.12534737586975,0.0347363725304604,1474.40588378906,2.0986864566803,0.0415311455726624,0.0370139703154564,0.0208396799862385,0,"bll","GB6 J0929+5013",0.9995476603508,0.985945165157318,"cgrabs",142.314334171,50.2266638167,9.49999972021942e-08,"RFC J0929+5013",NA,"LSP",22646443999232,1.88768705527975e-12,69.1859436035156,0.363844990730286,0.0976498126983643,-Inf,17.212997,"BLL",0,-8.94458297642831,-10.9348224936948,1.53484657032453,1.84001786850995,13.3550000177063,-11.7240700023209,3.16861705531738,NA
"4FGL J0930.3+8612",1,142.599395751953,86.2021026611328,126.287338256836,29.5162010192871,25.1664943695068,7.98818289293735e-10,4.74729214272607e-11,1.03932843234511e-11,6.16188469606399e-13,"PowerLaw",2.21944737434387,0.044634222984314,1519.36682128906,2.12577557563782,0.0870776548981667,0.0955991744995117,0.0471837222576141,0,"bll","S5 0916+864",0.999755442142487,0.957452356815338,"bllac",142.429407096,86.2059107694,9.49999972021942e-08,"RFC J0929+8612",NA,"LSP",19054607728640,2.73506716406968e-12,80.1213150024414,0.469483345746994,0.125503435730934,-Inf,17.979746,"BLL",0,-9.0975520003256,-10.9832471917923,1.40082272361303,1.90374806859979,13.280000012513,-11.5630320043848,3.18166263839813,NA
"4FGL J0930.7+3502",1,142.681304931641,35.0334014892578,189.558547973633,46.7561569213867,6.63024187088013,1.35659511402153e-10,2.56741104071034e-11,1.61808392205864e-12,3.25273038755472e-13,"PowerLaw",2.20355653762817,0.1467025578022,1746.18029785156,2.1463634967804,0.197262540459633,0.0571923516690731,0.0994055271148682,0,"bll","B2 0927+35",0.992356956005096,0.92764675617218,"bzcat",142.730329638,35.0604467611,1.1999999571799e-07,"RFC J0930+3503",NA,"LSP",6531305701376,4.51429556713387e-13,7.46546792984009,0,10,-Inf,20.308968,"BLL",0,-9.86754975144416,-11.7909989574198,0.821529371733968,0.873057034161315,12.8150000116299,-12.3454100095088,3.24208908376785,NA
"4FGL J0935.3-1736",1,143.827194213867,-17.6075992584229,250.528106689453,24.7232570648193,11.5556621551514,3.1502836450592e-10,5.0691964514904e-11,3.76537082763528e-12,6.30725398124976e-13,"PowerLaw",1.81207752227783,0.0957562029361725,6084.5859375,1.73017954826355,0.159646064043045,0.104036070406437,0.0726187899708748,0,"bll","NVSS J093514-173658",0.997111618518829,0.873173713684082,"rfc",143.811596892,-17.6162910722,7.50000026528141e-07,"RFC J0935-1736",NA,"ISP",237137375002624,9.42677142942716e-13,7.25869750976562,0,10,-Inf,18.275156,"BLL",0,-9.50165034146812,-11.4241922464314,1.06279483619238,0.860858698514214,14.375000008125,-12.0256370231129,3.78423102937341,NA
"4FGL J0941.9+2724",1,145.493606567383,27.4136009216309,201.202438354492,48.1634254455566,12.6433763504028,2.94803986777836e-10,3.5062244774231e-11,4.81922531395118e-12,4.59915634222485e-13,"PowerLaw",2.43294382095337,0.0790106281638145,850.342895507812,2.39725136756897,0.101468794047832,0.0954912975430489,0.0714497566223145,0,"bll","GB6 J0941+2721",0.989024698734283,0,"bzcat",145.46842295,27.3716299278,5.59999989491189e-07,"RFC J0941+2722",NA,"LSP",27542287286272,3.37857834157435e-13,22.846586227417,0.432735830545425,0.16019769012928,-Inf,19.838865,"BLL",0,-9.53046664759756,-11.3170227685902,1.10186306560328,1.35882131629407,13.4400000039876,-12.4712660063175,2.92959408759408,NA
"4FGL J0942.3-0800",1,145.585601806641,-8.00759983062744,243.539901733398,32.3061943054199,26.6997489929199,9.51811518490331e-10,6.29735083523819e-11,7.38816820222699e-12,6.6014207988907e-13,"LogParabola",2.17806839942932,0.0440069176256657,943.211730957031,2.00825428962708,0.0758848264813423,0.144213080406189,0.0431657992303371,0,"bll","PMN J0942-0800",0.999656021595001,0.96485447883606,"bzcat",145.589422388,-7.99811221667,1.80000000682412e-07,"RFC J0942-0759",NA,"LSP",19275249090560,2.39190546709456e-12,135.546859741211,0.633189141750336,0.160556599497795,19.1368007659912,17.636003,"BLL",0,-9.02144904382543,-11.1314632257836,1.42650717853678,2.1320894605896,13.2849999990683,-11.6212559885342,2.97460919354825,NA
"4FGL J0953.0-0840",1,148.262802124023,-8.66950035095215,246.185836791992,33.9008560180664,56.4562034606934,2.49720977230083e-09,9.34495814064462e-11,2.78344031851008e-11,1.23262890779768e-12,"LogParabola",1.89165866374969,0.0240803379565477,1364.02514648438,1.80263864994049,0.0387730337679386,0.0464710295200348,0.0149831594899297,0,"bll","PMN J0953-0840",0.999962627887726,0.988558351993561,"bllac",148.261289587,-8.67176596667,3.3000000598804e-07,"RFC J0953-0840",NA,"HSP",1778279400865792,4.82349707051077e-12,39.7542762756348,0.192888796329498,0.0596317462623119,-Inf,16.425882,"BLL",0,-8.60254497421807,-10.5554180862376,1.75171166956879,1.59938385155909,15.2499999977597,-11.3166379809028,3.1348223768298,NA
"4FGL J1011.6+3600",1,152.905197143555,36.0140991210938,188.081634521484,55.0793495178223,6.90899753570557,1.44529249679337e-10,2.6461700886049e-11,1.7838711193971e-12,3.4115185719788e-13,"PowerLaw",2.15075087547302,0.131028100848198,1883.12023925781,2.07224631309509,0.214741066098213,0.230452463030815,0.1570895165205,0,"bll","NVSS J101147+360019",-Inf,0,"rfc",152.947925088,36.0052248528,1.50000005305628e-06,"RFC J1011+3600",NA,"ISP",113501079076864,1.46747604302597e-13,4.28891515731812,0,10,-Inf,19.43798,"BLL",0,-9.84004425194661,-11.7486365256082,0.839415037780194,0.632347455175185,14.054999990471,-12.8334289800064,3.27487805107296,NA
"4FGL J1018.8+5913",1,154.708801269531,59.2300987243652,151.464630126953,48.5769920349121,13.0350103378296,2.50992310268927e-10,2.80739511498984e-11,3.14881909609099e-12,3.59251175899647e-13,"PowerLaw",2.07126140594482,0.0857213586568832,2124.21704101562,1.96913659572601,0.132387548685074,0.118884034454823,0.0747157782316208,0,"bll","TXS 1015+594",0.976322889328003,0,"bzcat",154.743915642,59.1910699889,1.80000000682412e-07,"RFC J1018+5911",NA,"ISP",630957338001408,1.22744490353016e-12,11.4212236404419,0.204348146915436,0.208940833806992,-Inf,18.341612,"BLL",0,-9.60033958393303,-11.5018522894512,1.11511137993554,1.05771263559312,14.7999999955406,-11.9109979929971,3.32719888853928,NA
"4FGL J1019.7+6321",1,154.926300048828,63.3526992797852,146.429702758789,46.2511291503906,20.4752540588379,4.78200701259368e-10,3.88077729673864e-11,4.62428099284873e-12,3.85476725409464e-13,"LogParabola",2.18569588661194,0.0592524297535419,1251.38879394531,1.94018268585205,0.110807090997696,0.198480889201164,0.0685959234833717,0,"bll","GB6 J1019+6319",0.998596012592316,0.887406885623932,"cgrabs",154.961986854,63.3337852861,9.49999972021942e-08,"RFC J1019+6320",NA,"LSP",17782794092544,2.22007178266037e-12,33.1410140991211,0.386913537979126,0.127160102128983,-Inf,18.462389,"BLL",0,-9.32038979134686,-11.3349557840305,1.31122929923181,1.52036579348929,13.2499999998084,-11.6536329830677,3.09739226159763,NA
"4FGL J1022.4-4231",1,155.62190246582,-42.5242004394531,275.767486572266,12.3565587997437,9.67985248565674,3.11676545683426e-10,4.1694266095238e-11,3.53742122399803e-12,5.36276318491291e-13,"PowerLaw",2.1951904296875,0.0973112359642982,1862.17126464844,2.13411426544189,0.130685091018677,0.082089364528656,0.0666286051273346,0,"bll","PMN J1022-4232",0.994428813457489,0,"rfc",155.576593763,-42.5352879167,2.90000002678426e-06,"RFC J1022-4232",NA,"LSP",64565421277184,5.43649489575387e-13,6.78823852539062,0,10,-Inf,20.20366,"BLL",0,-9.5062958780681,-11.4513132228073,0.98586873900742,0.831757094170231,13.8099999890609,-12.2646810153847,3.27001962072229,NA
"4FGL J1030.6-2028",1,157.663101196289,-20.4787006378174,263.663696289062,31.4523315429688,17.4991607666016,4.7858444984783e-10,4.67361253864151e-11,6.26528212990807e-12,6.77827802567088e-13,"PowerLaw",1.85505163669586,0.069649413228035,3575.13037109375,1.71428048610687,0.130197763442993,0.104376815259457,0.0659344866871834,0,"bll","NVSS J103040-203032",0.973656535148621,0,"whsp2",157.668364354,-20.5101152194,1.03098216186481e-06,"RFC J1030-2030",NA,"HSP",2511886390132736,4.51326665927218e-13,17.918872833252,0.276045948266983,0.142734423279762,28.514799118042,18.89474,"BLL",0,-9.32004141657714,-11.2030593676541,1.24301722107637,1.25331068737438,15.3999999928461,-12.3455090061144,3.55329188345577,NA
"4FGL J1032.7+6624",1,158.182907104492,66.4060974121094,141.821823120117,45.3010368347168,12.5963401794434,2.25989477131705e-10,2.61305335008677e-11,2.92428407877576e-12,3.38926315398419e-13,"PowerLaw",2.1333646774292,0.0885737463831902,1809.57385253906,2.02899670600891,0.134213522076607,0.0860272198915482,0.0731033980846405,0,"bll","2MASS J10323905+6623234",0.998623013496399,0.90729022026062,"bzcat",158.162833271,66.3897825667,4.70000003360838e-07,"RFC J1032+6623",NA,"LSP",52480746455040,6.54765846576366e-13,16.7751388549805,0.34344819188118,0.187014296650887,19.1578006744385,18.303957,"BLL",0,-9.64591178266689,-11.5339804402463,1.10024438077208,1.2246661236966,13.7200000035589,-12.1839139820247,3.25757631228295,NA
"4FGL J1036.5+1231",1,159.147903442383,12.5227003097534,231.052886962891,55.2439193725586,6.05602025985718,1.24230140063908e-10,2.85591758575343e-11,1.21563599030788e-12,3.43024518295251e-13,"PowerLaw",2.00732612609863,0.167968571186066,3122.09765625,1.57052230834961,0.49679109454155,0.378345161676407,0.317109256982803,0,"bll","TXS 1034+128",0.995149910449982,0.802078783512115,"bllac",159.168151855469,12.5607471466064,8.8e-07,"",NA,"ISP",131825674485760,1.27641235254938e-12,3.71282935142517,0,10,-Inf,18.289022,"BLL",0,-9.90577302513015,-11.9151964506119,0.782187319386577,0.569704988698951,14.1200000020759,-11.8940090015499,3.49444648325785,NA
"4FGL J1040.5+0617",1,160.149505615234,6.28480005264282,240.793441772461,52.5860824584961,34.9122581481934,1.48671619459861e-09,7.16241302378684e-11,1.85346737957559e-11,7.93212826151468e-13,"PowerLaw",2.36793327331543,0.0315838232636452,864.256042480469,2.35919713973999,0.0345241688191891,0.022144291549921,0.01868193782866,0,"bll","GB6 J1040+0617",0.99772709608078,0.821027994155884,"bzcat",160.131774658,6.28937916944,2.00000002337219e-07,"RFC J1040+0617",NA,"LSP",14621771563008,1.24727723808948e-12,141.686401367188,0.4421067237854,0.111129991710186,25.0151996612549,19.017561,"BLL",0,-8.82777192783538,-10.7320150530091,1.54297794018006,2.1513281699751,13.1649999946073,-11.9040370031452,2.93664242461219,NA
"4FGL J1042.1-4128",1,160.543899536133,-41.4791984558105,278.416137695312,15.1580848693848,11.1066055297852,2.62994459543364e-10,3.82910682328319e-11,3.1093565222573e-12,4.99352241414147e-13,"PowerLaw",1.86777114868164,0.0912068411707878,4461.5498046875,1.70000493526459,0.170179590582848,0.245516270399094,0.112485744059086,0,"bll","1RXS J104204.1-412936",0.994006216526031,0.887396931648254,"rfc",160.512575496,-41.4915968611,4.30000000051223e-06,"RFC J1042-4129",NA,"HSP",1778279400865792,1.28691838002098e-12,6.53479337692261,0,10,34.17919921875,17.865501,"BLL",0,-9.58005340061705,-11.5073294784162,1.04558134742535,0.815231860213274,15.2499999977597,-11.8904489963983,3.649485745418,NA
"4FGL J1047.7+7238",1,161.93879699707,72.6419982910156,134.748626708984,41.5292434692383,16.4798603057861,4.63013100082676e-10,4.1028697800316e-11,6.11520339574567e-12,5.7621073711045e-13,"PowerLaw",2.23398470878601,0.0754344314336777,2159.87133789062,2.13541674613953,0.110953472554684,0.11352714151144,0.0702811107039452,0,"bll","GB6 J1047+7238",0.999168038368225,0.90437239408493,"bzcat",161.948010933,72.6369335139,1.39999997372797e-07,"RFC J1047+7238",NA,"ISP",446683578105856,3.15852986126908e-12,66.7507476806641,0.684044480323792,0.187488421797752,92.7787017822266,17.782862,"BLL",0,-9.3344067212647,-11.2135890934632,1.21695352600895,1.82445613463239,14.6499999863444,-11.5005150128576,3.33442788128594,NA
"4FGL J1052.9-3743",1,163.235702514648,-37.7234001159668,278.435424804688,19.4478702545166,10.3258447647095,2.64097743674085e-10,3.81281603512029e-11,3.40446139161787e-12,5.03238022000335e-13,"PowerLaw",1.99710714817047,0.101475536823273,3006.28759765625,1.95532667636871,0.132996067404747,0.0636331737041473,0.059490792453289,0,"bll","PMN J1053-3743",0.999066352844238,0.931499719619751,"rfc",163.242074742,-37.7218374472,5.80000005356851e-06,"RFC J1052-3743",NA,"HSP",1047128528912384,1.72524592268603e-12,10.987473487854,0.199591308832169,0.345880687236786,29.6284999847412,18.191677,"BLL",0,-9.57823530918338,-11.4679515865855,1.01392559172255,1.04089784015531,15.0199999920623,-11.763148990299,3.47803052518653,NA
"4FGL J1055.5-0125",1,163.889495849609,-1.43210005760193,253.941192626953,50.0841598510742,12.3987712860107,3.37622291235462e-10,4.41243187820906e-11,3.54038001172674e-12,5.42325787143e-13,"PowerLaw",1.92653226852417,0.0964363068342209,3370.67211914062,1.96912372112274,0.103941224515438,-0.0306186191737652,0.0433334708213806,0,"bll","RX J1055.5-0126",0.999362945556641,0.946150481700897,"bzcat",163.893206092,-1.4378652,1.69999998433923e-06,"RFC J1055-0126",NA,"HSP",2065380113645568,8.06883802394881e-13,9.79138660430908,0.214019134640694,0.284440189599991,107.376998901367,18.267746,"BLL",0,-9.47156888716202,-11.450950119856,1.09337864886018,0.990844198642586,15.3149999911338,-12.0931890025916,3.5277165087436,NA
"4FGL J1058.0+4305",2,164.518096923828,43.0937995910645,170.674026489258,62.0707511901855,5.28154754638672,1.08813576205069e-10,2.40132132928172e-11,2.94296087499646e-10,2.73200754553893e-12,"PowerLaw",2.34584546089172,0.170382514595985,1363.20776367188,2.37772130966187,0.140401586890221,-0.0546758584678173,0.0556754618883133,0,"bll","B3 1055+433",0.996941208839417,0.944746315479279,"crates",164.512176513672,43.078197479248,1.3e-07,"",NA,"LSP",38018941452288,3.14766848653544e-13,23.4803123474121,0.716910839080811,0.302348613739014,-Inf,19.974329,"BLL",0,-9.96331691619007,-9.53121551156199,0.722761193818271,1.37070386982665,13.5800000207927,-12.50201101394,3.13456205080163,NA
"4FGL J1059.2-1134",1,164.806304931641,-11.5719995498657,264.118621826172,42.6867485046387,68.4409027099609,3.20432391731629e-09,9.94873766702042e-11,3.2214196588054e-11,1.29910849872711e-12,"LogParabola",2.1560366153717,0.019525121897459,697.572509765625,2.08835482597351,0.0222339071333408,0.0452495254576206,0.0126188639551401,0,"bll","PKS B1056-113",0.999969244003296,0.98625510931015,"bllac",164.801776638,-11.5729944917,1.39999997372797e-07,"RFC J1059-1134",NA,"LSP",19275249090560,5.52139714157796e-12,119.614151000977,0.263814061880112,0.0672350153326988,85.154899597168,16.205894,"BLL",0,-8.49426358859512,-10.4919526953506,1.83531572908895,2.07778256207788,13.2849999990683,-11.2579510139189,2.84358935739994,NA
"4FGL J1107.6+0222",1,166.906600952148,2.36840009689331,253.387756347656,54.9245796203613,17.1590232849121,5.33727340101819e-10,4.87110039804062e-11,6.18633182875028e-12,6.09960541277099e-13,"PowerLaw",2.07690787315369,0.0750726461410522,2166.10131835938,2.09406661987305,0.0810641050338745,-0.0137841291725636,0.032846461981535,0,"bll","NVSS J110735+022225",0.998394012451172,0.817143440246582,"bllac",166.899649221,2.37349838333,4.30000000051223e-07,"RFC J1107+0222",NA,"ISP",354813388783616,7.14131173900484e-13,5.88717603683472,0,10,35.9799995422363,17.885744,"BLL",0,-9.27268054995782,-11.2085667885795,1.23449256357997,0.76990702216904,14.5499999994492,-12.1462220082956,3.33567876668233,NA
"4FGL J1110.2+7135",1,167.562301635742,71.5864028930664,133.634063720703,43.3776016235352,16.2599811553955,2.90080459652842e-10,2.95757376922445e-11,3.22796303575679e-12,3.92502003121464e-13,"PowerLaw",1.91408395767212,0.0733060464262962,3098.83374023438,1.79561710357666,0.103993095457554,0.13101102411747,0.06077915802598,0,"bll","RX J1110.5+7133",0.988088488578796,0,"bllac",167.656663462,71.5657234111,9.86856818485649e-08,"RFC J1110+7133",NA,"HSP",1096478172905472,1.12077133598149e-12,13.6358280181885,0.232016265392303,0.171812728047371,65.0803985595703,17.487,"BLL",0,-9.53748152507794,-11.4910714471404,1.2111200379301,1.13468151505445,15.039999990796,-11.9504829847746,3.49119827593733,NA
"4FGL J1110.5-1836",1,167.641098022461,-18.6058006286621,272.040008544922,38.1409873962402,15.6133317947388,4.77570982759801e-10,5.03897548687071e-11,6.27666495167656e-12,6.62219194411118e-13,"PowerLaw",1.94732582569122,0.077060878276825,3263.86669921875,1.77713286876678,0.129309609532356,0.172884523868561,0.0761786922812462,0,"bll","CRATES J111027.78-183552.6",0.997594892978668,0,"bzcat",167.615723283,-18.5979758833,4.79999982871959e-07,"RFC J1110-1835",NA,"ISP",785235650281472,9.08073475355126e-13,35.7039985656738,0.583910167217255,0.17944173514843,76.5958023071289,18.579514,"BLL",0,-9.32096206883459,-11.2022710533664,1.19349558888371,1.55271685638569,14.8950000086675,-12.0418790097936,3.51373241326323,NA
"4FGL J1113.8+1528",1,168.457504272461,15.4806995391846,235.150955200195,64.5271530151367,6.6712851524353,1.59465177174134e-10,2.97718932840141e-11,2.23891651746078e-12,4.37907143272659e-13,"PowerLaw",2.31603980064392,0.15612056851387,1564.48303222656,2.34979200363159,0.131797149777412,-0.0446954667568207,0.0514653027057648,0,"bll","2MASS J11135586+1528058",-Inf,0,"rfc",168.482771967,15.4682575333,9.50000014654506e-07,"RFC J1113+1528",NA,"ISP",158489326387200,6.76651443209941e-13,4.90645599365234,0,10,18.7560005187988,18.967632,"BLL",0,-9.79733414026988,-11.6499620996689,0.824209504208639,0.690767907980487,14.2000000195681,-12.1696349875517,3.19437085731901,NA
"4FGL J1113.9+5523",1,168.491302490234,55.3964004516602,148.188446044922,56.6902961730957,12.2250604629517,2.44406189731095e-10,2.81956662878668e-11,2.16759639751207e-12,3.27028091022183e-13,"PowerLaw",2.13034462928772,0.0869361236691475,1779.6923828125,2.04568934440613,0.126271232962608,0.0939832180738449,0.0689736157655716,0,"bll","SDSS J111356.29+552255.6",-Inf,0,"rfc",168.484569358,55.3821230278,1.60000001869776e-06,"RFC J1113+5522",NA,"ISP",151077571788800,3.08395480376825e-13,16.9872608184814,0.358172029256821,0.173282563686371,-Inf,18.628784,"BLL",0,-9.61188779952597,-11.664021579445,1.08725101574342,1.23012335489464,14.1791999959649,-12.5108919952832,3.25034494163902,NA
"4FGL J1118.0+5356",1,169.509002685547,53.9365005493164,149.189056396484,58.1693420410156,34.1575622558594,8.56303306040473e-10,4.83495847525273e-11,9.01721839557945e-12,6.06079748020905e-13,"LogParabola",1.90129733085632,0.037743728607893,1627.21154785156,1.78365015983582,0.0578591451048851,0.0712784379720688,0.0247288234531879,0,"bll","NVSS J111757+535553",0.999202489852905,0.918009340763092,"bzcat",169.488507596,53.9319025083,5.39999973625527e-07,"RFC J1117+5355",NA,"HSP",3427677839032320,1.95901606568627e-12,13.0152578353882,0.113993935286999,0.0856349989771843,106.431999206543,17.033052,"BLL",0,-9.06737237923833,-11.0449274116551,1.5334868685566,1.11445277600862,15.534999996651,-11.7079620023869,3.21144401765242,NA
"4FGL J1124.9+4934",1,171.242797851562,49.5674018859863,153.625213623047,62.0907669067383,23.3687419891357,4.85416540296768e-10,4.13357299777761e-11,5.02317978878786e-12,6.16339553179135e-13,"LogParabola",1.7533301115036,0.0522985979914665,2941.076171875,1.51917707920074,0.100598707795143,0.149834260344505,0.0456424057483673,0,"bll","GB6 J1124+4933",0.999511301517487,0.959119200706482,"bllac",171.224284517,49.5693826472,4.1000001260727e-07,"RFC J1124+4934",NA,"HSP",87096361895329792,1.12700799213827e-12,38.0332450866699,0.471039354801178,0.144992679357529,43.4028015136719,17.767105,"BLL",0,-9.3138854294107,-11.2990212773688,1.36863533362107,1.58016338202765,16.9400000144591,-11.9480730041586,3.4685062725848,NA
"4FGL J1125.1-2101",1,171.28840637207,-21.0273990631104,277.297393798828,37.5119781494141,16.0346355438232,4.84783435616976e-10,4.74862718591318e-11,5.50670316637469e-12,6.35883435750467e-13,"PowerLaw",1.96697902679443,0.0705266743898392,2603.0205078125,1.79140388965607,0.118405535817146,0.156436324119568,0.0656338930130005,0,"bll","PMN J1125-2100",0.999654710292816,0.935028612613678,"bzcat",171.285924854,-21.0183344333,5.10000006670452e-07,"RFC J1125-2101",NA,"HSP",2818383041003520,2.27953354976773e-12,19.7636089324951,0.295757323503494,0.13776221871376,50.9463005065918,17.534582,"BLL",0,-9.3144522278332,-11.259108333121,1.20505909316341,1.29586625180816,15.4500000169101,-11.6421540115463,3.41547758969768,NA
"4FGL J1135.1+3014",1,173.78840637207,30.2343997955322,197.900115966797,73.0044708251953,9.82995128631592,2.28613308839165e-10,3.24780098648336e-11,2.95678087049167e-12,4.25712199866868e-13,"PowerLaw",2.37622356414795,0.114031620323658,1178.59814453125,2.36929655075073,0.121935434639454,0.0111824693158269,0.0542489215731621,0,"bll","CRATES J113514+301001",0.959380924701691,0,"crates",173.808715108,30.168222575,2.09999996059196e-07,"RFC J1135+3010",NA,"LSP",16311728996352,2.20445379615561e-13,34.6995658874512,0.611101090908051,0.204855486750603,-Inf,20.32089,"BLL",0,-9.64089849053232,-11.5291808602093,0.992551365631056,1.54032404153831,13.212499997446,-12.6566989992577,3.07136575304924,NA
"4FGL J1141.5-1408",1,175.386596679688,-14.1457004547119,278.445068359375,45.3770332336426,8.72804832458496,2.43557868317978e-10,3.84696788313654e-11,3.16087347268512e-12,4.90858764225222e-13,"PowerLaw",1.96504056453705,0.110170550644398,3090.48559570312,1.93049395084381,0.134851261973381,0.0332217402756214,0.0616241097450256,0,"bll","NVSS J114141-140753",0.995489478111267,0.851889729499817,"bzcat",175.424199642,-14.1318749444,4.40000007984054e-07,"RFC J1141-1407",NA,"HSP",19054607376318464,1.63734423155176e-12,26.5451679229736,0.616397857666016,0.226156041026115,23.5638008117676,18.425903,"BLL",0,-9.61339783565952,-11.5001928882839,0.94091714214519,1.42398547700399,16.2800000044829,-11.7858600058982,3.49002672375013,NA
"4FGL J1154.1-3243",1,178.542297363281,-32.7188987731934,289.22119140625,28.6235542297363,30.3716487884521,1.23180754485475e-09,6.95193555499962e-11,1.04913066081846e-11,8.27866800719862e-13,"LogParabola",2.08046507835388,0.0379775986075401,1266.34704589844,1.93365848064423,0.0595037117600441,0.120140179991722,0.032122515141964,0,"bll","PKS 1151-324",0.99975061416626,0.969803512096405,"bzcat",178.52569325,-32.7119392472,1.80000000682412e-07,"RFC J1154-3242",NA,"LSP",9999999827968,9.77516245032062e-13,40.7353057861328,0.323076188564301,0.0966358706355095,54.8488006591797,19.814625,"BLL",0,-8.90945714017209,-10.9791704205398,1.48246836914216,1.60997098076036,12.9999999925287,-12.00987601647,3.10255274159298,NA
"4FGL J1155.5-3418",1,178.87809753418,-34.312198638916,289.971984863281,27.1482048034668,14.1388387680054,3.31443955614574e-10,4.15354244054367e-11,4.05073457415694e-12,5.9501584432145e-13,"PowerLaw",1.82723605632782,0.0839333683252335,4233.0263671875,1.73865699768066,0.123538538813591,0.0760722458362579,0.0590578429400921,0,"bll","NVSS J115520-341718",0.918981373310089,0,"whsp2",178.835502279,-34.2888741278,5.76249749428825e-06,"RFC J1155-3417",NA,"ISP",363078046711808,1.20225617655789e-12,16.9095630645752,0.372064381837845,0.195028722286224,126.161003112793,17.64147,"BLL",0,-9.47958989659568,-11.3924662131866,1.15041374203819,1.22813238577068,14.5599999903611,-11.9200029830725,3.62665097366852,NA
"4FGL J1156.6-2248",1,179.164199829102,-22.8094997406006,286.776672363281,38.3376579284668,10.0249271392822,2.99861385721911e-10,4.30786031846431e-11,3.56451001527758e-12,5.64299800463741e-13,"PowerLaw",2.03638744354248,0.101885177195072,2935.783203125,1.94603192806244,0.153208702802658,0.162340119481087,0.0913550779223442,0,"bll","NVSS J115633-225004",0.995958745479584,0,"whsp2",179.138488787,-22.8345652056,1.09999996311672e-06,"RFC J1156-2250",NA,"HSP",2511886390132736,9.67203856068466e-13,12.3244295120239,0.236024230718613,0.273755997419357,31.7856006622314,17.888067,"BLL",0,-9.52307945637324,-11.4480001607031,1.00108122487101,1.09076682527063,15.3999999928461,-12.0144819806896,3.46772398136567,NA
"4FGL J1159.0+0939",1,179.751205444336,9.66030025482178,265.153717041016,68.5949401855469,18.8488903045654,5.94260418651515e-10,4.85472877176374e-11,7.10608438411753e-12,5.91614214215386e-13,"PowerLaw",2.13214182853699,0.0599343068897724,1502.73107910156,2.08068752288818,0.0773641765117645,0.066364049911499,0.0420024245977402,0,"bll","GB6 J1158+0937",0.950101673603058,0,"bzcat",179.726555996,9.61991074167,1.88494723829535e-07,"RFC J1158+0937",NA,"ISP",524807456161792,8.13616968936559e-13,49.5060043334961,0.550167977809906,0.155783951282501,25.6497993469238,18.597315,"BLL",0,-9.22602319542528,-11.1483696396079,1.27528578696674,1.69465787551466,14.7199999966171,-12.0895800022698,3.17688126846996,NA
"4FGL J1159.5-0723",1,179.898300170898,-7.39060020446777,281.098052978516,53.2691040039062,13.327431678772,3.90507320924272e-10,4.4654526604182e-11,4.55435862634079e-12,5.6797432425662e-13,"PowerLaw",1.96815943717957,0.0806044042110443,2748.81225585938,1.80619788169861,0.152550846338272,0.164302200078964,0.0822232067584991,0,"bll","PMN J1159-0723",0.996859312057495,0.898231208324432,"rfc",179.882824058,-7.39985068889,1.09999996311672e-06,"RFC J1159-0723",NA,"ISP",127350310174720,1.43879862451318e-12,19.9555587768555,0.414178818464279,0.175840348005295,21.0212993621826,18.091795,"BLL",0,-9.40837081989882,-11.3415727744875,1.12474646485235,1.30006389299738,14.1050000070696,-11.8419999860374,3.43914507850164,NA
"4FGL J1201.7+1429",1,180.44709777832,14.4851999282837,257.992889404297,72.8645935058594,7.93642425537109,2.09209788382125e-10,3.50713104391165e-11,2.37335910473202e-12,4.52964949619952e-13,"PowerLaw",2.44425368309021,0.112335801124573,882.506896972656,2.17952513694763,0.300767213106155,0.36895889043808,0.2398661673069,0,"bll","OM 198",0.995714366436005,0,"cgrabs",180.434453579,14.5267916611,1.0000000116861e-07,"RFC J1201+1431",NA,"LSP",9120108249088,8.8908849900371e-13,17.3747863769531,0.381259828805923,0.204664930701256,-Inf,19.545122,"BLL",0,-9.67941799981961,-11.6246365452195,0.899624875734044,1.23991947364311,12.9599999931204,-12.0510550076282,2.9457181081737,NA
"4FGL J1213.8-4345",1,183.466003417969,-43.7565994262695,295.787048339844,18.5932674407959,9.2593879699707,3.28816529560072e-10,4.70515224004764e-11,3.50656526384996e-12,6.37995949473447e-13,"PowerLaw",2.23287296295166,0.115777425467968,2239.12182617188,2.18701314926147,0.15905424952507,0.0683872178196907,0.082920104265213,0,"bll","PMN J1213-4343",0.996193528175354,0.924672067165375,"rfc",183.459978275,-43.7235321194,1.3000000080865e-06,"RFC J1213-4343",NA,"LSP",57543992803328,6.13896303583439e-13,5.30962085723877,0,10,-Inf,18.96511,"BLL",0,-9.48304635866152,-11.4551180736435,0.966582281493079,0.725063510631786,13.7599999929782,-12.2119049816028,3.35007772332215,NA
"4FGL J1218.5-0119",1,184.638793945312,-1.32700002193451,286.075561523438,60.4641075134277,39.5773658752441,1.84029147476394e-09,8.44135802924306e-11,1.19741421639175e-11,9.68263121590984e-13,"LogParabola",2.12558603286743,0.032173216342926,1224.27502441406,2.02208638191223,0.0477181151509285,0.0984445810317993,0.0254786908626556,0,"bll","PKS 1216-010",0.999320507049561,0.974871695041656,"wise",184.6455409,-1.3317617,1.39999997372797e-07,"RFC J1218-0119",NA,"LSP",57543992803328,2.76244088368016e-12,152.646545410156,0.546383142471313,0.136477261781693,26.419900894165,16.714457,"BLL",0,-8.73511338576416,-10.9217555899653,1.59744688577955,2.18368698009696,13.7599999929782,-11.5587070071227,3.08787898984269,NA
"4FGL J1219.7+0444",1,184.939102172852,4.7467999458313,282.889892578125,66.3779296875,9.09914207458496,2.45665737752532e-10,4.01277032435754e-11,2.6813215276561e-12,5.04289589687429e-13,"PowerLaw",2.00264239311218,0.119387976825237,3276.2724609375,1.92843353748322,0.162462592124939,0.114881843328476,0.087006188929081,0,"bll","NVSS J121945+044621",0.994770228862762,0,"bllac",184.937410613,4.77291110833,1.09999996311672e-06,"RFC J1219+0446",NA,"ISP",288403161612288,1.33947312876831e-12,11.5781946182251,0.118231385946274,0.585164904594421,34.5658988952637,18.024874,"BLL",0,-9.60965540901683,-11.57165110496,0.959000446185019,1.06364084536128,14.4600000170156,-11.8730659943698,3.51538001133055,NA
"4FGL J1220.1+3432",1,185.046203613281,34.5382995605469,163.14453125,80.0114669799805,20.2178649902344,5.15611553453255e-10,4.09203053386431e-11,5.61113308594763e-12,4.96677894125386e-13,"PowerLaw",2.1070990562439,0.060068603605032,1673.13818359375,2.0532066822052,0.0782142132520676,0.0600284524261951,0.0397570692002773,0,"bll","GB2 1217+348",0.999001204967499,0.95392107963562,"cgrabs",185.034558912,34.5227065083,1.30000003650821e-07,"RFC J1220+3431",NA,"LSP",52480746455040,2.20878784013001e-12,24.8924827575684,0.304684370756149,0.114884376525879,43.429500579834,17.273157,"BLL",0,-9.28767735985087,-11.2509494304933,1.30573529210979,1.39606821497494,13.7200000035589,-11.6558459972503,3.22353181059419,NA
"4FGL J1223.5+0818",1,185.883499145508,8.3016996383667,282.309997558594,70.0482635498047,8.5898494720459,2.06322542384285e-10,3.43797247615019e-11,2.19848358268271e-12,4.57813420420145e-13,"PowerLaw",1.92200922966003,0.112058952450752,3064.29077148438,1.84917676448822,0.154802188277245,0.0924163013696671,0.078537680208683,0,"bll","SDSS J122327.49+082030.4",-Inf,0,"rfc",185.864556054,8.34177924167,8.1946461705229e-07,"RFC J1223+0820",NA,"ISP",350751859671040,2.84019390037887e-13,24.0245742797852,0.800184369087219,0.28045380115509,39.9365005493164,19.359282,"BLL",0,-9.68545331929653,-11.6578767731541,0.933985553350144,1.38065570062453,14.5449999823169,-12.5466520096044,3.48632997325155,NA
"4FGL J1223.6-3032",1,185.914703369141,-30.5436992645264,295.882598876953,31.9475288391113,9.32456874847412,1.75313610850658e-10,3.72346910249011e-11,2.741100966e-12,5.02889613632207e-13,"PowerLaw",1.73276913166046,0.13040055334568,7648.8525390625,1.57097983360291,0.259785503149033,0.0894694700837135,0.126051843166351,0,"bll","NVSS J122337-303246",0.999364674091339,0,"whsp2",185.9042227,-30.5472611722,1.49999996210681e-05,"RFC J1223-3032",NA,"HSP",10715192857985024,3.84954134541315e-12,5.8577709197998,0,10,204.837997436523,18.568485,"BLL",0,-9.75618436520759,-11.5620749673175,0.969628755280841,0.767732383697205,16.0299999921212,-11.4145910115362,3.88359628831296,NA
"4FGL J1223.8+8039",1,185.970703125,80.659797668457,124.31763458252,36.3941955566406,33.1081199645996,1.07170294860737e-09,5.42020421601119e-11,9.87032938021271e-12,7.97545352242829e-13,"LogParabola",2.26537394523621,0.0347093604505062,936.334594726562,2.1173620223999,0.0618010349571705,0.12522192299366,0.0335117243230343,0,"bll","S5 1221+80",0.999770760536194,0.988438367843628,"bllac",185.91872395,80.6678723278,6.79999985209179e-08,"RFC J1223+8040",NA,"LSP",1096478228480,5.75838909975396e-13,26.5672760009766,0.183787778019905,0.0674647316336632,19.3729991912842,19.023113,"BLL",0,-8.96992557439885,-11.0056683543595,1.51993452016065,1.42434702756078,12.040000012808,-12.2396989927808,2.9714310695468,NA
"4FGL J1226.0+5622",1,186.51969909668,56.3669013977051,130.046798706055,60.4096641540527,6.19976329803467,1.07417470751603e-10,2.24830102452112e-11,1.81161845507621e-12,3.56462255546308e-13,"PowerLaw",2.55487036705017,0.153951033949852,854.012268066406,2.55258107185364,0.167614191770554,0.0030842125415802,0.0806826651096344,0,"bll","SDSS J122602.81+562254.6",-Inf,0,"rfc",186.511731692,56.3818872972,7.30000010662479e-07,"RFC J1226+5622",NA,"ISP",331131106885632,2.32546078747509e-13,16.2188930511475,0.383223533630371,0.26706475019455,-Inf,20.474617,"BLL",0,-9.96892507772438,-11.7419332637801,0.79237510880152,1.21002121003645,14.5199999808554,-12.6334909792773,2.93146410946567,NA
"4FGL J1233.1+1703",1,188.281600952148,17.0578994750977,279.188598632812,79.0760040283203,7.30596923828125,1.67597477562786e-10,3.2029698338043e-11,1.87259843048571e-12,4.20216487474756e-13,"PowerLaw",1.92725312709808,0.127531155943871,3242.44384765625,1.40166664123535,0.35786384344101,0.573331892490387,0.332394778728485,0,"bll","RX J1233.0+1701",0.996658205986023,0,"bzcat",188.271428167,17.0259315167,1.69999998433923e-06,"RFC J1233+1701",NA,"HSP",15222990815887360,2.96302956129257e-12,17.2473888397217,0.518257081508636,0.3238305747509,17.0165996551514,18.491407,"BLL",0,-9.77573252203514,-11.7275553449538,0.863677839286679,1.23672335457813,16.1824999853671,-11.5282640156674,3.51087246374943,NA
"4FGL J1233.7-0144",1,188.433898925781,-1.74279999732971,293.831024169922,60.8157577514648,25.7135734558105,9.71560498719271e-10,6.05260494501714e-11,1.14752478352909e-11,7.60592869068766e-13,"PowerLaw",2.06139373779297,0.0468485206365585,1780.49926757812,2.04775381088257,0.0537322908639908,0.0125873321667314,0.023659685626626,0,"bll","NVSS J123341-014426",0.999361395835876,0.88653028011322,"bzcat",188.422225754,-1.73992108889,2.20000003992027e-07,"RFC J1233-0144",NA,"ISP",158489326387200,8.19956841140168e-13,28.9774074554443,0.283391177654266,0.0970284193754196,79.9477005004883,18.329939,"BLL",0,-9.01253015086257,-10.9402379260663,1.41016243542534,1.46205952750644,14.2000000195681,-12.0862090063333,3.25054179935998,NA
"4FGL J1238.1-4541",1,189.545303344727,-45.6861000061035,300.509918212891,17.1232967376709,13.0165824890137,4.3672063188005e-10,4.53581269765913e-11,5.47740281950371e-12,5.9397831705249e-13,"PowerLaw",2.18942022323608,0.076672188937664,1756.78576660156,2.13045191764832,0.101055324077606,0.0821628794074059,0.0562381036579609,0,"bll","PMN J1238-4541",0.998403787612915,0.935019493103027,"rfc",189.525144742,-45.6915844333,5.29999988430063e-06,"RFC J1238-4541",NA,"ISP",112201843081216,2.33230318738564e-12,29.7255210876465,0.439278423786163,0.150479927659035,20.1028003692627,18.01661,"BLL",0,-9.35979629033192,-11.2614253189845,1.11449697493987,1.47312947652894,14.0499999909079,-11.6322149942004,3.2447188041501,NA
"4FGL J1238.3-1959",1,189.593597412109,-19.994499206543,298.749633789062,42.7711410522461,19.179838180542,6.38300634570044e-10,5.03758458558767e-11,6.67729283324037e-12,5.97431609392074e-13,"PowerLaw",2.15130138397217,0.0578376799821854,1503.09826660156,2.09747099876404,0.0758471041917801,0.0571815595030785,0.0395299084484577,0,"bll","PMN J1238-1959",0.999755799770355,0.948380649089813,"bzcat",189.601622738,-19.9871348306,2.20000003992027e-07,"RFC J1238-1959",NA,"LSP",76736150634496,1.85235399068062e-12,38.9106788635254,0.446942687034607,0.136072486639023,40.3837013244629,17.007235,"BLL",0,-9.19497472381376,-11.1753995773277,1.2828449387265,1.5900688078819,13.8850000096117,-11.7322760146797,3.17698737396533,NA
"4FGL J1245.8+0232",1,191.474792480469,2.54220008850098,299.610107421875,65.3782196044922,10.6344041824341,4.21999379884852e-10,5.369136732436e-11,2.21715137568856e-12,3.76306922905342e-13,"LogParabola",2.25340533256531,0.0924611613154411,1610.2275390625,2.17348074913025,0.186111584305763,0.52065908908844,0.180142134428024,0,"bll","NVSS J124533+022825",0.924196898937225,0,"bzcat",191.390841033,2.47366767778,3.72021503380893e-07,"RFC J1245+0228",NA,"ISP",109018450231296,7.7293504712958e-13,18.1259994506836,0.405763149261475,0.17690409719944,-Inf,19.12612,"BLL",0,-9.37468818722028,-11.6542046544805,1.02671316254812,1.25830196249544,14.0375000039549,-12.111857000077,3.20688724993057,NA
"4FGL J1248.3+5820",1,192.084396362305,58.3432006835938,123.716735839844,58.7803268432617,116.67586517334,5.05056707567064e-09,1.02159551651493e-10,5.1049477145515e-11,1.52824161745585e-12,"LogParabola",1.89512968063354,0.0127308070659637,1135.39233398438,1.81082332134247,0.0198783427476883,0.0458935983479023,0.00769906677305698,0,"bll","PG 1246+586",0.999936938285828,0.993471264839172,"cgrabs",192.078269754,58.3413102306,1.39999997372797e-07,"RFC J1248+5820",NA,"ISP",767361472790528,1.11636958358141e-11,92.8469772338867,0.16321773827076,0.0427462793886662,198.091995239258,15.486837,"BLL",0,-8.29665985673122,-10.2920087016472,2.06698102994386,1.96776776922806,14.8849999906213,-10.9521920047369,3.05514595760164,NA
"4FGL J1253.2+5301",1,193.306701660156,53.0172996520996,122.315795898438,64.1088104248047,86.9989013671875,3.88036003329262e-09,9.45721140288569e-11,3.60010840583236e-11,1.30772096710446e-12,"LogParabola",2.04171657562256,0.0163288880139589,1174.85180664062,1.9312983751297,0.0284305345267057,0.0881043896079063,0.0131741929799318,0,"bll","S4 1250+53",0.999832212924957,0.993476271629333,"bllac",193.299668946,53.0199269972,1.1999999571799e-07,"RFC J1253+5301",NA,"LSP",35481337200640,3.47683427187606e-12,115.658676147461,0.24142549932003,0.0614766590297222,155.625,16.405312,"BLL",0,-8.4111279771846,-10.4436844216366,1.93951376832918,2.06317821697378,13.5499999789138,-11.4588160100717,3.06998308906124,NA
"4FGL J1259.8-3749",1,194.964599609375,-37.8233985900879,304.766845703125,25.018346786499,18.9364280700684,6.43285424928308e-10,5.14089985859112e-11,7.33382885670375e-12,6.50428170524686e-13,"PowerLaw",2.10627770423889,0.0627500116825104,1856.31555175781,2.10061359405518,0.0729619339108467,0.00471207918599248,0.0318883508443832,0,"bll","NVSS J125949-374856",0.999697387218475,0.906784355640411,"bzcat",194.957506108,-37.8161568806,8.2000002521454e-07,"RFC J1259-3748",NA,"HSP",1412537568460800,1.10411929165471e-12,20.5854225158691,0.289003074169159,0.121726900339127,90.6378021240234,17.845173,"BLL",0,-9.19159628840208,-11.1346692290163,1.27729806253653,1.31355978532074,15.1500000073292,-11.9569840018708,3.26865180309982,NA
"4FGL J1304.3-4353",1,196.088302612305,-43.8956985473633,305.390869140625,18.9143772125244,49.9690742492676,2.50325782324978e-09,9.35991284478632e-11,2.51653489713455e-11,1.36355152429574e-12,"LogParabola",1.88991034030914,0.0253446716815233,1934.45190429688,1.73787450790405,0.042667668312788,0.0949228852987289,0.0184624101966619,0,"bll","1RXS J130421.2-435308",0.999834537506104,0.984108984470367,"bzcat",196.087526158,-43.8861626639,4.99999987368938e-06,"RFC J1304-4353",NA,"HSP",2818383041003520,7.86027926774624e-12,101.701065063477,0.374290198087692,0.0964528322219849,149.210998535156,16.42367,"BLL",0,-8.60149441789148,-10.5991970428039,1.69870130357189,2.00732550109156,15.4500000169101,-11.1045620236442,3.28655793645678,NA
"4FGL J1305.6+7853",1,196.41259765625,78.8923034667969,122.061248779297,38.2119140625,15.6986465454102,3.33697458554383e-10,3.04413473595222e-11,4.08414925143208e-12,3.92324085544959e-13,"PowerLaw",2.24031114578247,0.0788706317543983,1598.00952148438,2.24224829673767,0.0963940247893333,-0.000774122716393322,0.049102533608675,0,"bll","S5 1304+79",0.995480000972748,0.903766870498657,"bzcat",196.250059092,78.9099434472,1.0000000116861e-07,"RFC J1305+7854",NA,"LSP",4920395169792,1.48476933872765e-13,9.11356353759766,0,10,12.5703001022339,20.121738,"BLL",0,-9.4766471009269,-11.3888983954076,1.19586221144124,0.959688225721982,12.6919999834926,-12.8283410094434,3.20357936265995,NA
"4FGL J1307.6-4259",1,196.909606933594,-42.9949989318848,306.078887939453,19.7777366638184,41.0163307189941,1.73340986009407e-09,7.4916232939426e-11,2.06781796546762e-11,1.03645098146338e-12,"PowerLaw",1.93901562690735,0.0323317907750607,2532.86303710938,1.90390229225159,0.0403858050704002,0.0295944809913635,0.0180217549204826,0,"bll","1RXS J130737.8-425940",0.999951839447021,0.991851806640625,"bzcat",196.908265217,-42.9941630417,2.70000009550131e-06,"RFC J1307-4259",NA,"HSP",8317637960400896,1.07547668687369e-11,22.9696407318115,0.165664836764336,0.0641421377658844,114.956001281738,15.391525,"BLL",0,-8.76109873738317,-10.6844876957873,1.6129568062086,1.36115420244744,15.9200000130207,-10.9683989993833,3.4036117062391,NA
"4FGL J1309.7+1153",1,197.437698364258,11.896900177002,319.574310302734,74.1739654541016,17.4271678924561,5.55197499085835e-10,4.7946306647173e-11,6.51643235899391e-12,5.8278935063244e-13,"PowerLaw",2.18808794021606,0.0640836507081985,1472.57946777344,2.14352512359619,0.0825318917632103,0.0611840486526489,0.045263584703207,0,"bll","4C +12.46",0.987573564052582,0.895583212375641,"cgrabs",197.391385208,11.9068203083,6.79999985209179e-08,"RFC J1309+1154",NA,"LSP",13489629298688,2.35283775969208e-12,6.95285081863403,0,10,21.67919921875,18.37015,"BLL",0,-9.25555249884943,-11.1859901083881,1.24122681518717,0.84216291120079,13.1300000152207,-11.6284080186377,3.16807874079988,NA
"4FGL J1314.7+2348",1,198.687896728516,23.8124008178711,1.99509191513062,83.7818374633789,38.306957244873,1.29227195611037e-09,6.59036089589726e-11,1.07901352783268e-11,8.37750333514131e-13,"LogParabola",2.04068779945374,0.0352276489138603,1210.19616699219,1.89617645740509,0.0594800151884556,0.0968293696641922,0.0286444090306759,0,"bll","TXS 1312+240",0.999776661396027,0.974254667758942,"bllac",198.682525671,23.8074392417,1.39999997372797e-07,"RFC J1314+2348",NA,"ISP",100000000376832,6.91375515865511e-12,35.2574653625488,0.255530416965485,0.0802032425999641,23.0970001220703,17.042664,"BLL",0,-8.88864608029661,-10.9669731104364,1.5832776569624,1.54725108792289,14.0000000016366,-11.1602860044765,3.08285577307437,NA
"4FGL J1315.9-0732",1,198.986602783203,-7.5460000038147,313.514801025391,54.8213653564453,17.933162689209,5.86221682308263e-10,5.56516152605546e-11,7.20354288372138e-12,6.87881880363089e-13,"LogParabola",1.93024206161499,0.0616643615067005,2055.63598632812,1.75276112556458,0.0996916145086288,0.137625634670258,0.051558718085289,0,"bll","NVSS J131552-073301",0.997832775115967,0.827134966850281,"rfc",198.970727467,-7.55057693889,4.70000003360838e-07,"RFC J1315-0733",NA,"HSP",2344228852072448,4.13087446193838e-12,60.7536888122559,0.740024387836456,0.202026844024658,63.143798828125,17.722986,"BLL",0,-9.23193812255284,-11.1424538540668,1.25365688841025,1.78357265234724,15.3700000068088,-11.3839580031149,3.3129462119159,NA
"4FGL J1319.8+7759",1,199.965805053711,77.9881973266602,121.032493591309,39.0350227355957,19.2705745697021,3.91555315948366e-10,3.17599384291878e-11,4.21700131411629e-12,3.91271514970856e-13,"PowerLaw",2.04651165008545,0.0646688416600227,2178.34741210938,2.04377961158752,0.0725765451788902,0.00118637399282306,0.0320324338972569,0,"bll","NVSS J131921+775823",0.985298991203308,0,"rfc",199.838604479,77.9728556861,8.00000009348878e-07,"RFC J1319+7758",NA,"ISP",275422864474112,8.07430240289814e-13,27.6138477325439,0.390699714422226,0.133353918790817,94.1840972900391,17.652248,"BLL",0,-9.4072068754601,-11.3749962636488,1.28489466373335,1.44112692574769,14.4399999907603,-12.0928949892023,3.33812714407448,NA
"4FGL J1328.5-4727",1,202.134201049805,-47.4612998962402,309.407409667969,14.9434595108032,17.6551647186279,7.89122767130834e-10,8.28805565844526e-11,9.37055988359248e-12,1.00436336764737e-12,"PowerLaw",2.00994634628296,0.0736604928970337,4629.12548828125,1.99834334850311,0.0835476517677307,0.0153917344287038,0.0345056504011154,0,"bll","2MASS J13284063-4727496",0.998961627483368,0,"bzcat",202.169265721,-47.4637375917,2.70000009550131e-06,"RFC J1328-4727",NA,"HSP",3981071758655488,1.52194511333914e-12,17.3043193817139,0.255940109491348,0.13425201177597,99.619499206543,18.040848,"BLL",0,-9.10285542652457,-11.0282344595828,1.24687177378569,1.23815452217514,15.6000000057949,-11.8176010094602,3.66549895397991,NA
"4FGL J1330.2+7002",1,202.572692871094,70.0406036376953,118.112777709961,46.7224197387695,18.0432605743408,3.26917881654509e-10,2.90548470699425e-11,4.01716247072637e-12,3.94025496909187e-13,"PowerLaw",1.96657955646515,0.0675733909010887,2478.04956054688,1.88733613491058,0.0934160128235817,0.0658800005912781,0.0449363142251968,0,"bll","NVSS J133025+700141",0.999134957790375,0.918946087360382,"bzcat",202.607535721,70.0274088194,3.49999993431993e-07,"RFC J1330+7001",NA,"HSP",17579235644276736,5.10406278873832e-13,28.3646373748779,0.397220820188522,0.142833918333054,49.2366981506348,18.319197,"BLL",0,-9.48556132386292,-11.3960806032414,1.2563150210934,1.45277723573798,16.2449999877634,-12.292083991686,3.39410998793867,NA
"4FGL J1330.3+4441",1,202.579299926758,44.6876983642578,101.536262512207,70.7904510498047,13.8633804321289,2.95185459409097e-10,3.22806954777821e-11,3.17388476611669e-12,3.87310951539821e-13,"PowerLaw",2.07477378845215,0.0831894129514694,1986.19689941406,1.91217505931854,0.144562214612961,0.136006265878677,0.0814277827739716,0,"bll","1RXS J133021.4+444117",0.998801946640015,0.916135430335999,"bllac",202.589690933,44.6889660528,4.30000000051223e-06,"RFC J1330+4441",NA,"HSP",2238721101398016,7.61493136342689e-13,10.046745300293,0.120435774326324,0.23770210146904,23.1371002197266,18.737745,"BLL",0,-9.52990503930809,-11.4984088451767,1.14186914109939,1.00202539239794,15.3499999927892,-12.1183340067888,3.29802229959254,NA
"4FGL J1330.4+3157",1,202.600204467773,31.9629993438721,64.9795837402344,80.2501907348633,5.29088735580444,1.15622580953989e-10,2.58132022701307e-11,1.75437800137984e-12,3.87870318545661e-13,"PowerLaw",2.49614691734314,0.141295000910759,907.773986816406,2.4068124294281,0.24083836376667,0.296327739953995,0.182547241449356,0,"bll","MG2 J132953+3153",0.96179461479187,0.835914850234985,"bllac",202.47027045,31.9030706861,7.50000026528141e-08,"RFC J1329+3154",NA,"LSP",2754228781056,9.72675499172349e-13,10.7474937438965,0.261819392442703,0.593600630760193,-Inf,19.050722,"BLL",0,-9.93695734043085,-11.7558768270323,0.723528515402154,1.03130720098681,12.4400000122548,-12.0120320234771,2.95797773343662,NA
"4FGL J1331.6+1711",1,202.905197143555,17.1837005615234,348.040649414062,76.3948593139648,11.6541566848755,3.14594073014263e-10,3.83965047257018e-11,4.19930800202306e-12,4.98644528446057e-13,"PowerLaw",2.35010290145874,0.0897593051195145,1146.48498535156,2.34441661834717,0.0977361649274826,0.00775807164609432,0.0491790734231472,0,"bll","TXS 1329+174",0.997054040431976,0.87981390953064,"bllac",202.889351708,17.2140542611,1.80000000682412e-07,"RFC J1331+1712",NA,"LSP",28840315322368,1.06107483910378e-12,12.6815853118896,0.221167400479317,0.180384412407875,-Inf,18.302282,"BLL",0,-9.50224946378981,-11.3768222704744,1.06648085268663,1.1031735476443,13.4600000043836,-11.9742539836165,3.05936837147619,NA
"4FGL J1338.9+1153",1,204.732299804688,11.8956003189087,341.421173095703,71.1266708374023,15.8746881484985,4.47510528633899e-10,4.37221855942305e-11,5.32873875233597e-12,5.71157975515907e-13,"PowerLaw",2.03515195846558,0.0759271830320358,2291.08251953125,2.05755853652954,0.0752177163958549,-0.0218805447220802,0.0305101480334997,0,"bll","SDSS J133859.05+115316.7",0.99908173084259,0.802859365940094,"bzcat",204.746051204,11.8879723222,3.19999998055209e-07,"RFC J1338+1153",NA,"ISP",398107162443776,1.05278329456948e-12,37.4511566162109,0.574211299419403,0.177458837628365,23.0778999328613,18.526047,"BLL",0,-9.34919674252949,-11.2733755710333,1.2007052025173,1.57346523469988,14.5999999911531,-11.9776610150047,3.36004073176105,NA
"4FGL J1345.6-3356",1,206.408493041992,-33.9453010559082,315.598999023438,27.5898628234863,15.0371427536011,4.65191496434869e-10,4.53847376347127e-11,5.2201593742085e-12,5.6945989807336e-13,"PowerLaw",2.0543966293335,0.0732478573918343,2177.65502929688,2.04275012016296,0.0844511836767197,0.00988647527992725,0.0360854603350163,0,"bll","NVSS J134543-335643",0.997819066047668,0.857755184173584,"rfc",206.429358729,-33.94537635,9.99999997475243e-07,"RFC J1345-3356",NA,"ISP",146217715630080,8.97488734805801e-13,70.254035949707,0.967682778835297,0.254909515380859,154.065002441406,18.564392,"BLL",0,-9.33236823264773,-11.2823162375566,1.17716532267657,1.84667127861753,14.1649999946073,-12.0469709939389,3.33798908261037,NA
"4FGL J1347.1-2959",1,206.778900146484,-29.9839992523193,317.054565429688,31.3562774658203,15.9515991210938,4.56323506758949e-10,4.5564090694894e-11,4.50787497607852e-12,5.48899196494562e-13,"PowerLaw",1.93666839599609,0.0697401016950607,2908.35400390625,1.8484753370285,0.103058718144894,0.105573683977127,0.053887166082859,0,"bll","NVSS J134706-295840",0.999197900295258,0.871368587017059,"bzcat",206.778664825,-29.9784594056,7.4000001859531e-07,"RFC J1347-2958",NA,"ISP",199526228951040,1.56172297316459e-12,6.83976411819458,0,10,56.5381011962891,17.344294,"BLL",0,-9.34072715868132,-11.3460281374245,1.20280422687001,0.835041124536943,14.2999999944586,-11.806396001122,3.46364726758795,NA
"4FGL J1351.3+1115",1,207.843399047852,11.2502002716064,347.394226074219,68.7751159667969,25.2670097351074,7.54065254682246e-10,5.19676107701983e-11,7.9663593430257e-12,7.1135919420609e-13,"PowerLaw",1.88400363922119,0.0484538227319717,2644.69189453125,1.81400680541992,0.067390538752079,0.0654152035713196,0.0317593850195408,0,"bll","RX J1351.3+1115",0.999746799468994,0.967581987380981,"bllac",207.836856496,11.2480507389,3.19999998055209e-07,"RFC J1351+1114",NA,"HSP",7328245535997952,2.64529435682614e-12,22.425708770752,0.249877691268921,0.100954979658127,41.8904991149902,17.432428,"BLL",0,-9.12259106988333,-11.0987401075208,1.40255384768228,1.35074617793072,15.8650000121258,-11.5775259945428,3.42237508419769,NA
"4FGL J1353.0-4413",1,208.256607055664,-44.226001739502,314.424468994141,17.2670631408691,20.1115207672119,7.55839446586748e-10,5.49547005124218e-11,9.18234325381073e-12,6.95315224667759e-13,"PowerLaw",2.22823572158813,0.055551640689373,1489.44384765625,2.17351341247559,0.0731377378106117,0.0640204772353172,0.0390309691429138,0,"bll","PKS 1349-439",0.999696016311646,0.980425238609314,"bllac",208.235562238,-44.2112188,8.19999996792831e-08,"RFC J1352-4412",NA,"LSP",22646443999232,3.05879236869866e-12,17.6368770599365,0.231870338320732,0.105444572865963,31.3183002471924,17.271236,"BLL",0,-9.12157044638578,-11.037046476496,1.30344491176217,1.24642168761514,13.3550000177063,-11.5144500019917,3.17302413486713,NA
"4FGL J1406.1-2508",1,211.544494628906,-25.138599395752,323.592651367188,34.7167625427246,14.4904479980469,4.18479834118912e-10,4.40535281864829e-11,4.78415354207562e-12,5.43994103235912e-13,"PowerLaw",2.03322339057922,0.0752119570970535,2353.93237304688,1.97414672374725,0.099882073700428,0.0742389485239983,0.0516982860863209,0,"bll","NVSS J140609-250808",0.999772131443024,0.908658385276794,"bzcat",211.540041829,-25.1359376639,6.39999996110419e-07,"RFC J1406-2508",NA,"ISP",912010871046144,9.93809201599305e-13,27.9532032012939,0.48934218287468,0.169048309326172,68.6540985107422,17.99907,"BLL",0,-9.37832546513044,-11.3201948905986,1.16108181266731,1.4464315815583,14.9600000150907,-12.0026969864743,3.37179398168734,NA
"4FGL J1407.5-2706",2,211.891296386719,-27.1040992736816,323.126190185547,32.7649154663086,4.14341115951538,1.0400259126131e-10,3.64058401480793e-11,3.21122121949013e-12,9.96089820869128e-13,"PowerLaw",1.88269782066345,0.262051284313202,6051.1669921875,2.03537058830261,0.145544841885567,-0.102171555161476,0.0438282266259193,256,"bll","ESO 140425-2655.2",0.968701124191284,0.952639937400818,"bzcat",211.814926147461,-27.1582374572754,3.4e-07,"",NA,"LSP",16595868975104,1.13695955861887e-12,6.16016864776611,0,10,16.8852996826172,16.562275,"BLL",0,-9.98295583996595,-11.4933297750643,0.617358031403232,0.789592602065661,13.2199999974022,-11.944254982789,3.78183913818856,NA
"4FGL J1407.6-4301",1,211.919403076172,-43.0233993530273,317.444122314453,17.6896915435791,13.5742807388306,4.56859966524448e-10,4.78234292444757e-11,4.41416608126799e-12,5.78957563314442e-13,"PowerLaw",2.10307002067566,0.0793704316020012,2249.2451171875,2.04243350028992,0.103662498295307,0.0593321397900581,0.0532710067927837,0,"bll","SUMSS J140739-430231",0.99951446056366,0.965114533901215,"cgrabs",211.915504021,-43.0422051917,5.20000014603283e-07,"RFC J1407-4302",NA,"LSP",5754399490048,9.17208366549294e-13,56.869384765625,0.852478325366974,0.235505104064941,18.7423992156982,19.789845,"BLL",0,-9.3402168963966,-11.3551513307074,1.13271682688464,1.75487852991668,12.7600000088058,-12.0375319923965,3.35203678635659,NA
"4FGL J1410.1+0202",1,212.528701782227,2.03539991378784,343.171081542969,58.6191635131836,16.3725147247314,4.95726071303437e-10,4.60290312809253e-11,6.06818328224845e-12,5.4648456983622e-13,"PowerLaw",2.31479334831238,0.0648565143346786,1052.83508300781,2.24411392211914,0.0896653309464455,0.0922901704907417,0.0521589294075966,0,"bll","PKS 1407+022",0.997861981391907,0.960752367973328,"bzcat",212.519399825,2.05192021667,1.1999999571799e-07,"RFC J1410+0203",NA,"LSP",15848931590144,3.52305966518085e-12,42.3920822143555,0.543901741504669,0.160624265670776,20.2863998413086,18.88215,"BLL",0,-9.30475824001058,-11.2169413103397,1.21411538968668,1.62728474876911,13.1999999908349,-11.4530800017125,3.02236034825206,NA
"4FGL J1411.5-0723",1,212.886001586914,-7.3983998298645,335.123992919922,50.3985252380371,8.03938293457031,2.46016845784069e-10,4.22605908600993e-11,2.25363326090966e-12,5.16124794812389e-13,"PowerLaw",2.09338235855103,0.140028208494186,3033.53735351562,2.14876532554626,0.133383557200432,-0.0495786555111408,0.0560809746384621,0,"bll","NVSS J141133-072252",0.994982123374939,0.91195672750473,"rfc",212.888851908,-7.38150594444,3.09999990122378e-07,"RFC J1411-0722",NA,"ISP",275422864474112,6.70568255870668e-13,4.30440473556519,0,10,99.1847991943359,19.18634,"BLL",0,-9.60903515395118,-11.6471167563121,0.905222715614672,0.633913100520427,14.4399999907603,-12.173557009551,3.48194934700574,NA
"4FGL J1420.3+0612",1,215.089202880859,6.20039987564087,352.232330322266,60.258113861084,6.84410381317139,1.8350099217912e-10,3.43994242812951e-11,2.41450045720959e-12,4.90802114661709e-13,"PowerLaw",2.5269603729248,0.134217470884323,903.799133300781,2.58523368835449,0.109979689121246,-0.0733971074223518,0.0441857650876045,0,"bll","SDSS J142013.69+061428.6",0.991885960102081,0,"bzcat",215.057037353516,6.2412896156311,3.1e-06,"",NA,"ISP",582103225860096,3.79114166275396e-13,20.3316497802734,0.4712875187397,0.238996550440788,-Inf,19.840857,"BLL",0,-9.73636158320071,-11.6171727080257,0.835316588412246,1.30817262022186,14.7650000060352,-12.4212299870843,2.95607192052819,NA
"4FGL J1423.1+3738",1,215.792098999023,37.6451988220215,67.3078765869141,68.0490341186523,22.6506175994873,6.17077999809368e-10,4.74160884167407e-11,7.0351255203327e-12,5.33498538315275e-13,"LogParabola",2.10605359077454,0.0579241663217545,1404.00610351562,1.92766451835632,0.0924600064754486,0.144553199410439,0.0526257567107677,0,"bll","NVSS J142304+373729",0.966619551181793,0,"bllac",215.769228413,37.6251582417,2.29999997714003e-07,"RFC J1423+3737",NA,"ISP",291071712034816,7.91656887613734e-13,234.163909912109,1.42480564117432,0.345117211341858,14.9799995422363,17.892248,"BLL",0,-9.209659936865,-11.1527281495012,1.35508004813219,2.36951996104462,14.4640000003404,-12.1014630054092,3.14736899576914,NA
"4FGL J1425.0+3615",1,216.251998901367,36.2569999694824,63.4706001281738,68.1786193847656,22.192232131958,6.19146678371152e-10,5.50765856532909e-11,6.71718063116611e-12,6.41928133912617e-13,"LogParabola",1.86697900295258,0.0591436326503754,3507.43823242188,1.71890270709991,0.0892458483576775,0.126348793506622,0.0425909534096718,0,"bll","FBQS J142455.5+361536",0.995732665061951,0.913327157497406,"rfc",216.231298142,36.2600114694,2.69999986812763e-07,"RFC J1424+3615",NA,"ISP",264240883564544,5.72962250561249e-13,7.7001953125,0,10,68.844596862793,18.762178,"BLL",0,-9.20820645265836,-11.1728129729662,1.34620098649693,0.88650174102511,14.4220000128729,-12.2418739904462,3.54499003164493,NA
"4FGL J1426.1+3403",1,216.539398193359,34.0626983642578,57.5616302490234,68.5297546386719,14.85085105896,3.41314199125975e-10,3.47906842224077e-11,3.6492553770473e-12,4.18183608401346e-13,"PowerLaw",2.09406709671021,0.0767989233136177,1812.42663574219,2.006263256073,0.108993448317051,0.0978218168020248,0.0588273331522942,0,"bll","RGB J1426+340",0.998070120811462,0.844432234764099,"rfc",216.532150775,34.0739790833,1.80000000682412e-07,"RFC J1426+3404",NA,"ISP",223872116850688,1.53286183659368e-12,16.2219676971436,0.285276174545288,0.155977562069893,20.7837009429932,18.219772,"BLL",0,-9.46684564411577,-11.4377957433874,1.17175134251648,1.21010353225375,14.3500000058078,-11.8144969882044,3.25826043602252,NA
"4FGL J1427.6-3305",1,216.912994384766,-33.0940017700195,325.178894042969,25.5876865386963,40.7125587463379,1.86472415286687e-09,7.95444196621808e-11,1.77397888045938e-11,9.52713602453414e-13,"LogParabola",2.28782510757446,0.0284936465322971,911.384216308594,2.19852209091187,0.0411230996251106,0.119453020393848,0.0243928395211697,0,"bll","PKS 1424-328",0.999813497066498,0.980472147464752,"cgrabs",216.922337942,-33.09208495,2.00000002337219e-07,"RFC J1427-3305",NA,"LSP",5861381505024,8.72764360781986e-12,265.551239013672,0.587417185306549,0.143469050526619,31.7371997833252,18.29514,"BLL",0,-8.72938540393476,-10.7510515548282,1.60972839824022,2.42414833209877,12.7679999896182,-11.0591029964157,2.95970150303792,NA
"4FGL J1427.7-3215",1,216.946105957031,-32.2537002563477,325.584625244141,26.3452033996582,12.2915334701538,3.84210385728778e-10,4.67851035690359e-11,5.21150787455293e-12,6.15171921649477e-13,"PowerLaw",2.10719037055969,0.0956476032733917,2721.595703125,2.10241198539734,0.101381599903107,0.00397477485239506,0.0425733402371407,0,"bll","NVSS J142750-321515",0.999187886714935,0.818469524383545,"rfc",216.959202154,-32.2547281694,3.29999988935015e-06,"RFC J1427-3215",NA,"ISP",275422864474112,9.86004680680885e-13,47.5573692321777,0.76140171289444,0.218721151351929,98.2219009399414,18.705982,"BLL",0,-9.4154308997457,-11.283036601681,1.08960606808427,1.67721782240694,14.4399999907603,-12.0061210234066,3.43482361060176,NA
"4FGL J1431.1-3120",1,217.796203613281,-31.3467998504639,326.739501953125,26.8727512359619,16.1058349609375,5.25203214252201e-10,5.12892089910011e-11,3.52290744319583e-12,5.46459091085166e-13,"PowerLaw",1.98854792118073,0.07121442258358,2942.00952148438,1.9249632358551,0.0999159514904022,0.0770934894680977,0.0499040968716145,0,"bll","PKS 1428-311",0.99902868270874,0.969021499156952,"rfc",217.788430933,-31.3441192444,5.20000014603283e-07,"RFC J1431-3120",NA,"LSP",52480746455040,2.76896192606679e-12,94.0672454833984,1.06946539878845,0.2715784907341,50.0826988220215,17.448788,"BLL",0,-9.27967262468514,-11.4530987668208,1.20698324449431,1.97343842701765,13.7200000035589,-11.5576830158733,3.46864407393925,NA
"4FGL J1439.7+4958",1,219.941101074219,49.9775009155273,88.0818252563477,59.1796112060547,23.3268451690674,5.71186375974975e-10,3.9873337270846e-11,7.03122759668218e-12,4.71840448657002e-13,"PowerLaw",2.30246567726135,0.0509434901177883,1083.06433105469,2.27376461029053,0.0613210536539555,0.0432628393173218,0.0327848382294178,0,"bll","GB6 J1439+4958",0.999427735805511,0.938729643821716,"cgrabs",219.945734296,49.9681821861,8.80000001757253e-08,"RFC J1439+4958",NA,"LSP",10351421685760,2.5297756511139e-12,46.1589241027832,0.360935240983963,0.107190914452076,26.1615009307861,18.233112,"BLL",0,-9.24322215996692,-11.1529688439814,1.36785600676151,1.66425567749452,13.0150000007957,-11.59691799179,3.03465425329412,NA
"4FGL J1440.0-1530",1,220.007202148438,-15.5153999328613,337.88330078125,39.8744125366211,14.1165981292725,6.71612543357014e-10,6.38435762589928e-11,8.52906287263089e-12,8.66138215836754e-13,"PowerLaw",2.22719073295593,0.0734494477510452,2105.873046875,2.21733808517456,0.082529678940773,0.0222307480871677,0.0358215272426605,0,"bll","PKS 1437-153",0.999630808830261,0.970989882946014,"bllac",219.986966887,-15.5307096333,1.30000003650821e-07,"RFC J1439-1531",NA,"LSP",14962356387840,1.52081017050498e-12,95.8587112426758,1.07027578353882,0.276108831167221,37.4241981506348,17.94944,"BLL",0,-9.17288120136683,-11.0690986841435,1.14973005141216,1.98163158589135,13.1749999949755,-11.8179249917637,3.32343218607856,NA
"4FGL J1445.9-1626",1,221.497802734375,-16.449800491333,338.795745849609,38.3171424865723,10.1586856842041,3.51053741631802e-10,4.9107381355773e-11,6.3389740505293e-12,7.0794715575917e-13,"PowerLaw",2.55186796188354,0.100269764661789,790.196533203125,2.57322478294373,0.0913152247667313,-0.0333949439227581,0.0433282852172852,0,"bll","PKS B1443-162",0.994626939296722,0.957651078701019,"bzcat",221.472401229,-16.4837831,8.19999996792831e-08,"RFC J1445-1629",NA,"LSP",6760829550592,9.30923524031235e-13,32.4314002990723,0.511054873466492,0.170863524079323,-Inf,19.701412,"BLL",0,-9.45462639376907,-11.1979810260692,1.00683752320177,1.5109657007245,12.8299999869389,-12.0310859951255,2.89773511998722,NA
"4FGL J1448.0+3608",1,222.017105102539,36.1343994140625,60.2446136474609,63.713249206543,47.979866027832,1.54269386154482e-09,6.77745012889197e-11,1.51963251010523e-11,1.0127695123513e-12,"LogParabola",1.79252874851227,0.0283337458968163,2000.56518554688,1.59979498386383,0.0513166636228561,0.113234229385853,0.0224418994039297,0,"bll","RBS 1432",0.998148858547211,0.978480935096741,"bllac",222.002427867,36.1419901139,2.29999997714003e-07,"RFC J1448+3608",NA,"HSP",2344228852072448,4.00851964468818e-12,24.9077205657959,0.177692607045174,0.0660828873515129,140.397994995117,16.177414,"BLL",0,-8.81172024855312,-10.8182614239826,1.68105903097123,1.39633398482302,15.3700000068088,-11.3970159836997,3.30115270680829,NA
"4FGL J1454.4+5124",1,223.625,51.4090003967285,87.6678695678711,56.4512596130371,80.8031921386719,3.86173582000993e-09,9.76873582025917e-11,3.13055276146557e-11,1.26268732882767e-12,"LogParabola",2.02296447753906,0.0165184643119574,1384.43786621094,1.96840274333954,0.0232906136661768,0.0554711855947971,0.0107025569304824,0,"bll","TXS 1452+516",0.999725043773651,0.979516327381134,"bzcat",223.613019092,51.4093699056,1.1999999571799e-07,"RFC J1454+5124",NA,"ISP",462381012484096,3.16975720844603e-12,399.016632080078,0.469113796949387,0.113061308860779,78.489501953125,15.8565035,"BLL",0,-8.4132174394733,-10.5043789723388,1.90742851796304,2.60099099861922,14.6649999916264,-11.4989740018423,3.14127346931435,NA
"4FGL J1454.7+5237",1,223.677398681641,52.6194000244141,89.4065628051758,55.726490020752,6.52801179885864,1.31633717814772e-10,2.59590456769265e-11,1.72102100366028e-12,3.50858041621785e-13,"PowerLaw",2.14973211288452,0.148674875497818,2352.59521484375,1.79961752891541,0.3225277364254,0.460287153720856,0.284186214208603,0,"bll","87GB 145311.3+524904",-Inf,0,"rfc",223.688895667,52.6154387028,7.79999993483216e-07,"RFC J1454+5236",NA,"LSP",33884414672896,2.51933538050406e-13,7.60047006607056,0,10,-Inf,20.032566,"BLL",0,-9.88063285247522,-11.7642138294295,0.814780930699017,0.880840452910726,13.529999987939,-12.5987140142379,3.37154720933391,NA
"4FGL J1500.9+5528",1,225.227096557617,55.4724006652832,92.4215545654297,53.296199798584,8.86762237548828,1.87336549051231e-10,2.94185995008966e-11,1.09306476630405e-12,2.35740626238629e-13,"PowerLaw",2.11634755134583,0.113422282040119,2707.40551757812,2.05560040473938,0.164159804582596,0.140876904129982,0.095091886818409,0,"bll","FIRST J150106.2+552750",0.996121406555176,0,"bzcat",225.276061417,55.4641121639,5.6999999742402e-07,"RFC J1501+5527",NA,"ISP",110917480087552,2.2627001184175e-13,14.0458087921143,0.424935519695282,0.248874202370644,-Inf,19.153276,"BLL",0,-9.72737748422239,-11.9613541044591,0.947807190561805,1.1475467519989,14.0449999943669,-12.6453730004184,3.43255330965177,NA
"4FGL J1505.0-3433",1,226.258102416992,-34.5545997619629,331.918548583984,20.6897773742676,10.7472524642944,3.77311709653938e-10,4.51753669195032e-11,4.8739649469165e-12,6.25689604294433e-13,"PowerLaw",2.27742052078247,0.0880692303180695,1626.51623535156,2.19038844108582,0.126572653651237,0.126004472374916,0.0699577704071999,0,"bll","PMN J1505-3432",0.999504864215851,0.971789658069611,"bzcat",226.259876379,-34.5491167778,2.69999986812763e-07,"RFC J1505-3432",NA,"LSP",4168693841920,1.12926530106139e-12,40.0670318603516,0.855019569396973,0.248155251145363,23.9587001800537,20.204445,"BLL",0,-9.42329971650805,-11.3121175985439,1.03129745103221,1.60278717137167,12.6200000007518,-11.9472040162224,3.21125840262458,NA
"4FGL J1511.8-0513",1,227.958801269531,-5.22179985046387,354.613586425781,43.1277923583984,18.5985355377197,7.25733972917197e-10,6.76858638581912e-11,7.87597764784209e-12,7.93974749228182e-13,"PowerLaw",1.96767199039459,0.0727482885122299,3887.69360351562,1.89508140087128,0.110447429120541,0.0486096851527691,0.0507881380617619,0,"bll","NVSS J151148-051345",0.999764382839203,0.872511148452759,"bzcat",227.952336017,-5.22971893056,9.89999989542412e-07,"RFC J1511-0513",NA,"HSP",223872112287285248,6.11186838986311e-12,11.623969078064,0.127370372414589,0.161351412534714,56.6939010620117,17.719847,"BLL",0,-9.13922254633401,-11.1036955250673,1.26947874889929,1.0653544459868,17.3499999969552,-11.2138260062275,3.58969203003358,NA
"4FGL J1516.8+3651",1,229.221694946289,36.8504981994629,59.7576446533203,57.8833541870117,7.42506265640259,1.60663274351158e-10,2.73148517693222e-11,2.13756703310031e-12,3.46479057467333e-13,"PowerLaw",2.19047021865845,0.12711863219738,1677.49487304688,2.13167262077332,0.162463828921318,0.0916853472590446,0.119048021733761,0,"bll","MG2 J151646+3650",0.995425760746002,0.909281432628632,"rfc",229.205246033,36.8396835444,1.59999999027605e-07,"RFC J1516+3650",NA,"LSP",31260793634816,7.03494987958075e-13,32.703556060791,0.956973612308502,0.304046213626862,-Inf,19.590519,"BLL",0,-9.79408338626998,-11.6700802571148,0.870700122799363,1.5145949787646,13.494999999494,-12.1527389923442,3.22466120150222,NA
"4FGL J1516.9+1934",1,229.244201660156,19.5804996490479,28.0639533996582,55.8803176879883,7.7776894569397,2.05534783637162e-10,3.5883348376009e-11,3.42098853585437e-12,5.22276015837986e-13,"PowerLaw",2.58005595207214,0.112247847020626,713.892639160156,2.57682657241821,0.116858340799809,0.00388162769377232,0.0671474412083626,0,"bll","PKS 1514+197",0.997603416442871,0.929081380367279,"cgrabs",229.236650688,19.5369422,7.50000026528141e-08,"RFC J1516+1932",NA,"LSP",9120108249088,2.41020506504264e-12,30.8874397277832,0.647395968437195,0.226142674684525,-Inf,18.430756,"BLL",0,-9.68711466983001,-11.4658483811857,0.890850598900166,1.48978191095027,12.9599999931204,-11.6179460052145,2.85363290403647,NA
"4FGL J1518.0-2731",1,229.512405395508,-27.5312995910645,338.665588378906,24.9850292205811,31.5107040405273,1.46211087681536e-09,7.49052764259517e-11,1.55104904614456e-11,9.12895301886929e-13,"PowerLaw",2.05162405967712,0.0397537983953953,2284.1845703125,2.03387260437012,0.046176727861166,0.0175325162708759,0.0203464329242706,0,"bll","TXS 1515-273",0.999665021896362,0.991384387016296,"whsp2",229.515000467,-27.5253311917,4.59999995428007e-07,"RFC J1518-2731",NA,"HSP",1188502276407296,7.70830708290982e-12,82.7435836791992,0.442968785762787,0.117654696106911,65.3685989379883,16.682796,"BLL",0,-8.83501969210919,-10.8093744690251,1.49845810668083,1.91773432654737,15.0750000178944,-11.1130409922837,3.35873119354475,NA
"4FGL J1520.8-0348",1,230.204605102539,-3.81480002403259,358.116577148438,42.503246307373,26.1162052154541,9.8259500536102e-10,7.19739198795644e-11,9.78312656579883e-12,9.8451932370458e-13,"LogParabola",1.80782461166382,0.04399449005723,3122.06518554688,1.54722023010254,0.0902742072939873,0.191915571689606,0.0468725077807903,0,"bll","NVSS J152048-034850",0.999885439872742,0.97280079126358,"bzcat",230.203773204,-3.81435241944,3.70000009297655e-07,"RFC J1520-0348",NA,"HSP",1603245390692352,2.83375298053279e-12,7.84421396255493,0,10,62.4141006469727,17.835033,"BLL",0,-9.00762544776242,-11.0095223279042,1.41691007253731,0.894549431182593,15.2050000000006,-11.5476380100756,3.4944419664483,NA
"4FGL J1536.8-3155",1,234.212707519531,-31.922399520874,339.314025878906,19.0215644836426,6.91342973709106,2.46557718686091e-10,4.28417336328923e-11,3.29247805234967e-12,5.89154755797211e-13,"PowerLaw",2.19692087173462,0.116947747766972,2272.22631835938,2.17908668518066,0.165058970451355,0.106219753623009,0.0809232145547867,4,"bll","PKS 1533-317",0.986823558807373,0.884259343147278,"bllac",234.227075942,-31.8542042361,9.60150501327917e-08,"RFC J1536-3151",NA,"LSP",7328245481472,7.4314230984196e-13,20.0627098083496,0.534437596797943,0.296592265367508,13.4630002975464,19.768488,"BLL",0,-9.60808139698478,-11.4824771113624,0.839693553359604,1.30238959146269,12.8650000088944,-12.1289280119985,3.35645158580641,NA
"4FGL J1539.7-1127",1,234.927597045898,-11.4636001586914,355.171203613281,33.8400993347168,11.406681060791,3.75551784115302e-10,5.23784141059913e-11,4.97386897294061e-12,6.84584713136344e-13,"PowerLaw",1.84662878513336,0.0912485346198082,4683.5673828125,1.79122042655945,0.117451399564743,0.0616387873888016,0.0592098832130432,0,"bll","PMN J1539-1128",0.998599052429199,0.974642992019653,"wise",234.921661775,-11.4765075333,6.5000000404325e-07,"RFC J1539-1128",NA,"ISP",944060856532992,1.50673191371548e-12,9.03792858123779,0,10,116.986999511719,17.903767,"BLL",0,-9.42533017049754,-11.3033056595724,1.05715929852325,0.956068905163264,14.9749999909131,-11.8219640129483,3.6705767728362,NA
"4FGL J1539.9+4220",1,234.977096557617,42.3381004333496,68.1079254150391,52.6638374328613,6.56516075134277,1.60692389949979e-10,2.91332132029698e-11,2.4805179611731e-12,3.74374197007615e-13,"PowerLaw",2.32780575752258,0.118891157209873,1170.54016113281,2.10854291915894,0.229921087622643,0.282026708126068,0.153929859399796,4,"bll","87GB 153741.6+422719",0.921257078647614,0,"bllac",234.857009013,42.2911518389,2.87815709043571e-07,"RFC J1539+4217",NA,"LSP",23988329775104,3.97359852270449e-13,11.6163129806519,0.351465970277786,0.280551612377167,-Inf,18.785004,"BLL",0,-9.79400469001319,-11.6054576239351,0.817245364479787,1.06506830479704,13.3800000105894,-12.4008160144738,3.0683863188948,NA
"4FGL J1540.1+8155",1,235.047393798828,81.9223022460938,116.47403717041,32.9645881652832,30.6689682006836,6.03747440930391e-10,4.14708024865096e-11,7.3224230498492e-12,5.90566387025787e-13,"LogParabola",1.70961439609528,0.0422825738787651,3179.10229492188,1.55124318599701,0.0696132779121399,0.08367520570755,0.0284890327602625,0,"bll","1ES 1544+820",0.99994957447052,0.992413878440857,"bllac",235.066159221,81.9182732056,9.89999989542412e-07,"RFC J1540+8155",NA,"HSP",9440608699547648,5.01256501583836e-12,7.31751489639282,0,10,101.694000244141,17.082012,"BLL",0,-9.21914469705561,-11.1353451835523,1.48669916521342,0.864363615207588,15.9749999970875,-11.2999399812871,3.50230450256257,NA
"4FGL J1546.1-1003",1,236.541397094727,-10.0509996414185,357.715118408203,33.6534156799316,12.0592603683472,4.08265005136244e-10,5.12087421078444e-11,3.42112297692376e-12,5.83550406347416e-13,"PowerLaw",1.94672036170959,0.0867652595043182,3616.71948242188,1.77779269218445,0.141807839274406,0.158422529697418,0.0789720937609673,0,"bll","PMN J1546-1003",0.997733354568481,0.885170757770538,"rfc",236.547809863,-10.0572657278,5.59999989491189e-07,"RFC J1546-1003",NA,"HSP",2511886390132736,1.77000298098862e-12,59.7812805175781,0.850875675678253,0.243762940168381,43.6221008300781,18.877176,"BLL",0,-9.38905784448936,-11.4658313142278,1.08132067200016,1.77656521340922,15.3999999928461,-11.7520260022112,3.55831482560965,NA
"4FGL J1549.8-0659",1,237.470092773438,-6.99980020523071,1.22326278686523,34.9798049926758,23.9829120635986,9.64714530482524e-10,6.54879622752347e-11,1.08009113805596e-11,8.33989832488974e-13,"PowerLaw",1.94902181625366,0.0489463098347187,2812.16015625,1.91744601726532,0.0598941221833229,0.0288170985877514,0.0266233887523413,0,"bll","NVSS J154952-065907",0.998457610607147,0,"whsp2",237.466849404,-6.98553447778,1.09999996311672e-06,"RFC J1549-0659",NA,"HSP",25118864975069184,2.20993752811371e-12,16.9689807891846,0.191147118806839,0.104460194706917,127.910003662109,18.267092,"BLL",0,-9.01560118010447,-10.9665395972123,1.3799019150584,1.22965575799676,16.4000000114107,-11.6556200030475,3.44904005069877,NA
"4FGL J1550.8-0822",1,237.718307495117,-8.36999988555908,0.155245274305344,33.9017562866211,7.37295722961426,1.95094329580314e-10,4.3444716574248e-11,1.81869092268777e-12,4.71202449888602e-13,"PowerLaw",1.88650071620941,0.140530347824097,5675.6708984375,1.72964453697205,0.296588778495789,0.118282087147236,0.142303586006165,4,"bll","NVSS J155053-082247",0.999104022979736,0.943521082401276,"whsp2",237.721966642,-8.37967001111,5.80000005356851e-07,"RFC J1550-0822",NA,"HSP",4120975218049024,1.5028166428302e-12,16.0103912353516,0.67294043302536,0.344640046358109,33.2587013244629,18.219702,"BLL",0,-9.70975535319783,-11.7402411008136,0.867641714576313,1.20440194461626,15.6150000028534,-11.8230940040204,3.75401720511942,NA
"4FGL J1553.5-3118",1,238.392303466797,-31.31130027771,342.59326171875,17.1976203918457,30.443790435791,1.35637867604288e-09,7.60477861239117e-11,1.07999173840079e-11,9.18982771824783e-13,"LogParabola",1.95143294334412,0.0372330918908119,1987.740234375,1.84431731700897,0.0533263459801674,0.0838625729084015,0.0250192638486624,0,"bll","1RXS J155333.4-311841",0.999946296215057,0.982823848724365,"bzcat",238.389771163,-31.3087282,6.89999978931155e-07,"RFC J1553-3118",NA,"HSP",2238721101398016,5.3964233255599e-12,59.2508201599121,0.420698791742325,0.116594940423965,123.186996459961,16.669025,"BLL",0,-8.86761904648884,-10.9665795667174,1.48349872375113,1.7726943663017,15.3499999927892,-11.2678939891811,3.29835962847742,NA
"4FGL J1557.5-7040",1,239.388900756836,-70.668701171875,317.214935302734,-13.1550674438477,18.7696094512939,6.50488829467832e-10,5.08297640089417e-11,7.25819274474682e-12,6.49596695878607e-13,"PowerLaw",2.13994932174683,0.0608147718012333,2190.56616210938,2.09700417518616,0.0778620839118958,0.0672571808099747,0.0404861122369766,0,"bll","PKS 1552-705",0.99974125623703,0.973035752773285,"rfc",239.400681333,-70.6744730111,9.6999997367675e-07,"RFC J1557-7040",NA,"LSP",17782794092544,3.03922604314236e-13,7.92041158676147,0,10,38.1987991333008,20.109604,"BLL",0,-9.18676015696886,-11.1391715030866,1.2734552361316,0.898747750429753,13.2499999998084,-12.5172369979659,3.34055637479567,NA
"4FGL J1608.0-2038",1,242.022994995117,-20.6417999267578,352.994659423828,22.5729427337646,11.9765911102295,5.13609377250646e-10,5.78335851431078e-11,6.1531136089088e-12,7.20158362197548e-13,"PowerLaw",2.08430147171021,0.0819645151495934,2644.85791015625,2.07746767997742,0.0880032256245613,0.00558558711782098,0.038017351180315,0,"bll","NVSS J160756-203942",0.985520720481873,0.956305742263794,"rfc",241.987195479,-20.66176975,2.20000003992027e-07,"RFC J1607-2039",NA,"LSP",69984197804032,2.74853967710542e-12,17.6319465637207,0.411436200141907,0.18373666703701,28.0186996459961,18.70448,"BLL",0,-9.28936705571211,-11.2109050661786,1.0783332226703,1.24630026097861,13.8449999888535,-11.5608979893064,3.4224023453721,NA
"4FGL J1610.7-6648",1,242.69189453125,-66.814697265625,320.7880859375,-11.136323928833,63.327220916748,2.90218515885954e-09,9.41030725565284e-11,3.06580004438839e-11,1.4758149129851e-12,"LogParabola",1.75550103187561,0.0203240420669317,2583.68017578125,1.56562912464142,0.0372653715312481,0.110946476459503,0.0164281334728003,0,"bll","PMN J1610-6649",0.999994814395905,0.990782976150513,"bzcat",242.693589108,-66.817019325,3.0999999580672e-06,"RFC J1610-6649",NA,"HSP",5011872499630080,9.40630386081498e-12,66.6300888061523,0.243416830897331,0.0673023909330368,124.502998352051,15.543376,"BLL",0,-8.53727488310926,-10.5134561738295,1.8015904296505,1.82367039210644,15.7000000141554,-11.026580995934,3.41223875294152,NA
"4FGL J1612.4-3100",1,243.10009765625,-31.0011005401611,345.861175537109,14.6575870513916,23.2344512939453,1.20290477578777e-09,7.92025819928988e-11,1.03912529622607e-11,9.32076681461891e-13,"LogParabola",2.10831141471863,0.0453893169760704,1680.40063476562,1.96336460113525,0.0742035955190659,0.133253380656242,0.0392227098345757,0,"bll","NVSS J161219-305937",0.99863076210022,0.950325131416321,"rfc",243.083353913,-30.9940752028,1.7999999499807e-06,"RFC J1612-3059",NA,"LSP",64565421277184,1.66286504964946e-12,95.0517501831055,0.672394335269928,0.173423558473587,51.603401184082,17.740269,"BLL",0,-8.91976875087026,-10.9833320826846,1.36613242061409,1.97796011791758,13.8099999890609,-11.7791429946594,3.22541283691925,NA
"4FGL J1616.7+3327",1,244.181793212891,33.462100982666,54.1611747741699,45.6778678894043,6.15472364425659,1.48150838819028e-10,2.83989550625696e-11,2.01079062255027e-12,4.20696111410809e-13,"PowerLaw",2.23453092575073,0.14907605946064,1999.67395019531,2.02838802337646,0.294631034135818,0.223075926303864,0.189550533890724,0,"bll","NVSS J161633+333043",0.979498505592346,0,"bllac",244.140748062,33.5120594667,1.17624028916907e-06,"RFC J1616+3330",NA,"ISP",234422888562688,3.90921886875284e-13,14.6237335205078,0.499732971191406,0.353048413991928,-Inf,19.081196,"BLL",0,-9.82929588523392,-11.6966331487991,0.789208557272389,1.16505826457497,14.3700000130251,-12.4079100136735,3.3009591890767,NA
"4FGL J1624.6+5651",1,246.171493530273,56.850399017334,86.5961380004883,42.2629814147949,9.72154521942139,1.99344055151762e-10,2.7403974922624e-11,2.44596400425512e-12,3.59621078575845e-13,"PowerLaw",2.19666075706482,0.110374554991722,1958.03991699219,2.1948413848877,0.116162016987801,-0.000697454321198165,0.0508104674518108,0,"bll","SBS 1623+569",0.997485816478729,0.919767379760742,"bllac",246.134081142,56.8744448028,1.10000001996013e-07,"RFC J1624+5652",NA,"LSP",33113111527424,2.16261405484863e-12,11.2889318466187,0.192474573850632,0.290827810764313,24.2747993469238,18.3067,"BLL",0,-9.70039671135991,-11.611549938497,0.987735300618847,1.05265285113088,13.5199999918574,-11.6650209788527,3.29182154117127,NA
"4FGL J1641.9-0621",1,250.489196777344,-6.35290002822876,10.8169431686401,25.0309715270996,16.1920261383057,9.46382527899914e-10,7.55211310154991e-11,1.26666290303779e-11,1.06897954030294e-12,"PowerLaw",2.34721159934998,0.0570925734937191,1426.33251953125,2.27647423744202,0.0909009426832199,0.105452582240105,0.0510795451700687,0,"bll","TXS 1639-062",0.999561548233032,0.988246500492096,"bzcat",250.509073808,-6.35658196389,6.79999985209179e-08,"RFC J1642-0621",NA,"LSP",6918309937152,3.24055951343716e-12,41.4096984863281,0.381585121154785,0.118565171957016,-Inf,20.099546,"BLL",0,-9.02393328624435,-10.8973389485179,1.20930119622892,1.61710206831448,12.8400000143103,-11.4893799982442,3.15422078397517,NA
"4FGL J1642.3-8108",2,250.585494995117,-81.1374969482422,311.017883300781,-22.1680698394775,5.40580701828003,1.66014355040822e-10,3.49329003224153e-11,1.9162969822073e-11,1.65708430050621e-12,"PowerLaw",2.58847761154175,0.156859546899796,1009.55084228516,2.61051917076111,0.126835823059082,-0.0553901605308056,0.052908930927515,4,"bll","PKS 1633-810",0.999899208545685,0.932208240032196,"bllac",250.73893737793,-81.1430740356445,1.2e-07,"",NA,"LSP",50118724157440,1.19188675856002e-12,12.0120697021484,0.288039922714233,0.266274154186249,-Inf,18.991724,"BLL",0,-9.77985435746915,-10.717537184329,0.732860537775571,1.07961784360442,13.7000000068864,-11.9237650050561,3.00412819546181,NA
"4FGL J1643.0-7714",2,250.771896362305,-77.2488021850586,314.403167724609,-19.9005336761475,5.37028646469116,1.66873084794794e-10,3.33283192710532e-11,2.52570360459448e-12,4.23065445523396e-13,"PowerLaw",2.42870354652405,0.178869605064392,1774.36315917969,2.44391679763794,0.148915871977806,-0.0415791906416416,0.0559213533997536,0,"bll","PKS 1636-77",0.985649287700653,0.983467817306519,"rfc",251.067169189453,-77.263557434082,1.8e-07,"",NA,"LSP",6918309937152,2.11579712083854e-12,7.06691741943359,0,10,-Inf,17.110304,"BLL",0,-9.77761370566783,-11.5976176159508,0.72999745268585,0.849230016389882,12.8400000143103,-11.6745259781891,3.24904251171138,NA
"4FGL J1649.4+5235",1,252.363693237305,52.5900993347168,80.1847763061523,39.536792755127,36.7342758178711,1.05711150943932e-09,4.98925588343635e-11,1.17220972511989e-11,5.98400072982647e-13,"PowerLaw",2.08384108543396,0.0340866297483444,1468.99133300781,2.03649568557739,0.0434548631310463,0.0509451664984226,0.0218210928142071,0,"bll","87GB 164812.2+524023",0.999740123748779,0.943968653678894,"bzcat",252.354131413,52.5874989917,2.29999997714003e-07,"RFC J1649+5235",NA,"ISP",251188645724160,2.22442615542551e-12,116.249443054199,0.470243752002716,0.120246224105358,61.0416984558105,16.685925,"BLL",0,-8.97587919870972,-10.930994679859,1.56507148255245,2.06539088088184,14.400000004449,-11.652782007009,3.16701923347713,NA
"4FGL J1701.3+3956",1,255.333999633789,39.940601348877,64.0097808837891,37.4513664245605,10.4422369003296,2.556460876324e-10,3.33742755653788e-11,2.96132454495612e-12,4.31857728831059e-13,"PowerLaw",2.30286550521851,0.0979954525828362,1397.95727539062,2.14953017234802,0.174234330654144,0.207273751497269,0.121318936347961,0,"bll","B3 1659+399",0.994142472743988,0.891488552093506,"crates",255.352645058,39.9103032222,6.79999985209179e-08,"RFC J1701+3954",NA,"LSP",35892194443264,5.00535637243393e-12,18.3543739318848,0.381023705005646,0.185342699289322,19.8129005432129,17.215696,"BLL",0,-9.59236084926117,-11.528513993705,1.01879354171312,1.26373957529792,13.555000011843,-11.3005649960924,3.14549389863024,NA
"4FGL J1702.2+2642",1,255.558303833008,26.7115993499756,47.9677848815918,34.723014831543,10.0720977783203,2.56381416097184e-10,3.66806481022497e-11,2.61350316388409e-12,4.43698761542696e-13,"PowerLaw",2.11912751197815,0.10796694457531,2408.13061523438,2.08510851860046,0.132444232702255,0.0560384392738342,0.0668073669075966,0,"bll","MG2 J170210+2643",0.998763978481293,0.83284068107605,"bzcat",255.540138825,26.7207481139,4.40000007984054e-07,"RFC J1702+2643",NA,"LSP",52480746455040,1.70448030689663e-12,23.9029998779297,0.441422939300537,0.210174828767776,11.8243999481201,17.859564,"BLL",0,-9.59111345801028,-11.5827769698128,1.0031199331819,1.37845240926085,13.7200000035589,-11.7684080121268,3.38168003903809,NA
"4FGL J1704.5-0527",1,256.138397216797,-5.46199989318848,14.9370107650757,20.7910537719727,18.462532043457,9.16453246624371e-10,7.64482574466818e-11,1.08636936252404e-11,9.34461275720055e-13,"PowerLaw",2.01740312576294,0.0617931634187698,3359.17846679688,2.03467059135437,0.0594847612082958,-0.021387180313468,0.0237641483545303,0,"bll","NVSS J170433-052839",0.99949699640274,0.922401547431946,"whsp2",256.140991938,-5.47800940833,2.30000000556174e-06,"RFC J1704-0528",NA,"ISP",582103225860096,7.98978342254203e-13,22.7343711853027,0.355239152908325,0.132535949349403,165.218994140625,18.254915,"BLL",0,-9.03788968591286,-10.9640224907388,1.26629126207949,1.35668294646592,14.7650000060352,-12.0974649928599,3.52623307769881,NA
"4FGL J1736.0+2033",1,264.018585205078,20.5559005737305,44.0789566040039,25.4180450439453,17.0219306945801,5.31577504236935e-10,5.26138924095143e-11,5.89921644519875e-12,6.20889461806079e-13,"LogParabola",1.91412484645844,0.0635063052177429,2549.89306640625,1.74362730979919,0.10603441298008,0.147293701767921,0.055953923612833,0,"bll","NVSS J173605+203301",0.999871790409088,0.908693611621857,"bzcat",264.021922908,20.5503313194,3.3000000598804e-07,"RFC J1736+2033",NA,"HSP",1202264425365504000,2.58838566899455e-12,50.0210494995117,0.672548830509186,0.19304858148098,63.660701751709,18.294504,"BLL",0,-9.27443340619523,-11.229205669057,1.23100881793706,1.69915279949095,18.0799999966579,-11.5869710133831,3.40652196802475,NA
"4FGL J1740.6+5346",1,265.159088134766,53.7700996398926,81.4124069213867,31.8533554077148,14.0750579833984,3.2177283060264e-10,3.30774227452757e-11,2.89105631795517e-12,3.86642269849941e-13,"PowerLaw",2.16527128219604,0.078513465821743,1971.99780273438,2.09381079673767,0.108492769300938,0.115321084856987,0.0638092160224915,0,"bll","87GB 173932.3+534742",0.998155832290649,0.893741846084595,"rfc",265.152202383,53.7732952806,3.70000009297655e-07,"RFC J1740+5346",NA,"LSP",89125092851712,5.25519677687519e-13,34.967227935791,0.608788669109344,0.187087938189507,31.8152008056641,18.86799,"BLL",0,-9.49245062902969,-11.5389434481637,1.14845019264012,1.54366120451662,13.9499999953139,-12.2794110175023,3.29490642670009,NA
"4FGL J1741.2+5739",1,265.322601318359,57.6586990356445,85.993049621582,31.9184074401855,6.12925624847412,1.34329686263257e-10,2.59353961917785e-11,1.90317770223936e-12,3.92145544552205e-13,"PowerLaw",2.37818288803101,0.159123420715332,1395.6533203125,2.42469120025635,0.136865854263306,-0.0484432503581047,0.0535207726061344,4,"bll","NVSS J174111+573812",-Inf,0,"rfc",265.298766446,57.6368810194,1.99999999495049e-06,"RFC J1741+5738",NA,"ISP",164058976223232,1.58297474520813e-13,26.743200302124,0.773600459098816,0.284442216157913,-Inf,18.830746,"BLL",0,-9.87182799957541,-11.720520659165,0.787407778469414,1.42721337713643,14.2149999970968,-12.80052601382,3.14477755311997,NA
"4FGL J1745.4-0753",1,266.363586425781,-7.88940000534058,18.1617107391357,10.8202266693115,22.3274211883545,1.4556973404467e-09,9.61936363896854e-11,1.67553384361474e-11,1.18183739704347e-12,"PowerLaw",2.07530570030212,0.0485505424439907,2845.69677734375,2.06733202934265,0.0518374964594841,0.0108541194349527,0.0229963157325983,0,"bll","TXS 1742-078",0.999967694282532,0.995879888534546,"bzcat",266.362937304,-7.88442998056,1.10000001996013e-07,"RFC J1745-0753",NA,"LSP",15135612600320,2.27927117284199e-12,8.34402179718018,0,10,200.332000732422,19.189213,"BLL",0,-8.83692891144976,-10.7758467955538,1.34883856506236,0.921375429932222,13.1800000033272,-11.6422040022163,3.4541886220511,NA
"4FGL J1749.0+4321",1,267.255401611328,43.3615989685059,69.6292953491211,29.152006149292,31.7022895812988,9.93187643238969e-10,5.25174487231439e-11,1.16811950737206e-11,6.52520951768126e-13,"PowerLaw",2.08716821670532,0.0392250828444958,1562.53918457031,2.0529990196228,0.0480249561369419,0.0332386381924152,0.0227802414447069,0,"bll","B3 1747+433",0.999818027019501,0.983798384666443,"bllac",267.251501542,43.364246525,8.80000001757253e-08,"RFC J1749+4321",NA,"LSP",15135612600320,2.06448161517436e-12,31.4295749664307,0.246739760041237,0.0808086022734642,55.7070999145508,18.861607,"BLL",0,-9.00296869236608,-10.9325127233733,1.50109062867253,1.49733850793511,13.1800000033272,-11.6851889802942,3.19383091717085,NA
"4FGL J1754.2+3212",1,268.553192138672,32.2006988525391,57.7347946166992,25.4092922210693,60.4521179199219,2.66309574392665e-09,8.86463541460714e-11,2.33669524701829e-11,1.17243443686216e-12,"LogParabola",1.919508934021,0.0219295565038919,1403.58679199219,1.74792408943176,0.0399643145501614,0.105413019657135,0.0180118009448051,0,"bll","RX J1754.1+3212",0.999895393848419,0.961177051067352,"bzcat",268.549163492,32.2064040833,1.1999999571799e-07,"RFC J1754+3212",NA,"ISP",316227771695104,2.46637996484389e-12,373.312835693359,0.688880383968353,0.165698453783989,90.7452011108398,16.567049,"BLL",0,-8.57461321947486,-10.6313979248216,1.78141152082661,2.57207292262109,14.5000000077983,-11.6079400161737,3.14723927277228,NA
"4FGL J1807.9+4650",1,271.995086669922,46.8377990722656,74.2409362792969,26.5741348266602,7.58535146713257,1.37059003035844e-10,2.87804832049821e-11,1.28727107098769e-12,3.20516454089398e-13,"PowerLaw",1.89423489570618,0.14168244600296,4714.62548828125,1.89639973640442,0.154343634843826,-0.00186280102934688,0.0667428895831108,0,"bll","RGB J1808+468",0.999095261096954,0.903099715709686,"bllac",272.004979992,46.8280461944,2.90000002678426e-07,"RFC J1808+4649",NA,"LSP",69183098322944,1.11078756869637e-12,11.1550960540771,0.199535459280014,0.534860849380493,35.9011993408203,18.31108,"BLL",0,-9.86309243155559,-11.8903299905951,0.879975708616474,1.04747331425016,13.8400000077279,-11.9543689892718,3.67344719975993,NA
"4FGL J1808.2+3500",1,272.065704345703,35.0103988647461,61.6420249938965,23.460823059082,11.4489049911499,3.71609798488493e-10,4.37420551169243e-11,2.85053426175852e-12,5.84251559892363e-13,"PowerLaw",2.26025605201721,0.0870399177074432,1887.712890625,2.24962401390076,0.106322340667248,0.0639567971229553,0.0604220330715179,0,"bll","MG2 J180813+3501",0.998685657978058,0.905523061752319,"crates",272.048043054,35.0218547056,2.69999986812763e-07,"RFC J1808+3501",NA,"ISP",562341309579264,3.15154846664001e-12,25.426477432251,0.584654808044434,0.198535487055779,115.063003540039,17.39116,"BLL",0,-9.42991284318921,-11.5450737346622,1.05876395138837,1.40528619746625,14.7499999879436,-11.5014760096133,3.27593594149856,NA
"4FGL J1810.7+5335",1,272.677886962891,53.5932006835938,81.7809829711914,27.4102840423584,13.8354015350342,3.2113034453829e-10,3.53434226330052e-11,3.40618505623169e-12,4.28345645628672e-13,"PowerLaw",2.04566478729248,0.087645061314106,2778.56494140625,1.92001008987427,0.141078591346741,0.102517575025558,0.0726333856582642,0,"bll","2MASS J18103800+5335016",0.996923625469208,0.850456595420837,"rfc",272.658289433,53.5837668889,2.00000002337219e-07,"RFC J1810+5335",NA,"HSP",999999986991104,1.40825729983557e-12,9.61867427825928,0.140648037195206,0.234394237399101,19.6457996368408,17.91046,"BLL",0,-9.49331865474842,-11.4677317607431,1.14099176788023,0.983115218263159,14.9999999943503,-11.85131798888,3.44382055169357,NA
"4FGL J1811.0+1608",1,272.75,16.1478004455566,43.1608276367188,16.0736331939697,9.11847591400146,3.28845783936771e-10,4.99870596304408e-11,4.5916690588621e-12,6.67848155250228e-13,"PowerLaw",2.06849265098572,0.104855887591839,3085.10375976562,1.96142315864563,0.158823117613792,0.130827575922012,0.0865858718752861,0,"bll","87GB 180835.5+160714",0.994281530380249,0,"bzcat",272.709045108,16.1391026972,2.3999999143598e-07,"RFC J1810+1608",NA,"ISP",310813596319744,1.33785788437174e-12,41.5525512695312,1.03350174427032,0.303885757923126,10.5560998916626,18.924767,"BLL",0,-9.48300772176803,-11.3380294209344,0.959922255274462,1.61859769402299,14.4925000084477,-11.873590017593,3.48926977502594,NA
"4FGL J1811.3+0340",1,272.825988769531,3.6793999671936,31.6397457122803,10.6028022766113,26.0629119873047,1.18928455972167e-09,8.19272150121009e-11,1.05304636538461e-11,1.00980400256911e-12,"LogParabola",1.87331748008728,0.0438445061445236,2887.6767578125,1.73093771934509,0.0682756379246712,0.100155711174011,0.0312932021915913,0,"bll","NVSS J181118+034113",0.999967515468597,0.970147550106049,"whsp2",272.825118183,3.68709727778,2.79999994745594e-07,"RFC J1811+0341",NA,"HSP",10715192857985024,5.1344982952839e-12,35.823657989502,0.377726376056671,0.118566401302814,99.3721008300781,16.709093,"BLL",0,-8.92471421945119,-10.9775525065093,1.41602293744585,1.55416993002066,16.0299999921212,-11.2895019859975,3.46054857734803,NA
"4FGL J1813.6+0614",1,273.408386230469,6.24079990386963,34.2356796264648,11.2355871200562,21.6370697021484,1.09943898429776e-09,8.04613042859614e-11,9.21292816341568e-12,9.52799254425041e-13,"LogParabola",2.04411602020264,0.0493156313896179,2007.42858886719,1.87149107456207,0.0882227942347527,0.167781606316566,0.0497190728783607,0,"bll","TXS 1811+062",0.998783111572266,0,"bllac",273.389214987,6.26167604167,2.00000002337219e-07,"RFC J1813+0615",NA,"LSP",14962356387840,2.2353627195798e-12,23.580078125,0.293729156255722,0.111118800938129,60.021900177002,17.707,"BLL",0,-8.95882886772937,-11.0356023151776,1.33519844412594,1.37254523965645,13.1749999949755,-11.6506519963214,3.30264010487847,NA
"4FGL J1819.1+2133",1,274.776489257812,21.551399230957,49.1182060241699,16.4924621582031,9.97312450408936,3.35689920305526e-10,4.59838937760804e-11,3.75143839603798e-12,5.96024531812622e-13,"PowerLaw",2.07512998580933,0.107161097228527,2926.224609375,2.0568675994873,0.131153643131256,0.0138775538653135,0.0561389289796352,0,"bll","MG2 J181902+2132",0.999475002288818,0.902352154254913,"bzcat",274.771738254,21.5427272389,2.09999996059196e-07,"RFC J1819+2132",NA,"ISP",179887088336896,1.11034261212478e-12,4.76662874221802,0,10,10.6698999404907,18.512009,"BLL",0,-9.47406169903024,-11.4258021808893,0.998831240789155,0.678211327407435,14.2549999923323,-11.954542992748,3.46630765838134,NA
"4FGL J1820.3+3624",1,275.096313476562,36.4015998840332,63.8999061584473,21.5529460906982,11.5630855560303,2.35452407570946e-10,3.48310720543754e-11,2.86006006204598e-12,4.58793105503202e-13,"PowerLaw",1.82213521003723,0.0998097062110901,4698.19287109375,1.7630695104599,0.141110748052597,0.0452062264084816,0.0621523559093475,0,"bll","NVSS J182021+362343",0.999114990234375,0.932679653167725,"rfc",275.087442075,36.3953341056,2.90000002678426e-07,"RFC J1820+3623",NA,"HSP",7328245535997952,9.95772258052807e-13,11.7929782867432,0.299902230501175,0.226040035486221,55.7881011962891,18.745832,"BLL",0,-9.62809686440822,-11.5436248464719,1.06307373902827,1.07162349891656,15.8650000121258,-12.0018399772194,3.67193084154597,NA
"4FGL J1823.5+6858",1,275.888397216797,68.9675979614258,99.2134399414062,27.6695671081543,21.5181751251221,6.77448042107898e-10,4.95015209378558e-11,4.46214462948569e-12,5.09376395230188e-13,"LogParabola",2.21147871017456,0.056762021034956,1580.67749023438,1.97003483772278,0.0976831614971161,0.264554053544998,0.0692450925707817,4,"bll","7C 1823+6856",0.999481558799744,0.971475839614868,"bzcat",275.88689125,68.9646145889,6.79999985209179e-08,"RFC J1823+6857",NA,"ISP",112201843081216,9.7668607142859e-13,5.61843824386597,0,10,16.3938999176025,20.038305,"BLL",0,-9.16912400804195,-11.3504563572325,1.33280543768698,0.749615611595656,14.0499999909079,-12.0102450057335,3.1988432687308,NA
"4FGL J1829.3+5402",1,277.330596923828,54.0463981628418,82.8583068847656,24.8005542755127,20.4121170043945,4.40486619401881e-10,3.72452936547862e-11,5.4983066710701e-12,5.22115120235589e-13,"PowerLaw",1.85845649242401,0.0592298544943333,3308.92724609375,1.72896599769592,0.0904891416430473,0.116234086453915,0.047103326767683,0,"bll","RX J1829.3+5403",0.999603807926178,0.94400942325592,"bzcat",277.351176117,54.0499271389,1.89999994404388e-07,"RFC J1829+5402",NA,"HSP",1412537568460800,1.35118554799724e-12,20.6572666168213,0.30923143029213,0.129036962985992,66.4310989379883,17.949081,"BLL",0,-9.35606727955202,-11.2597710408041,1.30988804908883,1.31507285485221,15.1500000073292,-11.8692850085367,3.51968721836343,NA
"4FGL J1830.0+1324",1,277.511993408203,13.413800239563,42.6076889038086,10.7462949752808,11.5085611343384,5.01554964227324e-10,5.95446886242357e-11,5.7691317001396e-12,7.35468381075216e-13,"PowerLaw",2.0821168422699,0.0879577547311783,2812.6337890625,2.01285433769226,0.127210021018982,0.068700984120369,0.0604922287166119,0,"bll","MG1 J183001+1323",0.9997518658638,0.931115806102753,"bzcat",277.503177804,13.4039817944,2.79999994745594e-07,"RFC J1830+1324",NA,"ISP",245470886625280,2.47203711493948e-12,24.2383155822754,0.456032425165176,0.174335509538651,55.8032989501953,19.40205,"BLL",0,-9.29968146672608,-11.2388895466735,1.06102102906166,1.3845024356782,14.3899999912543,-11.6069450130766,3.44911318977529,NA
"4FGL J1832.6-5658",1,278.156890869141,-56.9776000976562,338.249664306641,-20.0329170227051,23.1116485595703,8.38676184056197e-10,5.43372430383826e-11,1.00507024577978e-11,6.88030849741589e-13,"PowerLaw",2.13161277770996,0.0524182617664337,2019.99792480469,2.07234907150269,0.0687984004616737,0.059949453920126,0.0353727973997593,0,"bll","PMN J1832-5659",0.999393105506897,0.944383323192596,"bzcat",278.129073496,-56.9890909972,5.39999973625527e-07,"RFC J1832-5659",NA,"ISP",112979592871936,1.86197129763144e-12,17.3934154510498,0.214537903666496,0.0987464040517807,41.4257011413574,18.061167,"BLL",0,-9.07640568949695,-10.9978035837277,1.36383092491611,1.24038487043858,14.0530000053995,-11.7300270179714,3.30535092328507,NA
"4FGL J1834.7-5858",2,278.687408447266,-58.9818000793457,336.319091796875,-20.9414749145508,6.61132192611694,2.12123749121496e-10,3.66852208333324e-11,1.04187242166986e-10,7.2388180519245e-12,"PowerLaw",2.39434361457825,0.137944385409355,1666.07189941406,2.19645428657532,0.253346979618073,0.259279787540436,0.170893311500549,0,"bll","PKS 1830-589",0.999585211277008,0.890022397041321,"bllac",278.614471435547,-58.9434089660645,2.4e-07,"",NA,"LSP",8035261480960,1.47532604622552e-12,23.2103652954102,0.77810925245285,0.307643830776215,-Inf,19.39453,"BLL",0,-9.67341070567007,-9.98218545757867,0.820288304843947,1.36568197563612,12.9050000140042,-11.8311119902427,3.22169373947473,NA
"4FGL J1836.4+3137",1,279.105285644531,31.6180000305176,60.3688087463379,16.7785873413086,11.739203453064,5.03464214762772e-10,5.40945031823892e-11,5.72128195513999e-12,8.25559889547356e-13,"PowerLaw",2.36942362785339,0.0787005200982094,1683.982421875,2.36722946166992,0.0880105942487717,0.0293964613229036,0.0445054769515991,16,"bll","RX J1836.2+3136",0.999300241470337,0.869607150554657,"bzcat",279.088500562,31.6074250917,2.20000003992027e-07,"RFC J1836+3136",NA,"ISP",630957338001408,2.15429410421741e-12,23.2026329040527,0.380215466022491,0.155974760651588,61.3222999572754,17.852722,"BLL",0,-9.29803139280326,-11.2425066488881,1.0696386294776,1.36553726897808,14.7999999955406,-11.6666950071106,3.22633755383671,NA
"4FGL J1841.3+2909",1,280.344085693359,29.1527004241943,58.4275169372559,14.8470125198364,13.4743595123291,3.55999896228809e-10,5.08425281042779e-11,4.63806597295058e-12,6.58054285975623e-13,"PowerLaw",1.74195337295532,0.0823785439133644,7368.5986328125,1.582195520401,0.159309297800064,0.154439106583595,0.0866817310452461,0,"bll","MG3 J184126+2910",0.999711632728577,0.991663455963135,"whsp2",280.340500412,29.1613969722,5.20000014603283e-07,"RFC J1841+2909",NA,"HSP",16500610442461184,1.13876469018392e-11,8.21467685699463,0,10,58.4630012512207,17.506475,"BLL",0,-9.44855012862056,-11.3336630781464,1.12950813067717,0.914590484145476,16.2175000112981,-10.9435660075385,3.86738490116901,NA
"4FGL J1841.8+3218",1,280.453002929688,32.3009986877441,61.4773330688477,15.9768733978271,17.7259578704834,4.81780504379969e-10,6.3662963789568e-11,6.89858717026204e-12,6.6607879151484e-13,"LogParabola",1.89767622947693,0.0685856863856316,3656.53491210938,1.55603289604187,0.18888983130455,0.24669586122036,0.104379400610924,0,"bll","RX J1841.7+3218",0.999706506729126,0.982823371887207,"bzcat",280.446009437,32.3108729806,2.60000007301642e-07,"RFC J1841+3218",NA,"HSP",7244359455997952,2.47834630422161e-12,41.090518951416,0.633464992046356,0.188260897994041,38.7071990966797,18.711878,"BLL",0,-9.31715077804358,-11.1612398436085,1.24860971277614,1.613741626205,15.8599999913222,-11.6058380088945,3.56306972436606,NA
"4FGL J1849.4+2745",1,282.354309082031,27.7541999816895,57.8386039733887,12.6671276092529,11.3465671539307,4.34602159815611e-10,4.84279352730432e-11,5.95126161892501e-12,6.73937956222753e-13,"PowerLaw",2.29955434799194,0.080142080783844,1544.07263183594,2.21803212165833,0.115003287792206,0.130886986851692,0.0719016194343567,0,"bll","MG2 J184929+2748",0.989638149738312,0,"bzcat",282.38222735,27.8002007167,1.59999999027605e-07,"RFC J1849+2748",NA,"LSP",39810718760960,1.94793747104738e-12,34.8003768920898,0.592081427574158,0.185666024684906,24.9057006835938,19.501932,"BLL",0,-9.36190811972357,-11.2253909576233,1.05486448781907,1.54158394743131,13.6000000186065,-11.7104249881222,3.18866772531556,NA
"4FGL J1849.4-4313",1,282.3623046875,-43.2214012145996,352.889282226562,-17.8567886352539,26.9043560028076,1.25463017752736e-09,7.24262663731601e-11,9.31820332700228e-12,8.47702008414941e-13,"LogParabola",2.19184994697571,0.0398435890674591,1357.30590820312,2.12251543998718,0.0567105636000633,0.114672876894474,0.033184465020895,0,"bll","PMN J1849-4314",0.999730050563812,0.945938110351562,"bzcat",282.358027488,-43.2370391306,1.50000005305628e-06,"RFC J1849-4314",NA,"LSP",20892960686080,3.70504104826863e-12,52.1507606506348,0.371889978647232,0.106083005666733,93.7979965209961,18.316616,"BLL",0,-8.90148427061983,-11.0306678173014,1.42982260099971,1.71726064725851,13.3199999870611,-11.4312069760955,3.13267773953312,NA
"4FGL J1903.2+5540",1,285.807708740234,55.6772994995117,85.9678039550781,20.5347328186035,90.8132553100586,4.43501724234352e-09,1.01711153388528e-10,3.96375189615217e-11,1.35480016962009e-12,"LogParabola",1.94807100296021,0.0149692194536328,1262.71716308594,1.81669199466705,0.0245676208287477,0.0837554186582565,0.0108545133844018,0,"bll","TXS 1902+556",0.999946534633636,0.987998843193054,"bllac",285.798364138,55.677346975,1.30000003650821e-07,"RFC J1903+5540",NA,"LSP",42072660770816,4.99639782672312e-12,70.2398986816406,0.168828904628754,0.0454893708229065,144.391006469727,16.228697,"BLL",0,-8.3531046873903,-10.40189353721,1.95814924376186,1.84658387644537,13.6239999786569,-11.3013429892186,3.10130608351897,NA
"4FGL J1918.2-4111",1,289.564300537109,-41.1893005371094,356.780395507812,-22.2397956848145,56.3555450439453,3.04943847950767e-09,1.00509184308706e-10,2.75547969857959e-11,1.35592589673578e-12,"LogParabola",1.94810879230499,0.0220259260386229,1480.26245117188,1.78465032577515,0.036988340318203,0.107862301170826,0.017547681927681,0,"bll","PMN J1918-4111",0.99996280670166,0.986098349094391,"bzcat",289.566914246,-41.1919551528,4.79999982871959e-07,"RFC J1918-4111",NA,"LSP",79432819671040,1.35790695094534e-12,54.2585334777832,0.225152567028999,0.0635980516672134,106.315002441406,17.90862,"BLL",0,-8.51578012383435,-10.5598027843581,1.75093665442841,1.73446805129227,13.8999999792161,-11.8671299885795,3.17033872282109,NA
"4FGL J1921.8-1607",1,290.463287353516,-16.1231002807617,21.6946830749512,-13.8724336624146,24.7591323852539,9.83394254916448e-10,7.41368563761391e-11,1.04032876063753e-11,9.07637246611026e-13,"LogParabola",1.82656157016754,0.0471263714134693,3231.86083984375,1.70196294784546,0.0718259662389755,0.0915107578039169,0.0328454747796059,0,"bll","PMN J1921-1607",0.999918639659882,0.968384385108948,"bzcat",290.464690979,-16.1201567417,2.20000003992027e-07,"RFC J1921-1607",NA,"ISP",512861373726720,3.19503039476754e-12,42.1875267028809,0.442666620016098,0.131488770246506,197.608001708984,17.423355,"BLL",0,-9.00727233322846,-10.9828293949626,1.39373542197576,1.62518406506482,14.7099999913078,-11.4955250059823,3.50945265229156,NA
"4FGL J1925.8-2220",1,291.466491699219,-22.3409996032715,16.1852340698242,-17.2488536834717,4.56474685668945,1.14493539649096e-10,3.83513186485995e-11,1.26674950910732e-12,4.23205632864299e-13,"PowerLaw",1.79430103302002,0.176329776644707,8658.0908203125,1.72822999954224,0.236738175153732,0.0770417600870132,0.110195338726044,0,"bll","TXS 1922-224",0.995753765106201,0.953725755214691,"bzcat",291.415792404,-22.3264202083,8.80000001757253e-08,"RFC J1925-2219",NA,"LSP",6760829550592,4.87013478590176e-13,9.57882022857666,0,10,104.797996520996,19.458649,"BLL",0,-9.94121901789967,-11.8973092553357,0.659416698235874,0.98131202267243,12.8299999869389,-12.3124590190804,3.93742213709664,NA
"4FGL J1926.8+6154",1,291.709686279297,61.9146003723145,93.3123321533203,19.7445430755615,37.3142280578613,1.3076564275849e-09,6.80730055657719e-11,1.21150320678276e-11,9.110515076724e-13,"LogParabola",1.90598380565643,0.0353427827358246,2809.25341796875,1.78432250022888,0.0559923239052296,0.085399828851223,0.0245717763900757,0,"bll","87GB 192614.4+614823",0.999924600124359,0.988327264785767,"bzcat",291.707880837,61.9117628417,2.49999999368811e-07,"RFC J1926+6154",NA,"HSP",10000000272564224,4.56149267663575e-12,58.020881652832,0.379607260227203,0.105217836797237,78.2293014526367,17.396297,"BLL",0,-8.88350634714643,-10.9166754319712,1.57187446153516,1.76358432381257,16.0000000118373,-11.3408930180487,3.44859091793466,NA
"4FGL J1927.5+6117",1,291.882202148438,61.2939987182617,92.7288513183594,19.4450263977051,29.039478302002,1.03252983940649e-09,5.85399714814194e-11,8.62178644450706e-12,7.77446629209727e-13,"LogParabola",2.17140245437622,0.0407705791294575,1575.79931640625,2.10839986801147,0.0555165819823742,0.0764695256948471,0.028771048411727,0,"bll","S4 1926+61",0.999931573867798,0.991764485836029,"bllac",291.876844038,61.2924664639,8.19999996792831e-08,"RFC J1927+6117",NA,"LSP",15848931590144,3.35091958521272e-12,38.0732460021973,0.324831634759903,0.0977568998932838,61.138801574707,17.734102,"BLL",0,-8.98609738867657,-11.0644027385131,1.46298880994139,1.5806199049401,13.1999999908349,-11.4748359941634,3.19750090774304,NA
"4FGL J1941.3-6210",1,295.346801757812,-62.1753005981445,334.521759033203,-29.5436172485352,72.7168426513672,2.94354740582037e-09,8.35036484403417e-11,2.78281512416934e-11,9.08812955446869e-13,"LogParabola",2.42784738540649,0.0174329429864883,499.290802001953,2.35039734840393,0.0232357047498226,0.0666912496089935,0.0130205759778619,0,"bll","PKS 1936-623",0.999867677688599,0.992977559566498,"bzcat",295.3407024,-62.1891824194,1.1999999571799e-07,"RFC J1941-6211",NA,"LSP",8963961651200,1.37968835575014e-12,1214.60314941406,0.705766916275024,0.167474702000618,28.6291007995605,20.771103,"BLL",0,-8.53112896548442,-10.5555156449847,1.86163501365647,3.08443440289504,12.9524999899081,-11.8602190010356,2.69835356550115,NA
"4FGL J1955.1-1604",1,298.777404785156,-16.0715007781982,25.154504776001,-21.1481971740723,16.4311866760254,6.45261011289477e-10,6.23138901589826e-11,8.13221798928732e-12,7.55816036927121e-13,"PowerLaw",2.02934598922729,0.0711897909641266,3292.8662109375,2.0275022983551,0.0731960386037827,0.00193114031571895,0.0285617746412754,0,"bll","1RXS J195500.6-160328",0.996807932853699,0.908014893531799,"bzcat",298.752768033,-16.0607890639,6.5000000404325e-07,"RFC J1955-1603",NA,"HSP",7079457944764416,3.88360437558743e-12,22.5164642333984,0.375571548938751,0.149281740188599,40.584098815918,18.111387,"BLL",0,-9.19026457554588,-11.0897909883375,1.2156689297308,1.35250019415075,15.8500000061912,-11.4107650182724,3.51757408569765,NA
"4FGL J1959.7-4725",1,299.947509765625,-47.4325981140137,351.793518066406,-30.8456592559814,35.5377922058105,1.22607235475414e-09,6.64132082661695e-11,1.18012093153208e-11,9.65200250453713e-13,"LogParabola",1.7930052280426,0.0343094617128372,2519.2880859375,1.59253311157227,0.0602197274565697,0.128458917140961,0.0283675771206617,0,"bll","1RXS J195945.8-472531",0.999794781208038,0.96243143081665,"bzcat",299.940273887,-47.4220411833,7.49999981053406e-06,"RFC J1959-4725",NA,"HSP",2238721101398016,4.102730741945e-12,10.761323928833,0.0706957057118416,0.116869524121284,148.432006835938,16.80803,"BLL",0,-8.91148389984758,-10.9280734865871,1.55069044365451,1.03186570438024,15.3499999927892,-11.3869269844039,3.40127783283323,NA
"4FGL J2005.1+7003",1,301.277587890625,70.0624008178711,102.867149353027,19.4369335174561,19.6553993225098,5.60176405262069e-10,5.51401389825568e-11,5.08061951884353e-12,6.61538315446797e-13,"LogParabola",1.85262048244476,0.0566164031624794,3788.53955078125,1.63951027393341,0.101970717310905,0.169379010796547,0.0573318153619766,0,"bll","1RXS J200504.0+700445",0.999320447444916,0.933416903018951,"bzcat",301.275058312,70.0776004611,3.49999993431993e-07,"RFC J2005+7004",NA,"HSP",57543993306644480,1.90950141983059e-12,37.232852935791,0.599853098392487,0.173458084464073,77.3526000976562,19.00939,"BLL",0,-9.25167518769433,-11.2940833276352,1.29348187144793,1.57092631493988,16.7599999967768,-11.7190800143661,3.57847182546334,NA
"4FGL J2010.0+7229",1,302.515899658203,72.4873962402344,105.360816955566,20.1673431396484,41.0546493530273,1.73333769559747e-09,7.02307587086004e-11,1.45689744990296e-11,8.7482554837412e-13,"LogParabola",2.29687833786011,0.0283129420131445,995.448303222656,2.19800448417664,0.0417987816035748,0.103627875447273,0.0230058636516333,0,"bll","4C +72.28",0.999747335910797,0.989405393600464,"bllac",302.467932688,72.488708475,1.1999999571799e-07,"RFC J2009+7229",NA,"LSP",9332543455232,2.03214181593303e-12,75.7997665405273,0.299389749765396,0.0801126807928085,23.3645992279053,18.224524,"BLL",0,-8.76111681810129,-10.8365710168702,1.61336234718081,1.87966786802893,12.9700000208136,-11.6920459874668,2.99801871066366,NA
"4FGL J2012.2-1646",1,303.071899414062,-16.7728996276855,26.2040939331055,-25.2138328552246,14.9156370162964,4.83643736171047e-10,5.96134253072478e-11,8.12158500174132e-12,1.01730071849077e-12,"LogParabola",2.69238352775574,0.0581155866384506,673.585021972656,2.71090626716614,0.112491145730019,0.388695627450943,0.0923316553235054,0,"bll","PMN J2012-1646",0.99205070734024,0.911058485507965,"at20g",303.125747721,-16.7806855667,2.3999999143598e-07,"RFC J2012-1646",NA,"LSP",10115794075648,1.98026355513123e-13,90.8645553588867,0.754739165306091,0.19307416677475,-Inf,20.09924,"BLL",0,-9.31547443254476,-11.0903592059391,1.17364180592166,1.95839450573015,13.0049999799527,-12.7032770052324,2.82839242150385,NA
"4FGL J2015.2-0137",1,303.807403564453,-1.62539994716644,41.3235893249512,-19.3290977478027,25.6165771484375,1.29033095319642e-09,7.83784842584012e-11,1.28476274757761e-11,9.71832748823676e-13,"LogParabola",2.23096513748169,0.0417627319693565,1435.67785644531,2.20014190673828,0.0569417178630829,0.0985575392842293,0.0319577977061272,0,"bll","PKS 2012-017",0.999949038028717,0.992595493793488,"bllac",303.813158171,-1.62571114722,1.1999999571799e-07,"RFC J2015-0137",NA,"LSP",63095732961280,3.16898373861618e-12,12.1938858032227,0.0907973498106003,0.10523310303688,28.3003005981445,17.630022,"BLL",0,-8.88929888449703,-10.8911770644969,1.40852109945803,1.0861421235002,13.7999999897666,-11.499079989351,3.15705700197921,NA
"4FGL J2021.9+0629",1,305.492004394531,6.49410009384155,49.6244583129883,-16.7810287475586,13.3114528656006,5.44431666416045e-10,5.85615722581423e-11,5.57344535107029e-12,6.98164887447811e-13,"PowerLaw",2.08295202255249,0.0769942626357079,2572.24365234375,1.95123553276062,0.136561512947083,0.151110291481018,0.0762862712144852,0,"bll","PMN J2021+0628",0.999646723270416,0.898614943027496,"bzcat",305.481099013,6.48712910833,3.79999988808777e-07,"RFC J2021+0629",NA,"ISP",446683578105856,2.34628635964462e-12,16.5502529144287,0.332882046699524,0.173743188381195,73.625602722168,16.910109,"BLL",0,-9.26405662235594,-11.2538762528733,1.12422545871124,1.2188046348792,14.6499999863444,-11.6296189841966,3.41031210416531,NA
"4FGL J2022.3-4513",1,305.591094970703,-45.2228012084961,354.926574707031,-34.4655456542969,24.2920322418213,8.98238927682371e-10,6.02353097955977e-11,8.35347069294556e-12,6.10031502309288e-13,"LogParabola",2.15224170684814,0.0449911430478096,1016.07543945312,2.02121591567993,0.0648641362786293,0.101511485874653,0.0375987626612186,0,"bll","PMN J2022-4513",0.999808251857758,0.94874370098114,"bzcat",305.610054288,-45.2248751222,3.70000009297655e-07,"RFC J2022-4513",NA,"ISP",451855960244224,6.86273130337534e-12,52.2792091369629,0.396713584661484,0.114674836397171,13.943699836731,17.005362,"BLL",0,-9.0466081275061,-11.078133046717,1.38546384887222,1.71832900909116,14.6550000152525,-11.163503004715,3.00692595373719,NA
"4FGL J2024.4-0847",1,306.114685058594,-8.79730033874512,35.5680160522461,-24.6450595855713,16.9207744598389,5.62818569527224e-10,5.43770549421563e-11,6.11468211134114e-12,6.60611810480299e-13,"PowerLaw",2.00867819786072,0.0752955675125122,3005.04028320312,1.94567441940308,0.100949473679066,0.0526258386671543,0.0490304529666901,0,"bll","1RXS J202428.9-084810",0.999830543994904,0.979305446147919,"whsp2",306.122368821,-8.80122741944,3.3000000598804e-07,"RFC J2024-0848",NA,"ISP",371535239970816,9.67947944019443e-13,12.1416082382202,0.162944555282593,0.169327095150948,28.6481990814209,18.019802,"BLL",0,-9.24963158197261,-11.2136261160404,1.22842023671348,1.08427621579405,14.5700000127104,-12.0141479983042,3.47785029818753,NA
"4FGL J2030.9+1935",1,307.740692138672,19.5988006591797,62.2152328491211,-11.525652885437,22.9161930084229,8.2438256221451e-10,6.42687014718035e-11,7.46470246726361e-12,8.29831971367601e-13,"LogParabola",1.87056469917297,0.0499240942299366,2671.84033203125,1.65237200260162,0.0901429653167725,0.157619327306747,0.0465259812772274,0,"bll","RX J2030.8+1935",0.999954700469971,0.943125367164612,"bzcat",307.738057888,19.6035923333,3.79999988808777e-07,"RFC J2030+1936",NA,"HSP",6309573245796352,1.48364502107479e-12,20.5595684051514,0.2941714823246,0.11851754784584,106.846000671387,18.106335,"BLL",0,-9.08387120322726,-11.1269874979725,1.36014247137737,1.31301399353197,15.7999999863022,-11.8286699965165,3.42681050133731,NA
"4FGL J2034.8-4200",1,308.707885742188,-42.0008010864258,359.12744140625,-36.4039535522461,13.1626358032227,3.40625500028224e-10,4.10875083955986e-11,4.46319457086952e-12,5.42979832103552e-13,"PowerLaw",1.91212427616119,0.0840030759572983,3534.05395507812,1.77813911437988,0.138086348772049,0.137114480137825,0.0758893638849258,0,"bll","2MASS J20345108-4200386",0.999531030654907,0,"rfc",308.712869704,-42.0106757278,2.70000000455184e-05,"RFC J2034-4200",NA,"HSP",4623810393276416,1.90985335185578e-12,18.615909576416,0.431378811597824,0.187275901436806,38.515998840332,18.206867,"BLL",0,-9.46772284284728,-11.350354179883,1.119342864975,1.26988426077293,15.6650000168394,-11.7189999787863,3.54827317567834,NA
"4FGL J2036.4+6553",1,309.103210449219,65.8833999633789,100.657272338867,14.7963094711304,18.5463771820068,6.71027011733827e-10,5.58219061252974e-11,5.67558413461233e-12,6.77275943661293e-13,"LogParabola",2.04957747459412,0.057275015860796,2258.22924804688,1.92052960395813,0.0873928889632225,0.148989647626877,0.0526587106287479,0,"bll","87GB 203539.4+654245",0.999765574932098,0.95941150188446,"bzcat",309.083896775,65.8873785778,2.69999986812763e-07,"RFC J2036+6553",NA,"ISP",266072502566912,1.5723201820389e-12,26.3504543304443,0.374897956848145,0.135577723383904,38.3569984436035,18.439812,"BLL",0,-9.17325999725153,-11.2459894339791,1.26825908788513,1.42078810765118,14.4249999944292,-11.8034590110106,3.35376802798222,NA
"4FGL J2039.0-1046",1,309.758087158203,-10.773099899292,35.3045921325684,-28.7362518310547,46.3249549865723,2.12246997755017e-09,8.66782270958488e-11,1.92396099052417e-11,1.06611876445062e-12,"LogParabola",2.08483743667603,0.0271638818085194,1018.52679443359,1.95596385002136,0.0435310415923595,0.0932005941867828,0.0213417336344719,0,"bll","TXS 2036-109",0.999885261058807,0.977928340435028,"bzcat",309.752960133,-10.77829515,1.1999999571799e-07,"RFC J2039-1046",NA,"LSP",35277678575616,3.34489901054891e-12,32.5000305175781,0.192896738648415,0.0611216574907303,38.4538993835449,17.847797,"BLL",0,-8.67315844415893,-10.7158037377929,1.66581500599217,1.51188376878225,13.5474999989379,-11.475616989951,3.00797245849238,NA
"4FGL J2041.8-7319",1,310.460693359375,-73.3254013061523,320.73291015625,-33.7193984985352,11.0936050415039,2.18956630604339e-10,3.47576585568721e-11,3.12206727484665e-12,4.44250105452459e-13,"PowerLaw",1.87152683734894,0.10804982483387,4789.16796875,1.71904075145721,0.188217416405678,0.106713458895683,0.0901835337281227,0,"bll","SUMSS J204201-731911",0.999543428421021,0,"whsp2",310.508169937,-73.3204502,7.39999995857943e-06,"RFC J2042-7319",NA,"HSP",6456542194827264,1.73084832057191e-12,4.96984481811523,0,10,52.975700378418,17.958818,"BLL",0,-9.65964189865055,-11.50555774292,1.04507269991051,0.696342828232643,15.809999993575,-11.7617409889847,3.68026006916247,NA
"4FGL J2046.6-1012",1,311.671997070312,-10.2003002166748,36.8245506286621,-30.1917991638184,7.33793878555298,2.12145231937022e-10,3.89060866856639e-11,2.15202139962345e-12,4.59011734871284e-13,"PowerLaw",1.94857835769653,0.1296706199646,3294.46533203125,1.90790164470673,0.165073871612549,0.0743035152554512,0.0928756222128868,256,"bll","PMN J2046-1010",0.98426878452301,0,"crates",311.726372146,-10.1778254778,3.09999990122378e-07,"RFC J2046-1010",NA,"HSP",999999986991104,2.01158772798748e-12,6.40777015686035,0,10,27.1935997009277,17.26513,"BLL",0,-9.6733667247586,-11.6671534143755,0.865574084469882,0.806706925454853,14.9999999943503,-11.6964610225259,3.51778494178589,NA
"4FGL J2050.0+0408",1,312.518096923828,4.14010000228882,51.3901977539062,-23.9741630554199,20.3841686248779,7.39089678347682e-10,5.55775078736609e-11,8.76313865222356e-12,6.7245449660025e-13,"PowerLaw",2.28590226173401,0.0540040247142315,1200.7099609375,2.28261661529541,0.0566428191959858,0.00416098861023784,0.0264188963919878,0,"bll","PKS 2047+039",0.999670267105103,0.983976066112518,"bllac",312.526002504,4.13024710278,1.1999999571799e-07,"RFC J2050+0407",NA,"LSP",20417379041280,1.99247562893134e-12,14.3559608459473,0.162386670708656,0.107066757977009,72.831298828125,18.348112,"BLL",0,-9.13130286275725,-11.0573403167538,1.30929300330396,1.15703226517999,13.3099999913765,-11.7006069819948,3.07943811350061,NA
"4FGL J2056.7-3209",1,314.178009033203,-32.1612014770508,12.2444648742676,-39.3715858459473,5.17840242385864,1.62208593779134e-10,3.72391770198099e-11,2.66413497165829e-12,5.81205114418004e-13,"PowerLaw",2.60686850547791,0.137204051017761,680.220947265625,2.58049035072327,0.171741113066673,0.0775523632764816,0.147003695368767,0,"bll","PKS 2053-323",0.994235336780548,0.954028725624084,"bzcat",314.104459308,-32.1466113278,1.50000005305628e-07,"RFC J2056-3208",NA,"LSP",4786301173760,1.77735430539894e-12,6.3836145401001,0,10,-Inf,18.813822,"BLL",0,-9.78992614067981,-11.5744437765132,0.71419579729046,0.805066655259724,12.6800000227327,-11.7502259894475,2.83265000181281,NA
"4FGL J2103.8-6233",1,315.954711914062,-62.5563011169434,332.698852539062,-38.9496994018555,47.6014022827148,1.74774106298514e-09,6.96732185834215e-11,1.45318123853655e-11,8.46172687040542e-13,"LogParabola",2.00543403625488,0.0264945346862078,1231.86315917969,1.85792791843414,0.0442060418426991,0.107954569160938,0.0209721587598324,0,"bll","PMN J2103-6232",0.97534716129303,0.950423657894135,"whsp2",315.909974288,-62.5405325694,1.01986518075137e-06,"RFC J2103-6232",NA,"ISP",851138031124480,3.26487838500644e-12,39.8529396057129,0.217006117105484,0.0657188221812248,93.4588012695312,16.192255,"BLL",0,-8.75752290994343,-10.837680217782,1.67761974672627,1.60046036105095,14.9299999963885,-11.4861329913274,3.09056246715157,NA
"4FGL J2104.3-0212",1,316.078704833984,-2.20880007743835,47.3758430480957,-30.3171768188477,10.09743309021,1.85256227025477e-10,3.6555050653142e-11,2.61011156264812e-12,5.15368021695994e-13,"PowerLaw",1.66219830513,0.111939176917076,7777.89208984375,1.57459104061127,0.154581442475319,0.0890820324420929,0.0792787671089172,0,"bll","NVSS J210421-021239",0.999418020248413,0.94307404756546,"bzcat",316.091373921,-2.21083865833,4.59999995428007e-07,"RFC J2104-0212",NA,"HSP",3548133954945024,1.64862546357669e-12,10.5143003463745,0.160213619470596,0.639433681964874,113.861999511719,18.096605,"BLL",0,-9.73222718514431,-11.5833409294407,1.00421098403575,1.02178037870391,15.5500000076634,-11.7828779966157,3.89086191346939,NA
"4FGL J2108.9-6638",1,317.243804931641,-66.6414031982422,327.523864746094,-38.1622352600098,26.1716136932373,7.22661486207699e-10,4.52167261966174e-11,7.44675068137246e-12,5.37855513165625e-13,"PowerLaw",2.11656475067139,0.0484812892973423,1607.78405761719,2.11124491691589,0.0539821796119213,0.00625423062592745,0.0251977015286684,0,"bll","PKS 2104-668",0.99946790933609,0.945272445678711,"bzcat",317.215919925,-66.6229845694,7.50000026528141e-07,"RFC J2108-6637",NA,"ISP",109647822323712,1.59670247943527e-12,9.72802639007568,0.0281621515750885,0.310106664896011,57.0984001159668,18.295465,"BLL",0,-9.14106509011827,-11.128033186175,1.417830501259,0.988024740079225,14.0400000107314,-11.7967760003155,3.20622771799267,NA
"4FGL J2112.7+0819",1,318.185211181641,8.31949996948242,58.697437286377,-26.3094635009766,15.8536834716797,4.78078965304718e-10,5.30891580696746e-11,6.03756974970615e-12,6.89950375477866e-13,"PowerLaw",1.90694236755371,0.0771121010184288,3971.91967773438,1.75478422641754,0.132708862423897,0.136828973889351,0.0698482468724251,0,"bll","1RXS J211242.5+081831",0.999375283718109,0.981298804283142,"whsp2",318.179194788,8.30979141667,6.70000019908912e-07,"RFC J2112+0818",NA,"HSP",10000000272564224,2.29045623613422e-12,26.3623561859131,0.502522647380829,0.174640342593193,66.8641967773438,18.4368,"BLL",0,-9.32050036413323,-11.2191378389754,1.20013018299355,1.42098422355514,16.0000000118373,-11.6400780018958,3.59900045737887,NA
"4FGL J2115.2+1218",1,318.81689453125,12.3027000427246,62.6391181945801,-24.4202518463135,11.9151172637939,3.5307751167224e-10,4.52776774406694e-11,3.85257017260221e-12,5.46710246518423e-13,"PowerLaw",2.00991630554199,0.0965118482708931,3190.12744140625,2.03253436088562,0.090893417596817,-0.023672079667449,0.0350746959447861,0,"bll","NVSS J211522+121802",-Inf,0,"rfc",318.841663042,12.3007799667,1.99999999495049e-06,"RFC J2115+1218",NA,"ISP",758577593581568,5.0804125446488e-13,21.294361114502,0.541329622268677,0.21143713593483,119.158996582031,18.085812,"BLL",0,-9.45212994278149,-11.4142494420849,1.0760983208552,1.3282646146559,14.8800000106215,-12.2941010202771,3.50380803289855,NA
"4FGL J2127.7+3612",1,321.931091308594,36.2125015258789,83.3504180908203,-10.5565929412842,26.9552574157715,1.24524879296928e-09,7.6458714359795e-11,1.08937138823539e-11,9.67737175117112e-13,"LogParabola",1.99067211151123,0.0416945703327656,1863.234375,1.8121030330658,0.0703335553407669,0.12740121781826,0.0364690981805325,0,"bll","B2 2125+35",0.999971866607666,0.977681696414948,"bzcat",321.929285483,36.2182592694,2.60000007301642e-07,"RFC J2127+3613",NA,"HSP",3801894044565504,3.7213196933672e-12,49.3550682067871,0.417404234409332,0.118708722293377,37.6450996398926,17.69793,"BLL",0,-8.90474387056087,-10.9628240354285,1.430643483585,1.69333175642254,15.5800000092938,-11.4293030187446,3.27026748794349,NA
"4FGL J2133.9+6646",1,323.479309082031,66.7776031494141,105.180938720703,10.9864311218262,19.9752998352051,8.85693296481804e-10,6.48486819798677e-11,1.08313601143717e-11,8.4910957388537e-13,"PowerLaw",2.08924460411072,0.0543475784361362,2905.56127929688,2.01020979881287,0.0786469727754593,0.083013691008091,0.0394889041781425,0,"bll","NVSS J213349+664706",0.998295485973358,0.891423463821411,"rfc",323.454819921,66.7845500889,2.3999999143598e-07,"RFC J2133+6647",NA,"HSP",2454708832698368,1.27032835205848e-12,52.8542175292969,0.537562310695648,0.151556089520454,65.2133026123047,19.78981,"BLL",0,-9.05271664234036,-10.965317004771,1.30049330692459,1.72307964777628,15.3899999853178,-11.8960840089213,3.46323003929289,NA
"4FGL J2134.5-2130",1,323.641387939453,-21.5028991699219,28.9440612792969,-45.0726890563965,23.8087215423584,7.76856357020961e-10,5.33109771605478e-11,9.86397682284368e-12,7.00247422980721e-13,"PowerLaw",1.99624645709991,0.0496108755469322,2061.34741210938,1.92814838886261,0.0656696036458015,0.0714050829410553,0.0338290520012379,0,"bll","NVSS J213430-213032",0.999559760093689,0.821180105209351,"bzcat",323.625749008,-21.5091111639,4.49999987495175e-07,"RFC J2134-2130",NA,"ISP",144543970230272,8.19726556598732e-13,43.384952545166,0.430388957262039,0.126573011279106,152.287994384766,18.868101,"BLL",0,-9.10965927607712,-11.0059479568627,1.37673607570703,1.63733912675305,14.1599999794357,-12.0863309948909,3.31415119238427,NA
"4FGL J2139.4-4235",1,324.854614257812,-42.5895004272461,358.316223144531,-48.3289833068848,96.85205078125,5.6190003761003e-09,1.25089300029302e-10,4.24327205317265e-11,1.44800209149476e-12,"LogParabola",2.01223564147949,0.0138141168281436,854.709289550781,1.92922282218933,0.0207424871623516,0.0491406656801701,0.00863565877079964,0,"bll","MH 2136-428",0.999986588954926,0.961798906326294,"bllac",324.850722792,-42.5890182306,7.59999977617554e-07,"RFC J2139-4235",NA,"ISP",251188645724160,6.77296760343005e-12,807.389587402344,0.557047843933105,0.132611468434334,152.074005126953,15.36574,"BLL",0,-8.25034093883618,-10.3722991229814,1.98610882106495,2.907083144179,14.400000004449,-11.1692210017132,2.93181842418696,NA
"4FGL J2144.2+3132",1,326.064605712891,31.5457000732422,82.6002044677734,-16.3017406463623,18.6299915313721,6.48405718006728e-10,5.28070330518826e-11,6.46884629196265e-12,6.31597042461546e-13,"PowerLaw",2.11227440834045,0.0607408136129379,1961.05578613281,2.0643253326416,0.0777959376573563,0.0573211573064327,0.0401166900992393,0,"bll","MG3 J214415+3132",0.99813312292099,0.92147296667099,"wise",326.063383754,31.5608677528,2.90000002678426e-07,"RFC J2144+3133",NA,"ISP",245470886625280,1.51716215545522e-12,26.5636920928955,0.39779269695282,0.137267202138901,85.0098037719727,17.94947,"BLL",0,-9.18815316395335,-11.1891731681276,1.27021265747922,1.42428843756848,14.3899999912543,-11.8189679990051,3.29248994821396,NA
"4FGL J2149.6+0323",1,327.423614501953,3.39590001106262,60.5515022277832,-36.61279296875,16.2834091186523,5.19980836166667e-10,4.74872779987479e-11,7.11509887466044e-12,5.98311168404503e-13,"PowerLaw",2.15655207633972,0.073180690407753,1798.42016601562,2.11440944671631,0.0949456915259361,0.0527608692646027,0.0523646771907806,0,"bll","PKS B2147+031",0.99902755022049,0.947704613208771,"bzcat",327.4244575,3.38095382778,1.80000000682412e-07,"RFC J2149+0322",NA,"LSP",57543992803328,3.13267250681704e-12,43.2850761413574,0.657516837120056,0.192674860358238,21.343900680542,18.089148,"BLL",0,-9.28401266194296,-11.1478190603835,1.21174533460857,1.63633818580716,13.7599999929782,-11.5040850043894,3.25489116374006,NA
"4FGL J2200.1+2138",1,330.030700683594,21.6382007598877,78.2529602050781,-26.0126667022705,14.1341724395752,4.34955294004169e-10,4.62381834209769e-11,3.35504562500033e-12,5.1704842664313e-13,"PowerLaw",2.04395699501038,0.0778423473238945,2429.052734375,1.97681152820587,0.112668342888355,0.0637538805603981,0.0547401495277882,0,"bll","TXS 2157+213",0.999457538127899,0.919032156467438,"bllac",330.059155833,21.6325108333,1.80000000682412e-07,"RFC J2200+2137",NA,"LSP",39810718760960,1.06431703728038e-12,43.3922004699707,0.618644237518311,0.182836651802063,27.8957004547119,17.775606,"BLL",0,-9.36155537882711,-11.4743015695185,1.15027038548579,1.63741167427612,13.6000000186065,-11.9729289857324,3.38543694337634,NA
"4FGL J2212.6+2800",1,333.168792724609,28.0084991455078,85.1633148193359,-22.9860382080078,15.4166784286499,4.89129459158022e-10,4.62162808023692e-11,5.37573804915148e-12,5.6525107944988e-13,"PowerLaw",2.16579079627991,0.0667422711849213,1636.55883789062,2.11131429672241,0.0877184420824051,0.0775734111666679,0.047583993524313,0,"bll","MG3 J221240+2759",0.997087836265564,0.943672597408295,"crates",333.162929671,27.9940137333,1.39999997372797e-07,"RFC J2212+2759",NA,"LSP",70794575085568,4.35126977851863e-13,9.49861240386963,0.0286180302500725,0.711827099323273,51.2056007385254,19.123985,"BLL",0,-9.31057617981931,-11.2695619018924,1.18799081369566,0.977660166409124,13.8499999794317,-12.3613839896354,3.21393162376677,NA
"4FGL J2223.3+0102",1,335.847595214844,1.04760003089905,65.220085144043,-44.6045379638672,6.48081970214844,1.6153776927208e-10,3.62130013475959e-11,1.79713177932833e-12,4.33208969998627e-13,"PowerLaw",1.89925336837769,0.152613773941994,4374.87060546875,1.7880539894104,0.27161169052124,0.123042471706867,0.151530832052231,0,"bll","SDSS J222329.56+010226.6",0.995817005634308,0,"bzcat",335.873212313,1.04073617778,5.39999973625527e-07,"RFC J2223+0102",NA,"LSP",15135612600320,7.03320051937545e-13,12.2715253829956,0.180405959486961,1.01588082313538,12.0228996276855,19.226076,"BLL",0,-9.79172591872791,-11.745420075959,0.811629939451729,1.08889855003287,13.1800000033272,-12.1528470004997,3.64096521252132,NA
"4FGL J2234.1-2656",1,338.542510986328,-26.9375,25.2904815673828,-59.5287666320801,32.8686637878418,1.16345599820988e-09,6.49555964571391e-11,9.90434383812966e-12,6.42174085175445e-13,"LogParabola",2.05328965187073,0.0377716086804867,1165.63708496094,1.95464241504669,0.0561038330197334,0.0715772286057472,0.0269284807145596,0,"bll","PMN J2234-2656",0.999633073806763,0.9451944231987,"cgrabs",338.53499715,-26.9457159667,9.99999997475243e-07,"RFC J2234-2656",NA,"LSP",39810718760960,1.51511984382291e-12,208.475296020508,0.75392097234726,0.185492217540741,53.9608001708984,17.85021,"BLL",0,-8.93425003704077,-11.004174291142,1.51678204903561,2.3190545991773,13.6000000186065,-11.8195530137277,3.06656335614156,NA
"4FGL J2235.3+1818",1,338.835601806641,18.3110008239746,83.1682891845703,-33.8498153686523,10.0614433288574,2.98753494165638e-10,4.08146953734256e-11,2.66183039152046e-12,4.95691703829293e-13,"PowerLaw",2.1761999130249,0.100495301187038,1836.09899902344,1.93786907196045,0.247125804424286,0.25939279794693,0.150536462664604,0,"bll","2MASS J22352860+1816356",-Inf,0,"rfc",338.869201037,18.2765307806,2.90000002678426e-07,"RFC J2235+1816",NA,"ISP",101157947047936,9.06325090931775e-13,18.2352466583252,0.436614692211151,0.219557702541351,-Inf,17.82455,"BLL",0,-9.52468700658613,-11.5748196206771,1.00266028537163,1.26091164215625,14.0050000069634,-12.042715996723,3.26389609384261,NA
"4FGL J2235.8-3627",1,338.970794677734,-36.4604988098145,6.34265804290771,-59.9019317626953,26.6938285827637,7.32339522357961e-10,4.80491826881924e-11,8.97304106017849e-12,5.47886009564374e-13,"PowerLaw",2.22932744026184,0.0446264035999775,1006.13433837891,2.16498970985413,0.0597980134189129,0.0767984390258789,0.0332970358431339,0,"bll","NVSS J223554-362901",0.998903751373291,0.963823199272156,"bzcat",338.978468454,-36.4841329111,2.90000002678426e-07,"RFC J2235-3629",NA,"ISP",100000000376832,1.28372800670823e-12,38.774715423584,0.318807572126389,0.0971419140696526,14.5769996643066,18.601652,"BLL",0,-9.13528752754715,-11.0470603449351,1.42641086727281,1.5885486191118,14.0000000016366,-11.8915269838208,3.00265597129801,NA
"4FGL J2243.9+2021",1,340.989501953125,20.3565006256104,86.5817413330078,-33.3669128417969,78.9977645874023,4.24374757557189e-09,1.15460363492303e-10,4.16745978004673e-11,1.71646637875389e-12,"LogParabola",1.85589945316315,0.0176674854010344,1517.40869140625,1.71551597118378,0.0292911510914564,0.0822857841849327,0.0122184101492167,0,"bll","RGB J2243+203",0.999518752098083,0.9159294962883,"bllac",340.978097954,20.3510493194,1.59999999027605e-07,"RFC J2243+2021",NA,"HSP",1119437860110336,6.87506822305561e-12,120.927993774414,0.296463817358017,0.0750837922096252,133.552993774414,16.215754,"BLL",0,-8.37225045648524,-10.3801285828348,1.8976148021627,2.08252684787868,15.0489999909385,-11.1627229878614,3.18110256728503,NA
"4FGL J2247.8+4413",1,341.973999023438,44.225700378418,100.727363586426,-13.2548561096191,18.0069408416748,5.16418019458342e-10,5.35434439841165e-11,6.22199210556507e-12,7.06379778888516e-13,"PowerLaw",1.78927803039551,0.0656947568058968,5376.72412109375,1.77410447597504,0.0748968869447708,0.0137160075828433,0.0310418996959925,0,"bll","RGB J2247+442",0.999900937080383,0.987039804458618,"bzcat",341.971689813,44.2209427583,2.49999999368811e-07,"RFC J2247+4413",NA,"HSP",14454397828333568,5.23749967007436e-12,12.8232221603394,0.226518824696541,0.160628080368042,169.86799621582,17.72743,"BLL",0,-9.2869986122329,-11.2060705442578,1.2554399377819,1.10799716641738,16.1600000036318,-11.2808759913831,3.73051775346421,NA
"4FGL J2251.5-4928",1,342.87890625,-49.4691009521484,340.658111572266,-57.9462509155273,23.0860958099365,5.45607614643728e-10,4.09666467415803e-11,6.31464281905525e-12,6.84098394251875e-13,"PowerLaw",1.8511209487915,0.0525645986199379,2716.47094726562,1.73368728160858,0.0786884799599648,0.102014057338238,0.0395044460892677,0,"bll","SUMSS J225128-492912",0.998975336551666,0,"rfc",342.869576221,-49.4864251778,8.09999983175658e-06,"RFC J2251-4929",NA,"ISP",114815364235264,5.64279146412355e-13,81.0920257568359,0.716200530529022,0.187659502029419,53.5139007568359,18.3707,"BLL",0,-9.26311957718098,-11.1996512098118,1.36335049369824,1.90897814964797,14.0600000078888,-12.2485059992876,3.43400506460269,NA
"4FGL J2256.6-2011",1,344.172790527344,-20.198600769043,41.5309867858887,-62.8951148986816,26.9972858428955,8.42097891418092e-10,5.34701900811729e-11,9.67451466160618e-12,6.39388824004439e-13,"PowerLaw",2.11928415298462,0.0454924516379833,1339.54296875,2.09404945373535,0.0558538399636745,0.0254913549870253,0.0269012544304132,0,"bll","PKS 2254-204",0.999876439571381,0.982006132602692,"bllac",344.171698771,-20.1945859222,1.30000003650821e-07,"RFC J2256-2011",NA,"LSP",12022644211712,2.9058821321426e-12,8.65579986572266,0,10,65.7085037231445,18.101728,"BLL",0,-9.07463742010182,-11.0143708128799,1.43132010479959,0.937307206378818,13.0799999951428,-11.5367220054538,3.12695664910639,NA
"4FGL J2256.7+1307",1,344.177703857422,13.1206998825073,84.6211166381836,-41.0633087158203,6.04119300842285,1.63634106264965e-10,3.6381384016515e-11,1.96040818127574e-12,4.57506699625548e-13,"PowerLaw",2.01041531562805,0.156620979309082,3509.1943359375,1.88565349578857,0.254626572132111,0.13289138674736,0.142209008336067,0,"bll","NVSS J225624+130541",0.958284795284271,0,"bllac",344.101135246,13.0949025917,1.21095510507985e-07,"RFC J2256+1305",NA,"ISP",298538277797888,7.18533468401644e-13,13.1625890731812,0.307917684316635,0.532446622848511,14.6036996841431,18.788769,"BLL",0,-9.78612617120922,-11.7076534937357,0.781122711106718,1.11934132313829,14.4750000231392,-12.143552998158,3.54520741970822,NA
"4FGL J2258.3-3643",1,344.575714111328,-36.7276992797852,3.94594025611877,-64.2682037353516,11.1133689880371,2.54173543323688e-10,3.27951381329239e-11,2.85587092169193e-12,4.10307774085031e-13,"PowerLaw",2.11834859848022,0.101882711052895,1967.76733398438,2.07547569274902,0.128309532999992,0.0380012355744839,0.0635464042425156,0,"bll","MRSS 406-025483",0.998712956905365,0,"bzcat",344.562561467,-36.7428777028,7.39999995857943e-06,"RFC J2258-3644",NA,"ISP",602559618220032,7.46777097625217e-13,20.1762046813965,0.472720354795456,0.194033607840538,29.3290996551514,18.100555,"BLL",0,-9.59486965671868,-11.5442614254896,1.04584573410912,1.30483947503542,14.780000023169,-12.1268090095868,3.29397374676798,NA
"4FGL J2300.3+3136",1,345.087890625,31.6121006011963,96.8349075317383,-25.5699768066406,27.6535568237305,9.55794887680383e-10,6.23307516711691e-11,7.92508940417047e-12,8.13904011461725e-13,"LogParabola",1.89639139175415,0.0430256649851799,1993.99877929688,1.6923223733902,0.078748345375061,0.155735537409782,0.0415256321430206,0,"bll","NVSS J230022+313703",0.999828696250916,0.947504281997681,"bzcat",345.095155646,31.6178902028,2.3999999143598e-07,"RFC J2300+3137",NA,"ISP",234422888562688,2.05459867869129e-12,7.6904993057251,0,10,45.5317993164062,17.739347,"BLL",0,-9.01963529674694,-11.1009958297387,1.44175099855479,0.885954537289297,14.3700000130251,-11.6872729955158,3.29972488810563,NA
"4FGL J2304.6+3704",1,346.172607421875,37.0825996398926,100.353553771973,-21.0650081634521,21.611909866333,6.51853293565097e-10,5.40687182526423e-11,7.75271860598004e-12,7.36393693419324e-13,"PowerLaw",1.84893751144409,0.0575905926525593,3822.62280273438,1.83994996547699,0.0667662620544434,0.00726836128160357,0.0275309588760138,0,"bll","1RXS J230437.1+370506",0.999046385288239,0.987903594970703,"bllac",346.152977708,37.0853953056,2.79999994745594e-07,"RFC J2304+3705",NA,"HSP",26001594571030528,4.52994586286337e-12,37.7118263244629,0.44129341840744,0.136278063058853,153.539001464844,17.354015,"BLL",0,-9.18585013580846,-11.1105459789723,1.33469314762175,1.57647756511393,16.4149999822848,-11.3439069881859,3.58236144612968,NA
"4FGL J2311.0+0205",1,347.76611328125,2.09949994087219,79.3467102050781,-52.0681991577148,22.7043323516846,7.92105880886851e-10,5.63686909649252e-11,9.12244585427047e-12,6.55282631541881e-13,"PowerLaw",2.18612885475159,0.0488625541329384,1185.39111328125,2.10788059234619,0.0686444342136383,0.0950522348284721,0.0404203496873379,0,"bll","NVSS J231101+020504",0.999348700046539,0.885014951229095,"bzcat",347.755387071,2.08481312778,1.89999994404388e-07,"RFC J2311+0205",NA,"LSP",87096358338560,3.2598828150765e-12,133.230712890625,0.815064609050751,0.204195335507393,28.1177997589111,17.114466,"BLL",0,-9.10121676233544,-11.0398887056845,1.35610873547097,2.12460435172158,13.9399999967237,-11.4867980114905,3.07386166706752,NA
"4FGL J2319.7+1609",1,349.944793701172,16.1637001037598,93.0624771118164,-41.3313446044922,5.73025417327881,1.33325697704301e-10,3.19962771555549e-11,1.51539035226494e-12,4.23628038030699e-13,"PowerLaw",1.87762653827667,0.149721845984459,4201.41845703125,1.58774924278259,0.295130670070648,0.321569055318832,0.206581115722656,0,"bll","RX J2319.6+1611",0.995694816112518,0,"bllac",349.930983975,16.1972693667,5.200000032346e-06,"RFC J2319+1611",NA,"HSP",7328245535997952,2.6002314450907e-12,7.76254034042358,0,10,28.7581996917725,18.370773,"BLL",0,-9.87508613494053,-11.8194754820143,0.758173886121707,0.890003870135082,15.8650000121258,-11.5849879940091,3.62339593898361,NA
"4FGL J2324.7+0801",1,351.189605712891,8.02820014953613,89.0208129882812,-49.0516700744629,19.6896266937256,6.75216271783796e-10,5.36959331165487e-11,7.80130907790388e-12,6.65518421621991e-13,"PowerLaw",2.22791528701782,0.0644911751151085,1539.20361328125,2.18978500366211,0.0810256451368332,0.0457395538687706,0.0436878688633442,0,"bll","PMN J2324+0801",0.999569952487946,0.92841511964798,"bzcat",351.188854758,8.03504819444,3.09999990122378e-07,"RFC J2324+0802",NA,"ISP",100000000376832,1.13816963666358e-12,22.7637767791748,0.304824531078339,0.119141891598701,47.6535987854004,17.843899,"BLL",0,-9.17055710035639,-11.107832515565,1.29423748219236,1.35724431828017,14.0000000016366,-11.943793004394,3.18729607420145,NA
"4FGL J2325.2+3957",1,351.315399169922,39.9542007446289,105.502754211426,-19.9830703735352,36.8595886230469,1.61774282858573e-09,7.58612964113503e-11,1.42685793735886e-11,9.19377204575134e-13,"LogParabola",2.11605596542358,0.0319670364260674,1202.25158691406,1.99302077293396,0.0484096482396126,0.115580409765244,0.0257754344493151,0,"bll","B3 2322+396",0.999789476394653,0.962682485580444,"bllac",351.324457704,39.9601412806,1.10000001996013e-07,"RFC J2325+3957",NA,"LSP",34276779229184,1.46517672126867e-12,75.1625518798828,0.38076713681221,0.101512588560581,34.8352012634277,18.37077,"BLL",0,-8.79109051671827,-10.8456192645114,1.56655048390157,1.87600151661925,13.5350000072795,-11.8341099900245,3.07999535899398,NA
"4FGL J2325.6+1644",1,351.4248046875,16.746000289917,95.101692199707,-41.4462356567383,8.57038688659668,2.18964055220816e-10,3.68871357070422e-11,2.53912754537289e-12,4.65076870244385e-13,"PowerLaw",1.96467041969299,0.122193671762943,3244.28784179688,1.9273054599762,0.15193809568882,0.0527452230453491,0.0814937502145767,0,"bll","NVSS J232538+164641",0.997614443302155,0,"whsp2",351.408827679,16.7785344417,3.49999993431993e-07,"RFC J2325+1646",NA,"HSP",2511886390132736,2.00008282505437e-12,16.5770740509033,0.423577129840851,0.260038584470749,27.3104000091553,18.38761,"BLL",0,-9.65962717237673,-11.5953154831119,0.93300042739829,1.21950787749981,15.3999999928461,-11.6989520194764,3.51111937900347,NA
"4FGL J2346.7+8008",1,356.686706542969,80.1365966796875,120.062286376953,17.6271991729736,9.22373104095459,4.99732089043192e-10,6.15799980452358e-11,7.3650165827166e-12,1.02757884666571e-12,"PowerLaw",2.41430306434631,0.0708761587738991,1289.90307617188,2.44028377532959,0.106079928576946,0.142935112118721,0.0579597987234592,16,"bll","WN B2344.2+7951",0.999689996242523,0.938150823116302,"bllac",356.6067044,80.1320109917,1.89999994404388e-07,"RFC J2346+8007",NA,"LSP",1428893990912,6.66243536034949e-13,15.6028394699097,0.263654291629791,0.148642122745514,18.7616004943848,18.66666,"BLL",0,-9.30126276253071,-11.1328262709837,0.964906630677332,1.19320364027101,12.1550000098478,-12.1763669915158,3.11055707846581,NA
"4FGL J2351.3-7559",1,357.832611083984,-75.9865036010742,307.673858642578,-40.5834312438965,18.1584568023682,4.31852470450522e-10,3.90216678414212e-11,5.1261898371957e-12,5.14994730888008e-13,"PowerLaw",1.91444277763367,0.0657100901007652,2983.36547851562,1.79427480697632,0.0968256369233131,0.105970837175846,0.0515686683356762,0,"bll","SUMSS J235115-760012",0.999165594577789,0.848779916763306,"rfc",357.817208267,-76.0043211528,1.50000005305628e-06,"RFC J2351-7600",NA,"HSP",3019951761784832,1.56968318551498e-12,19.6979427337646,0.326117664575577,0.143313273787498,134.720993041992,18.146832,"BLL",0,-9.36466459163887,-11.2902053147105,1.25907893720854,1.29442087052561,15.4800000059512,-11.8041879938754,3.47470646005996,NA
"4FGL J2352.0+1750",1,358.013214111328,17.8393993377686,103.521690368652,-42.7830123901367,15.8183126449585,4.56999216247311e-10,4.34632364820775e-11,3.93139774207407e-12,5.94983209836059e-13,"PowerLaw",2.06591391563416,0.0701816231012344,1963.02319335938,1.95168137550354,0.111358672380447,0.131654933094978,0.0685419663786888,0,"bll","CLASS J2352+1749",0.998677551746368,0.829336404800415,"bzcat",358.024322129,17.8204851722,2.90000002678426e-07,"RFC J2352+1749",NA,"ISP",272270123597824,1.104498220314e-12,34.2391204833984,0.478295296430588,0.155757308006287,21.6937007904053,17.76779,"BLL",0,-9.34008454474363,-11.4054530161011,1.19916015501078,1.53452260021911,14.4349999884995,-11.9568349795738,3.2929254308728,NA
