"Source_Name","DataRelease","RAJ2000","DEJ2000","GLON","GLAT","Signif_Avg","Flux1000","Unc_Flux1000","Energy_Flux100","Unc_Energy_Flux100","SpectrumType","PL_Index","Unc_PL_Index","Pivot_Energy","LP_Index","Unc_LP_Index","LP_beta","Unc_LP_beta","Flags","CLASS","ASSOC1","ASSOC_PROB_BAY","ASSOC_PROB_LR","Counterpart_Catalog","RA_Counterpart","DEC_Counterpart","Unc_Counterpart","VLBI_Counterpart","Redshift","SED_class","nu_syn","nuFnu_syn","Variability_Index","Frac_Variability","Unc_Frac_Variability","Highest_energy","Gaia_G_Magnitude","AGN_Type","LabelNo","LogFlux","LogEnergy_Flux","LogSignificance","LogVariability_Index","Lognu_syn","LognuFnu_syn","LogPivot_Energy","InvRedshift","LogFlux_sq","LogFlux_x_LogEnergy_Flux","LogFlux_x_LogSignificance","LogFlux_x_LogVariability_Index","LogFlux_x_Lognu_syn","LogFlux_x_LognuFnu_syn","LogFlux_x_PL_Index","LogFlux_x_LogPivot_Energy","LogFlux_x_LP_Index","LogFlux_x_LP_beta","LogFlux_x_Gaia_G_Magnitude","LogFlux_x_LabelNo","LogEnergy_Flux_sq","LogEnergy_Flux_x_LogSignificance","LogEnergy_Flux_x_LogVariability_Index","LogEnergy_Flux_x_Lognu_syn","LogEnergy_Flux_x_LognuFnu_syn","LogEnergy_Flux_x_PL_Index","LogEnergy_Flux_x_LogPivot_Energy","LogEnergy_Flux_x_LP_Index","LogEnergy_Flux_x_LP_beta","LogEnergy_Flux_x_Gaia_G_Magnitude","LogEnergy_Flux_x_LabelNo","LogSignificance_sq","LogSignificance_x_LogVariability_Index","LogSignificance_x_Lognu_syn","LogSignificance_x_LognuFnu_syn","LogSignificance_x_PL_Index","LogSignificance_x_LogPivot_Energy","LogSignificance_x_LP_Index","LogSignificance_x_LP_beta","LogSignificance_x_Gaia_G_Magnitude","LogSignificance_x_LabelNo","LogVariability_Index_sq","LogVariability_Index_x_Lognu_syn","LogVariability_Index_x_LognuFnu_syn","LogVariability_Index_x_PL_Index","LogVariability_Index_x_LogPivot_Energy","LogVariability_Index_x_LP_Index","LogVariability_Index_x_LP_beta","LogVariability_Index_x_Gaia_G_Magnitude","LogVariability_Index_x_LabelNo","Lognu_syn_sq","Lognu_syn_x_LognuFnu_syn","Lognu_syn_x_PL_Index","Lognu_syn_x_LogPivot_Energy","Lognu_syn_x_LP_Index","Lognu_syn_x_LP_beta","Lognu_syn_x_Gaia_G_Magnitude","Lognu_syn_x_LabelNo","LognuFnu_syn_sq","LognuFnu_syn_x_PL_Index","LognuFnu_syn_x_LogPivot_Energy","LognuFnu_syn_x_LP_Index","LognuFnu_syn_x_LP_beta","LognuFnu_syn_x_Gaia_G_Magnitude","LognuFnu_syn_x_LabelNo","PL_Index_sq","PL_Index_x_LogPivot_Energy","PL_Index_x_LP_Index","PL_Index_x_LP_beta","PL_Index_x_Gaia_G_Magnitude","PL_Index_x_LabelNo","LogPivot_Energy_sq","LogPivot_Energy_x_LP_Index","LogPivot_Energy_x_LP_beta","LogPivot_Energy_x_Gaia_G_Magnitude","LogPivot_Energy_x_LabelNo","LP_Index_sq","LP_Index_x_LP_beta","LP_Index_x_Gaia_G_Magnitude","LP_Index_x_LabelNo","LP_beta_sq","LP_beta_x_Gaia_G_Magnitude","LP_beta_x_LabelNo","Gaia_G_Magnitude_sq","Gaia_G_Magnitude_x_LabelNo","LabelNo_sq"
"4FGL J0001.2-0747",1,0.315100014209747,-7.79710006713867,89.0327224731445,-67.3050079345703,23.3693428039551,8.23205059674592e-10,5.6777423040888e-11,9.44017780613038e-12,6.5065303405526e-13,"PowerLaw",2.1049427986145,0.0500279888510704,1612.61413574219,2.07189321517944,0.0635740682482719,0.0487698614597321,0.0322345234453678,0,"bll","PMN J0001-0746",0.997014462947845,0.932932138442993,"bzcat",0.3251038,-7.774144975,1.80000000682412e-07,"RFC J0001-0746",NA,"LSP",91201080393728,1.93676975498991e-12,33.2286796569824,0.332793176174164,0.108399756252766,86.9751968383789,16.50757,"BLL",0,-9.08449196892832,-11.0250198256708,1.3686464992716,1.5215130849116,13.9599999831338,-11.7129220055487,3.20753046238875,NA,82.5279943335232,100.156704063582,-12.4334581309347,-13.8221734004988,-126.819507733018,106.405945892091,-19.1223359490669,-29.1387847256635,-18.8220972737747,-0.443049414756683,-149.962887091522,0,121.551062156434,-15.0893547888043,-16.7747119261679,-153.909276580414,129.13519732771,-23.2070360866278,-35.363086939279,-22.8426637740261,-0.537688689488765,-181.996286523649,0,1.87319323996841,2.08241355726019,19.1063051067477,-16.0308496991355,2.8809225924907,4.38997533865538,2.83568939581992,0.0667487001568233,22.5930278919809,0,2.31500206755721,21.2403226397038,-17.8213640939914,3.20269801108241,4.88029956877704,3.15241263743508,0.0742039823603083,25.1164837550942,0,194.881599529096,-163.512390999907,29.385001433156,44.7771252008481,28.92362924896,0.680827265155298,230.44567692158,0,137.192541908067,-24.655030826313,-37.569554136381,-24.2679236332223,-0.571237583499258,-193.351879911136,0,4.43078418543904,6.75166814814184,4.3612167027902,0.10265776866909,34.7474905941248,0,10.2882516671518,6.64566060250462,0.15643081627857,52.9485336350147,0,4.2927414951066,0.10104594506366,34.2019222820997,0,0.00237849938680146,0.80507190193683,0,272.4998673049,0,0
"4FGL J0009.3+5030",1,2.34660005569458,50.5115013122559,116.124366760254,-11.8035879135132,57.9272193908691,2.63245936160672e-09,8.71198252427874e-11,2.5818997981264e-11,1.18526575273309e-12,"LogParabola",1.99391210079193,0.0222308374941349,1316.57922363281,1.89767110347748,0.0328300781548023,0.0622856616973877,0.0143649987876415,0,"bll","NVSS J000922+503028",0.99996942281723,0.928107738494873,"bzcat",2.344833625,50.5080106194,3.70000009297655e-07,"RFC J0009+5030",NA,"HSP",1258925378764800,1.19589483715127e-12,148.499588012695,0.38765761256218,0.0970162153244019,72.7617034912109,18.19759,"BLL",0,-8.57963832447911,-10.5880606164326,1.76288268209504,2.1717252487774,15.0999999886058,-11.9223070090206,3.11944699739679,NA,73.6101937788707,90.841730646653,-15.1248958208631,-18.6326171746495,-129.552538601876,102.289082130799,-17.1070446755971,-26.7637270100468,-16.2813317266519,-0.534388450164448,-156.128740577158,0,112.107027617251,-18.6655086976816,-22.9943585762923,-159.87971518749,126.234109299229,-21.1116621870234,-33.0288938981859,-20.0926566736721,-0.659484361586555,-192.677185992988,0,3.1077553508306,3.82849683133822,26.6195284795485,-21.0176285568227,3.51503311210583,5.49921908942417,3.34537152463263,0.109802314349155,32.0802162668659,0,4.71639055617726,32.7930512317937,-25.8919751551658,4.33022925313262,6.77458180646946,4.12122024929731,0.135267344145024,39.5201656698991,0,228.009999655895,-180.026835700366,30.1080726992391,47.1036496251479,28.6548336408875,0.940513490920859,274.783608792653,0,142.141404417342,-23.7720322146426,-37.191004801332,-22.6246174978054,-0.742588781016251,-216.957254804283,0,3.97568546568449,6.21990311588851,3.78378937654692,0.124192134564254,36.2843949062502,0,9.73094956956785,5.91968442578948,0.194296820362788,56.7664174853579,0,3.60115561697344,0.118197700364107,34.5330406959308,0,0.00387950365308143,1.13344893444777,0,331.1522818081,0,0
"4FGL J0013.1-3955",1,3.28020000457764,-39.9272003173828,332.339874267578,-74.936164855957,18.3475341796875,4.18483747655074e-10,3.79446925269367e-11,4.98482331801053e-12,4.8477395058269e-13,"PowerLaw",2.00226831436157,0.0675223544239998,2175.20239257812,1.91790437698364,0.0959404408931732,0.115241721272469,0.0539051294326782,0,"bll","PKS 0010-401",0.998661458492279,0.999435722827911,"bllac",3.24962430417,-39.9072375472,9.49999972021942e-08,"RFC J0012-3954",NA,"LSP",7244359401472,9.46614206291663e-13,12.1377325057983,0.187760293483734,0.15923760831356,24.104700088501,18.870478,"BLL",0,-9.37832140371798,-11.3023502302055,1.26357770542117,1.08413756217605,12.8599999880534,-12.0238269821543,3.33749967227478,NA,87.9529123514348,105.997073076253,-11.8502378400122,-10.1673905039303,-120.605213139774,112.763313941339,-18.7779157885634,-31.3001446113963,-17.9867236689501,-1.0807739012109,-176.973407725789,0,127.743120726226,-14.2813977697495,-12.2533024254349,-145.348223825418,135.897503659703,-22.6303377437577,-37.7215901892456,-21.6768269767132,-1.30250229495317,-213.280751367388,0,1.59662861763743,1.36989205317531,16.2496092766208,-15.1930397084917,2.53002160229851,4.21719017773687,2.42342121188621,0.145616869734252,23.8443152914407,0,1.17535425372103,13.9420090366322,-13.0354824724594,2.1707342891543,3.61830875846335,2.07927217574982,0.124937878761306,20.4581940160168,0,165.379599692733,-154.62641484686,25.7491704987695,42.9202457455819,24.6642502650972,1.4820085341872,242.674346854562,0,144.572415296782,-24.0749277837333,-40.1295186124286,-23.0605503971677,-1.38564651770582,-226.895362542549,0,4.00907840269632,6.68256984298792,3.84015916400971,0.230744846996352,37.7837601762571,0,11.1389040624343,6.40100522963726,0.384619206979247,62.9802141406684,0,3.678357199253,0.221022601639597,36.1917723519735,0,0.0132806543218414,2.17466636595426,0,356.094939948484,0,0
"4FGL J0019.3-8152",1,4.8326997756958,-81.8797988891602,304.314361572266,-35.1620903015137,19.4846897125244,6.12944750510991e-10,4.69946338788052e-11,5.91443604161523e-12,5.54704123346267e-13,"PowerLaw",2.11243629455566,0.0595200732350349,1951.51416015625,2.07546877861023,0.0757830366492271,0.0410557463765144,0.0377422831952572,0,"bll","PMN J0019-8152",0.999825775623322,0.976639688014984,"bzcat",4.83601874167,-81.8809475222,1.39999997372797e-06,"RFC J0019-8152",NA,"ISP",754223369158656,4.57526247790718e-12,19.4399662017822,0.250651597976685,0.112146817147732,53.9177017211914,16.735743,"BLL",0,-9.21257867006491,-11.2280866602822,1.28969349418252,1.28869550552893,14.8774999846321,-11.3395839858736,3.29037170686267,NA,84.871605752135,103.439631672156,-11.8814027754274,-11.8722087264443,-137.060139022313,104.466809555669,-19.4609855490944,-30.3128082032281,-19.1204194002103,-0.378229293351871,-154.179348989488,0,126.069930050807,-14.4807903178835,-14.469584814795,-167.045859115796,127.321831684937,-23.7186177795964,-36.9445786691947,-23.3035433069457,-0.460977478218071,-187.910372728211,0,1.66330930893672,1.66202220946291,19.1874149398806,-14.6245876933175,2.72439534596346,4.24357098378302,2.67671858115255,0.0529493290005982,21.5839788674107,0,1.66073610597046,19.1725673637021,-14.6132709171631,2.72228715851007,4.24028723015348,2.67464728686062,0.0529083558315498,21.5672767857873,0,221.340005792728,-168.704660575569,31.4277709397881,48.9525050182833,30.8777867218781,0.610806866085652,248.986016225307,0,128.586164972681,-23.9541487769215,-37.3114463147115,-23.5349525251092,-0.465555084139211,-189.776363314496,0,4.46238709855605,6.95070061615576,4.38429557615336,0.086727648745821,35.3531909295558,0,10.8265459693224,6.82906374761592,0.135088666281413,55.066815260525,0,4.30757065098584,0.0852099197869957,34.7345120833447,0,0.00168557431053268,0.687098420030526,0,280.085093762049,0,0
"4FGL J0019.6+2022",1,4.90700006484985,20.3754997253418,112.900817871094,-41.8758354187012,11.7326860427856,3.17321835474615e-10,3.85794209079027e-11,3.1332926704597e-12,4.51828705743187e-13,"PowerLaw",2.16482949256897,0.0890141576528549,1691.4482421875,2.11334800720215,0.123257420957088,0.118588633835316,0.0834028869867325,0,"bll","PKS 0017+200",0.998645782470703,0.985692620277405,"bllac",4.90772707083,20.3626790694,6.79999985209179e-08,"RFC J0019+2021",NA,"LSP",2290867765248,1.17670879550696e-12,15.9731426239014,0.372970283031464,0.199663251638412,-Inf,19.2491,"BLL",0,-9.49850004230282,-11.5039990372188,1.06939744945727,1.20339036948536,12.3600000213236,-11.9293310003273,3.22825871304551,NA,90.2215030536267,109.270735341674,-10.1576717189084,-11.4304034754635,-117.401460725405,113.310751011253,-20.5626330267448,-30.6636155224272,-20.0736361358102,-1.12641414350138,-182.837577164291,0,132.341993848331,-12.3023472289607,-13.843801651958,-142.189428345331,137.23501234243,-24.9041963982563,-37.1378851267688,-24.3119534401618,-1.36424352946657,-221.441627867328,0,1.14361090490571,1.28690259182909,13.2177524980953,-12.7571961454816,2.31506313786313,3.45229163391908,2.26000896871758,0.126818382558109,20.5849384443479,0,1.44814838137011,14.8739049924997,-14.355642040197,2.60513496293538,3.88485544548617,2.54318263923814,0.142708419887845,23.1641815612606,0,152.769600527119,-147.446531418422,26.7572925743144,39.9012777620806,26.1209814140828,1.46575551673324,237.91887641046,0,142.30893811537,-25.8249675761258,-38.5109667426105,-25.2108278967965,-1.4146830658981,-229.6288853584,0,4.68648673189642,6.98862967164367,4.57503809405307,0.256724172010155,41.6710193854094,0,10.4216543183543,6.82243411794771,0.382834790447022,62.1410747932843,0,4.4662397995453,0.250619052992691,40.6800471254349,0,0.0140632640749267,2.28272447155938,0,370.52785081,0,0
"4FGL J0021.5-2552",1,5.39120006561279,-25.8680992126465,41.9261016845703,-83.1996765136719,24.4983425140381,6.54388598864131e-10,4.62057787864456e-11,7.00609969345178e-12,5.47088904127163e-13,"PowerLaw",2.12144136428833,0.0501471050083637,1301.55676269531,2.08159375190735,0.0632220953702927,0.0459135137498379,0.0324021726846695,0,"bll","CRATES J002132.55-255049.3",0.998194873332977,0.853462994098663,"bzcat",5.3856229,-25.8470519611,4.49999987495175e-07,"RFC J0021-2550",NA,"ISP",412097515094016,1.49734543340718e-12,29.7312088012695,0.316963464021683,0.1059789955616,50.5625,17.618673,"BLL",0,-9.18416427579995,-11.1545236871713,1.38913670226831,1.47321256695969,14.6149999957811,-11.824677997575,3.11446311304287,NA,84.34887344488,102.444977961283,-12.7580596751752,-13.5302262281307,-134.226560852069,108.599785238166,-19.4836659911012,-28.603740861105,-19.1176989729959,-0.421677252757711,-161.812787153601,0,124.423398687666,-15.4951582501709,-16.4329844743903,-163.023363640949,131.898650817124,-23.6636679488992,-34.740352567258,-23.2191868127183,-0.512143376683832,-196.527905315025,0,1.92970077758888,2.04649364700662,20.3022328977907,-16.426094198936,2.94697206084308,4.32641501818867,2.89161827998689,0.0637801470800005,24.4747453095637,0,2.17035526744796,21.5310016599005,-17.4202642262792,3.12533407793768,4.58826619746715,3.06663007461468,0.0676403654495377,25.9560504767534,0,213.598224876682,-172.817668884671,31.0048655301238,45.5178783839819,30.4224926753439,0.671026003260176,257.496905820669,0,139.823009746334,-25.0853610234457,-36.827523447057,-24.6141758380684,-0.542912515829066,-208.335134969569,0,4.50051346211353,6.60715087555935,4.41597908894039,0.0974028272487271,37.37698168607,0,9.69988048250468,6.48304695665595,0.142995944964057,54.8727071592644,0,4.33303254797972,0.0955732833497748,36.6749196336987,0,0.00210805074485655,0.808935185039398,0,310.417638280929,0,0
"4FGL J0022.1-1854",1,5.53529977798462,-18.9067993164062,82.0826568603516,-79.3743515014648,27.4928455352783,8.57129589526551e-10,5.93155108363774e-11,9.49065652455783e-12,7.32501949721187e-13,"LogParabola",1.94224107265472,0.0453778170049191,1479.99499511719,1.76786077022552,0.0794927254319191,0.105158574879169,0.0383044295012951,0,"bll","1RXS J002209.2-185333",0.999663531780243,0.922496020793915,"bzcat",5.53862082917,-18.8930185972,3.49999993431993e-07,"RFC J0022-1853",NA,"LSP",66069343502336,1.80719913860095e-12,15.9172487258911,0.146507352590561,0.102939158678055,95.5201034545898,17.230118,"BLL",0,-9.06695351207728,-11.0227037438287,1.43921969205569,1.20186800269669,13.8199999914651,-11.7429939890935,3.17026024674856,NA,82.2096459901705,99.942342422695,-13.0493380415351,-10.8972813081041,-125.305297459522,106.473180591714,-17.6102095150075,-28.7446022784558,-16.0291114194599,-0.953467909825723,-156.224678913606,0,121.499997824215,-15.8640922878142,-13.2478349329127,-152.333765645635,129.439543807339,-21.4087479429691,-34.9448394907467,-19.4866055305327,-1.15913181701631,-189.92248618521,0,2.07135332200087,1.72975209673272,19.890016131926,-16.900748192795,2.79531159848404,4.56270097606186,2.54434003332131,0.151346291754613,24.7979251220432,0,1.44448669590613,16.6098157870104,-14.113528731351,2.334317398747,3.81023435078841,2.12473529295678,0.126386726356457,20.7083275068883,0,190.992399764095,-162.288176829047,26.8417716075114,43.8129965830072,24.4318358294282,1.4532915039326,238.120230612943,0,137.897907827886,-22.8077252415549,-37.2283470214304,-20.7599783983125,-1.23487651270772,-202.333172105372,0,3.77230038430696,6.15740966223954,3.43361179866701,0.204243303272159,33.4650428662874,0,10.0505500321142,5.60457872163226,0.333380049544161,54.6239581421868,0,3.12533170290237,0.185905719181706,30.4604496785566,0,0.0110583258706178,1.81189465387992,0,296.876966293924,0,0
"4FGL J0022.5+0608",1,5.63759994506836,6.13430023193359,110.012115478516,-56.0111083984375,48.8026580810547,2.08237804777411e-09,8.62664592538032e-11,2.15125989938558e-11,8.76809421509334e-13,"LogParabola",2.14897036552429,0.0278715882450342,850.430297851562,2.07054972648621,0.0402875989675522,0.0513761639595032,0.0185556262731552,0,"bll","PKS 0019+058",0.999870240688324,0.98650586605072,"bllac",5.6351717375,6.13451915833,6.79999985209179e-08,"RFC J0022+0608",NA,"LSP",13963683168256,2.71381354888245e-12,58.4823303222656,0.254651248455048,0.0711956471204758,36.3344993591309,18.874916,"BLL",0,-8.68144042316468,-10.6673071181804,1.68844347688993,1.76702466945489,13.1449999862436,-11.5664199936229,2.92963872418146,NA,75.3674078209578,92.6075912220837,-14.658121452501,-15.3403193941349,-114.117534243074,100.413186083938,-18.6561581994456,-25.4334840453775,-17.97535409369,-0.446019106585167,-163.861458746238,0,113.791441153582,-18.0111451196732,-18.8493948344765,-140.221751921738,123.382554329838,-22.923726876916,-31.2513560161578,-22.0871898358928,-0.548045319510012,-201.344525801857,0,2.85084137465216,2.98352127664469,22.1945894804912,-19.5292463892018,3.62841499569926,4.94652939348832,3.49600617926187,0.0867457489050507,31.8692287970454,0,3.12237618246216,23.2275392556766,-20.4381494660079,3.79728364980891,5.17674389821899,3.65871244603421,0.0907829491384014,33.3524422058888,0,172.791024638344,-152.040590657061,28.2482154252547,38.510100989064,27.2173761261779,0.675339674540919,248.110770560349,0,133.78207146888,-24.8558938015033,-33.8854319134643,-23.9488477542205,-0.594238290016846,-218.315205800353,0,4.6180736319016,6.29570679995835,4.44955000256329,0.110405853843289,40.5616351357603,0,8.58278305422357,6.06596265905733,0.150513599435656,55.2966848292722,0,4.28717616985212,0.10637690223426,39.0814521612502,0,0.00263951022319376,0.96972077913785,0,356.262454007056,0,0
"4FGL J0023.9+1603",1,5.98190021514893,16.0638999938965,113.344970703125,-46.2951240539551,9.08593368530273,2.57327020802833e-10,3.78543932311182e-11,2.95753005419286e-12,4.69602059061797e-13,"PowerLaw",2.06521344184875,0.108238205313683,2201.62548828125,1.93830931186676,0.185328364372253,0.128663003444672,0.108336143195629,0,"bll","87GB 002122.5+154553",0.997017979621887,0,"bzcat",6.005336625,16.0427651639,4.99999998737621e-07,"RFC J0024+1602",NA,"LSP",57543992803328,7.60881429476973e-13,8.71981239318848,0.150687590241432,0.399758040904999,14.9981002807617,19.71136,"BLL",0,-9.58951460800098,-11.5290708334105,0.958369562743609,0.940507141184919,13.7599999929782,-12.1186830154186,3.34274344442416,NA,91.9587904170642,110.558193173668,-9.19029892179335,-9.01900696932202,-131.951720938758,116.21228780609,-19.8043944692486,-32.055287091105,-18.5874454609706,-1.23381575104196,-189.022374663566,0,132.919474281797,-11.0491105734557,-10.8431734500493,-158.640014586774,139.71715489241,-23.8099920571857,-38.5387259486847,-22.346905353571,-1.48336488035296,-227.253665662854,0,0.918472218793376,0.901353417654633,13.1871651766226,-11.6141769425151,1.97923770323681,3.20358357319685,1.85761664767561,0.12330670635255,18.8907674642819,0,0.884553682619829,12.9413782561004,-11.3977079177576,1.94234799012983,3.14387408063,1.82299374963591,0.121008473546014,18.5386748424668,0,189.33759980676,-166.753078207065,28.4173369453373,45.9961497718044,26.6711361176762,1.77040292649524,271.228313461591,0,146.862478028195,-25.0276670609466,-40.5096482048449,-23.4897561363474,-1.55922615455769,-238.875723642802,0,4.26510656039276,6.90347869407657,4.00302244532783,0.265716564182569,40.7081656291198,0,11.1739337352407,6.47927074550892,0.4300874113046,65.8900194206846,0,3.75704298846939,0.249388697669553,38.206712637558,0,0.0165541684554037,2.53612277957917,0,388.5377130496,0,0
"4FGL J0029.0-7044",1,7.25089979171753,-70.7414016723633,305.604736328125,-46.2702484130859,18.4595260620117,4.67760330469247e-10,3.837439047083e-11,6.52218513572111e-12,5.0578259028905e-13,"PowerLaw",2.21812558174133,0.0683405473828316,1561.71752929688,2.17749333381653,0.0927025377750397,0.0353317186236382,0.0458612255752087,0,"bll","PKS 0026-710",0.999319732189178,0.95868855714798,"bzcat",7.1731794,-70.7544244639,6.29999988177588e-07,"RFC J0028-7045",NA,"LSP",20892960686080,3.04480160702447e-12,45.4701995849609,0.448783338069916,0.135260030627251,15.3715000152588,19.283255,"BLL",0,-9.32997661234479,-11.1856068776734,1.26622054656555,1.65772686048303,13.3199999870611,-11.5164409998395,3.19360248500782,NA,87.0484635869008,104.361450563576,-11.813808085527,-15.4665528379624,-124.275288355713,107.448125185951,-20.6950598008903,-29.7962364942492,-20.3159618780449,-0.329644108432491,-179.912318159881,0,125.117801221854,-14.163445254315,-18.5426809719229,-148.99228346588,128.818381654125,-24.8110807626691,-35.7223819208583,-24.3565844108262,-0.395206714836589,-215.69490975193,0,1.60331447254476,2.09904781133722,16.8660576638696,-14.5823542173067,2.80863618646354,4.0438050840797,2.75718679928801,0.0447377480667234,24.4168536856629,0,2.74805834396692,22.0809217601848,-19.091113582602,3.67704635677715,5.29412062110282,3.6096891879904,0.0585703389894336,31.9663697710437,0,177.422399655308,-153.398993968852,29.5454327200944,42.5387850589825,29.0042111782618,0.470618491609707,256.852956350496,0,132.628413302784,-25.5449123923587,-36.7789345955334,-25.0769735064419,-0.40689565295206,-222.07446849236,0,4.92008109637531,7.08381136990853,4.82995366780966,0.0783701889259785,42.7726812147414,0,10.1990968322481,6.95404812196443,0.112835464396048,61.5830510870395,0,4.74147721881543,0.0769345817752535,41.9891592167843,0,0.00124833034089994,0.681310539807864,0,371.843923395025,0,0
"4FGL J0031.3+0726",1,7.82999992370605,7.44430017471313,114.195915222168,-55.0858459472656,7.88067436218262,1.79461209781628e-10,3.42678177500666e-11,2.27420729817518e-12,4.34650227051567e-13,"PowerLaw",1.91562020778656,0.131315514445305,3832.85888671875,1.83504962921143,0.181139796972275,0.0866593793034554,0.0925217941403389,0,"bll","NVSS J003119+072456",0.989553570747375,0,"wise",7.83212394167,7.41487718889,3.3000000598804e-07,"RFC J0031+0724",NA,"ISP",749894176342016,8.90405858853388e-13,13.1531734466553,0.305908620357513,0.450338631868362,54.3461990356445,18.247992,"BLL",0,-9.74602940891472,-11.6431699511037,0.896563382368185,1.11903054705378,14.8749999808939,-12.0504119910146,3.58352283025161,NA,94.9850892394306,113.474676756449,-8.73793309151639,-10.9061046210601,-144.972187271398,117.443669653967,-18.6696908813991,-34.9251188911495,-17.8844476531127,-0.844584859249772,-177.845466685641,0,135.563406510284,-10.4388398328491,-13.0290628398237,-173.192152800212,140.304994792201,-22.3038916410275,-41.7235653362796,-21.3657947016185,-1.00898988108729,-212.464472122381,0,0.80382589860348,1.00328181223986,13.3363802955969,-10.8039581335942,1.71747493282596,3.21285534948399,1.64523830237928,0.0776956262222335,16.3604814289476,0,1.25222936523948,16.6455793660447,-13.4847791225285,2.14363752906667,4.01007151311617,2.0534765904473,0.0969744926292867,20.420060470393,0,221.265624431594,-179.249878136106,28.494850554225,53.3049020315256,27.2963631994594,1.28905826548318,271.438880651352,0,145.212429153188,-23.084012722141,-43.1829264837386,-22.1131040559563,-1.04428122349224,-219.895821608739,0,3.66960078048022,6.86466874869447,3.51525815200865,0.16600645818794,34.9562222267275,0,12.8416358749345,6.57594224092391,0.310545864189366,65.3920959382487,0,3.36740714166901,0.159024261858498,33.4859709534531,0,0.00750984802126015,1.58135966025442,0,332.989212032064,0,0
"4FGL J0040.3+4050",1,10.0988998413086,40.8362007141113,120.679779052734,-21.9872570037842,9.33174419403076,2.17541290536971e-10,4.19557270869841e-11,2.44790320826083e-12,4.97008846838537e-13,"PowerLaw",1.92570066452026,0.1474649310112,5153.22265625,1.98428404331207,0.0912429019808769,-0.0749558061361313,0.0314759388566017,4,"bll","B3 0037+405",0.9963498711586,0.878672242164612,"bllac",10.0575411875,40.8346463778,1.203626197821e-06,"RFC J0040+4050",NA,"LSP",19054607728640,5.79488713958742e-13,16.4109172821045,0.451554954051971,0.302219718694687,118.511001586914,20.178925,"BLL",0,-9.66245829939701,-11.6112057584829,0.969962825209203,1.21513285645972,13.280000012513,-12.2369550178767,3.71207890750894,NA,93.3631003875861,112.192791447059,-9.37222535054923,-11.7411705537692,-128.317446336899,118.239067571831,-18.6070023680481,-35.8678076478763,-19.1730618226618,0.724257351088055,-194.97802133916,0,134.820099165826,-11.2624379415834,-14.1091576202469,-154.196812617944,142.085802569866,-22.359706644992,-43.1017119868107,-23.0399303101708,0.870327287839576,-234.301650159995,0,0.940827882287819,1.1786336984562,12.8811063309154,-11.8693914610976,1.86785805706531,3.60057854452686,1.92468175666852,-0.0727043454856352,19.5728071026846,0,1.47654785884796,16.13696434899,-14.8695261052416,2.33998214916488,4.51066904628521,2.41116873757724,-0.0910812628184382,24.5200747755365,0,176.358400332345,-162.506762790524,25.5733048489253,49.296407938168,26.3512921200136,-0.995413106425746,267.976124252499,0,149.743068109538,-23.5647124096297,-45.4245426139958,-24.2815945807003,0.917230828016525,-246.928597534108,0,3.70832304933377,7.14835281894161,3.821137100803,-0.144342445686,38.8585692818045,0,13.7795298155728,7.36581894368529,-0.278241866953262,74.9057618687048,0,3.9373831645429,-0.148733610069518,40.040718888691,0,0.0056183728735173,-1.51252759033553,0,407.189014155625,0,0
"4FGL J0045.1-3706",1,11.2936000823975,-37.1064987182617,310.094970703125,-79.9344863891602,20.8074913024902,4.11616352113953e-10,3.76255623879551e-11,6.94448665239378e-12,4.61825890030187e-13,"PowerLaw",2.59465217590332,0.0530942566692829,505.546997070312,2.57889986038208,0.0598900653421879,0.0249060112982988,0.0347427912056446,0,"fsrq","PKS 0042-373",0.999034762382507,0.967239856719971,"crates",11.3002753833,-37.0967962694,1.59999999027605e-07,"RFC J0045-3705",NA,"LSP",5370318159872,9.89356925377993e-13,102.666801452637,0.558178424835205,0.144857138395309,10.3385000228882,17.88754,"FSRQ",1,-9.38550738052818,-11.1583598524854,1.31821972177038,2.01143003194407,12.7300000158641,-12.0046470018735,2.7037615350399,NA,88.0877487899489,104.726868750091,-12.3721609278337,-18.8782914102271,-119.477509103016,112.669703036719,-24.3521271468441,-25.3761738423052,-24.2042836732591,-0.233755552859702,-167.883638689493,-9.38550738052818,124.508994597558,-14.7091700201571,-22.4442601145281,-142.045921099156,133.952171148965,-28.9520626707635,-30.1695441632835,-28.7762926656676,-0.277910236556485,-199.595608195727,-11.1583598524854,1.73770323486438,2.6515067370699,16.7809370790493,-15.8247624307613,3.42032166941019,3.56415177845375,3.39955665642654,0.0328315952840534,23.5797080019565,1.31821972177038,4.04585077340652,25.6055043385575,-24.1465075024557,5.21896130906097,5.43842715079445,5.18727662854888,0.0500966991013365,35.9795351536008,2.01143003194407,162.0529004039,-152.819156524293,33.0299222404111,34.4188843839507,32.8293952635758,0.317053524222455,227.70838448377,12.7300000158641,144.11154963959,-31.1478834643623,-32.4577028053976,-30.9587824770677,-0.29898787386075,-214.733603431892,-12.0046470018735,6.73221991391983,7.01532075001498,6.69134813417713,0.0646224364082037,46.4119445825577,2.59465217590332,7.31032643836132,6.97273024522084,0.0673399153396095,48.3636426084876,2.7037615350399,6.65072448987871,0.0642301090598573,46.1301744085789,2.57889986038208,0.000620309398790988,0.445507273338772,0.0249060112982988,319.9640872516,17.88754,1
"4FGL J0045.3+2128",1,11.339599609375,21.4668006896973,121.046653747559,-41.3826942443848,42.9982376098633,1.51233381373572e-09,7.29528173981642e-11,1.90537013250447e-11,1.22836658379699e-12,"LogParabola",1.80910086631775,0.0322528928518295,2123.08129882812,1.66907477378845,0.0561114102602005,0.0763050317764282,0.0221657827496529,0,"bll","GB6 J0045+2127",0.999621033668518,0.978806972503662,"whsp2",11.3304093833,21.4611111167,1.59999999027605e-07,"RFC J0045+2127",NA,"HSP",7943282168430592,5.56501069184923e-12,222.415374755859,0.844188511371613,0.205132871866226,246.753005981445,16.760456,"BLL",0,-8.82035233749724,-10.7200206468177,1.63345065530059,2.34716480512603,15.8999999902235,-11.2545339969345,3.32696662485673,NA,77.798615357593,94.5543591701772,-14.407610305667,-20.7028205753846,-140.243602079974,99.2689552473034,-15.956907054994,-29.3450178463304,-14.7218275824426,-0.67303726539202,-147.83312725712,0,114.918842668198,-17.5106247503802,-25.1616551724349,-170.448328179597,120.64883681745,-19.3935986391021,-35.6651509097375,-17.8925160360948,-0.817991516099391,-179.67243437008,0,2.66816104330193,3.8339778890316,25.97186540331,-18.3837259323954,2.95507699559159,5.43443581353542,2.72635128299043,0.124640504157939,27.3773778363367,0,5.50918262242231,37.3199203785568,-26.416246095699,4.24625788234403,7.80893896969265,3.91759356615994,0.179100485039656,39.3395524410634,0,252.809999689107,-178.947090441229,28.7647037567655,52.8987693026959,26.5382888869186,1.21325000449921,266.491250236141,0,126.664535488154,-20.3605872038568,-37.4434589861165,-18.7846587850279,-0.858777574264978,-188.631121856125,0,3.27284594451163,6.01881820323855,3.01952461920979,0.13804349909114,30.3213554694805,0,11.0687069229106,5.55295606678447,0.253864294028809,55.7614777293797,0,2.78581060049697,0.127358803651162,27.9744543067913,0,0.00582245787440172,1.27890712766743,0,280.912885327936,0,0
"4FGL J0056.4-2118",1,14.120400428772,-21.3029003143311,134.363037109375,-84.062385559082,29.5387020111084,9.48869982586587e-10,6.0303234628023e-11,6.72185918038082e-12,7.20341754995024e-13,"LogParabola",1.91210079193115,0.0416111536324024,1603.04553222656,1.73241865634918,0.0748860314488411,0.123462654650211,0.0358191765844822,0,"bll","PMN J0056-2117",0.998817563056946,0.930442154407501,"bzcat",14.134481525,-21.2855897528,4.40000007984054e-07,"RFC J0056-2117",NA,"ISP",309029540724736,2.10701204747532e-12,25.1196155548096,0.262547433376312,0.0963487327098846,48.1236991882324,17.245262,"BLL",0,-9.02279329201274,-11.1725105900254,1.47039140763814,1.40001298842095,14.4899999964492,-11.6763329811754,3.20494585804592,NA,81.4107987903901,100.807253606622,-13.2670377294706,-12.6320278006553,-130.740274769226,105.353138897857,-17.2524901990886,-28.9175639892407,-15.6312554314651,-1.11397801219201,-155.600434292602,0,124.82499288423,-16.4279635733195,-15.6416599393062,-161.889678409797,130.453953884845,-21.3629663470467,-35.8072915394761,-19.3554657844188,-1.37938781655213,-192.672872322763,0,2.16205089165607,2.05856706875596,21.3059714914556,-17.1687796882421,2.81153657499365,4.71252485161617,2.54733350672785,0.181538426561865,25.3572850672685,0,1.96003636774736,20.2861881972484,-16.3470178307735,2.67696594387359,4.48696582845021,2.42540862027162,0.172849320095226,24.1435907887222,0,209.960099897098,-169.190064855771,27.7063404682929,46.4396654717053,25.1027463243481,1.78897386544317,249.883846318766,0,136.336751887284,-22.3263255401573,-37.4220150251831,-20.2282970943335,-1.44159106643573,-201.361421459611,0,3.65612943850373,6.12817951326606,3.31255908476157,0.236073039730591,32.9746791272602,0,10.2716779530057,5.55230799706778,0.395691123644548,55.2701310178167,0,3.0012744008667,0.213889006278421,29.8760136224296,0,0.0152430270932773,2.12914582665841,0,297.399061448644,0,0
"4FGL J0058.0-3233",1,14.5131998062134,-32.5657997131348,288.560272216797,-84.3767242431641,39.9495735168457,1.39537004173462e-09,6.86205883781987e-11,1.23661610465509e-11,7.84191559344977e-13,"LogParabola",2.10806727409363,0.0324102863669395,993.82958984375,1.91580474376678,0.0675906762480736,0.14846758544445,0.0340859442949295,0,"bll","PKS 0055-328",0.999779284000397,0.974958598613739,"cgrabs",14.5092929833,-32.5724306389,2.3999999143598e-07,"RFC J0058-3234",NA,"LSP",36307803832320,2.18000248929096e-12,66.1132354736328,0.340640485286713,0.0927306115627289,27.1646995544434,17.088493,"BLL",0,-8.85531060545678,-10.9077651019118,1.6015121473479,1.82028841134281,13.5599999803271,-11.661543010485,2.99731192309431,NA,78.4165259191153,96.5916479887909,-14.1818875031777,-16.1192192739541,-120.078011635784,103.266585496738,-18.6675904892977,-26.5421280604391,-16.9650460654624,-1.3147265839528,-151.323913294174,0,118.979339518485,-17.4689183111293,-19.8552784086596,-147.909294567337,127.201371884212,-22.9943026448408,-32.6939743942723,-20.8971481261364,-1.61944954727608,-186.397267589664,0,2.56484115810288,2.91521400244212,21.7165046865311,-18.6761027881117,3.37609534688752,4.80023145422623,3.06818456908923,0.237772641576699,27.3674291193696,0,3.31344990046893,24.6831108219982,-21.2273716003616,3.83729042936366,5.4559721587882,3.48731717347425,0.270253825244581,31.1059857752127,0,183.873599466471,-158.13052299276,28.5853921952378,40.643549618193,25.9783122877881,2.01322045570595,231.71996474382,0,135.991585385392,-24.5833171858387,-34.9532819070038,-22.3412394191275,-1.73136113332331,-199.278196103872,0,4.44394763210455,6.31853517532576,4.03864528388808,0.312979658139145,36.0236928568781,0,8.98387876432331,5.74226440081281,0.445003664045673,51.2195438166137,0,3.6703078162393,0.284434904490077,32.7382159532254,0,0.0220426239277051,2.53708729459439,0,292.016593011049,0,0
"4FGL J0107.4+0334",2,16.8507995605469,3.56909990310669,130.697830200195,-59.0617065429688,7.02907609939575,1.82177106733405e-10,3.27059802851526e-11,2.73682660735519e-12,4.58414827365222e-13,"PowerLaw",2.35384917259216,0.162913382053375,1693.76550292969,2.42353963851929,0.15977954864502,-0.0550532825291157,0.0718230381608009,0,"bll","PMN J0107+0333",0.994998693466187,0.811605751514435,"rfc",16.869047164917,3.56350088119507,8.6e-07,"",NA,"LSP",22908676079616,2.38898256645775e-13,34.4847297668457,0.781673967838287,0.268920719623566,16.8264999389648,18.89187,"BLL",0,-9.73950619950372,-11.5627527166031,0.846898245175886,1.53762682707057,13.3599999915058,-12.621787019492,3.2288532833069,NA,94.8579810101714,112.615501766684,-8.24837070923936,-14.9757260147771,-130.11980274264,122.929972925158,-22.925328609158,-31.4474365700555,-23.6040793341016,0.536191786495352,-183.997484985218,0,133.697250385312,-9.79247498509387,-17.779198771832,-154.478376195601,145.942602148017,-27.216975914864,-37.3344320730697,-28.0227895390842,0.63656749212145,-218.442021164213,0,0.717236637681995,1.30221346158143,11.3145605483561,-10.6893692777916,1.99347073367701,2.73451017956301,2.05249146697619,-0.0466245283650803,15.999491551091,0,2.36429625932711,20.5426943966019,-19.407598326742,3.61934163465557,4.96477142908758,3.72649956465617,-0.0846514041350638,29.0486461255297,0,178.489599773035,-168.627074473201,31.4474249258372,43.1374798375537,32.3784895500317,-0.735511854121352,252.395383039529,0,159.309507565417,-29.7097829324657,-40.7538984590872,-30.5894011506871,0.694870806806418,-238.44915953993,0,5.5406059273128,7.60023362933343,5.70464677287293,-0.129587123529641,44.4686125682187,0,10.4254935251217,7.82525391905743,-0.177758972050958,60.9990764773071,0,5.87354437947421,-0.133423812439913,45.7851957907534,0,0.00303086391723064,-1.04005945661332,0,356.9027520969,0,0
"4FGL J0112.8-7506",1,18.2049007415771,-75.1024017333984,301.086486816406,-41.9491500854492,13.739935874939,3.217101585129e-10,3.50716782004934e-11,2.03791432513978e-12,3.73476016822874e-13,"PowerLaw",2.02399039268494,0.0851191654801369,2789.08203125,1.78872430324554,0.171580389142036,0.218115419149399,0.112751051783562,0,"bll","2MASS J01123146-7506179",0.999099612236023,0,"whsp2",18.1307129875,-75.1049727278,8.50000014906982e-06,"RFC J0112-7506",NA,"ISP",555904260898816,8.41995960801367e-13,8.23572635650635,0,10,11.3353996276855,18.584408,"BLL",0,-9.4925352253385,-11.6908140778866,1.13798470585125,0.915701908145894,14.7450000028347,-12.0746899918803,3.44546128773156,NA,90.1082250042923,110.975464447222,-10.8023599061895,-8.69233261898458,-139.967431924525,114.619420082966,-19.2128000983085,-32.706162641332,-16.9795284569774,-2.07046829946514,-176.413147582063,0,136.675133803712,-13.3039676195854,-10.7053007588996,-172.381053611578,141.162955743191,-23.6620953763083,-40.2802473274254,-20.9116432658409,-2.54994681279593,-217.266858675588,0,1.29500919075136,1.04205476658883,16.7795844910025,-13.7408125386549,2.30327011166533,3.92088225004107,2.03554090007786,0.248212011102351,21.1487720712996,0,0.838509984582031,13.5020246382069,-11.0568166658349,1.85337186465056,3.1550154756186,1.63793825762888,0.199728705511146,17.0177778673618,0,217.415025083595,-178.041303964503,29.8437383458768,50.8033266973687,26.374739856426,3.21611185597618,274.027096012681,0,145.798138400014,-24.4390565382147,-41.6028769283833,-21.598291442632,-2.63367606867802,-224.40096528262,0,4.09653710968094,6.97358054473656,3.62036080493104,0.441463512854832,37.6146632457371,0,11.8712034852568,6.16298034125712,0.751508232936597,64.0318583194087,0,3.19953463302124,0.390148351145118,33.2423822510308,0,0.047574336070718,4.05354594056344,0,345.380220710464,0,0
"4FGL J0115.6+0356",1,18.9120998382568,3.94700002670288,134.506134033203,-58.3796348571777,34.1759834289551,1.26956489765462e-09,6.51134215989835e-11,1.36731520203326e-11,7.8473994880382e-13,"PowerLaw",2.08382248878479,0.0388265363872051,1548.22424316406,2.01185488700867,0.0547707602381706,0.0708392933011055,0.0308661311864853,0,"bll","PMN J0115+0356",0.999498307704926,0.952129423618317,"bzcat",18.9187986125,3.94536195278,2.20000003992027e-07,"RFC J0115+0356",NA,"ISP",519995985494016,2.11008033962345e-12,17.9550704956055,0.149191245436668,0.0708431005477905,51.8623008728027,17.604643,"BLL",0,-8.89634509394512,-10.8641313576165,1.5337210204344,1.2541871146023,14.7159999907799,-11.675701008972,3.18983386365673,NA,79.1449560305614,96.6510617033069,-13.6445114756221,-11.1576813838814,-130.918614320471,103.871065389538,-18.5384039747531,-28.3778628434426,-17.8981553537691,-0.630210799417829,-156.616979383705,0,118.029350155546,-16.6625466319369,-13.6256535600694,-159.876556958516,126.846349453727,-22.6389212441133,-34.6547741037401,-21.8570557649249,-0.769607387703933,-191.259154055944,0,2.35230016852234,1.92357314122352,22.5702385225716,-17.9072680657675,3.19600235390316,4.89231524838381,3.08562413026887,0.108647713208623,27.0006110263433,0,1.57298531843444,18.4566175669237,-14.6435137594018,2.61350331455238,4.00064852952034,2.52324247573594,0.0888457288657795,22.0795164077736,0,216.560655728634,-171.819615940381,30.6655317257439,46.9415951081618,29.6064564986701,1.04247103956592,259.069926225683,0,136.32199405091,-24.3300883348231,-37.2435464603499,-23.4898161341524,-0.827098408270581,-205.546548037692,0,4.34231616476524,6.64704754057517,4.19234845772025,0.147616512470465,36.6849509904277,0,10.1750400777312,6.41748284734354,0.225965576649378,56.1558863989874,0,4.04756008638067,0.14251837842007,35.417987053593,0,0.00501820547540005,1.24710046893825,0,309.923455157449,0,0
"4FGL J0116.0-2745",1,19.0032005310059,-27.7588996887207,220.940292358398,-84.5119171142578,8.40943622589111,1.62827196170667e-10,3.45254762279534e-11,1.64080001755634e-12,3.97820340038157e-13,"PowerLaw",1.88672840595245,0.149884015321732,4946.76611328125,1.72532498836517,0.227098405361176,0.119287267327309,0.119065314531326,0,"bll","1RXS J011555.6-274428",0.994065403938293,0.909822762012482,"whsp2",18.9811379958,-27.7421637861,4.20000014855759e-06,"RFC J0115-2744",NA,"HSP",199526227608862720,1.43310168419786e-12,18.0232639312744,0.448154211044312,0.264428973197937,48.6334991455078,18.605423,"BLL",0,-9.78827305546391,-11.7849443479928,0.924766881387496,1.2558334425244,17.2999999915372,-11.8437229936087,3.69432137708895,NA,95.8102894083208,115.3542532216,-9.05187074767062,-12.2924406476121,-169.337123776689,115.929594654718,-18.4678128189627,-36.1610263935841,-16.8879520955334,-1.16761634463982,-182.114960636408,0,138.884913285287,-10.8983262320185,-14.7999272304983,-203.879537120542,139.577616352721,-22.2349892639268,-43.5373718325934,-20.3328589700849,-1.40579380687648,-219.263874625865,0,0.855193784911155,1.16135317618541,15.9984670401776,-10.9526827768169,1.74478394399785,3.41638605873371,1.59552340887038,0.110312914195512,17.2056790046052,0,1.57711763536269,21.7259185450443,-14.873743419369,2.36941662915584,4.6394523327811,2.166720819612,0.149804939576983,23.3653124157126,0,299.289999707187,-204.896407689199,32.6404014070104,63.9117597923745,29.8481222841164,2.06366972375294,321.873817742546,0,140.273774349335,-22.3458886042737,-43.7545190396086,-20.4342712361482,-1.4128053508892,-220.357476190916,0,3.55974407782787,6.97018108287109,3.25521966504815,0.225062675734877,35.1033800788611,0,13.6480104372164,6.37390498694319,0.440685501701802,68.7344119186824,0,2.97674631547727,0.205809303113602,32.1004012210041,0,0.0142294521464169,2.21939006713866,0,346.161765008929,0,0
"4FGL J0116.2-6153",1,19.0599994659424,-61.8946990966797,297.844055175781,-54.987865447998,14.6943368911743,2.66062255560584e-10,3.08897456224866e-11,3.14427086797742e-12,4.20802769799528e-13,"PowerLaw",1.87453103065491,0.0786260962486267,3295.54541015625,1.79901909828186,0.107869483530521,0.0799995958805084,0.052862498909235,0,"bll","SUMSS J011619-615343",0.999944746494293,0.80797678232193,"bzcat",19.0817185458,-61.89542075,1.69999998433923e-06,"RFC J0116-6153",NA,"ISP",660693476966400,1.20878480835973e-12,6.16070032119751,0,10,80.1763000488281,18.44431,"BLL",0,-9.57501673147804,-11.5024800480649,1.16714999251808,0.789630083648844,14.8200000190355,-11.9176510067159,3.51792730027126,NA,91.6809454080844,110.136438913714,-11.1754807065051,-7.56072126261609,-141.90174814277,114.111707789221,-17.9486659821955,-33.6842127602207,-17.2256379662973,-0.76599746906735,-176.604576850568,0,132.307047256131,-13.4251195020383,-9.08270428252265,-170.466754531277,137.08254292455,-21.5617557795866,-40.464888581913,-20.6931812840748,-0.920193755468803,-212.155307775324,0,1.36223910503495,0.921616746222799,17.2971629113352,-13.9096862833215,2.18785887840379,4.10594882219075,2.09972512709956,0.0933715277333848,21.5272762785011,0,0.62351566900328,11.7023178547069,-9.41053576133081,1.48018609453839,2.77786122838375,1.42055960106217,0.0631700875869996,14.5641820481452,0,219.632400564212,-176.619588146388,27.7805499099884,52.1356826569856,26.6614630707824,1.18559401247197,273.344674551097,0,142.030405517877,-22.3400066246047,-41.9254298316311,-21.4400817677399,-0.953407264382206,-219.81284963968,0,3.51386658488816,6.59446388794653,3.37231712447016,0.149961724917866,34.5744314340187,0,12.3758124899938,6.32881839955514,0.281432762358709,64.8857416836662,0,3.23646971598288,0.143920800843865,33.1816659446311,0,0.00639993534104466,1.47553734629482,0,340.1925713761,0,0
"4FGL J0120.4-2701",1,20.1226997375488,-27.0228996276855,213.654647827148,-83.5328216552734,78.0519027709961,3.45238104770829e-09,1.0095251717912e-10,3.55848198130282e-11,1.53109090076514e-12,"LogParabola",1.90865182876587,0.01834711804986,1130.30749511719,1.81619572639465,0.0291837453842163,0.0521446280181408,0.011719973757863,0,"bll","PKS 0118-272",0.999721109867096,0.993991672992706,"bzcat",20.1319307583,-27.0235145972,1.1999999571799e-07,"RFC J0120-2701",NA,"ISP",141253756846080,8.02405711319842e-12,35.9449195861816,0.138233363628387,0.043582621961832,116.561996459961,15.9418335,"BLL",0,-8.46188127617116,-10.4487352289211,1.89238349487917,1.55563751637107,14.1500000073292,-11.0956059887789,3.05319660743564,NA,71.6034347320161,88.4159569932774,-16.0131244626534,-13.1636199722898,-119.735620119841,93.8897005642208,-16.1507851725638,-25.8357872049289,-15.368432611041,-0.441241651479616,-134.897902401488,0,109.176067884097,-19.7730140895728,-16.2544445207377,-147.849603565814,115.935049181182,-19.9429976029706,-31.9020429529352,-18.9769482689957,-0.544845411772134,-166.571997305045,0,3.5811152916911,2.94386275999544,26.7772264664099,-20.9971416388477,3.61190121822748,5.77781886653228,3.43693881609932,0.0986776334081436,30.1680625935118,0,2.42000808234115,22.0122708680522,-17.260740943016,2.96917039051844,4.74966718738376,2.82534220905232,0.0811181396222339,24.7997142723411,0,200.222500207416,-157.002824822543,27.007423391026,43.2027320175918,25.6991695417956,0.737846486838871,225.576944141841,0,123.112472258226,-21.1776486617484,-33.8770665623823,-20.1517921785791,-0.578576246920731,-176.884303254716,0,3.6429518034513,5.82748928836378,3.46648529457991,0.0995259396271405,30.427409663656,0,9.3220095236565,5.54520263026725,0.159207801360981,48.6735519585038,0,3.29856691657419,0.094704850560986,28.9534898735951,0,0.00271906223115027,0.831280977784636,0,254.142055341722,0,0
"4FGL J0125.3-2548",1,21.3474006652832,-25.8073997497559,204.982711791992,-82.2894439697266,20.0859432220459,5.09445430285638e-10,4.1926129235037e-11,6.4368822771943e-12,5.09503951615781e-13,"PowerLaw",2.22368764877319,0.0601531974971294,1183.82946777344,2.1439061164856,0.0892397835850716,0.0835941731929779,0.050106517970562,0,"bll","PKS 0122-260",0.998335301876068,0.943405151367188,"bzcat",21.3284893792,-25.8178858333,1.39999997372797e-07,"RFC J0125-2549",NA,"LSP",20417379041280,9.52557043659708e-13,25.2204284667969,0.317267030477524,0.11689805239439,14.5922002792358,19.12756,"BLL",0,-9.29290232901785,-11.1913244335202,1.30289223071601,1.40175246047596,13.3099999913765,-12.0211090072483,3.07328914618839,NA,86.3580336966654,103.999884893054,-12.1076502452801,-13.0263487046635,-123.68852991909,111.710991890835,-20.6645121302926,-28.5597758643594,-19.9231101430846,-0.776832486757346,-177.750546872429,0,125.245742576306,-14.5810896558557,-15.6874665606717,-148.956528113645,134.532130950828,-24.8860099162325,-34.3941759130106,-23.9931489045987,-0.935529512954493,-214.062729581624,0,1.69752816486014,1.82633239014118,17.3414955795946,-15.6622095301341,2.89722536112574,4.00416455131269,2.79327862255362,0.108914198786259,24.9211493165543,0,1.96490996045041,18.657325236847,-16.85061912856,3.11705963299782,4.30799062242364,3.00522567381315,0.11717833795471,26.8121042929016,0,177.156099770442,-160.000960782811,29.5972825859952,40.905478509265,28.5353903919354,1.11263844447766,254.587823435053,0,144.507061764146,-26.7311916239742,-36.9443438371237,-25.7721291275798,-1.00489466832358,-229.934483802682,0,4.94478675930644,6.83403511548783,4.76737755135832,0.185887330438632,42.5337189231681,0,9.44510617607937,6.5888433982421,0.256909065158571,58.7845225410672,0,4.59633343630437,0.179218059210982,41.0076928774453,0,0.00698798579181759,1.59895256339908,0,365.8635515536,0,0
"4FGL J0127.2+0324",1,21.8236999511719,3.41300010681152,140.127853393555,-58.2565460205078,17.45924949646,4.91490681486795e-10,4.54752208112197e-11,6.82081778211052e-12,6.49077254617769e-13,"PowerLaw",1.9667717218399,0.0687113851308823,2373.53369140625,1.90704119205475,0.0960404500365257,0.0499539077281952,0.046275120228529,0,"bll","NVSS J012713+032259",0.975346088409424,0,"whsp2",21.8081496417,3.38349560556,3.60000001364824e-07,"RFC J0127+0323",NA,"HSP",3404081825579008,1.62956616516635e-12,76.4209365844727,0.781456768512726,0.209762319922447,83.6747970581055,17.925978,"BLL",0,-9.30848471184452,-11.1661635524746,1.24202557118219,1.8832123559247,15.5319999908868,-11.7879280012109,3.3753954007428,NA,86.6478876306431,103.940062718165,-11.5613760410694,-17.5298534242818,-144.579384459539,109.727747583596,-18.3076645044348,-31.4198164842447,-17.7516637810994,-0.464995186384797,-166.863692157861,0,124.683208480612,-13.868660664176,-21.0282571702962,-173.432852195276,131.625932006316,-21.9612947164464,-37.6902170989647,-21.2943338517895,-0.557793503778252,-200.164402186062,0,1.54262751947045,2.33899790202473,19.2911411602829,-14.6409080087585,2.44278077120318,4.19232740057331,2.36859392582977,0.0620440307788941,22.2645230644494,0,3.54648877750746,29.2500542950603,-22.1991716626311,3.7038488078522,6.35658632481025,3.59136353613487,0.0940738162604596,33.7584232616343,0,241.243023716908,-183.090097607382,30.5478983656937,52.4266413335765,29.6201637776151,0.775884094379088,278.426290132637,0,138.955246561732,-23.1841634518663,-39.7889179595745,-22.4800642672848,-0.588853067679098,-211.310138015291,0,3.86819100582908,6.6386322242094,3.75071468891714,0.0982479331152139,35.2563066167242,0,11.3932941113556,6.43701806868867,0.16861419039488,60.5072636950166,0,3.6368061081936,0.0952641597417704,34.1855784538672,0,0.00249539289731704,0.895472650949657,0,321.340687256484,0,0
"4FGL J0132.8-4413",1,23.2077007293701,-44.2238998413086,279.658569335938,-70.9864044189453,14.471884727478,3.06383751702555e-10,3.26999816113727e-11,3.62123417189941e-12,4.00200678802795e-13,"PowerLaw",2.2652907371521,0.0842843055725098,1278.12341308594,2.32257437705994,0.0747438967227936,-0.0541904382407665,0.0297532789409161,0,"bll","SUMSS J013306-441422",0.990510106086731,0,"bzcat",23.2765218583,-44.2392775694,7.97252425854822e-07,"RFC J0133-4414",NA,"ISP",463446936125440,1.1277737641327e-12,5.78605699539185,0,10,34.7672996520996,18.14618,"BLL",0,-9.51373427015246,-11.4411433900476,1.16052509459114,0.762382707338625,14.6660000153582,-11.9477780128022,3.10657279046909,NA,90.5111397630734,108.847997959624,-11.0409273637837,-7.25310648977909,-139.52842695217,113.66798513257,-21.5513741179029,-29.5551080194089,-22.0963554460132,0.515553429405761,-172.637934538355,0,130.89976207163,-13.2777340149658,-8.7225298727539,-167.795809134153,136.696241436928,-25.9175161439038,-35.5427447473772,-26.5729064819933,0.620000574282128,-207.613047361614,0,1.34681849517577,0.884764263548807,17.0202610550972,-13.8656962084612,2.62892674700987,3.6052556815134,2.69540584863245,-0.0628893634653009,21.0590972609679,0,0.581227392448972,11.1811047975371,-9.10877934808104,1.72701848509913,2.36839737454233,1.77069054157828,-0.0413138530178621,13.834333836254,0,215.091556450487,-175.226112519253,33.2227539858635,45.560996592731,34.0628758496316,-0.794756968071349,266.131876158693,0,142.7493994432,-27.0651908619503,-37.1166420811362,-27.7496030753345,0.647455326517145,-216.806530420351,0,5.1315421238271,7.03729056653838,5.26130622270069,-0.122757097789021,41.1063734686947,0,9.65079450248291,7.21524636361511,-0.168346540942361,56.3724290389544,0,5.39435173697537,-0.125861323339653,42.1458527095175,0,0.00293660359672633,-0.983349446595832,0,329.2838485924,0,0
"4FGL J0136.5+3906",1,24.1422996520996,39.0999984741211,132.421768188477,-22.9386787414551,91.8019790649414,4.53368587116643e-09,1.12233881910395e-10,5.32827913735101e-11,1.93692739798579e-12,"LogParabola",1.7168687582016,0.014746124856174,1869.87133789062,1.56128084659576,0.025984238833189,0.0819578468799591,0.0102187562733889,512,"bll","B3 0133+388",0.999940514564514,0.996997356414795,"bllac",24.1358265417,39.0997772972,1.70000006960436e-07,"RFC J0136+3905",NA,"HSP",11117317761007616,1.34969301360255e-11,61.2266693115234,0.185509651899338,0.0507889688014984,250.610000610352,15.679815,"BLL",0,-8.34354857444885,-10.2734130314662,1.96285204381256,1.78694063475878,16.0460000190711,-10.8697650001415,3.27181172462929,NA,69.6148028141874,85.716720653414,-16.3771513720063,-14.9094259857663,-133.880580584727,90.6924122715246,-14.3247778800087,-27.2985200508957,-13.0266225819283,-0.68381927650018,-130.825298090872,0,105.5430153151,-20.165189765744,-18.3579792035873,-164.847185698832,111.669585401429,-17.6381018738255,-33.6126732083104,-16.0396829951955,-0.841986812167483,-161.085215751979,0,3.85278814589914,3.50750007710798,31.4959239324501,-21.33574044629,3.36995935099394,6.4220823306585,3.06456330070589,0.160871127254805,30.7771569193528,0,3.19315683215211,28.6732494594183,-19.4236247690316,3.06794254857829,5.84653332002028,2.78991618705255,0.146453806927137,28.0188985690002,0,257.47411661203,-174.416249399569,27.5488761268455,52.4994909957986,25.0523124942509,1.31509561259885,251.598311789031,0,118.151791158301,-18.6619599377362,-35.5638245714281,-16.9707559017179,-0.890862535502736,-170.435904295694,0,2.9476383328887,5.61727133273372,2.68051430829881,0.140710866797672,26.9201845078808,0,10.7047519614217,5.10821697933115,0.268150644347222,51.3014025570182,0,2.43759788194677,0.127959216561908,24.4805948376649,0,0.00671708866519882,1.28508387687609,0,245.856598434225,0,0
"4FGL J0138.0+2247",1,24.5062999725342,22.796199798584,136.75227355957,-38.8220863342285,13.5994653701782,3.95748683823527e-10,4.46939013576397e-11,4.58547089188244e-12,5.80838708293813e-13,"PowerLaw",2.00633454322815,0.0851787626743317,2763.59936523438,2.00170350074768,0.0945862829685211,0.00428507057949901,0.039433378726244,0,"bll","GB6 J0138+2248",0.998790264129639,0.920845329761505,"wise",24.5047722,22.8023813444,5.59999989491189e-07,"RFC J0138+2248",NA,"HSP",1096478172905472,1.17064170856995e-12,35.1492958068848,0.575213611125946,0.183473825454712,67.8767013549805,17.544535,"BLL",0,-9.40258052083485,-11.3386160590681,1.13352183547718,1.54591662863756,15.039999990796,-11.931576006551,3.44147508425963,NA,88.4085204507829,106.612250490219,-10.6580303301987,-14.5356055792622,-141.414810946815,112.187604142057,-18.8647220944351,-32.3587465901981,-18.8211783446171,-0.0402907211611999,-164.963903038105,0,128.564214134957,-12.8525688870459,-17.5285551114503,-170.532785424024,135.287559317871,-22.7490570717098,-39.021564657269,-22.6965474590705,-0.0485867700869477,-198.930746299882,0,1.28487175150356,1.75233025438794,17.0481683951439,-13.5247019350812,2.27422401402124,3.90098715425896,2.26897462624861,0.00485722106842298,19.8871135157936,0,2.38985822269812,23.2505860804803,-18.4452217543801,3.10162593298634,5.32023355979881,3.09446672740786,0.0066243618637331,27.1223883982137,0,226.201599723144,-179.450903028709,30.1752715116851,51.7597852355895,30.1056206328214,0.0644474614762253,263.86980623852,0,142.362506000104,-23.9387330970955,-41.0622215424953,-23.8834774617502,-0.051127645312728,-209.333952852094,0,4.02537829935051,6.9047503412091,4.01608687885079,0.00859728512381953,35.2002066153753,0,11.8437507555798,6.88881272389842,0.0147469636336398,60.379080067421,0,4.00681690490552,0.00857744077993406,35.1189571284902,0,1.8361829871288e-05,0.0751795707594907,0,307.810708366225,0,0
"4FGL J0139.0+2601",1,24.7581005096436,26.0298004150391,136.106170654297,-35.6214294433594,6.23307991027832,1.85236534444577e-10,3.52531406844214e-11,2.33003178383429e-12,5.87675687193506e-13,"PowerLaw",2.43026995658875,0.157668054103851,1499.17687988281,2.44715356826782,0.152741000056267,-0.0174158234149218,0.0657169446349144,0,"bll","WISE J013859.14+260015.7",0.989206552505493,0.884759366512299,"rfc",24.7464383333,26.0043626861,6.99999986863986e-07,"RFC J0138+2600",NA,"ISP",109647822323712,9.7082064609566e-13,19.1811466217041,0.54703950881958,0.292381882667542,-Inf,18.542168,"BLL",0,-9.73227335273578,-11.6326381547466,0.794702694735807,1.28287456511799,14.0400000107314,-12.0128609962564,3.1758528759605,NA,94.7171446123709,113.212014335458,-7.73426385932461,-12.4852859450003,-136.641117976851,116.912446963985,-23.652051538463,-30.9082683169197,-23.8163674625052,0.169495554136995,-180.45744752835,0,135.318270439266,-9.24448888846369,-14.9232156139455,-163.322239817477,139.741265172719,-28.2704510233487,-36.9435473387598,-28.4668519687565,0.202591971952749,-215.694330948521,0,0.631552373020353,1.01950387390729,11.157625842619,-9.54665300521163,1.93134208343655,2.52385883861027,1.94475953513478,-0.0138404017988813,14.735510875844,0,1.64576714982667,18.0115589080236,-15.4109938263953,3.11773151367811,4.07422087712654,3.13939106966852,-0.0223423168895895,23.7872757093447,0,197.121600301338,-168.660568516355,34.1209902165863,44.5889744125668,34.3580361247416,-0.244518160932398,260.332038918983,0,144.308829315378,-29.1944951718787,-38.1510791434746,-29.3973156520942,0.209213865818803,-222.744486753234,0,5.90621206189789,7.71817983099278,5.94724379612024,-0.0423251524145393,45.0624738204213,0,10.0860414897466,7.77179969770036,-0.0553100928794996,58.8871975693428,0,5.98856058668592,-0.0426191944141481,45.3755325846214,0,0.000303310905219738,-0.322927123617814,0,343.811994140224,0,0
"4FGL J0142.7-0543",1,25.6753997802734,-5.73320007324219,154.911224365234,-65.3711853027344,6.86892557144165,1.52444210033131e-10,2.85438877395405e-11,2.01302993371733e-12,3.84788690710805e-13,"PowerLaw",2.29279589653015,0.139615386724472,1514.01391601562,2.27534461021423,0.166010156273842,0.0516500994563103,0.0891081765294075,0,"bll","PKS 0140-059",0.998351156711578,0.965932190418243,"bzcat",25.661988325,-5.73376685278,4.99999998737621e-07,"RFC J0142-0544",NA,"LSP",43651581345792,1.05258217506649e-12,20.977783203125,0.722505211830139,0.306099772453308,-Inf,18.192745,"BLL",0,-9.81688906587658,-11.6961497671125,0.836888810584134,1.32175959284149,13.6399999813133,-11.9777439888084,3.18012986698771,NA,96.3713109317272,114.819804761622,-8.21564461397784,-12.9755672946831,-133.902366675111,117.584183997602,-22.5081229669335,-31.2189821192992,-22.3368056251133,-0.507043296604091,-178.596159468781,0,136.799919374726,-9.78837686701268,-15.4594981539917,-159.535482604852,140.093487565235,-26.8168841912376,-37.1952752031558,-26.6127713328578,-0.604107298727261,-212.785070194887,0,0.700382881280927,1.10616581353128,11.4151633607289,-10.0240399202751,1.9188152307593,2.66141510188642,1.90421044451121,0.0432253903005438,15.2253047243104,0,1.7470484212685,18.0288008216586,-15.831698017807,3.03052497066633,4.20336715817274,3.00745856557084,0.0682690144275952,24.0464352238691,0,186.049599490227,-163.376427783522,31.2737359858265,43.3769713262862,31.0357004408034,0.704507355618903,248.149041460038,0,143.466351061436,-27.4625222672286,-38.0907813979421,-27.2534952274611,-0.618651668284177,-217.908042063674,0,5.25691302314549,7.29138870946239,5.21690078549118,0.118423136088802,41.7122510826194,0,10.1132259709073,7.23589135263178,0.164254023913898,57.8552917369913,0,5.17719309523095,0.117521775414945,41.3947642807519,0,0.00266773277384675,0.939657088633292,0,330.975970635025,0,0
"4FGL J0143.7-5846",1,25.9479999542236,-58.771800994873,290.459106445312,-57.0706558227539,41.2299575805664,1.1105542041534e-09,5.14398836026775e-11,1.43086011789029e-11,8.60719590219106e-13,"PowerLaw",1.83216023445129,0.031840555369854,2431.44384765625,1.77990508079529,0.042092502117157,0.0445268042385578,0.0186960510909557,0,"bll","SUMSS J014347-584550",0.999958157539368,0.859780669212341,"bzcat",25.9476273708,-58.7642713722,7.70000042393804e-06,"RFC J0143-5845",NA,"HSP",38018938835042304,9.21297760303474e-12,53.1095695495605,0.322360515594482,0.0910050570964813,154.091995239258,16.738436,"BLL",0,-8.9544602394656,-10.8444028211653,1.6152128879778,1.72517278149806,16.5799999908956,-11.0355999846161,3.38586424431973,NA,80.1823581801703,97.1057738828733,-14.4633595836696,-15.4479910781327,-148.464950688815,98.8178412808921,-16.406005971724,-30.3185867519893,-15.9380892760042,-0.398713498144634,-149.88365963284,0,117.601072547698,-17.516019199169,-18.7084685786751,-179.800198676189,119.674491606423,-19.8686836153104,-36.7176757631836,-19.3020076795829,-0.482866601502091,-181.518342580295,0,2.60891267348959,2.78652131066418,26.7802296679664,-17.8248433217195,2.95932882352615,5.46889156436844,2.87492562587772,0.0719202680665831,27.0361375517916,0,2.97622112602175,28.6033647015312,-19.0383167209601,3.16079296781847,5.8412008361479,3.07064379903814,0.0768164307194524,28.8766941920473,0,274.896399698098,-182.970247644462,30.3772166705217,56.1376291399949,29.5108262233809,0.738254413869899,277.523268727607,0,121.784467020459,-20.2189874551249,-37.365043402527,-19.6423204822426,-0.491380000170033,-184.718684064098,0,3.35681112470461,6.20344582769308,3.26107131013094,0.0815802400930827,30.6674968261079,0,11.4640766809628,6.02651697134779,0.150761714385157,56.6740719582342,0,3.16806209664089,0.0792534850957863,29.7928272809668,0,0.00198263629569885,0.745309063031628,0,280.175239726096,0,0
"4FGL J0144.6+2705",1,26.1501998901367,27.0898990631104,137.276138305664,-34.296703338623,100.823783874512,5.97414917535843e-09,1.28625193829279e-10,5.3128629967647e-11,1.45247334125409e-12,"LogParabola",2.13637685775757,0.0132722277194262,759.531005859375,2.03289794921875,0.0209485851228237,0.0839851200580597,0.0101941460743546,0,"bll","TXS 0141+268",0.999689638614655,0.961075484752655,"bllac",26.1398077042,27.0841995083,1.39999997372797e-07,"RFC J0144+2705",NA,"LSP",12882495406080,1.0595245167333e-11,263.327758789062,0.269248902797699,0.0658121481537819,48.2164993286133,18.50672,"BLL",0,-8.22372393720124,-10.2746713831334,2.00356299229856,2.42049664282606,13.109999996263,-10.9748889895348,2.88054550749279,NA,67.6296353952967,84.4960610003507,-16.4767489394562,-19.9054961815239,-107.813020785976,90.2544572913637,-17.5689735040237,-23.688811042166,-16.7179915268775,-0.690670442190186,-152.194156263081,0,105.56887203138,-20.5859513412751,-24.8698075890154,-134.700941794482,112.763377833839,-21.9505701639902,-29.5966584936496,-20.8873583836685,-0.862919509669569,-190.150466379663,0,4.01426466410836,4.8496174965492,26.2667108215468,-21.9888814240169,4.28036560980615,5.77135437644443,4.07303909817432,0.16826947845208,37.0793793008316,0,5.85880399793223,31.7327109784042,-26.5646819545577,5.17109301201349,6.97235073039399,4.92062266129197,0.203285701147877,44.7954536297219,0,171.872099902016,-143.880794611788,28.0079005972181,37.7639515924659,26.6512921066609,1.10104492364731,242.62309913084,0,120.448188332612,-23.4464988537005,-31.6136671740366,-22.3108293197287,-0.921727369409958,-203.109197560404,0,4.56410607836211,6.15393075992513,4.34303613289376,0.17942386688803,39.5373283209992,0,8.2975424207369,5.85585505481338,0.241922960279487,53.309449154427,0,4.1326740719378,0.17073317833092,37.6222731347656,0,0.0070535003911667,1.55428910108089,0,342.4986851584,0,0
"4FGL J0153.0+7517",1,28.2527008056641,75.2884979248047,126.897254943848,12.8928642272949,15.4119567871094,4.65918248426789e-10,4.68439835532575e-11,5.3588175563668e-12,5.77195734784153e-13,"PowerLaw",2.00050377845764,0.0714351534843445,3514.19897460938,1.94700884819031,0.0921524465084076,0.0674187391996384,0.047296155244112,0,"bll","1RXS J015308.4+751756",0.999882638454437,0.976290881633759,"bllac",28.2807570917,75.2952572528,1.20000004244503e-06,"RFC J0153+7517",NA,"HSP",7943282168430592,3.95751877449446e-12,7.52347755432129,0,10,156.108993530273,18.655273,"BLL",0,-9.33169027938682,-11.2709310284783,1.18785778264396,0.876418629627781,15.8999999902235,-11.4025770161649,3.545826347691,NA,87.0804434704025,105.17683751809,-11.0847209235926,-8.17846720677108,-148.373875351019,106.405317101706,-18.6680816633098,-33.0885532611418,-18.1688835425376,-0.629130793237781,-174.085229713407,0,127.033886248715,-13.3882631398212,-9.87805392660819,-179.207803242615,128.517659096106,-22.5475401092063,-39.9647642037864,-21.94460243979,-0.759871959546091,-210.262295300433,0,1.41100611178783,1.04106069005751,18.8869387324259,-13.5446398508486,2.37631398244956,4.21193742300876,2.31276961319951,0.0800838740543339,22.1598112203977,0,0.768109614358638,13.9350562025134,-9.99343092273247,1.75327878008104,3.10762826854143,1.70639482660412,0.0590870390205798,16.3498287979921,0,252.809999689107,-181.300974445545,31.8080100579186,56.3786388936211,30.957440667191,1.07195795261513,296.618840517617,0,130.018762609572,-22.8108984049921,-40.4315580154933,-22.2009183426445,-0.768747366056612,-212.718187140082,0,4.00201536762329,7.0934390063105,3.89499855749517,0.134871442507727,37.3199441246588,0,12.5728844879797,6.90375527310071,0.239055141782186,66.1483585267685,0,3.79084345493136,0.131264881755531,36.3219815964058,0,0.00454528639526886,1.25771498508506,0,348.019210704529,0,0
"4FGL J0155.0+4433",1,28.7682991027832,44.5577011108398,134.707550048828,-16.8541564941406,15.9597148895264,5.5940369003693e-10,5.21481122173206e-11,3.39355735352875e-12,4.44293148278707e-13,"LogParabola",2.18985414505005,0.0636290013790131,1249.36206054688,1.89789140224457,0.137715369462967,0.303894549608231,0.0981111750006676,0,"bll","GB6 J0154+4433",0.99720299243927,0,"bllac",28.7269459083,44.5605450722,1.70000006960436e-07,"RFC J0154+4433",NA,"ISP",199526228951040,1.23445708950093e-12,16.9000148773193,0.246394917368889,0.130656689405441,37.328498840332,18.486835,"BLL",0,-9.25227467318546,-11.4693448065254,1.20302512868066,1.22788708692934,14.2999999944586,-11.908524001817,3.09668831356349,NA,85.6045866280691,106.117528471446,-11.1307189292977,-11.3607485959278,-132.307527775282,110.180935017033,-20.2611320442168,-28.6514108543329,-17.5598125534439,-2.81171584465934,-171.045275257858,0,131.545870290971,-13.7979100117531,-14.0830603834726,-164.011630669757,136.582967913623,-25.1161922655779,-35.5169860265973,-21.767570897683,-3.48547137428054,-212.031884996342,0,1.44726946023712,1.47717902075849,17.203259333467,-14.3262536196826,2.63444956464071,3.72539385690861,2.28321104840719,0.365592779647793,22.2401270547731,0,1.50770669824782,17.5587853362853,-14.6223228462192,2.68889362696565,3.8023835924696,2.33039634521033,0.373148193252155,22.6997459746934,0,204.489999841516,-170.291893159993,31.3149142620809,44.2826428667979,27.1398470415804,4.3456920577137,264.361740397557,0,141.812943901852,-26.077930646807,-36.876987108217,-22.6010853164716,-3.61893553803099,-220.150918315131,0,4.79546117659289,6.78129573938506,4.15610535406012,0.665484739117703,40.4834722536063,0,9.58947851136069,5.87717812574339,0.941066700327449,57.2479658992765,0,3.60199177471386,0.576758852890448,35.086005201214,0,0.0923518972815896,5.61804839600668,0,341.763068317225,0,0
"4FGL J0158.5-3932",1,29.6459999084473,-39.5358009338379,258.832458496094,-71.333122253418,26.335865020752,7.29532823040557e-10,4.72358957503971e-11,8.43125569360836e-12,6.10113034312659e-13,"PowerLaw",2.09074330329895,0.0455546639859676,1383.96057128906,2.03726410865784,0.0596932917833328,0.0599100738763809,0.0310229435563087,0,"bll","PMN J0158-3932",0.999867677688599,0.966016232967377,"bllac",29.658777575,-39.5343886833,2.70000009550131e-06,"RFC J0158-3932",NA,"ISP",582103225860096,2.15310885440245e-12,47.3848114013672,0.401713401079178,0.11571116745472,39.5802001953125,17.111843,"BLL",0,-9.13695516361328,-11.0741077397058,1.42054758764773,1.67563915640731,14.7650000060352,-11.6669340130603,3.14112371734942,NA,83.4839496618794,101.183625894715,-12.9794796161163,-15.3102398424884,-134.907143045893,106.600252974167,-19.1030278208672,-28.7003065687839,-18.6143908172453,-0.547395658857251,-156.35014225779,0,122.635862230612,-15.7312970349901,-18.5562085509243,-163.509200843591,129.200884252668,-23.153116596801,-34.7851424696727,-22.5608822335126,-0.663450612800776,-189.498393006931,0,2.01795544877179,2.38032516140248,20.974385140192,-16.5734349674981,2.97000035589197,4.46211571918379,2.8940306149552,0.0851051109208902,24.3081872938567,0,2.8077665824854,24.7408121544667,-19.5495714675041,3.50333134500409,5.26338989591038,3.41371951241031,0.100387665650519,28.6732741690943,0,218.005225178219,-172.262280773248,30.8698248858271,46.3786917056215,30.0802045766283,0.884572241146333,252.656361998273,0,136.117349265103,-24.3925641578366,-36.6472831371744,-23.7686259228871,-0.698966878633304,-199.642743122848,0,4.37120756028941,6.5672833768818,4.25939629222768,0.125256585757189,35.776471159353,0,9.86665820769504,6.39929861020987,0.188184953961256,53.7504158948597,0,4.15044504842542,0.12205264325539,34.8613435768879,0,0.00358921695187342,1.02517177829103,0,292.815170856649,0,0
"4FGL J0159.7-2740",1,29.9470996856689,-27.6735992431641,218.930557250977,-74.8317642211914,17.3153228759766,4.01997740651083e-10,3.74244489564912e-11,4.8524877692413e-12,4.87333318231059e-13,"PowerLaw",2.05919051170349,0.0679586827754974,1713.435546875,2.00666880607605,0.0901094451546669,0.0678293332457542,0.049419566988945,0,"bll","PMN J0159-2739",0.999606668949127,0.937766969203949,"bzcat",29.93064925,-27.6772942278,3.70000009297655e-07,"RFC J0159-2740",NA,"ISP",660693476966400,2.18949511299193e-12,13.4336376190186,0.219167038798332,0.146412640810013,27.6334991455078,17.602478,"BLL",0,-9.39577638777504,-11.3140355505831,1.23843059417873,1.12819362874879,14.8200000190355,-11.659656019827,3.23386777251669,NA,88.280613929071,106.304148076616,-11.6360169346827,-10.6002550578361,-139.245406245679,109.55152072067,-19.3476935877941,-30.384698458199,-18.8542113862141,-0.637309247708982,-165.38894715873,0,128.007400439858,-14.0116477694679,-12.7644228236052,-167.67400707501,131.917762715893,-23.2977546548367,-36.5880949441388,-22.7035222101906,-0.767423487714811,-199.155061870357,0,1.53371033659788,1.39718950600002,18.3535414293029,-14.439674732554,2.55016452893616,4.00492078701329,2.48512004182868,0.0840019214742865,21.799447288558,0,1.27282086394936,16.7198295995328,-13.1543496349713,2.32316561568384,3.64842901716937,2.26391096202394,0.0765246216101384,19.8590035297907,0,219.632400564212,-172.796102435784,30.5172034226434,47.9259204502556,29.738831744245,1.00523071999324,260.868724295072,0,135.947578500688,-24.0094530457542,-37.7057858411488,-23.3970680245637,-0.79086669369971,-205.238838576572,0,4.24026556348968,6.65914983327007,4.13211336560317,0.139673519434831,36.2468556800694,0,10.4579007701221,6.48930158208388,0.219351094814739,56.924086320634,0,4.02671969727868,0.136111007161192,35.3223435122399,0,0.00460081844856358,1.19396434621306,0,309.847231740484,0,0
"4FGL J0200.6-6637",1,30.1599006652832,-66.6259994506836,292.554107666016,-49.0844268798828,14.9253606796265,2.96452279391346e-10,3.19019290151434e-11,4.90109602208078e-12,4.56071974890698e-13,"PowerLaw",2.57763195037842,0.0722948685288429,708.370849609375,2.57022166252136,0.0778560638427734,0.0169846676290035,0.0429192222654819,0,"fsrq","PMN J0201-6638",0.984554290771484,0.950164020061493,"rfc",30.2822668125,-66.6368516278,1.70000006960436e-07,"RFC J0201-6638",NA,"LSP",2570395844608,3.67250175582756e-13,50.893726348877,0.510981380939484,0.150332868099213,10.8928003311157,19.344305,"FSRQ",1,-9.5280452060602,-11.3097067887236,1.17392483489547,1.70666425031342,12.4100000104483,-12.4350379879009,2.85026068109755,NA,90.7836454487268,107.759397550244,-11.1852088954008,-16.2611741285531,-118.243041106759,118.481604087796,-24.5597937477907,-27.1574126185534,-24.4891881900987,-0.161830680979053,-184.313412519816,-9.5280452060602,127.909467646901,-13.2767456746685,-19.3018722578416,-140.353461366227,140.636633549799,-29.1522615680257,-32.2356125746409,-29.0684533851423,-0.192091610787955,-218.77841758164,-11.3097067887236,1.37809951798436,2.00349554827118,14.5684072133183,-14.5977999168655,3.02594616176928,3.34599179946649,3.01724704082015,0.0199387231421324,22.7087600532926,1.17392483489547,2.91270286329787,21.1797033642213,-21.2224347852398,4.3991523001765,4.86443800850317,4.38650542680633,0.0289871250458759,33.0142337906591,1.70666425031342,154.008100259327,-154.318821559775,31.9884125311281,35.371735082201,31.8964508587445,0.210779725453394,240.062825252115,12.4100000104483,154.630169760538,-32.0529512217827,-35.4430998448683,-31.9608040107789,-0.211204987178529,-240.547167524541,-12.4350379879009,6.64418647161166,7.3469229985044,6.6250854768698,0.0437802219470775,49.862498625865,2.57763195037842,8.12398595021067,7.32580174638981,0.048410730324459,55.1363119446587,2.85026068109755,6.60603939449406,0.0436543606707901,49.7191517574203,2.57022166252136,0.000288478934467719,0.328556590939071,0.0169846676290035,374.202135933025,19.344305,1
"4FGL J0202.7+4204",1,30.6861991882324,42.0713996887207,136.827621459961,-18.8682327270508,7.36353158950806,2.13062123499697e-10,3.48695829155421e-11,2.57374525337861e-12,4.49976481856768e-13,"PowerLaw",2.17327761650085,0.119385182857513,2113.75390625,2.08327031135559,0.166323378682137,0.0932514742016792,0.0886368080973625,0,"bll","B3 0159+418",0.998937726020813,0.918726086616516,"bllac",30.6818887542,42.0878703222,1.10000001996013e-07,"RFC J0202+4205",NA,"LSP",10964782022656,4.33235478741745e-12,30.3476066589355,0.726251244544983,0.235639229416847,-Inf,19.276182,"BLL",0,-9.67149374886452,-11.5894344413194,0.86708615428037,1.48212444645566,13.040000002425,-11.3632759851242,3.32505442318948,NA,93.5377913343255,112.087142752096,-8.38601832084957,-14.3343573189352,-126.116278508647,109.899852656751,-21.0188408825352,-32.1582430685114,-20.1483357934706,-0.901881049813941,-186.429473714975,0,134.31499066964,-10.0490381400081,-17.1769841060747,-151.126225142909,131.693942068216,-25.1870584592235,-38.5355002513736,-24.1439246970027,-1.08073184681675,-223.400047567941,0,0.751838398944721,1.28512958644216,11.3068034539187,-9.85293927396783,1.88441893067533,2.8831086525763,1.80637484259979,0.0808570621465091,16.7141105195885,0,2.1966928747815,19.326902785376,-16.8417891293751,3.2210678843508,4.92814444640465,3.08766585703541,0.138210289582338,28.5697005765286,0,170.041600063244,-148.177118873576,28.3395401244413,43.3587096864541,27.1658448651288,1.21599922381603,251.361413326745,0,129.1240411141,-24.6955533485921,-37.78351107626,-23.6727754995492,-1.05964223737337,-219.040576005483,0,4.72313559838362,7.22626635156484,4.52752473678986,0.202661341588216,41.8924948721966,0,11.0559869171719,6.92698716347223,0.310066226763233,64.0943542213054,0,4.34001519017562,0.1942680276945,40.157497676887,0,0.00869583744078644,1.79753238847987,0,371.571192497124,0,0
"4FGL J0203.6+7233",1,30.9113998413086,72.5530014038086,128.352996826172,10.4455890655518,11.0998001098633,4.98188212905148e-10,5.7687483262514e-11,6.52159706446276e-12,9.3527518629094e-13,"PowerLaw",2.26186633110046,0.0901668667793274,2573.61865234375,2.22000169754028,0.116624981164932,0.0554266311228275,0.0563020594418049,0,"bll","S5 0159+723",0.999885678291321,0.968408167362213,"bllac",30.889104025,72.5482409278,6.79999985209179e-08,"RFC J0203+7232",NA,"LSP",10964782022656,4.8947217806683e-12,29.922872543335,0.557461798191071,0.184425830841064,30.7560997009277,18.555023,"BLL",0,-9.30260655205204,-11.1856460374967,1.04531515788891,1.47600328270302,13.040000002425,-11.3102719887545,3.41054419546176,NA,86.5384886622816,104.055664117352,-9.72415563673669,-13.7306778085234,-121.305989461317,105.215010308078,-21.041252551561,-31.7269507787656,-20.6518023371049,-0.515612141841387,-172.610078533276,0,125.118677276166,-11.6925253537753,-16.5100502704992,-145.860824356082,126.512699054022,-25.3004361638211,-38.1491401656742,-24.8321531913274,-0.619982676790847,-207.54991949561,0,1.09268377931232,1.54288860450326,13.6309096614063,-11.8227987496914,2.36436316101789,3.56509354416621,2.32060142497797,0.0579382976634088,19.3958467968774,0,2.17858569055009,19.2470828100267,-16.6939985836657,3.33852212973971,5.03397442830529,3.27672979317573,0.0818098894864628,27.38727485863,0,170.041600063244,-147.485946760786,29.494736963035,44.4734963170919,28.9488221413088,0.72276326997608,241.957499964996,0,127.922252459605,-25.5823234069524,-38.5741824803404,-25.1088230146773,-0.626890273419544,-209.862356887595,0,5.11603929976586,7.71419508644506,5.02134709465223,0.125367630783048,41.9689817964946,0,11.6318117091979,7.57141390346126,0.189034975049959,63.2827259893094,0,4.92840753708172,0.123047215181616,41.1921825578989,0,0.00307211143762599,1.02844241529658,0,344.288878530529,0,0
"4FGL J0208.3-6838",1,32.0984992980957,-68.6408996582031,292.807189941406,-46.9456672668457,12.3957853317261,2.76583478342474e-10,3.1067134975693e-11,3.22478827495531e-12,3.97785184782715e-13,"PowerLaw",2.27523231506348,0.0943203568458557,1508.77893066406,2.30726981163025,0.0859656631946564,-0.0375768840312958,0.0340950898826122,0,"bll","PKS 0206-688",0.991306245326996,0.911987245082855,"bzcat",31.9622153,-68.6319894806,3.70000009297655e-07,"RFC J0207-6837",NA,"LSP",64565421277184,8.02204331608325e-13,19.4315032958984,0.237945348024368,0.160847947001457,57.4854011535645,18.421413,"BLL",0,-9.55817376594398,-11.4914987939084,1.09327404658838,1.28850640059249,13.8099999890609,-12.0957149973176,3.17862561073245,NA,91.3586857399797,109.837742303312,-10.4497033110885,-12.315768075394,-131.998379603129,115.612945767696,-21.7470658252677,-30.3818559242606,-22.0532857844788,0.359166387153851,-176.075066468219,0,132.054544530398,-12.5633573877817,-14.8068697483519,-158.697598218168,138.997894303135,-26.1458294044134,-36.5271723720183,-26.5139882575703,0.431814717524471,-211.689645271589,0,1.19524814094373,1.40869060663078,15.0981145714261,-13.2239312814972,2.4874524400181,3.47510888403493,2.52247820353221,-0.041081832063077,20.1396527343858,0,1.66024874436781,17.7942733780872,-15.5854061937863,2.93165140079416,4.09567944451597,2.97293192017941,-0.0484180555886464,23.7361085584577,0,190.716099697862,-167.04182398064,31.4209582461377,43.8968196494438,31.8633960733743,-0.518936768061138,254.399713328486,0,146.306321296334,-27.520561635695,-38.4477494705943,-27.9080780633942,0.454519279729809,-222.820161495881,0,5.17668208750912,7.23211170702686,5.24957483499157,-0.0854961408473971,41.9129941467305,0,10.1036607732042,7.33394691411775,-0.1194428459534,58.5547751476797,0,5.32349398366029,-0.0867000101405396,42.503170102473,0,0.00141202221350145,-0.692219299993605,0,339.348456916569,0,0
"4FGL J0209.3+4449",1,32.3438987731934,44.8301010131836,137.169052124023,-15.8763360977173,11.6759881973267,2.8483926328704e-10,3.74750022680281e-11,3.32428594200518e-12,4.73801011445507e-13,"PowerLaw",1.92116606235504,0.094711147248745,3642.0517578125,1.78129625320435,0.16365359723568,0.105982907116413,0.0869575291872025,0,"bll","1RXS J020917.6+444951",0.999631464481354,0.986961722373962,"whsp2",32.3213703708,44.8295447972,6.39999996110419e-07,"RFC J0209+4449",NA,"HSP",22908676952031232,4.95674985431793e-12,17.919059753418,0.397769689559937,0.187922894954681,45.9201011657715,18.495695,"BLL",0,-9.54540014616718,-11.4783016269776,1.0672936473096,1.25331521768016,16.3600000080447,-11.3048029975021,3.56134611333497,NA,91.1146639504484,109.564982027903,-10.1877449370324,-11.9633952620378,-156.162746468085,107.908868184748,-18.3382988124152,-33.9944737107795,-17.0031855157039,-1.01164925708023,-176.548809756464,0,131.751408239877,-12.2507184083766,-14.385930102214,-187.785014709693,129.75993863889,-22.051723539224,-40.8782048869231,-20.4462556812846,-1.21650377518614,-212.299166010582,0,1.13911572958743,1.33765536990648,17.4609240785711,-12.0655444233205,2.05044833377833,3.80100208263315,1.9011661750214,0.113114883488751,19.7403377760759,0,1.57079903486867,20.50423697133,-14.1684816296457,2.40782666164024,4.46348927926881,2.23252570133766,0.132829990302983,23.1809360050709,0,267.649600263223,-184.946577130078,31.4302767955837,58.2636224428101,29.1420067167532,1.73388036127712,302.589570348792,0,127.798570812332,-21.7184038604106,-40.2603162171716,-20.1372032226638,-1.19811588605361,-209.090188276885,0,3.69087903914477,6.84193728923917,3.42216590865639,0.203610764341779,35.5333015336698,0,12.6831861389661,6.34381248804746,0.377441814338979,65.869571501679,0,3.17301634167986,0.188786955350171,32.9463122039104,0,0.0112323766008462,1.9602275252385,0,342.090733533025,0,0
"4FGL J0219.0+2443",1,34.7733993530273,24.732400894165,147.06608581543,-33.9983673095703,12.5532684326172,3.19106074897491e-10,4.21706905506802e-11,3.90948731721075e-12,5.37702369608761e-13,"PowerLaw",1.90936410427094,0.0870642885565758,3796.04345703125,1.89111602306366,0.0992870479822159,0.0278206430375576,0.0430710203945637,0,"bll","87GB 021610.9+243205",0.997786998748779,0,"bzcat",34.7516942792,24.7557181583,4.19999992118392e-07,"RFC J0219+2445",NA,"HSP",2660724992114688,2.74495356999971e-12,12.6479949951172,0.233020797371864,0.229620143771172,57.3088989257812,17.55767,"BLL",0,-9.49606492796147,-11.4078801914289,1.0987568156533,1.10202168507142,15.4249999889523,-11.5614649971022,3.57933117557845,NA,90.1752491160599,108.329970988214,-10.4338660614839,-10.4648694734597,-146.476801408896,109.788422274836,-18.1314455052758,-33.9895612419696,-17.9581605413208,-0.264186632622286,-166.728774303721,0,130.139730461996,-12.5344861124888,-12.5717313516513,-175.96655182676,131.891807524341,-21.7817969433378,-40.8325812164453,-21.5736250192017,-0.317374562620968,-200.295795800645,0,1.20726653994458,1.21085383746996,16.9483238693134,-12.7032384645031,2.09792682313145,3.93281452464716,2.07787661953236,0.0305681211533739,19.2916095794915,0,1.21445179436765,16.9986844800518,-12.7409851380008,2.10416064760354,3.94450057353963,2.08405086640218,0.0306589519200197,19.3489330793279,0,237.930624659178,-178.335597452574,29.4519412872852,55.2111833437542,29.1704646348645,0.429133418546972,270.827059556028,0,133.667472879219,-22.0750462582519,-41.3823120994869,-21.8640717061096,-0.321647390675597,-202.992387135671,0,3.64567128267837,6.8342464639474,3.61082905144937,0.0531197371736477,33.5239848526348,0,12.8116116644678,6.76893053798769,0.0995792949489695,62.8447156015185,0,3.57631981268811,0.0526120638202596,33.2035910646641,0,0.000773988179023202,0.488465669641234,0,308.2717758289,0,0
"4FGL J0219.5+0724",1,34.8913993835449,7.40640020370483,157.799468994141,-49.4055519104004,5.49199867248535,1.65832708676206e-10,3.56546146773606e-11,2.05572885103589e-12,5.09833332235782e-13,"PowerLaw",2.26687049865723,0.171513423323631,2114.53564453125,2.25362586975098,0.188957348465919,0.0185392554849386,0.0774712264537811,0,"bll","GB6 J0219+0727",0.871290802955627,0,"crates",34.8570233292,7.45955243889,3.01573322758486e-07,"RFC J0219+0727",NA,"LSP",25118864572416,6.87419739187067e-13,16.7879486083984,0.386377990245819,0.406607747077942,31.7749996185303,19.306625,"BLL",0,-9.78032980553131,-11.6870341689884,0.739730423587959,1.2249976310706,13.400000004449,-12.1627780012984,3.32521501040643,NA,95.6548511049641,114.30304862122,-7.23480750987562,-11.980880842865,-131.056419437632,118.955980204159,-22.1707411032969,-32.5216994760781,-22.0412042644419,-0.181320032991705,-188.825159931716,0,136.586767667102,-8.64525473631274,-14.3165891712519,-156.60625791644,142.146802090995,-26.4929929744788,-38.8619014458531,-26.3382025438959,-0.216668912320083,-225.637186062846,0,0.547201099581621,0.906168016526101,9.91238767936971,-8.99717692290678,1.67687307419076,2.45976270816899,1.66707561923968,0.013714051312879,14.2816978893039,0,1.50061919612858,16.4149682617961,-14.8993742388281,2.77691099079894,4.07338051054828,2.76068635176437,0.0227105440508624,23.6505698889684,0,179.560000119233,-162.981225271511,30.3760646920922,44.55788115424,30.1985866646895,0.248426023580658,258.708775085895,0,147.933168708868,-27.5714426328605,-40.4438519781586,-27.4103511517642,-0.225488848772662,-234.822193829318,0,5.13870185768248,7.53783180878253,5.10867799914924,0.0420260913258766,43.7656186411381,0,11.0570548654322,7.49379056993621,0.0616470106202776,64.198679250288,0,5.07882956081086,0.0417805457667804,43.509909557581,0,0.000343703993935826,0.357930453426903,0,372.745768890625,0,0
"4FGL J0226.5-4441",1,36.6481018066406,-44.6859016418457,261.872131347656,-64.1127243041992,13.4669456481934,3.09988729130239e-10,3.92866156273541e-11,3.59101225318181e-12,4.98480705497795e-13,"PowerLaw",1.94894754886627,0.0945238918066025,3546.78466796875,1.79994106292725,0.139875888824463,0.134296327829361,0.0803282707929611,0,"bll","RBS 0318",0.999759674072266,0.96945059299469,"bzcat",36.6619926417,-44.689561925,2.49999993684469e-05,"RFC J0226-4441",NA,"HSP",57543993306644480,2.00389509673327e-12,29.9969615936279,0.621555805206299,0.212886333465576,120.498001098633,18.707727,"BLL",0,-9.50865409637711,-11.4447831129803,1.12926910733767,1.47707726705471,16.7599999967768,-11.6981250173868,3.54983482242974,NA,90.4145027245492,108.824483829388,-10.7378293233985,-14.0450168060453,-159.365042624632,111.233424366507,-18.5318680941514,-33.7541514257587,-17.1150169612406,-1.27697732774306,-177.885304972455,0,130.983060503159,-12.9242400096685,-16.9048289625548,-191.814564936661,133.882503652521,-22.305281995349,-40.6270896296133,-20.5999350813496,-1.53699234487674,-214.105878051846,0,1.27524871678722,1.66801772683564,18.9265502353395,-13.2103311959089,2.20088625875615,4.00871880112141,2.03261783739227,0.15165669424659,21.1260581696068,0,2.18175725284981,24.755814991076,-17.279034530346,2.87874611911237,5.24338031801016,2.65865202608813,0.198366052885676,27.6327582699656,0,280.897599891958,-196.060575253697,32.6643609127168,59.4952316124806,30.1670122088591,2.25080645398723,313.541504459701,0,136.846128922411,-22.7990320789672,-41.5264115438562,-21.0559355780511,-1.57101523232383,-218.845329237142,0,3.79839654823184,6.91844187605457,3.50799072269581,0.261736498944774,36.4603786815093,0,12.6013272665348,6.38949346350035,0.476729781053106,66.409340753109,0,3.23978783001168,0.241725475060406,33.6728060213328,0,0.0180355036684512,2.51237903813419,0,349.979049506529,0,0
"4FGL J0232.9+2608",1,38.2481002807617,26.136999130249,149.735534667969,-31.3957366943359,7.12289714813232,1.77683312507781e-10,3.60601444537867e-11,2.45717335367601e-12,4.49096949949393e-13,"PowerLaw",1.95834994316101,0.137147217988968,4111.6123046875,1.87045359611511,0.193377539515495,0.0902085453271866,0.100278615951538,0,"bll","B2 0230+25",0.995247602462769,0.866908133029938,"wise",38.2348469667,26.1619319889,1.09999996311672e-06,"RFC J0232+2609",NA,"ISP",301995156045824,7.63320613314522e-13,8.62980175018311,0,10,12.5663003921509,18.427298,"BLL",0,-9.75035335793527,-11.6095642029464,0.852656673346243,0.93600081891446,14.4799999769987,-12.1172930094278,3.61401215708818,NA,95.0693906045996,113.197353310364,-8.31370385812746,-9.12633872773277,-141.185116398632,118.14788858356,-19.0946039443123,-35.2378955714836,-18.2375835017431,-0.87956519284539,-179.672666931974,0,134.781980982334,-9.8989723922839,-10.8665616011978,-168.106489391629,140.676491158866,-22.7355893969642,-41.957106167944,-21.7151511127303,-1.04728189863037,-213.932899217826,0,0.727023402601882,0.798087344504963,12.3464686104414,-10.3318907473804,1.66980014778347,3.08151158329569,1.59485474091203,0.0769169181660827,15.7121586114399,0,0.87609753300854,13.5532918363521,-11.3417961798509,1.83301715051979,3.38271833860135,1.75074609770524,0.0844352722993288,17.2479660183808,0,209.670399333882,-175.458402497801,28.3569071319268,52.3308959515099,27.0841680287239,1.30621973426275,266.827274616148,0,146.828789876328,-23.7299000762782,-43.7920442470717,-22.6648342846647,-1.09308337568377,-223.288969238043,0,3.83513449987873,7.07750050241684,3.66300269363733,0.176659899614133,36.087097990911,0,13.0610838715812,6.75984203562931,0.326014779485693,66.5964789942867,0,3.49859665521995,0.168730898007549,34.4674058107848,0,0.00813758165004708,1.66229974689057,0,339.565311580804,0,0
"4FGL J0241.0-0505",1,40.2509002685547,-5.09429979324341,177.65055847168,-55.8503532409668,8.98011493682861,2.28902730103897e-10,3.51195565684304e-11,2.6811096745516e-12,4.41164764225163e-13,"PowerLaw",2.10978174209595,0.1156120672822,2159.3876953125,2.04556179046631,0.166049227118492,0.138238847255707,0.105750769376755,0,"bll","PKS 0238-052",0.998256981372833,0.933891952037811,"bllac",40.2340531667,-5.07838941111,1.39999997372797e-07,"RFC J0240-0504",NA,"LSP",47863010689024,9.97263686561278e-13,7.28939771652222,0,10,-Inf,19.493637,"BLL",0,-9.64034902750026,-11.5716854202289,0.953281895254274,0.862691646397997,13.6800000132182,-12.0011899946699,3.33433062233381,NA,92.9363293720252,111.555086287443,-9.18997019184815,-8.31664857438553,-131.879974823632,115.695660293962,-20.3390323656525,-32.1441109723801,-19.7199296174136,-1.33267073670431,-187.925464495393,0,133.903903464738,-11.0310782086821,-9.98279634677697,-158.300656701688,138.873995286719,-24.4137306248768,-38.5838250486829,-23.6705975469163,-1.59965645329811,-225.574235060135,0,0.908746371819581,0.822388327698312,13.0408963396791,-11.4405171434256,2.01121673767809,3.17855701506274,1.94999702047545,0.131780590309686,18.5829312247588,0,0.744236876764887,11.8016217341278,-10.3533263552369,1.82009108462919,2.87649917421641,1.76468906882622,0.119257498735187,16.8169977978149,0,187.14240036165,-164.176279285718,28.8618142597601,45.6136429576004,27.9832853206178,1.89110743228534,266.672954417671,0,144.028561288165,-25.3198915341791,-40.015935303674,-24.5491756932233,-1.65903067055989,-233.946841324127,0,4.45117899928142,7.0347098691113,4.31568891785492,0.291653795988481,41.1273194296461,0,11.117760699033,6.82057931782779,0.46093402160083,64.9982307897594,0,4.18432303861574,0.282776103904383,39.8754390044203,0,0.0191099788905867,2.6947779077012,0,380.001883487769,0,0
"4FGL J0243.4+7119",1,40.8679008483887,71.3248977661133,131.725463867188,10.3917427062988,19.8253993988037,9.60353019330284e-10,7.08716488273531e-11,6.60236015165294e-12,7.37901818641251e-13,"LogParabola",2.13328075408936,0.0519476681947708,2192.51977539062,2.02214694023132,0.0785003155469894,0.145824372768402,0.0490100644528866,0,"bll","S5 0238+711",0.999817192554474,0.957625985145569,"bllac",40.8787138333,71.3383066722,1.1999999571799e-07,"RFC J0243+7120",NA,"LSP",15135612600320,2.07423509791804e-12,118.975135803223,0.840571880340576,0.211650863289833,-Inf,18.781643,"BLL",0,-9.01756909387186,-11.1803007890621,1.29722194529352,2.07545620919306,13.1800000033272,-11.6831420213597,3.3409435191666,NA,81.3165523627529,100.819134855638,-11.6977885217712,-18.7155697677038,-118.851560687234,105.353540411129,-19.2370065966279,-30.1271890228082,-18.2348497514975,-1.31498135700959,-169.364763448935,0,124.999125733903,-14.5033315385538,-23.204224693305,-147.356364437038,130.621041960132,-23.8507204982363,-37.3527534635503,-22.6082110314677,-1.63036034992705,-209.984418052783,0,1.6827847753511,2.69232734106094,17.0973852432847,-15.1556282200887,2.76733860967703,4.33394525104908,2.62317338747621,0.189166576513834,24.3639594682684,0,4.30751847627803,27.35451284407,-24.2478496511153,4.42753078702682,6.93398197141763,4.19687742300384,0.302652099913863,38.9804775831974,0,173.712400087705,-153.983811880393,28.1166403459956,44.0336355937318,26.6518966789769,1.92196523357273,247.54205480249,0,136.495807491261,-24.9234220214593,-39.0327176197647,-23.6250298907805,-1.70368685722894,-219.428602563476,0,4.55088677576807,7.12717050993768,4.31380714953616,0.311084327903984,40.0665175420771,0,11.1619035982613,6.7558787147684,0.487190993137127,62.7484084601507,0,4.08907824788689,0.294878309204776,37.979241924967,0,0.0212647476932979,2.73882131003505,0,352.750113779449,0,0
"4FGL J0245.1-0257",1,41.2914009094238,-2.95499992370605,176.219650268555,-53.6205749511719,13.2268362045288,3.54962947923809e-10,4.00255037447117e-11,2.66132428594634e-12,4.37369324784997e-13,"PowerLaw",2.03892731666565,0.0821132510900497,2247.07299804688,1.94474112987518,0.122890539467335,0.11749605089426,0.0688604265451431,0,"bll","PMN J0245-0255",0.97752833366394,0,"wise",41.3317917583,-2.94115907222,1.3000000080865e-06,"RFC J0245-0256",NA,"LSP",71285300264960,9.78230083742426e-13,42.4611930847168,0.724913001060486,0.215335860848427,45.983699798584,18.253435,"BLL",0,-9.44981697751404,-11.574902202857,1.12145597546254,1.62799219291122,13.8529999832601,-12.0095589853479,3.35161718106799,NA,89.2990409085126,109.380707349623,-10.5975537164605,-15.3842282638328,-130.908314431313,113.488134392197,-19.2674899729442,-31.672168939784,-18.3774477459643,-1.11031617653143,-172.491619960949,0,133.978361005704,-12.9807432407885,-18.8438504199621,-160.347120022415,139.009470754844,-23.6003842891385,-38.7946410922772,-22.5101883881788,-1.36000529832297,-211.281724991207,0,1.25766350490064,1.82572157274665,15.5355296093095,-13.4681916867882,2.2865672228085,3.75869111517161,2.18094156082629,0.131766648368619,20.4704237534671,0,2.65035858017988,22.5525758211467,-19.5514682684532,3.3193577534451,5.4564066044058,3.16602337667014,0.191282653553755,29.7164496738124,0,191.905608536204,-166.368420422986,28.2452600836378,46.4299527532291,26.9404988396061,1.62767279107131,252.864834749439,0,144.22950702255,-24.4866178763332,-40.2514442323415,-23.3554833104681,-1.41107575376005,-219.215704317714,0,4.15722460264539,6.83370382548545,3.96518581354572,0.239565907768644,37.2174272444809,0,11.2333377284301,6.51802778361923,0.393801782884841,61.1785263595078,0,3.78201806222819,0.228499402771975,35.4982058060032,0,0.0138053219757465,2.14470652775507,0,333.187889299225,0,0
"4FGL J0258.1+2030",1,44.5421981811523,20.5137004852295,159.002624511719,-33.3352432250977,8.88872528076172,5.10067932335545e-10,7.33691649101864e-11,5.46356015984628e-12,7.92224359030813e-13,"LogParabola",2.12661075592041,0.0887696817517281,2394.03149414062,1.96134746074677,0.163594514131546,0.24578595161438,0.108154103159904,0,"bll","MG3 J025805+2029",0.998567640781403,0.922397017478943,"bzcat",44.5304559125,20.5004389361,1.70000006960436e-07,"RFC J0258+2030",NA,"LSP",27861211676672,2.25112181499731e-12,25.7259864807129,0.661823451519012,0.236063227057457,-Inf,19.738085,"BLL",0,-9.29237197944371,-11.2625242704979,0.948839483892036,1.41037203707552,13.44499999985,-11.6476010033781,3.37912985937094,NA,86.3481770043506,104.655564948979,-8.81696943310819,-13.1057015979115,-124.935941262227,108.233841191531,-19.7612581994984,-31.4001316201201,-18.2255701861964,-2.28393448972237,-183.413627981878,0,126.844452943554,-10.6863277161408,-15.8843492979946,-151.424638815155,131.181388993622,-23.9510052524555,-38.0575320543294,-22.0897233795399,-2.76817024540438,-222.300661365651,0,0.900296366192505,1.3382166757545,12.7571468607861,-11.0517037246256,2.01781225208677,3.20625183176969,1.86100391238792,0.233211415477701,18.7282743844171,0,1.98914928296455,18.9624520382688,-16.4274507541772,2.99931234389418,4.76583026330371,2.76622961362632,0.346649633262918,27.8380431494198,0,180.768024995966,-156.601995488671,28.5922816130309,45.4324009587354,26.3703166094461,3.30459211941847,265.378552822039,0,135.666609133894,-24.7699135744532,-39.3587563405539,-22.8449926517672,-2.86281669663989,-229.901338650762,0,4.52247330719638,7.18609390459006,4.17102260612127,0.522691048357274,41.9752238622713,0,11.4185186064923,6.62764776921078,0.830542648114053,66.6975523903017,0,3.8468838617778,0.482071652086093,38.7132428947539,0,0.0604107340109863,4.85134400477052,0,389.591999467225,0,0
"4FGL J0304.9-0606",1,46.2257995605469,-6.11070013046265,185.494445800781,-51.9625854492188,6.97940015792847,2.08823833225402e-10,3.65894745057993e-11,2.66937752284313e-12,4.73175589422309e-13,"PowerLaw",2.29593753814697,0.132890895009041,1362.14538574219,2.23736047744751,0.209143176674843,0.0555327646434307,0.129409641027451,0,"bll","PMN J0304-0608",0.997722625732422,0.803078293800354,"bzcat",46.2523485833,-6.128194625,2.3999999143598e-07,"RFC J0305-0607",NA,"ISP",184077198032896,6.29765716572001e-13,19.7950420379639,0.553117454051971,0.269466519355774,22.2556991577148,19.089788,"BLL",0,-9.68021993647633,-11.5735900007748,0.843818098941786,1.29655642838357,14.2649999950124,-12.2008209853458,3.13422346356494,NA,93.7066580185538,112.034896662103,-8.16834478413583,-12.5509513868052,-138.088337345554,118.106630543723,-22.2251803296747,-30.3399724573732,-21.6581414988716,-0.537569375428986,-184.793346380707,0,133.947985506034,-9.76600471238546,-15.0058125149804,-165.097261303328,141.207299757241,-26.5722397339013,-36.274217338109,-25.8942928499152,-0.64271344959259,-220.937379513711,0,0.71202898410173,1.09405778056938,12.037065177196,-10.2952735693835,1.93735364872826,2.64471448468411,1.88792526472724,0.0468595518904013,16.1083086193617,0,1.68105857198276,18.4953774444249,-15.8190528801073,2.9768125742516,4.06369757967574,2.9008641096459,0.0720013629843519,24.7509873478795,0,203.490224857704,-174.044711295105,32.7515489702153,44.7096976921216,31.9159471996297,0.792174887361564,272.315825724788,0,148.860032716454,-28.0123228964667,-38.2400994070263,-27.2976346650249,-0.677545320235839,-232.911086036202,0,5.27132917907237,7.19598130293976,5.13683990653817,0.127499758941933,43.8289608644676,0,9.82335671956101,7.01238770486884,0.17405209394207,59.8316614640804,0,5.00578190604415,0.124246812816606,42.7107371940517,0,0.00308388794894267,1.06010870409699,0,364.420005884944,0,0
"4FGL J0309.7-0745",1,47.4325981140137,-7.76550006866455,188.810470581055,-51.9720420837402,10.8877649307251,3.11382530870929e-10,4.14852804886401e-11,3.7061352251011e-12,5.40956277168825e-13,"PowerLaw",1.97613346576691,0.0965760499238968,2819.89233398438,1.87100768089294,0.160494044423103,0.0922237634658813,0.102435164153576,0,"bll","NVSS J030943-074427",0.999040842056274,0.921837091445923,"bzcat",47.4301745083,-7.74096815278,3.89999996741608e-07,"RFC J0309-0744",NA,"HSP",1258925378764800,2.20292143901513e-12,10.9096851348877,0.228686928749084,0.240018308162689,37.7501983642578,18.208462,"BLL",0,-9.50670575579863,-11.431078738702,1.0369387357817,1.03781221656872,15.0999999886058,-11.6570009904618,3.45023252688351,NA,90.3774543273348,108.671902040206,-9.85787144786644,-9.86617537269198,-143.551256804238,110.819678411374,-18.7865193932326,-32.8003454221671,-17.7871194890884,-0.876744182962505,-173.102490499641,0,130.669561130405,-11.8533283359307,-11.8633131635839,-172.609288824152,133.252096179096,-22.5893372453656,-39.4398796816362,-21.3876361210034,-1.05421710175792,-208.142362832663,0,1.07524194176455,1.07614768782757,15.6577748984886,-12.0875958700555,2.04912933772825,3.57767975457949,1.94012033926298,0.0956303926973415,18.8810595668091,0,1.07705419685928,15.6709644583626,-12.0977780364549,2.05085545234318,3.58069346640247,1.9417546285246,0.0957109483828356,18.8969643085273,0,228.009999655895,-176.020714823151,29.8396153105639,52.0985111166284,28.2522159601648,1.39257882728399,274.947775992529,0,135.885672091627,-23.0357897677296,-40.2193639832046,-21.8103383893306,-1.07505250206589,-212.256059568786,0,3.90510347452394,6.81811996105203,3.69736089291947,0.1822464653239,35.9823511183451,0,11.904104489565,6.4554115586657,0.318193428461595,62.8234278569224,0,3.50066974196038,0.172551369805518,34.0681722592472,0,0.00850522254781082,1.67925289256549,0,331.548088405444,0,0
"4FGL J0310.6-5017",1,47.6543998718262,-50.2901000976562,263.631042480469,-54.8581161499023,17.5654544830322,3.52809614856398e-10,3.62904602202452e-11,4.95717052476086e-12,5.79301960134532e-13,"PowerLaw",1.80922424793243,0.0701076090335846,3782.06811523438,1.75426018238068,0.0921230763196945,0.0493277609348297,0.0443343706429005,0,"bll","1RXS J031036.0-501615",0.998977601528168,0.81990909576416,"rfc",47.6446997292,-50.2753148972,6.89999978931155e-06,"RFC J0310-5016",NA,"HSP",12161860249845760,1.63967580832369e-12,29.7645797729492,0.514918327331543,0.169985741376877,60.4038009643555,17.857094,"BLL",0,-9.45245958787645,-11.3047661412746,1.24465939107194,1.47369975540524,16.0850000086911,-11.7852420108388,3.57772934624462,NA,89.3489922604374,106.857845100792,-11.7650925947784,-13.9300873826314,-152.042812553145,111.399523840798,-17.1016190889875,-33.8183420617369,-16.5820734805741,-0.466268666796908,-168.793459391911,0,127.797737508909,-14.0705833416095,-16.6598310973098,-181.837163480653,133.229404850857,-20.4528570199995,-40.4453935760707,-19.8315011127633,-0.557638801640951,-201.870271632758,0,1.54917699978357,1.83425424018555,20.0203463162096,-14.6686121448461,2.25186795074417,4.45305442951704,2.18345641038369,0.0613962608880874,22.2259997443544,0,2.17179096908146,23.7044605785014,-17.3679082687647,2.66625333165125,5.27249886246685,2.58525280169156,0.0726943092243467,26.3159950600484,0,258.727225279593,-189.565617846769,29.1013720437173,57.5477765654391,28.2172750488397,0.793437035065448,287.231357145198,0,138.89192925404,-21.3221456137615,-42.1644061947729,-20.6743807993345,-0.581339600469768,-210.450174400297,0,3.27329237930667,6.47291468576521,3.17385005914549,0.089244981179508,32.3074874624087,0,12.80014727498,6.2762681354518,0.176481377881079,63.8878492424487,0,3.0774287874863,0.0865337268939649,31.3259889772289,0,0.00243322799884371,0.880850463822782,0,318.875806124836,0,0
"4FGL J0312.5-2221",1,48.138500213623,-22.3553009033203,212.314163208008,-57.7115325927734,16.5288219451904,3.45212247676585e-10,3.64618821246943e-11,3.79551034698777e-12,5.14316291378575e-13,"PowerLaw",1.85717570781708,0.0723947435617447,2982.74609375,1.66753077507019,0.128554165363312,0.166224375367165,0.0706509128212929,0,"bll","NVSS J031235-222118",0.999182403087616,0.888990998268127,"rfc",48.1487816667,-22.3547548444,2.1000000742788e-06,"RFC J0312-2221",NA,"HSP",22908676952031232,1.38714224568598e-12,13.5671405792236,0.24433009326458,0.177635416388512,28.6690998077393,18.494526,"BLL",0,-9.46191380448638,-11.420729820301,1.21824190130677,1.13248832507167,16.3600000080447,-11.8578790015446,3.47461628561934,NA,89.5278128435299,108.061961144015,-11.5268998631783,-10.7155069164153,-154.796909917515,112.198229016644,-17.5724364671512,-32.8765197981948,-15.7780324600425,-1.5728007119287,-174.993610866832,0,130.433069628313,-13.9132116105944,-12.9338431852888,-186.843139952001,135.425632318461,-21.2103019878051,-39.6826538272763,-19.0444184491138,-1.89840368061669,-211.220984600532,0,1.48411333009953,1.37964473034303,19.9304375151791,-14.4457650603073,2.26248926535183,4.23292315010437,2.03145586190906,0.202501499090825,22.5308065180075,0,1.28252980642364,18.5275090072831,-13.4289095293618,2.10322980670956,3.93496237756779,1.8884591344647,0.188247164445645,20.9448347727345,0,267.649600263223,-193.994900560663,30.3833945948279,56.8447224606847,27.2808034935631,2.71943078234404,302.570445508783,0,140.609294415272,-22.0221648279029,-41.2015794916705,-19.7733781621342,-1.97106853021117,-219.305851498921,0,3.44910160970587,6.45297295963785,3.09689764749774,0.308707871978967,34.3475844147914,0,12.0729583322911,5.79402958783032,0.577565921717654,64.2613812344103,0,2.78065888580619,0.277184261491567,30.8401912753358,0,0.0276305429662042,3.07424103206179,0,342.047491964676,0,0
"4FGL J0314.3-5103",1,48.5928993225098,-51.0550003051758,264.31201171875,-53.9739189147949,25.1427402496338,6.46527498204819e-10,4.35465899450982e-11,6.38545943551505e-12,5.15876024623912e-13,"PowerLaw",2.04346418380737,0.0503462292253971,1799.13586425781,2.00217700004578,0.0637670308351517,0.0394077114760876,0.0295447576791048,0,"bll","PMN J0314-5104",0.998853325843811,0.932077348232269,"bzcat",48.607097175,-51.0754337083,9.99999997475243e-07,"RFC J0314-5104",NA,"LSP",63826347163648,1.35181731260314e-12,31.2459621429443,0.305449455976486,0.103852592408657,45.768798828125,18.181263,"BLL",0,-9.18941299891252,-11.1948078496722,1.40041260868967,1.49479390224516,13.804999990097,-11.8690819958864,3.25506396093837,NA,84.4453112645824,102.873712774106,-12.8689698301338,-13.7362785159868,-126.859846358985,109.069896378157,-18.7782363334916,-29.9121270749387,-18.3988313503444,-0.362133736095753,-167.075134548847,0,125.323722791082,-15.677350064539,-16.7339305104963,-154.544322253863,132.872092295952,-22.8761888854107,-36.4398155810979,-22.4139867965456,-0.441161757770123,-203.535745749355,0,1.96115547457701,2.09332822809656,19.3326960490926,-16.6216120806109,2.86169300840959,4.55843261298943,2.80387391569257,0.0551870560307177,25.461269947103,0,2.23440881018931,20.6356298056915,-17.7418313926988,3.05455780141164,4.86564976022865,2.99284197088394,0.0589064068158924,27.1772410675155,0,190.578024726578,-163.852676835672,28.2100230372243,44.9361579485193,27.6400534658044,0.544023456537135,250.992335534951,0,140.875107425075,-24.2540439532668,-38.6346210542323,-23.7640029838212,-0.467733358779917,-215.794901335776,0,4.17574587050352,6.65160662017971,4.09137698923644,0.0805282469671997,37.1527597568821,0,10.5954413897998,6.51721419626872,0.12827462140887,59.1811739556422,0,4.00871273951232,0.0789012135418627,36.4021066103833,0,0.00155296772378257,0.716481966574867,0,330.558324275169,0,0
"4FGL J0316.2-6437",1,49.0535011291504,-64.627799987793,281.555633544922,-46.0350494384766,24.2518787384033,5.39727318393801e-10,4.32396861371753e-11,6.16439668407742e-12,5.98736609336986e-13,"LogParabola",1.79267466068268,0.0516604296863079,2565.92407226562,1.59002995491028,0.0910394117236137,0.117113493382931,0.041417334228754,0,"bll","SUMSS J031614-643732",0.999925315380096,0.801180958747864,"bzcat",49.0597178333,-64.6254042083,3.20000003739551e-06,"RFC J0316-6437",NA,"HSP",10715192857985024,1.61268296893641e-12,12.993483543396,0.170065119862556,0.128711014986038,201.47200012207,17.97951,"BLL",0,-9.26782559948635,-11.2101094218416,1.3847453880565,1.11372560071542,16.0299999921212,-11.7924510004809,3.40924380110986,NA,85.8925913424945,103.893339072787,-12.8335787562007,-10.3218146331137,-148.563244286747,109.290379262945,-16.6141961118254,-31.5962769748161,-14.7361203200676,-1.0853874320196,-166.630963044221,0,125.666553249662,-15.5231473215039,-12.4849858499261,-179.698053943799,132.194666067096,-20.0960791040156,-38.2179960561767,-17.8244097785501,-1.31285507559678,-201.552274451095,0,1.91751978974375,1.54222638915113,22.1974685596356,-16.3295421367982,2.48239796866609,4.72093463034709,2.20178664693369,0.162172369841199,24.8970435520157,0,1.24038471368892,17.8530213706934,-13.1335545744177,1.99654766335613,3.7969621003764,1.77085706668796,0.130432295769786,20.0242405753189,0,256.960899747406,-189.032989444798,28.7365747966192,54.6501781049303,25.4881801646843,1.87732929800567,288.211545158343,0,139.061900598743,-21.1400280959042,-40.2033404732813,-18.7503503325763,-1.38105513221336,-212.022490687656,0,3.21368243905376,6.11166497433915,2.85040640989408,0.209946392011609,32.2314119884909,0,11.622943295406,5.42079976735686,0.399268451342078,61.2965330144927,0,2.52819525751199,0.186213962603047,28.5879594746089,0,0.0137155703323538,2.10564322541334,0,323.2627798401,0,0
"4FGL J0322.0+2335",1,50.5021018981934,23.5993003845215,162.092849731445,-27.596305847168,33.427547454834,1.40719591534832e-09,7.20130413633946e-11,1.47897735724989e-11,8.81558769125906e-13,"PowerLaw",1.98608708381653,0.0387168675661087,2368.21850585938,1.96970689296722,0.0458215326070786,0.013425518758595,0.0198320839554071,0,"bll","MG3 J032201+2336",0.999970734119415,0.970957696437836,"bllac",50.4998762875,23.6031133722,1.59999999027605e-07,"RFC J0321+2336",NA,"HSP",8317637960400896,7.39368635760407e-12,17.6569919586182,0.154655262827873,0.0774314105510712,122.588996887207,16.928205,"BLL",0,-8.85164543417045,-10.8300384748853,1.52410451401689,1.24691671922773,15.9200000130207,-11.1311389762745,3.37442177047953,NA,78.3516268922706,95.8636606181088,-13.4908327626962,-11.0372646845429,-140.918195427248,98.5288954964569,-17.5801386673295,-29.8691850576305,-17.4351470257874,-0.118837931820887,-149.842468496951,0,117.289733367496,-16.5061105265493,-13.5041560442141,-172.414212661189,120.550663382348,-21.5093995322058,-36.5451176047839,-21.3320014350818,-0.145398884700878,-183.333111460746,0,2.32289456964666,1.90043140037811,24.2637438829938,-16.9650191598893,3.02700428967542,5.14297145258472,3.00203916686152,0.0204618937429931,25.8003536547033,0,1.55480130468965,19.8509141863412,-13.8796032935641,2.47648519065308,4.20762292333696,2.45606045681893,0.0167405038043976,21.1080618410145,0,253.446400414579,-177.207732647225,31.6185064002194,53.7207946299714,31.3577337616851,0.213734258811642,269.497023820417,0,123.902254909137,-22.1074113489455,-37.5611576917739,-21.925081168144,-0.149441315130501,-188.430202473865,0,3.94454190450285,6.7018954936987,3.91200941902658,0.0266642493999821,33.6208893026984,0,11.3867222850862,6.64662182109218,0.0453033627789843,57.1229034871404,0,3.87974524420258,0.0264443368404653,33.3436020740622,0,0.000180244553937386,0.227269933776842,0,286.564124522025,0,0
"4FGL J0333.7+2916",1,53.4468002319336,29.2710990905762,160.522094726562,-21.5074901580811,33.2971038818359,1.52105095185817e-09,8.1448882360835e-11,1.4317800417496e-11,1.09754056971251e-12,"LogParabola",1.97271323204041,0.036908432841301,1965.57299804688,1.83351945877075,0.057341743260622,0.0969465151429176,0.0277603380382061,0,"bll","TXS 0330+291",0.999918758869171,0.976518213748932,"bzcat",53.4541821042,29.2754303194,1.70000006960436e-07,"RFC J0333+2916",NA,"HSP",1258925378764800,4.02524194531573e-12,21.6283149719238,0.19939099252224,0.0800610110163689,111.069999694824,17.27047,"BLL",0,-8.81785623779433,-10.8441236957095,1.52240646104881,1.33502268555554,15.0999999886058,-11.3952080103626,3.29348917741597,NA,77.7545886304084,95.6219237736253,-13.4243613090176,-11.7720381154229,-133.149629090222,100.48130603514,-17.3951016785269,-29.0415140871855,-16.1677109966389,-0.854860433285399,-152.28852161914,0,117.595018727848,-16.5091639787606,-14.4771511387426,-163.746267681653,123.571045202712,-21.3923463044091,-35.7150040303793,-19.8829118094003,-1.05130000207777,-187.28311296304,0,2.31772143264316,2.03244716213649,22.9883375444904,-17.3481382999712,3.0032713702548,5.0140292030924,2.79136187049131,0.147592001029744,26.2926751133496,0,1.78228557094793,20.1588425366771,-15.2128612004583,2.63361691686954,4.39688276648197,2.44779007186647,0.129425797001349,23.0564692402064,0,228.009999655895,-172.067640826636,29.7879697813327,49.7316865414545,27.6861438065468,1.46389237755343,260.784096803217,0,129.850765599432,-22.4794776238952,-37.529994256533,-20.8933356237401,-1.10472570593331,-196.800598086727,0,3.89159749586732,6.49710967987037,3.61700809752063,0.19124767322264,34.0696846925569,0,10.8470709617561,6.03867649404305,0.319292298411393,56.8801060338872,0,3.36179360569098,0.177753321974553,31.6657428071165,0,0.00939862679835595,1.6743118813803,0,298.2691340209,0,0
"4FGL J0334.2-3725",1,53.5556488037109,-37.4327392578125,240.161773681641,-54.3874092102051,71.597526550293,2.9493962827587e-09,9.13910128130802e-11,2.60879356311916e-11,1.20984017075443e-12,"LogParabola",2.03080606460571,0.0206195451319218,958.441650390625,1.91586077213287,0.0334804207086563,0.0679780244827271,0.0148891331627965,0,"bll","PMN J0334-3725",0.999845683574677,0.978163659572601,"bzcat",53.5642705125,-37.4286289333,1.59999999027605e-07,"RFC J0334-3725",NA,"LSP",25234807717888,7.02480044620368e-12,99.8067169189453,0.266503214836121,0.0687633454799652,77.4502029418945,15.743452,"BLL",0,-8.53026687144519,-10.5835602857696,1.85489801917777,1.99915976997145,13.4019999998809,-11.1533660082689,2.98156567831504,NA,72.7654528980753,90.2805936876434,-15.8227751229014,-17.0533663565135,-114.322636610092,95.1411885654391,-17.3233176952361,-25.4335509307688,-16.3428036748264,-0.579870690231297,-134.295847037788,0,112.01174832252,-19.6314250099225,-21.1582279463781,-141.840874948624,118.042321537767,-21.493158413461,-31.5555801024288,-20.2766279810093,-0.719449520220464,-166.62177334812,0,3.44064666154961,3.70823749733993,24.8593432527996,-20.6883565159027,3.76693814657133,5.53050027075499,3.55372635124965,0.126092302960628,29.2024979298203,0,3.9966397858723,26.7927392369193,-22.2973606234982,4.05990578497378,5.96062615561507,3.83011178051447,0.135898931788002,31.4736758788766,0,179.613603996808,-149.477411241491,27.2168628776039,39.9589432204231,25.6763660678965,0.911041484109412,210.993743702125,0,124.397573314408,-22.6503233303597,-33.2544932879402,-21.3682964124826,-0.75818378757492,-175.592482389613,0,4.12417327203933,6.05498166154242,3.89074167498761,0.138050184379438,31.9718977994289,0,8.88973389410622,5.71226472262152,0.202680944677359,46.9401361414003,0,3.67052249819756,0.130236430473545,30.1622621047568,0,0.00462101181257425,1.07020876549864,0,247.856280876304,0,0
"4FGL J0335.1-4459",1,53.7845993041992,-44.9916000366211,252.701736450195,-52.9340362548828,18.9848880767822,4.23094059787132e-10,3.65840309435317e-11,5.14054857708723e-12,5.02849552361934e-13,"PowerLaw",1.98129212856293,0.0647229328751564,2172.68627929688,1.98255980014801,0.0699818804860115,-0.00113678898196667,0.0290939547121525,0,"bll","SUMSS J033513-445939",0.999663293361664,0.880994915962219,"bzcat",53.8078455375,-44.9954772528,1.01692637599626e-06,"RFC J0335-4459",NA,"HSP",2660724992114688,2.58069086933599e-12,33.3433647155762,0.462785571813583,0.146312907338142,42.5094985961914,17.734303,"BLL",0,-9.37356307209196,-11.2889905325049,1.27840804115034,1.52300942283679,15.4249999889523,-11.588264014744,3.3369970217617,NA,87.8636846664861,105.818064776684,-11.9832384055922,-14.276024884351,-144.587210283462,108.623323638256,-18.571766731324,-31.2795520548663,-18.5836493308814,0.0106557632221238,-166.23360771009,0,127.441307242985,-14.4319362732243,-17.1932389553203,-174.132678839171,130.819802750612,-22.3667880814734,-37.6713277856649,-22.3810988139957,0.0128332000548776,-200.202378667573,0,1.63432711967785,1.94702749290229,19.7194440206205,-14.8145298994219,2.53289978902272,4.26604382591489,2.53452039057063,-0.0014532801756373,22.6716755593966,0,2.31955770204965,23.4924203304317,-17.6490352887756,3.0175265811937,5.08227790812137,3.01945725696284,-0.00173134033131228,27.0095105764428,0,237.930624659178,-178.748972299403,30.5614310611945,51.4731790238081,30.5809848953803,-0.017534970034277,273.551623579077,0,134.287862875411,-22.9597362761213,-38.670002504589,-22.9744263891332,0.0131734108520818,-205.509785281467,0,3.92551849870543,6.6115659322544,3.92803012643855,-0.00225231106180763,35.13683493945,0,11.1355491232465,6.61579614855838,-0.00379346144719429,59.1793162940196,0,3.93054336116292,-0.0022537521368983,35.1593162114443,0,1.29228918952082e-06,-0.0201601602532585,0,314.505502895809,0,0
"4FGL J0338.5+1302",1,54.6355018615723,13.0418996810913,173.584945678711,-32.9354476928711,35.5887794494629,1.55581592053977e-09,9.07249136927746e-11,1.46771813452906e-11,1.19672761283995e-12,"LogParabola",1.76764488220215,0.0343111082911491,3451.48657226562,1.53608310222626,0.0668517574667931,0.165013879537582,0.0319461673498154,0,"bll","RX J0338.4+1302",0.999473571777344,0,"whsp2",54.6219965,13.0376245194,2.90000002678426e-07,"RFC J0338+1302",NA,"HSP",7328245535997952,1.17971745653561e-12,55.2007331848145,0.403941333293915,0.113579027354717,66.9292984008789,17.795137,"BLL",0,-8.8080417887236,-10.8333573397688,1.55131309372307,1.74194484613508,15.8650000121258,-11.9282219941859,3.53800618813942,NA,77.5816001519012,95.4206641608591,-13.6640305569069,-15.3431229984095,-139.739583084904,105.064277789961,-15.5694899900599,-31.1629063538947,-13.5298841553611,-1.45344914668642,-156.740310332062,0,117.361631251123,-16.8059290901643,-18.8711109843499,-171.871214326795,129.222691291105,-19.1495286587094,-38.3284853064276,-16.6409371499977,-1.78765432305219,-192.781078031141,0,2.40657231475664,2.70230184835277,24.6115822507274,-18.5044069644161,2.74217065081277,5.48855532533393,2.38294582953035,0.255988191972692,27.6058290326959,0,3.03437184697657,27.6359550050555,-20.7783048263272,3.07913989234909,6.16301164502348,2.67577204315822,0.287445077001246,30.9981471834177,0,251.698225384752,-189.241242082399,28.0436860775712,56.130468217733,24.3699584354458,2.61794520086466,282.31984872078,0,142.28247994258,-21.0848605617938,-42.2021232289304,-18.3227402448726,-1.96832218724613,-212.264344552951,0,3.12456842957545,6.25393853166418,2.71524943428745,0.291685939656929,31.4554828461361,0,12.5174877873128,5.4346715211729,0.583820126932858,62.9593048247888,0,2.35955129694505,0.253475031990479,27.3348092475013,0,0.0272295804400436,2.93644459327277,0,316.666900848769,0,0
"4FGL J0348.6-1609",1,57.1531982421875,-16.1653995513916,207.338104248047,-47.628475189209,20.284517288208,5.94693350119968e-10,4.74335848377194e-11,7.94431447709298e-12,5.56146925387302e-13,"PowerLaw",2.37145256996155,0.0549708679318428,929.055725097656,2.33071351051331,0.070812851190567,0.0619063787162304,0.0399132296442986,0,"bll","PKS 0346-163",0.999696731567383,0.977008700370789,"bllac",57.1636280625,-16.1715977083,1.39999997372797e-07,"RFC J0348-1610",NA,"LSP",27861211676672,5.84958427182758e-12,35.3467750549316,0.376266747713089,0.117048054933548,21.5578002929688,16.824896,"BLL",0,-9.22570691776834,-11.0999435725486,1.30716467723325,1.54834979607526,13.44499999985,-11.2328749979976,2.96804176391464,NA,85.1136681325586,102.4048262041,-12.0595182054132,-14.2846214247767,-124.039629508011,103.631212575453,-21.8783263798538,-27.3822834335726,-21.5024797572788,-0.571130106376314,-155.221559417933,0,123.208747313763,-14.5094541573178,-17.1865953670025,-149.238741331251,124.684278635265,-26.3229897115486,-32.9450961004201,-25.8707884504744,-0.687157310530981,-186.755396213999,0,1.70867949340631,2.02394816143089,17.574829085205,-14.683217421159,3.09987903318775,3.87971935434229,3.04662637369331,0.0809218315532806,21.992909749323,0,2.3973870910063,20.8175630079996,-17.3924197124885,3.67183810310212,4.59556685990009,3.60875978871314,0.0958527288610331,26.0508242905875,0,180.768024995966,-151.026004346393,31.8841798027773,39.9053215153871,31.3364431485018,0.832331261830432,226.210726717476,0,126.17748072064,-26.6382302820582,-33.3396421228895,-26.1806135197402,-0.695386613698115,-188.99195362231,0,5.62378729157724,7.03857026878859,5.5271765443509,0.146808040903618,39.8994428585358,0,8.80927191234153,6.91765503892361,0.183740717482488,49.9369940015204,0,5.43222546808928,0.144286033260872,39.2140124201813,0,0.00383239972575734,1.04156838363719,0,283.077125410816,0,0
"4FGL J0354.7+8009",1,58.6918983459473,80.1647033691406,130.428024291992,20.0815620422363,12.4836444854736,3.00899138938604e-10,3.24960856834533e-11,4.20681458418448e-12,4.54862547367291e-13,"PowerLaw",2.26566410064697,0.0832398980855942,1580.74157714844,2.16568398475647,0.127335160970688,0.130096331238747,0.089075393974781,0,"bll","S5 0346+80",0.999812364578247,0.985833644866943,"bzcat",58.692191975,80.1580130556,1.10000001996013e-07,"RFC J0354+8009",NA,"LSP",10964782022656,6.78337757058917e-13,274.126312255859,2.07589602470398,0.49840447306633,-Inf,20.83998,"BLL",0,-9.52157905504738,-11.3760466291382,1.09634139214681,2.43795072367916,13.040000002425,-12.1685540089324,3.19886087638897,NA,90.6604677015169,108.317927313245,-10.4389012366466,-23.2131405478211,-124.161390900908,115.863848981664,-21.5726998464929,-30.4582067206357,-20.6207312691088,-1.23872250266136,-198.429517075606,0,129.414436908327,-12.4720307985164,-27.7342411121153,-148.343648071549,138.430037814802,-25.7743004549244,-36.3903904899268,-24.6369219945674,-1.47998193045179,-237.076584230308,0,1.20196444813441,2.67282629038373,14.296291756253,-13.3408894425666,2.48394133424035,3.50704358650425,2.37432899479796,0.14262999290348,22.8477326855117,0,5.94360373108774,31.7908774426883,-29.6663350522057,5.52357743378617,7.79866518854144,5.2798308378974,0.317168444891507,50.8068443224592,0,170.041600063244,-158.677944305987,29.5442598779307,41.7131458358694,28.2405191664762,1.69645615966874,271.753339250537,0,148.073706668305,-27.5698559748219,-38.9255113414,-26.353242534789,-1.58308423304265,-253.592422175071,0,5.13323381696044,7.24754425059859,4.90671245760881,0.294754587313506,47.2163945442008,0,10.232710906492,6.92772176945964,0.416160064161368,66.6641966867286,0,4.69018712183066,0.281747541039327,45.1328109286451,0,0.0169250554017818,2.71120494108886,0,434.3047664004,0,0
"4FGL J0359.4-2616",1,59.8712997436523,-26.2733993530273,222.890274047852,-48.244083404541,7.94018936157227,2.09550043983597e-10,3.49316374437247e-11,2.31584976889687e-12,4.42023750501369e-13,"PowerLaw",2.31784462928772,0.132902413606644,1627.01135253906,2.28625535964966,0.168120965361595,0.0342423617839813,0.0819077044725418,0,"bll","PKS 0357-264",0.998775660991669,0.97869610786438,"bllac",59.8903410583,-26.2587031444,2.79999994745594e-07,"RFC J0359-2615",NA,"LSP",13182567448576,3.62002013651677e-13,8.55125713348389,0.0558317750692368,0.953399419784546,11.704400062561,20.822447,"BLL",0,-9.6787122436737,-11.6352896170756,0.899830859820708,0.932029965722493,13.1200000020759,-12.4412890136785,3.21139058325516,NA,93.6774706958392,112.614620075479,-8.70920396018212,-9.02084984070907,-126.984704657091,120.415656303773,-22.4337511924204,-31.0821253573701,-22.1280077416058,-0.331421966250924,-201.534472722147,0,135.379964473227,-10.4697926603961,-10.8444385829743,-152.654999800186,144.75800088389,-26.9687935491459,-37.3654595097231,-26.6012432481151,-0.398419796529304,-242.275201381207,0,0.809695576285675,0.838669325434736,11.8057808827156,-11.1950557904563,2.08566812570278,2.88970834975062,2.05724312604326,0.0308123338463716,18.7366803875811,0,0.868679857004671,12.2282331522139,-11.5956541729624,2.1603006503851,2.99311225523284,2.13085850448714,0.0319149072797813,19.4071445636684,0,172.134400054472,-163.229711885289,30.4101215410665,42.1334444589742,29.9956703233496,0.449259786676918,273.190504683225,0,154.785672321877,-28.836974921771,-39.953838382083,-28.4439636884729,-0.426019119465451,-259.058081099003,0,5.37240372551793,7.44350441594313,5.29918470654423,0.0793684743551281,48.2631969475782,0,10.3130294782199,7.34205893289556,0.109965598181494,66.8690102161297,0,5.2269635695268,0.0782867831556899,47.605431054771,0,0.00117253934054506,0.713009763401776,0,433.574299067809,0,0
"4FGL J0409.8-0359",1,62.4628982543945,-3.98650002479553,195.887161254883,-37.3789291381836,18.6510982513428,6.77375211477482e-10,5.94643015383589e-11,4.00138299230801e-12,5.8693474342883e-13,"LogParabola",2.06075000762939,0.0638127028942108,1671.466796875,1.67737352848053,0.146329179406166,0.29881939291954,0.0980573147535324,0,"bll","NVSS J040946-040003",0.998858273029327,0,"bzcat",62.4441103667,-4.00098706944,3.70000009297655e-07,"RFC J0409-0400",NA,"ISP",120226444214272,2.48711012722225e-12,37.3454284667969,0.513854563236237,0.156980693340302,15.5136003494263,17.975798,"BLL",0,-9.16917070039219,-11.3977898781422,1.27070440989564,1.57223744649527,14.0800000027184,-11.6043049840964,3.22309775390065,NA,84.0736913329306,104.508280999888,-11.6513056440742,-14.4161135284639,-129.101923486448,106.401853258592,-18.8953685907884,-29.5531334895657,-15.3801242109571,-2.73992602226683,-164.823160337769,0,129.909614106281,-14.4832218612192,-17.9200320536999,-160.480881515226,132.263429890609,-23.4879955783397,-36.7361909556717,-19.1183510247791,-3.40588065201093,-204.884368495929,0,1.61468969732823,1.9978490566646,17.8915180947849,-14.7456415170652,2.61860412238714,4.09560452940629,2.13144593968242,0.379711120345197,22.8419257899932,0,2.47193058816197,22.1371032509274,-18.2447228365481,3.23998832986034,5.0674749823974,2.63722947323699,0.469815039287084,28.2622227462348,0,198.24640007655,-163.388614207622,29.0153601130238,45.3812163836828,23.6174192855656,4.20737705311943,253.099235888865,0,134.659894163925,-23.9135715845104,-37.4018093298192,-19.464753996738,-3.46759137060088,-208.59664232451,0,4.24669059394453,6.64199872094103,3.45664751161359,0.615792066238752,37.0436258656444,0,10.3883591311994,5.406338852098,0.963124114140925,57.9377541583718,0,2.81358195404722,0.501231739479859,30.1521277185133,0,0.0892930295848024,5.37151704560428,0,323.129313736804,0,0
"4FGL J0431.8+7403",1,67.9516983032227,74.0551986694336,136.58528137207,17.3693141937256,18.3261394500732,4.553215582348e-10,3.96606254782217e-11,5.78056959937845e-12,5.13980947646625e-13,"PowerLaw",1.97713232040405,0.0633547008037567,2972.98706054688,1.93239223957062,0.0816244259476662,0.0414460115134716,0.0407243818044662,0,"bll","GB6 J0431+7403",0.999679625034332,0.957511603832245,"whsp2",67.937817075,74.0574213806,7.09999994796817e-07,"RFC J0431+7403",NA,"HSP",3890451438370816,1.50615967180884e-12,30.7235507965088,0.408242344856262,0.140618354082108,77.8492965698242,17.961132,"BLL",0,-9.34168178654496,-11.2380293654413,1.2630709869418,1.48747140674408,15.5899999987082,-11.8221289850346,3.47319301901142,NA,87.2670186010658,104.9820942398,-11.7992072338276,-13.8954845483876,-145.636819040168,110.438567017683,-18.4697409871079,-32.4454639668541,-18.0517933888577,-0.38717545088033,-167.78717967013,0,126.293304018521,-14.1944288418889,-16.7162473492442,-175.200877792713,132.857432695854,-22.2190710760638,-39.0318451394961,-21.7162807338455,-0.465771494468812,-201.847728852567,0,1.59534831805413,1.87878197776395,19.691276684791,-14.9321881248809,2.49725847124727,4.38688933436212,2.44074857319314,0.0523492546671218,22.6861847218319,0,2.21257118588121,23.1896792292187,-17.5850788320794,2.9409277939506,5.16627530588264,2.87437820297545,0.0616497570498749,26.7166702827561,0,243.048099959722,-184.306990861418,30.8234928725451,54.1470791619014,30.1259950124097,0.646143319441482,280.014047856798,0,139.762733738795,-23.3739133122974,-41.0605358606747,-22.8449903058838,-0.48998009402749,-212.338819221232,0,3.9090522123863,6.8669621728892,3.82059515255304,0.0819442489151231,35.5115345882434,0,12.0630697473097,6.71157123646852,0.143949997854457,62.3824782759426,0,3.73413976755276,0.0800899510097871,34.7079520907035,0,0.00171777187037482,0.744417283666983,0,322.602262721424,0,0
"4FGL J0433.1+3227",1,68.2897033691406,32.4613990783691,167.88200378418,-10.4480676651001,11.0933818817139,3.53313045486914e-10,5.65034304067513e-11,4.10958940488815e-12,6.46717759639898e-13,"PowerLaw",1.89116942882538,0.106112070381641,5587.51025390625,1.83812153339386,0.143073916435242,0.0426746159791946,0.071057952940464,0,"bll","NVSS J043307+322840",0.999839961528778,0.955167949199677,"whsp2",68.2814624542,32.4780094444,1.60000001869776e-06,"RFC J0433+3228",NA,"HSP",7328245535997952,1.510820982209e-12,13.022777557373,0.280290156602859,0.263154923915863,62.0485992431641,18.627504,"BLL",0,-9.45184032667955,-11.3862015669558,1.04506396352231,1.11470362241888,15.8650000121258,-11.8207869923418,3.74721833313522,NA,89.3372855610458,107.620559138255,-9.87777771437974,-10.5360006506745,-149.953446897382,111.728191187305,-17.8750314719553,-35.4181093540004,-17.3736312346701,-0.403353656237715,-176.064193492585,0,129.645586123347,-11.8993089390268,-12.6922401322772,-180.642087997821,134.593863374853,-21.5332363138704,-42.6665832564697,-20.9292222837844,-0.485901779331543,-212.096515233275,0,1.09215868785296,1.16493658579775,16.5799397939537,-12.3534785061697,1.97639301898047,3.91608284340976,1.92095457512429,0.0445977033170096,19.4669331607677,0,1.24256416583377,17.6847729831922,-13.1766740802054,2.1080934129195,4.17703784994027,2.04896073172028,0.0475695490173428,20.7641461854222,0,251.698225384752,-187.536785776839,30.0034030112466,59.4496189006283,29.1617981495823,0.677032783027386,295.525351185873,0,139.731005118317,-22.3551109845735,-44.2950697297895,-21.7280431122855,-0.504447545470045,-220.191756982995,0,3.57652180852371,7.08662475475933,3.4761992504201,0.0807049291267159,35.2277661001225,0,14.0416452361847,6.8878427084641,0.159911103356743,69.8013244893496,0,3.3786907715262,0.0784411305606713,34.2396162157803,0,0.00182112284897173,0.794921579850911,0,346.983905270016,0,0
"4FGL J0440.8+2749",1,70.2203979492188,27.8318996429443,172.566131591797,-12.2158098220825,17.8865623474121,7.81681552819435e-10,6.8300608224714e-11,8.94996663586278e-12,8.4271657577531e-13,"PowerLaw",2.04045057296753,0.0638020262122154,3201.1845703125,1.95829808712006,0.0941447466611862,0.0957322120666504,0.0487755164504051,4,"bll","B2 0437+27B",0.999666631221771,0.921822428703308,"bzcat",70.2098539167,27.8463597472,2.09999996059196e-07,"RFC J0440+2750",NA,"ISP",334965438939136,2.05089309250617e-12,8.60068798065186,0,10,23.021900177002,18.427767,"BLL",0,-9.10697013699166,-11.048178583666,1.25252688070112,0.934533192435461,14.5249999997165,-11.6880569776349,3.50531071493057,NA,82.9369050760579,100.615432429597,-11.4067248983244,-8.51076587553722,-132.278741237222,106.442785854778,-18.5823224340228,-31.9227600017496,-17.8341621987303,-0.871830396439138,-167.82112376044,0,122.062250016576,-13.8381406588281,-10.3248896023905,-160.474793924616,129.131740784974,-22.5432623212889,-38.7272987697909,-21.6356269865539,-1.05766657512174,-203.593260714187,0,1.56882358687888,1.17052794443285,18.1929529418287,-14.639605547654,2.55571919138383,4.3904958956602,2.45282099454346,0.11990716896246,23.081273518797,0,0.873352287763614,13.5740946198601,-10.9228772006767,1.90686878796211,3.27582921290229,1.83009456309657,0.0894649297615554,17.2213599239668,0,210.975624991764,-169.769027596833,29.6375445717749,50.9146381333728,28.4442797148637,1.39051038024096,267.663315669776,0,136.61067591244,-23.8489025568923,-40.9702713604226,-22.8886996214527,-1.11892354923004,-215.38479066658,0,4.16343854072352,7.1524132567093,3.99581045390534,0.195336846962846,37.6009477336621,0,12.2872032082071,6.86444326780998,0.335571148721235,64.595049117344,0,3.83493139801809,0.187472207765893,36.0870608659942,0,0.00916465642717413,1.76413089835882,0,339.582596606289,0,0
"4FGL J0502.5+1340",1,75.6341018676758,13.6684999465942,187.384002685547,-16.7311000823975,8.46850872039795,3.78676923151744e-10,5.3357755713801e-11,3.6388028007428e-12,6.85194685278584e-13,"PowerLaw",2.23150897026062,0.106115147471428,1883.71032714844,2.18108487129211,0.139086082577705,0.0581869408488274,0.0717447549104691,0,"bll","PKS 0459+135",0.998987913131714,0.956228792667389,"bllac",75.6384146542,13.6363774583,8.19999996792831e-08,"RFC J0502+1338",NA,"LSP",9332543455232,2.11608443441424e-12,21.9544258117676,0.606788575649261,0.227251753211021,13.1227998733521,19.255629,"BLL",0,-9.42173116029568,-11.4390414796899,0.927806939076418,1.34152208320575,12.9700000208136,-11.6744670073984,3.27501411873638,NA,88.7690180568866,107.775573553109,-8.74154754863484,-12.6394604135644,-122.199853345135,109.993689583449,-21.0246775995838,-30.8563025729068,-20.5495952951024,-0.548221713717679,-181.421359760393,0,130.851669974066,-10.6132220612393,-15.3457267557106,-148.364368229666,133.544712350902,-25.5263236731113,-37.4630223507955,-24.9495203134346,-0.665602829945999,-220.26593884852,0,0.860825716198352,1.24467349772255,12.0336560191321,-10.8316514994829,2.07040950721908,3.03858082493685,2.02362567829942,0.0539862474831711,17.8655062024811,0,1.7996814997287,17.3995414471005,-15.6615553000819,2.99361856247635,4.39350376309547,2.92597352018434,0.0780590661028887,25.831851529517,0,168.220900539905,-151.417837328945,28.942671390726,42.4769331881757,28.2886708260549,0.754684624020371,249.745508530779,0,136.293179906834,-26.0516778500212,-38.2340442779518,-25.4630033702355,-0.679301521201078,-224.799205467204,0,4.97963228435361,7.30822338369041,4.86711045518807,0.129844680456182,42.9691088415105,0,10.7257174779226,7.14308374764398,0.190563052805988,63.0624568401497,0,4.75713121577932,0.126910656392146,41.9981610991136,0,0.00338572008534494,1.12042614562997,0,370.779248185641,0,0
"4FGL J0505.6-1558",1,76.4116973876953,-15.9666996002197,216.227340698242,-30.4325866699219,9.56852245330811,2.58262050634173e-10,3.79834913522004e-11,2.75987197505267e-12,4.69698227794496e-13,"PowerLaw",2.06119394302368,0.106007359921932,2548.34228515625,2.03776383399963,0.124185159802437,0.0270714275538921,0.0563229843974113,0,"bll","TXS 0503-160",0.996579170227051,0.97085702419281,"wise",76.4232500167,-15.9772583778,3.09999990122378e-07,"RFC J0505-1558",NA,"LSP",91201080393728,1.26949503426871e-12,21.6574420928955,0.486368983983994,0.222478270530701,30.1721992492676,18.592701,"BLL",0,-9.58793940494165,-11.5591110635209,0.980844880314296,1.33560716186732,13.9599999831338,-11.8963689935645,3.40625776062206,NA,91.9285820328328,110.828056452029,-9.40428127810072,-12.80572053679,-133.847633931273,114.061665049123,-19.7626026275438,-32.6589930064566,-19.53795616197,-0.259559206991985,-178.265690562198,0,133.613048578811,-11.3376949076388,-15.4384315212583,-161.365190251793,137.511450449238,-23.8255697108673,-39.3733117660104,-23.5547384784279,-0.312921637743499,-214.915095829836,0,0.962056679238766,1.31002344682867,13.6925945126444,-11.6684926216675,2.02171152634961,3.34101048553699,1.99873022386817,0.0265528711190344,18.2365555870645,0,1.78384649083128,18.6450759571412,-15.8888756280211,2.75294539229997,4.54942226025296,2.72165197088411,0.0361567925229506,24.8325446140577,0,194.881599529096,-166.073310949514,28.7742674098461,47.5513582808333,28.4471830882655,0.377917128195742,259.554105646412,0,141.523595231043,-24.5207237135099,-40.5220992075527,-24.2419904910003,-0.32205169136365,-221.185631683016,0,4.24852047075751,7.02095786457159,4.20022647195275,0.0557994625030868,38.3231626856503,0,11.602591931798,6.9411488738762,0.0922122601965628,63.3315320721755,0,4.15248144315687,0.0551651760040624,37.8875336741688,0,0.000732862189805628,0.503330958152677,0,345.688530475401,0,0
"4FGL J0506.0+6113",1,76.5121002197266,61.225700378418,149.109268188477,12.0959014892578,17.8188800811768,6.30256458133971e-10,5.38633894431317e-11,6.57616582716569e-12,6.55645188748361e-13,"PowerLaw",2.02974057197571,0.0628205314278603,3106.82543945312,2.01913118362427,0.0686616450548172,0.0157042350620031,0.0306436605751514,0,"bll","RX J0505.9+6113",0.999925911426544,0.97105884552002,"bzcat",76.4949377917,61.2266549111,2.90000002678426e-07,"RFC J0505+6113",NA,"ISP",245470886625280,8.62563330223526e-13,18.4495525360107,0.2806236743927,0.128681227564812,141.787002563477,19.212702,"BLL",0,-9.20048269548479,-11.1820272439907,1.25088040509653,1.26598583751416,14.3899999912543,-12.0642090087684,3.49231685260741,NA,84.6488818299151,102.880048158776,-11.5087035212116,-11.6476807907778,-132.394945907561,110.996546219885,-18.6745930087859,-32.1310007695644,-18.5769815148488,-0.144486542933785,-176.766132284506,0,125.03773328535,-13.9873787687635,-14.1562881255897,-160.909371943231,134.902313813246,-22.6966143740657,-39.0511821905039,-22.5779799044778,-0.175605184309353,-214.836957194675,0,1.56470178785446,1.58359687727618,18.0001690183992,-15.0908826520574,2.53896270891384,4.368470719315,2.52569163291496,0.0196441199160896,24.0327924607589,0,1.60272014078643,18.2175361907568,-15.2731177459115,2.56962281794914,4.42122367551301,2.55619148255153,0.0198813391774892,24.32300863238,0,207.072099748299,-173.603967530667,29.207966812979,50.2544394784779,29.0552977146945,0.22598394240488,276.470781611971,0,145.545139007249,-24.4872144938921,-42.1320404347,-24.3592206153651,-0.189459174110834,-231.786052551183,0,4.11984678952428,7.08849720593178,4.09831248354352,0.0318755230571912,38.9968007466789,0,12.1962769990057,7.05144586019618,0.0548441647643416,67.0968429787241,0,4.07689073668394,0.0317089107286561,38.7929657298804,0,0.000246622998882648,0.301720788384217,0,369.127918140804,0,0
"4FGL J0506.7-0857",1,76.6839981079102,-8.96070003509521,209.055557250977,-27.3112735748291,11.5959367752075,3.66467467483034e-10,4.35713271018656e-11,4.26873727338295e-12,5.51290458596088e-13,"PowerLaw",2.19442105293274,0.0910402908921242,1702.68127441406,2.20272517204285,0.0945387408137321,-0.00975621026009321,0.043374951928854,0,"bll","1WGA J0506.6-0857",0.999578297138214,0.855323433876038,"bllac",76.6662870333,-8.96716648889,4.99999998737621e-07,"RFC J0506-0858",NA,"ISP",851138031124480,1.08224605492591e-12,18.1392650604248,0.370675563812256,0.168633565306664,49.089298248291,18.816343,"BLL",0,-9.4359645730548,-11.3697005737581,1.06430583877563,1.25861968698714,14.9299999963885,-11.9656739886306,3.2311333598135,NA,89.0374274239453,107.284091820222,-10.0427521895822,-11.87629077736,-140.87895104163,112.907675849442,-20.7064793138389,-30.4888599140157,-20.7848366875724,0.0920592543815133,-177.550345942448,0,129.270091136915,-12.1008387057814,-14.3101289772809,-169.749629525147,136.046130413936,-24.9499103045962,-36.7370188149605,-25.044325652407,0.110925189391886,-213.936185803129,0,1.1327469184519,1.33955628165837,15.8900861690764,-12.7351366909852,2.33553513936848,3.43891410071223,2.34437326182326,-0.0103835915441399,20.026343719305,0,1.58412351647161,18.7911919221725,-15.0602328501604,2.7619415387602,4.06676805794217,2.77239326655527,-0.0122793583037392,23.6826197369027,0,222.904899892161,-178.647512607041,32.7627063123607,48.2408210503463,32.8866868106446,-0.145660219147957,280.928000922045,0,143.177354002191,-26.2577269131807,-38.662688397317,-26.357091295215,0.116739631336808,-225.150225996251,0,4.81548375755444,7.09046706960804,4.83370649135572,-0.0214092331915869,41.2909792184036,0,10.4402227888997,7.11729878588858,-0.0315236164367419,60.7981135769932,0,4.8519981835512,-0.02149024992365,41.4472323718923,0,9.5183638639148e-05,-0.183576198634033,0,354.054763893649,0,0
"4FGL J0515.8+1527",1,78.9530029296875,15.4614000320435,187.692855834961,-13.0646648406982,28.5137157440186,1.35569377945899e-09,8.00155566804683e-11,1.70070901805985e-11,1.05948637450087e-12,"PowerLaw",1.94187605381012,0.0420244261622429,3068.31079101562,1.8568959236145,0.0603661350905895,0.081536240875721,0.0306862015277147,0,"bll","GB6 J0515+1527",0.999879717826843,0.915841281414032,"bzcat",78.9473052625,15.4546089694,1.80000000682412e-07,"RFC J0515+1527",NA,"ISP",168849592811520,1.85181666008394e-12,41.0715484619141,0.375384628772736,0.110662743449211,67.5594024658203,17.944649,"BLL",0,-8.86783839668561,-10.7693699854239,1.4550538157652,1.6135410767467,14.2275000176518,-11.7324020130403,3.48689934745003,NA,78.6385578297316,95.5010326648556,-12.9031820966865,-14.3086215150038,-126.167170945378,104.04104505659,-17.2202430315817,-30.9212599186954,-16.4666529700777,-0.723050207559125,-159.130247417246,0,115.979329882949,-15.6700128906783,-17.3768208421645,-153.221211657717,126.350578096163,-20.9127816893161,-37.5517091746225,-19.99759922583,-0.878093945211283,-193.252564339567,0,2.11718160677287,2.34778910061418,20.7017781894837,-17.0712763171656,2.82553416183948,5.07362620069635,2.70188349913412,0.118639618409368,26.1104300000172,0,2.6035148063489,22.9566556978956,-18.9307125769462,3.13329677877341,5.62625532759189,2.9961778479955,0.131562073896489,28.9544282693016,0,202.421756752282,-166.922749847629,27.6280415898611,49.6098605273953,26.4189867860029,1.16005686849858,255.307493964255,0,137.649256995592,-22.7828705227966,-40.9097049232916,-21.7858494722211,-0.956615956586048,-210.533836050902,0,3.77088260836116,6.77112634485935,3.60586172848462,0.158333273674257,34.8462841871277,0,12.1584670592474,6.47480918433402,0.28430866510308,62.5711848883198,0,3.44806247113615,0.151404313308976,33.321345578793,0,0.0066481585761436,1.46313922329427,0,322.010427733201,0,0
"4FGL J0532.0-4827",1,83.002197265625,-48.4607009887695,255.026107788086,-32.8046264648438,80.2440338134766,3.95954691256861e-09,1.04278544132974e-10,4.48760299753825e-11,1.51460853407837e-12,"LogParabola",2.18625402450562,0.018361808732152,935.294494628906,2.08667683601379,0.0296211037784815,0.0777675285935402,0.0143998544663191,0,"BLL","PMN J0531-4827",1,0.971755385398865,"identified",82.9942294458,-48.4599925417,8.49999992169614e-07,"RFC J0531-4827",NA,"ISP",162181001773056,9.04555076675084e-12,3040.92333984375,1.49262380599976,0.352490991353989,49.5570983886719,19.546616,"BLL",0,-8.40235450716266,-10.3479855705587,1.9044127522519,3.48300547193549,14.2099999786768,-11.0435649846164,2.9709483779899,NA,70.5995612640367,86.9474431988381,-16.0015510723818,-29.2654467255894,-119.397457367616,92.7919480236353,-18.3696813566073,-24.962961494351,-17.5329985180724,-0.653430344388834,-164.237597047378,0,107.080805368491,-19.7068356806906,-36.0420903657654,-147.044874736987,114.278651108338,-22.62332509916,-30.7433309463143,-21.5929017894898,-0.804737263743965,-202.268100321252,0,3.62678793093966,6.63308003691709,27.0617051688913,-21.031505987026,4.16353004393054,5.65791197732606,3.97389397633331,0.148101473164652,37.224824773771,0,12.1313271175326,49.4935076819345,-38.4647972710941,7.61473473039406,10.3478294573767,7.26790683799707,0.2708647276302,68.0809704858218,0,201.924099393995,-156.929058195915,31.0666696416069,42.2171763878864,29.6516777952613,1.10507657965595,277.757412943204,0,121.960327569445,-24.144038392507,-32.8098614782722,-23.044351240412,-0.858830755715775,-215.864324025343,0,4.77970665966702,6.49524784797886,4.5620056305778,0.170019572363483,42.7338678954659,0,8.82653426468082,6.19940916134427,0.231043312935261,58.0719871003914,0,4.35422021795652,0.16227570051018,40.7874708296565,0,0.00604778850354709,1.52009201868695,0,382.070197051456,0,0
"4FGL J0540.5+5823",1,85.1481018066406,58.3879013061523,153.943145751953,14.2647695541382,19.6171798706055,5.94532811870607e-10,5.12928761964293e-11,7.3892576085699e-12,6.47494048395397e-13,"PowerLaw",1.93563520908356,0.0612600073218346,3790.98681640625,1.94463062286377,0.0629436448216438,-0.00971348956227303,0.0252515189349651,0,"bll","GB6 J0540+5823",0.999777674674988,0.98855072259903,"bzcat",85.1250400333,58.3940154333,3.09999990122378e-07,"RFC J0540+5823",NA,"HSP",32734069624143872,5.27340367553752e-12,15.6572647094727,0.241952806711197,0.13253715634346,176.796005249023,17.788094,"BLL",0,-9.22582417196015,-11.131399192552,1.29263657416191,1.19471589403482,16.5150000018078,-11.2779089824428,3.57875227411993,NA,85.1158316519242,102.696331738384,-11.9256377514627,-11.0222387738114,-152.3644862166,104.048005299387,-17.8578301000602,-33.016939236033,-17.9408202059505,0.0896149467977011,-164.109827598299,0,123.908047983947,-14.3888537178891,-13.2988595381882,-183.83505768512,125.538906940839,-21.546328203468,-39.8365201744822,-21.6464597451577,0.108124729870348,-198.006375188639,0,1.67090931286104,1.54433346036195,21.3478930246208,-14.5782376307747,2.50207286549695,4.62602607939253,2.51370066634896,-0.0125560118709341,22.99354088903,0,1.42734606745942,19.7307329921449,-13.4738971128025,2.31253414934554,4.27559222270434,2.32328111316218,-0.0116048603665889,21.2517186263854,0,272.745225059712,-186.254666865431,31.9670154815142,59.1030938135603,32.1155747401107,-0.160418280138499,293.770372442157,0,127.191231016264,-21.829917711256,-40.3608424182348,-21.9313671691286,0.109547851185223,-200.612505103137,0,3.74668366264396,6.9271589063744,3.76409550227721,-0.0188017723998013,34.431261048888,0,12.8074678395186,6.95935126389697,-0.0347621728606248,63.6591818547591,0,3.78158825937953,-0.0188891492576637,34.5912723147793,0,9.43518794763871e-05,-0.172784465401732,0,316.416288152836,0,0
"4FGL J0553.5-2034",1,88.3908996582031,-20.5776996612549,225.743911743164,-21.6196308135986,22.2395610809326,7.32461369334914e-10,5.76067665791768e-11,6.65764925827927e-12,6.32241654863197e-13,"LogParabola",1.94481956958771,0.0521819815039635,2044.98657226562,1.7640688419342,0.0900581926107407,0.155015751719475,0.0477053411304951,0,"bll","NVSS J055333-203417",0.999752104282379,0.974076867103577,"bzcat",88.3880144,-20.5719107472,3.00000010611257e-06,"RFC J0553-2034",NA,"HSP",2065380113645568,1.58800544328846e-12,19.4321460723877,0.27654430270195,0.119688257575035,141.132995605469,17.595968,"BLL",0,-9.1352152754477,-11.1766790883031,1.34712621177648,1.2885207664221,15.3149999911338,-11.7991480132527,3.31069046070028,NA,83.452158128773,102.101369536243,-12.3062879477765,-11.7709145881507,-139.905821862487,107.787757167934,-17.7663454400873,-30.2438700688682,-16.1151486317786,-1.41610226304276,-160.742955659889,0,124.918155442912,-15.0563973604672,-14.4013831049142,-171.170840138267,131.875290859515,-21.7366242139336,-37.0025248399534,-19.716431335973,-1.73256131060064,-196.664487584051,0,1.81474903045525,1.73580009886553,20.6312379214129,-15.8949415652831,2.61991741936746,4.4599178986877,2.37642337634774,0.20882578237954,23.7039897143802,0,1.660285765501,19.7336955263302,-15.2034472411642,2.50594040235785,4.26589340980786,2.2730393362304,0.199741015213076,22.6727701732987,0,234.549224728428,-180.703951718351,29.7849116909926,50.7032243762715,27.0167142985817,2.37406623620936,269.482249763991,0,139.219893838645,-22.9472139606358,-39.0633267718664,-20.8145093715489,-1.82905379892372,-207.617430868458,0,3.78232315825133,6.43869559681726,3.43079560589356,0.301477667538385,34.2209829122391,0,10.9606713265718,5.84028588701015,0.513209170475949,58.2548034043874,0,3.11193887908307,0.273458457617334,31.0404988924712,0,0.0240298832811539,2.72765220675183,0,309.618089857024,0,0
"4FGL J0556.2-4352",1,89.0748977661133,-43.8695983886719,250.493896484375,-27.9618282318115,18.2101745605469,5.80149983608891e-10,5.11915440593036e-11,5.286981356184e-12,5.30063135311537e-13,"LogParabola",2.05727791786194,0.0633117333054543,1700.33471679688,1.85418510437012,0.100047461688519,0.159023731946945,0.0596065483987331,0,"bll","SUMSS J055618-435146",0.999634027481079,0,"bzcat",89.0781153708,-43.8627941194,1.1498858611958e-06,"RFC J0556-4351",NA,"LSP",78523561672704,9.31942240392503e-13,33.5228042602539,0.448884576559067,0.144626542925835,51.6981010437012,18.586687,"BLL",0,-9.23645971569018,-11.2767922210722,1.26031410890963,1.5253403412176,13.8949999901093,-12.0306110033715,3.23053442217185,NA,85.3121880795675,104.157637072142,-11.6408404960598,-14.0887446143735,-128.34060765816,111.12025388778,-19.0019646123108,-29.8387010505407,-17.1261060219474,-1.46881629396667,-171.675185723642,0,127.166042797234,-14.2123003394597,-17.2009460943302,-156.691027800263,135.666700577565,-23.1994956207291,-36.4300654418535,-20.9092601613889,-1.79327758338518,-209.598207377104,0,1.58839165311667,1.92240795292557,17.5120645308339,-15.1623487863525,2.59281638582963,4.0714881115814,2.33685564756774,0.200419853024198,23.4250638639872,0,2.32666315654582,21.1946040261319,-18.3507762929389,3.13804900121097,4.92766447783081,2.82826333978051,0.242565313549649,28.3510234906847,0,193.071024725137,-167.165339772856,28.5858766483437,44.8882757641256,25.7639020068836,2.20963475382994,258.262015681165,0,144.735601114443,-24.7503103556231,-38.865302966151,-22.3069797189227,-1.91315265935812,-223.609201138422,0,4.23239243132236,6.64610712962703,3.81457407084918,0.327156012150446,38.2379807313116,0,10.4363526528372,5.99000880474598,0.513731639996835,60.044932147634,0,3.43800240126803,0.294859435017372,34.4631581749898,0,0.0252885473223338,2.95572433126977,0,345.464933635969,0,0
"4FGL J0558.8-7459",1,89.7236022949219,-74.9919967651367,286.085113525391,-29.5251789093018,18.8853054046631,5.49243428515922e-10,4.44022804635402e-11,6.61900265500059e-12,5.71724308520705e-13,"PowerLaw",2.05071187019348,0.0610556565225124,2237.63110351562,1.97804844379425,0.0856360346078873,0.0687789395451546,0.0434686057269573,0,"bll","PKS 0600-749",0.999858021736145,0.964667737483978,"bzcat",89.6918322167,-74.9847795583,1.89999994404388e-07,"RFC J0558-7459",NA,"LSP",56234132635648,2.30194530971561e-12,20.1534862518311,0.266593456268311,0.115128345787525,59.1138000488281,17.765228,"BLL",0,-9.26023513054099,-11.1792074447085,1.27612401243532,1.30435018342851,13.7500000009006,-11.6379049986779,3.34978849018476,NA,85.7519546729055,103.522089511095,-11.8172084108805,-12.0785893911123,-127.328233053278,107.769736714656,-18.9900741029831,-31.0198290566908,-18.3171936891354,-0.636909152217396,-164.51018842767,0,124.974679091826,-14.2660550601882,-14.5816012810909,-153.71410237481,130.10255420203,-22.925333406219,-37.4479804276723,-22.1130138888587,-0.768894033002348,-198.601169114544,0,1.62849249511402,1.66451258969754,17.5467051721349,-14.8514100232539,2.61696266014004,4.27474552890423,2.52423511688616,0.087770456303409,22.6706340371883,0,1.70132940100999,17.9348150233167,-15.1799035197491,2.67484640404589,4.3692972316192,2.58006785049351,0.0897118224117408,23.1720784004493,0,189.062500024767,-160.021193742302,28.1972882170072,46.0595917430573,27.1981661039524,0.945710418807818,244.271885015999,0,135.440832758252,-23.8659899249728,-38.9845202144349,-23.0203398716601,-0.80044276433632,-206.750035743853,0,4.20541917455244,6.86945101945938,4.05640742350661,0.141045787744568,36.4313639362936,0,11.2210829289743,6.62604391004986,0.230394900055472,59.509756279908,0,3.91267564599685,0.136048074333112,35.14048159905,0,0.00473054252495603,1.22187354261789,0,315.603325891984,0,0
"4FGL J0607.4+4739",1,91.8571014404297,47.663501739502,165.629577636719,12.8659229278564,61.7402992248535,3.12042458538997e-09,9.58292681318973e-11,2.53736892608103e-11,1.17737753140695e-12,"LogParabola",2.04292869567871,0.0206604674458504,1213.87084960938,1.93750655651093,0.0308798309415579,0.073953203856945,0.0141182960942388,0,"bll","TXS 0603+476",0.999940931797028,0.988902568817139,"bzcat",91.8468958167,47.6630394694,1.0000000116861e-07,"RFC J0607+4739",NA,"LSP",54954085580800,7.17957941362424e-12,102.02507019043,0.274362325668335,0.0710784569382668,98.1467971801758,16.828754,"BLL",0,-8.50578630901156,-10.5956163830295,1.79056872996285,2.00870690222802,13.7399999857356,-11.1439009963834,3.08417248222054,NA,72.3484007345685,90.1240487663109,-15.2301949886622,-17.0856316677881,-116.869503764489,94.7876405240182,-17.3767149299908,-26.2333120739017,-16.4800167419908,-0.629030148873944,-143.141785370924,0,112.267086536323,-18.9721793701347,-21.2834877619516,-145.583768951685,118.076499968139,-21.6460887572944,-32.6787084807047,-20.5290762123943,-0.783579778364167,-178.311021588373,0,3.20613637672077,3.59672776679004,24.6024143241482,-19.953920653926,3.65800424002609,5.522422804476,3.46923865418647,0.132418294306814,30.1330406766372,0,4.03490341905849,27.59963280796,-22.384830849181,4.10364497176951,6.19519855269812,3.89188279317555,0.148550311029321,33.8040343156974,0,188.787599608014,-153.117199531347,28.0698402494843,42.3765298617164,26.6213400588228,1.01611701993953,231.227079719948,0,124.186529417195,-22.7661951273142,-34.3697127976357,-21.5913812456015,-0.824127182147154,-187.537968468491,0,4.17355765562752,6.30074446635098,3.95818774236182,0.15108112229673,34.3799444591179,0,9.51211990008641,5.97560440571289,0.228084436307636,51.9027799968588,0,3.75393165652284,0.14328481734782,32.6058212129095,0,0.00546907636070686,1.24454027522038,0,283.206961192516,0,0
"4FGL J0610.1-1848",1,92.5455017089844,-18.8076000213623,225.618057250977,-17.3280754089355,12.9004373550415,4.68116378993244e-10,4.88465240477964e-11,6.13624862727535e-12,6.17818567572731e-13,"PowerLaw",2.34342122077942,0.0737025737762451,1260.60815429688,2.29066681861877,0.10306391865015,0.0949449613690376,0.0581514425575733,0,"bll","PMN J0610-1847",0.996884524822235,0.928105473518372,"bzcat",92.5745253542,-18.7944698722,1.70000006960436e-07,"RFC J0610-1847",NA,"LSP",13182567448576,2.61137357397689e-12,28.805305480957,0.453623324632645,0.153650462627411,22.6322002410889,18.34744,"BLL",0,-9.32964616301283,-11.212097052047,1.11060443414897,1.45947248529039,13.1200000020759,-11.5831309950819,3.10058011205081,NA,87.04229752702,104.604898240958,-10.361546397683,-13.6163618724123,-122.404957678096,108.066513643941,-21.8632908007676,-28.9273153455087,-21.3711108950674,-0.885802894534043,-171.175123197108,0,125.711120304521,-12.452204702112,-16.3637471498681,-147.102713346132,129.871188883432,-26.2746661612053,-34.7640051339604,-25.6831786842574,-1.0645321214725,-205.713277936609,0,1.23344220915135,1.62089661368192,14.57113017834,-12.8642766444663,2.60261399887642,3.44351802087774,2.54402472591592,0.105446295096556,20.3767482192822,0,2.13005993531971,19.1482790100396,-16.9052609808363,3.42015879317318,4.52521136197675,3.34316519474177,0.138569558735069,26.7775838555163,0,172.134400054472,-151.97067867952,30.7456864214907,40.6796110765431,30.0535486650335,1.24567789335887,240.718412838087,0,134.168923649227,-27.1441549769428,-35.9144255986302,-26.5330938261487,-1.09975992486055,-212.520800944405,0,5.49162301799931,7.2659652313065,5.36799723248651,0.222496037278285,42.9957802429772,0,9.61359703124501,7.10239598114406,0.29438445896027,56.8877075710455,0,5.24715447392104,0.217487272603095,42.0278720145988,0,0.00901454568936804,1.74199698202074,0,336.6285545536,0,0
"4FGL J0612.8+4122",1,93.2218017578125,41.3717002868652,171.827117919922,10.9273319244385,78.5793609619141,4.81350692638216e-09,1.21366805494461e-10,4.1711020054569e-11,1.4887906445854e-12,"LogParabola",1.98915016651154,0.0164309274405241,1231.85363769531,1.83251667022705,0.0288853775709867,0.108789794147015,0.0136106256395578,0,"bll","B3 0609+413",0.999936938285828,0.979279816150665,"bllac",93.2132718292,41.3770578472,9.49999972021942e-08,"RFC J0612+4122",NA,"ISP",222843522514944,4.48122745508317e-12,82.3142547607422,0.212718591094017,0.0558100715279579,132.884994506836,16.933197,"BLL",0,-8.31753839892155,-10.3797491892322,1.89530849263762,1.91547505061759,14.3480000147879,-11.3486030119047,3.09055911033058,NA,69.1814450175345,86.3339624526137,-15.7643011653155,-15.932037285688,-119.340041070725,94.3924413256341,-16.5448328911809,-25.7058440743114,-15.2420277712773,-0.904863290228568,-140.842516264003,0,107.739193231367,-19.6728267898002,-19.8821506036424,-148.928641520598,117.795652911736,-20.6468798281093,-32.079228419728,-19.0210634220437,-1.12921077759422,-175.762337831859,0,3.59219428226429,3.63041613087099,27.1938862803922,-21.5091036680359,3.77005320372086,5.85756292880812,3.47318440798134,0.206190220759136,32.0936320816059,0,3.66904466953846,27.483236054587,-21.7379659286671,3.81016751588468,5.91988886829712,3.51013996166074,0.208384136450431,32.4351163806926,0,205.865104424354,-162.829756182631,28.5403266185229,44.343342160726,26.2929492115168,1.56091596803014,242.957510806406,0,128.790790321812,-22.5740755708036,-35.0735284279671,-20.7965042031043,-1.23461218552131,-192.168130475376,0,3.95671838493289,6.14758616892783,3.64515083971731,0.216399237142291,33.6826716321227,0,9.55155561444735,5.66350109000287,0.336221289412046,52.3330462553724,0,3.35811734666003,0.199359111324974,31.0303657827387,0,0.0118352193105499,1.84215901588085,0,286.733160640809,0,0
"4FGL J0615.3-3117",1,93.8394012451172,-31.2852993011475,238.348785400391,-20.8569526672363,11.7613086700439,3.26982524390118e-10,4.07894308607215e-11,4.14476395912966e-12,5.35669761585894e-13,"PowerLaw",2.1200544834137,0.0997161641716957,2309.64404296875,2.10271334648132,0.115031018853188,0.0442397706210613,0.0648422986268997,0,"bll","PKS 0613-312",0.999711215496063,0.953666567802429,"bllac",93.8300491,-31.2893266944,4.1000001260727e-07,"RFC J0615-3117",NA,"ISP",316227771695104,8.21555659873824e-13,22.0767555236816,0.490188628435135,0.190460085868835,39.5933990478516,17.537992,"BLL",0,-9.48547545762641,-11.3825001971201,1.07045564797802,1.34393524832814,14.5000000077983,-12.085363008057,3.36354505258202,NA,89.974244657233,107.96842626621,-10.1537807773731,-12.7478648146556,-137.539394209554,114.635414209431,-20.1097247712515,-31.9048240468875,-19.9452358424721,-0.419635258477099,-166.356192692048,0,129.561310737439,-12.1844616241181,-15.2973432290117,-165.046252947006,137.561646821477,-24.1315205753618,-38.2855522240372,-23.9341350808107,-0.503559197814778,-199.626197397091,0,1.14587529428804,1.4386230770896,15.521606904029,-12.9368450898392,2.26942429579132,3.60052579876495,2.25086137781969,0.0473567123265671,18.7736425905933,0,1.80616195169882,19.4870611112384,-16.2419453353688,2.84921594863578,4.5203867555047,2.82591058346627,0.059455387115596,23.5699256336969,0,210.250000226151,-175.237763711072,30.7407900260315,48.7714032886692,30.4893435403767,0.641476674350384,254.300884136767,0,146.055999036513,-25.6216280289133,-40.6496629544079,-25.4120540941131,-0.534653687348701,-211.9529997524,0,4.49463101264253,7.13089876889048,4.45786685754155,0.0937907240503747,37.1814985696736,0,11.313435320749,7.07257107355543,0.148802461599834,58.989826223823,0,4.42140341747067,0.0930235561301778,36.8773698488826,0,0.00195715730460412,0.775876743234008,0,307.581163392064,0,0
"4FGL J0617.2+5701",1,94.3162002563477,57.0248985290527,157.419998168945,18.0934429168701,36.2054786682129,1.16721132759068e-09,5.39612104999421e-11,1.20589571314667e-11,6.36259274433559e-13,"PowerLaw",2.08938670158386,0.0342365354299545,1613.22937011719,2.04770708084106,0.0430928617715836,0.045651238411665,0.0211656801402569,0,"bll","87GB 061258.1+570222",0.999916851520538,0.989941537380219,"bzcat",94.3205107042,57.0212286667,6.79999985209179e-08,"RFC J0617+5701",NA,"LSP",57543992803328,3.76081544378737e-12,41.5397033691406,0.275947749614716,0.0806277692317963,72.7384033203125,17.195492,"BLL",0,-8.93285050633886,-10.918690248716,1.55877429360886,1.61846339095677,13.7599999929782,-11.424717978386,3.20769612008224,NA,79.7958181685984,97.5350277167999,-13.9242977379319,-14.4574915213991,-122.916022904498,102.055297778004,-18.6641790551811,-28.6538699104578,-18.2918612339247,-0.407795688160638,-153.604759418946,0,119.217796747406,-17.0197736795762,-17.6715004447435,-150.241177745663,124.742956784934,-22.8133662043806,-35.0238403471861,-22.358279335806,-0.498451731687256,-187.752250822274,0,2.4297772984158,2.52281912897044,21.4487342691125,-17.8085566964391,3.25688227983713,5.00007425369307,3.19191315845588,0.0711599769075128,26.8038908955568,0,2.61942374786729,22.2700562482006,-18.4904878000234,3.3815958860654,5.19153873966718,3.31413894574421,0.0738848581211193,27.83027429149,0,189.33759980676,-157.204119302369,28.7499609991227,44.1378985898078,28.1764494179944,0.628161040223956,236.609969799257,0,130.524180885656,-23.8706538133857,-36.6470235323026,-23.3944759009532,-0.521552524217335,-196.453646599593,0,4.36553678875548,6.70211761602198,4.27845194344842,0.0953830904481671,35.9280323119917,0,10.2893143987907,6.5684220582788,0.146435300330047,55.1579129713052,0,4.19310428892662,0.0934803641447298,35.2113307269458,0,0.00208403556851868,0.784995504897878,0,295.684945122064,0,0
"4FGL J0625.3+4439",1,96.3287963867188,44.6647987365723,169.777084350586,14.3913946151733,23.5796279907227,8.05428723715806e-10,5.25024537734176e-11,8.4389760804382e-12,6.23220875947683e-13,"PowerLaw",2.09283900260925,0.0477689951658249,1886.49755859375,2.05185055732727,0.0596518628299236,0.0497817099094391,0.029870543628931,0,"bll","GB6 J0625+4440",0.999899923801422,0.965413391590118,"whsp2",96.3261057417,44.6671184472,9.49999972021942e-08,"RFC J0625+4440",NA,"LSP",20892960686080,3.2653370025254e-12,27.6584453582764,0.279659271240234,0.100266858935356,106.779998779297,18.084806,"BLL",0,-9.09397288636401,-11.0737102440843,1.37253694906904,1.44182776538657,13.3199999870611,-11.4860719902589,3.27565624749623,NA,82.7003428579238,100.704020711154,-12.4818138003666,-13.1119426052323,-121.131718728703,104.45402725024,-19.0322211452536,-29.7887290997796,-18.6594733352051,-0.452713520153278,-164.462735419153,0,122.627058569938,-15.19907647329,-15.9663828957664,-147.501820307921,127.19343306282,-23.1754927024132,-36.2736681439977,-22.7215985360051,-0.551268230992189,-200.265901464477,0,1.88385767655975,1.97896188218671,18.2821921438405,-15.7650582062973,2.87249885953399,4.49595923213742,2.81624070389958,0.0683272362385415,24.8220644517455,0,2.07886730503963,19.2051458162934,-16.5609375107843,3.01751338244595,4.72293212750205,2.95841510397837,0.0717766515558491,26.0751754224296,0,177.422399655308,-152.994478761631,27.8766154876762,43.6317411742664,27.3306493970505,0.663092375349608,240.889615686003,0,131.92984976541,-24.0384994479915,-37.624423474083,-23.5677032147139,-0.571796303818002,-207.723383645866,0,4.37997509084248,6.85542115390077,4.29419287390004,0.104185104115054,37.8485873514218,0,10.7299238517611,6.72115709703769,0.163067769075899,59.2396077586573,0,4.21009070960423,0.102144629222387,37.1073192702556,0,0.00247821864150755,0.900292566060484,0,327.060208057636,0,0
"4FGL J0626.4-4259",1,96.6094970703125,-42.9835014343262,251.045013427734,-22.4429912567139,11.9726362228394,2.94214930196546e-10,3.74747489984006e-11,2.81900371101873e-12,4.81293607398903e-13,"PowerLaw",1.90032684803009,0.0897094011306763,3364.11083984375,1.58421432971954,0.270131081342697,0.205319374799728,0.137366399168968,0,"bll","2MASS J06263670-4258059",0.996542692184448,0,"whsp2",96.6529344708,-42.9683451806,9.20000002224697e-06,"RFC J0626-4258",NA,"HSP",3019951761784832,1.32169123735759e-12,29.8866672515869,0.687865555286407,0.224919185042381,18.805700302124,18.791529,"BLL",0,-9.53133529239214,-11.5499043524101,1.07818978707951,1.47547748830981,15.4800000059512,-11.8788699893084,3.52687029638256,NA,90.8463524559999,110.08601097788,-10.2765883694877,-14.0632706574574,-147.545070382953,113.221492762833,-18.1126523537095,-33.6157833276006,-15.0996779515692,-1.95696780324054,-179.10836355571,0,133.400290549822,-12.4529889145138,-17.0416238641126,-178.792519444044,137.199812191227,-21.9485933330645,-40.7350145865748,-18.2975239819782,-2.3714191406335,-217.040362585541,0,1.16249321696256,1.59084475896136,16.6903779104073,-12.8076763045176,2.04891299965904,3.80263553391376,1.70808371084862,0.221373252998617,20.2608346514084,0,2.17703381850903,22.8403915278167,-17.5270052557835,2.80388948469914,5.20381772650101,2.337472580159,0.302944115430843,27.726478010421,0,239.630400184249,-183.884907505188,29.417059618815,54.5959522089911,24.5236378334865,3.17834392312169,290.892869031832,0,141.107552222892,-22.5737355649417,-41.895233719882,-18.8186760579378,-2.43896215953205,-223.222129891319,0,3.61124212934398,6.70220631373562,3.01052502380004,0.390173920352676,35.710047074236,0,12.4388140875056,5.58731846259145,0.724134804252999,66.2752854537115,0,2.50973504248873,0.325269895726786,29.7698095191403,0,0.0421560456681512,3.85826498581096,0,353.121562157841,0,0
"4FGL J0628.8-6250",1,97.217399597168,-62.8404998779297,272.438995361328,-26.4647331237793,22.9614944458008,6.70927646773123e-10,4.51933698797369e-11,6.70175373529425e-12,5.2640980767113e-13,"PowerLaw",2.20437860488892,0.0513866096735001,1358.75341796875,2.11171817779541,0.0739944279193878,0.0963206514716148,0.0425175651907921,0,"bll","PKS 0628-627",0.997542917728424,0.958323538303375,"bzcat",97.2395328792,-62.8124289194,1.1999999571799e-07,"RFC J0628-6248",NA,"LSP",3507518701568,3.58982266655816e-13,33.1868705749512,0.352391749620438,0.109760120511055,26.1760005950928,20.394203,"BLL",0,-9.17332431187488,-11.1738115349263,1.3610001506442,1.52096630163706,12.5449999953002,-12.4449270045797,3.13314064957133,NA,84.1498789308347,102.500997009647,-12.4848957703698,-13.9523171523497,-115.079353449358,114.161351450619,-20.2214798488044,-28.7413152932361,-19.3714757001988,-0.883580573880191,-187.082638201212,0,124.854064218052,-15.2075591823046,-16.9949908054664,-140.175465653136,139.057268915088,-24.6313110826526,-35.0091231307266,-23.5959409335639,-1.07626880646515,-227.880980727029,0,1.85232141005354,2.07003536565279,17.0737468834351,-16.937547527989,3.00015961333067,4.26420489605605,2.87404875809765,0.131092421163015,27.7565133552684,0,2.31333849071552,19.0805222468887,-18.9283146002988,3.35278557408576,4.76540134628724,3.21185218698124,0.146500465040054,31.0188955117454,0,157.377024882082,-156.121609213964,27.6539295879714,39.3052494341472,26.4915045305188,1.20834257225872,255.845276539151,0,154.876208149317,-27.4333308282998,-38.9917066789966,-26.2801785769079,-1.19870347659781,-253.80436765158,0,4.85928503369202,6.90662821402281,4.65502637068722,0.21232718331299,44.9565447569614,0,9.81657032999626,6.6163100632895,0.301786148518909,63.8979064349096,0,4.45935366243157,0.203402070609705,43.0668091967497,0,0.00927766789991629,1.96438291920436,0,415.923516005209,0,0
"4FGL J0644.4-6712",1,101.10530090332,-67.21240234375,277.526794433594,-25.5275382995605,52.6069145202637,2.03217620509122e-09,7.40619579553403e-11,2.17638008309651e-11,1.02013850925703e-12,"LogParabola",2.15682530403137,0.0254826713353395,995.039184570312,2.03696084022522,0.0410226657986641,0.0895989015698433,0.0200685001909733,0,"fsrq","PKS 0644-671",0.999908447265625,0.979625642299652,"cgrabs",101.116850517,-67.2159327667,1.39999997372797e-07,"RFC J0644-6712",NA,"LSP",15776112181248,2.43223193321929e-12,1320.4033203125,1.36471569538116,0.323294579982758,42.2336006164551,19.349422,"FSRQ",1,-8.69203863812972,-10.6622652571462,1.72104283047765,3.12070660774521,13.1979999858022,-11.6139950138917,2.99784018356742,NA,75.55153568674,92.6768215851029,-14.9593707803879,-27.1253024127881,-114.717525822628,100.949293403793,-18.7472088783365,-26.0573427065059,-17.7053423275948,-0.77879711437906,-168.185923649477,-8.69203863812972,113.683900413747,-18.3502151774624,-33.2738016415083,-140.720576712435,123.831495533287,-22.9966435049075,-31.9637672357277,-21.7186167969007,-0.955327255286602,-206.30866993646,-10.6622652571462,2.96198842433852,5.37086973328412,22.714323252209,-19.9881828518615,3.71198872609597,5.15941135484651,3.50569685003334,0.154203547165451,33.3011840069865,1.72104283047765,9.73880973162461,41.1870857647141,-36.2438709821717,6.73081897804277,9.35537966982296,6.35675715380908,0.279611884175723,60.3838690914505,3.12070660774521,174.187203625235,-153.281506028449,28.4657803319838,39.5654947001601,26.8838091403721,1.18252630164668,255.373671281281,13.1979999858022,134.884880182701,-25.0493583268558,-34.8169009443962,-23.6572530418684,-1.04060119608233,-224.724090629686,-11.6139950138917,4.65189539211001,6.46581756536026,4.39336868351876,0.193249178119254,41.7333229879813,2.15682530403137,8.98704576621154,6.10648305918042,0.268603187529578,58.0064748004035,2.99784018356742,4.14920946461103,0.182509453824965,39.4140148949924,2.03696084022522,0.00802796316252247,1.73368695721136,0.0895989015698433,374.400131734084,19.349422,1
"4FGL J0647.7-6058",1,101.931396484375,-60.978099822998,270.877502441406,-23.9363460540771,15.9929962158203,4.61071486546061e-10,4.24140410293372e-11,8.10422562391722e-12,5.95923917851016e-13,"PowerLaw",2.44562554359436,0.0627635344862938,881.515991210938,2.41792130470276,0.074251689016819,0.0426047965884209,0.0393386110663414,0,"bll","PMN J0647-6058",0.998531222343445,0.937000870704651,"rfc",101.920218479,-60.9680705556,9.6999997367675e-07,"RFC J0647-6058",NA,"LSP",15135612600320,4.82825259807973e-13,86.4935607910156,0.652638256549835,0.173747807741165,35.0499000549316,20.725748,"BLL",0,-9.33623173446808,-11.0912884765991,1.20392983448413,1.93698377663217,13.1800000033272,-12.3162100171409,2.94523019506039,NA,87.1652229996889,103.550839451365,-11.2401679267836,-18.0841294045431,-123.051534291353,114.986990810405,-22.8329268107314,-27.4973516124364,-22.5742736164124,-0.397768253949373,-193.500386198188,0,123.01668007114,-13.3531330998477,-21.4836458411198,-146.183182158479,136.602638238489,-27.1251384097445,-32.666397723405,-26.8178627041732,-0.472542089449001,-229.875249961297,0,1.44944704636098,2.33199255759921,15.8677952225065,-14.8278526874082,2.94436155590972,3.54585050125672,2.91100759616645,0.0512931857049276,24.9523463591998,0,3.75190615093622,25.5294461824567,-23.8562989927965,4.73713700165951,5.70486310627918,4.68347434038254,0.0825247997984849,40.1454376345666,0,173.712400087705,-162.327648066896,32.2333446727107,38.8181339806953,31.8682028040273,0.561531219177142,273.165358708959,0,151.689029186322,-30.1208378181925,-36.2740736311886,-29.7796265936385,-0.52472962252056,-255.262665130338,0,5.98108429948121,7.20293019680509,5.91333010518207,0.104195378816284,50.6874187188997,0,8.67438090189546,7.12133483589038,0.125480933366623,61.0420988248125,0,5.8463434357355,0.10301504535367,50.1132276451006,0,0.00181516869234072,0.883016277682871,0,429.556630159504,0,0
"4FGL J0700.5-6610",1,105.129302978516,-66.1802978515625,276.769653320312,-23.760103225708,90.2599868774414,4.76339945265636e-09,1.09072126330823e-10,4.3117818343541e-11,1.39756197066465e-12,"LogParabola",2.07710719108582,0.0151681751012802,962.543212890625,1.96394968032837,0.0241251438856125,0.0777736604213715,0.0111488271504641,0,"bll","PKS 0700-661",0.999978184700012,0.986944198608398,"bzcat",105.1302248,-66.1792302333,1.80000000682412e-07,"RFC J0700-6610",NA,"ISP",316227771695104,1.23090912462764e-11,263.038604736328,0.306116759777069,0.0748253092169762,146.455001831055,15.393669,"BLL",0,-8.32208299757505,-10.3653432215071,1.9554952660437,2.42001949219161,14.5000000077983,-10.9097740089124,2.98342023604929,NA,69.2570654185277,86.261246587734,-16.2737939053808,-20.139603069768,-120.670203529736,90.7920447869561,-17.2858584390762,-24.8282708210471,-16.3441522427537,-0.647238857051871,-128.107391055198,0,107.440340099643,-20.2693796005753,-25.0843326393034,-150.297476792685,113.083552071454,-21.5299289434651,-30.9241747206406,-20.3570125063727,-0.806150683860458,-159.560662623274,0,3.82396173551932,4.73233666071417,28.3546813728832,-21.3340114280348,4.06177327923365,5.83406414821336,3.84049430263017,0.152086024776882,30.1022468565437,0,5.85649434258734,35.0902826556504,-26.4018657569734,5.02663988979905,7.21993512463818,4.75279650807814,0.18821377419881,37.2529790363457,0,210.250000226151,-158.191723214308,30.1180542869423,43.2595934459803,28.4772703800768,1.12771807671639,223.208200620044,0,119.023168925541,-22.6607700470331,-32.5484405489138,-21.4262471772583,-0.848493059043058,-167.941449958001,0,4.31437428326042,6.19688362632893,4.07933400394075,0.161544229338297,31.9743005770949,0,8.9007963048684,5.85928721887419,0.232031512332745,45.9257836016446,0,3.85709834686191,0.15274355552252,30.2323913116307,0,0.00604874225533881,1.19722198544499,0,236.965045281561,0,0
"4FGL J0703.2-3914",1,105.823699951172,-39.2478981018066,249.86344909668,-14.6461791992188,17.0582542419434,5.8616156373148e-10,5.05413211282502e-11,6.40169688093106e-12,6.28231407867608e-13,"PowerLaw",2.11001515388489,0.0634390339255333,1989.82238769531,2.06072878837585,0.0811002850532532,0.0642937645316124,0.0398827195167542,0,"bll","1RXS J070312.7-391417",0.998146057128906,0.938945770263672,"at20g",105.802681971,-39.2385826111,6.89999978931155e-07,"RFC J0703-3914",NA,"LSP",76736150634496,1.75677441344169e-12,11.1855764389038,0.167106762528419,0.153669625520706,49.0304985046387,17.540037,"BLL",0,-9.23198266287917,-11.193704893462,1.23193458299297,1.04865836999584,13.8850000096117,-11.7552840024702,3.29881431284873,NA,85.2295038877016,103.340089509827,-11.3731987119924,-9.68119589108473,-128.186079362812,108.524578108026,-19.4796233190776,-30.4545965442771,-19.0246124471818,-0.593558919487081,-161.929317490259,0,125.299029241915,-13.7899121700735,-11.7383723277923,-155.42459255331,131.585180062486,-23.6188869533203,-36.9259539163573,-23.0671899225408,-0.719685426656603,-196.337997998405,0,1.51766281677406,1.29187851174291,17.1054116966984,-14.4817408955471,2.59940063871003,4.06392343487054,2.53868306056941,0.0792057119973001,21.6081781672763,0,1.09968437696233,14.5606214774716,-12.3272769608686,2.21268505193945,3.4593292402309,2.16100049222172,0.067422194314617,18.3935066100867,0,192.793225266917,-163.222118487287,29.2975604319725,45.8040367656118,28.6132192464058,0.89271892113941,243.54341391359,0,138.186701978732,-24.8038273834327,-38.7784991189504,-24.2244521594244,-0.755791461657049,-206.188116348835,0,4.45216394962388,6.96054818996319,4.34816897151989,0.135660817462009,37.0097438697017,0,10.8821758706556,6.79796162199368,0.212093190663809,57.8613251034963,0,4.246603139241,0.132492011483352,36.1452591950776,0,0.00413368815764642,1.12771500875377,0,307.652897961369,0,0
"4FGL J0706.5+3744",1,106.629997253418,37.7383003234863,179.496917724609,18.9880390167236,35.7638740539551,1.18751297684128e-09,6.39221245379851e-11,1.33672760360692e-11,8.45542928208654e-13,"LogParabola",1.87718105316162,0.0355569869279861,1837.95812988281,1.76506340503693,0.0538803301751614,0.0642541274428368,0.0225883778184652,0,"bll","GB6 J0706+3744",0.999913930892944,0.975336194038391,"bzcat",106.632070917,37.7434462583,2.20000003992027e-07,"RFC J0706+3744",NA,"HSP",1770108896673792,2.79544529885323e-12,7.61493682861328,0,10,146.27099609375,17.345575,"BLL",0,-8.92536163581698,-10.8739570836154,1.55344455679967,0.881666304901416,15.2479999848758,-11.5535490015769,3.26433561359635,NA,79.6620803301136,97.0539993836212,-13.8650544506285,-7.86919061335961,-136.093914087948,103.119603016206,-16.7545197553712,-29.1353758520239,-15.7538292001011,-0.573491324021191,-154.815529656186,0,118.24294265631,-16.8920894424156,-9.58720156156777,-165.806097446508,125.632796006595,-20.4123862102554,-35.4962453687641,-19.1932237162316,-0.698696624258562,-188.615038140632,0,2.41318999105052,1.36961972226278,23.6869225785868,-17.9477978082179,2.91609668916139,5.07096439050856,2.74192813896091,0.0998152245279871,26.9453890683104,0,0.777335473198517,13.4436478038023,-10.1863748567177,1.65504728277195,2.87805471839759,1.55619693023562,0.0566506991171906,15.2930090166404,0,232.501503538772,-176.168515001306,28.6232566702175,49.7745893867467,26.9136867733079,0.979746934276583,264.485327337662,0,133.484494531839,-21.6881032825345,-37.714661469278,-20.3927465409843,-0.742363209964382,-200.402950723027,0,3.52380870634897,6.12774896500378,3.31334358156426,0.120616630623125,32.5607847461939,0,10.6558869981935,5.76175933331769,0.209747036532211,56.6217782108065,0,3.11544882380056,0.11341260897193,30.6160396718234,0,0.00412859289344031,1.11452478661928,0,300.868972080625,0,0
"4FGL J0706.8+7742",1,106.724899291992,77.7002029418945,136.767379760742,27.2773513793945,38.5579223632812,1.12303466526242e-09,5.28243768171954e-11,1.07719545089369e-11,6.94852595600759e-13,"LogParabola",2.03880190849304,0.0324896797537804,1301.75012207031,1.86052131652832,0.0584871061146259,0.118826203048229,0.0278529692441225,0,"bll","NVSS J070651+774137",0.999839723110199,0.933514654636383,"bzcat",106.713893012,77.6936098583,2.20000003992027e-07,"RFC J0706+7741",NA,"ISP",127350310174720,2.14675261074604e-12,173.425842285156,0.607221901416779,0.150563150644302,39.2482986450195,17.744093,"BLL",0,-8.94960683795063,-10.9677054893266,1.58611362454429,2.2391138124344,14.1050000070696,-11.6682180002672,3.11452762707326,NA,80.0954625538927,98.156652043906,-14.1950933399882,-20.0391882867126,-126.234204512564,104.42596360189,-18.2464755014761,-27.873797748241,-16.6509342965548,-1.06344779932814,-158.802656046032,0,120.290563700605,-17.3960271066101,-24.5579408518638,-154.699486004489,127.97357861219,-22.3609788834287,-34.1592217521107,-20.4056498562968,-1.3032507994479,-194.611986199222,0,2.51575642996502,3.55148892480751,22.3721326854104,-18.5071195443767,3.23377148480771,4.93999470332049,2.95099820890065,0.188471859607662,28.144147662481,0,5.01363066503451,31.5827003402168,-26.126468090894,4.56510951412438,6.97378182898827,4.1659189781672,0.266065392524424,39.7310437254205,0,198.951025199433,-164.580214976258,28.7573009337078,43.9304122018868,26.2426531827851,1.67604359483532,250.280431890444,0,136.147311301759,-23.7891851276576,-36.3409873205457,-21.7089683153966,-1.38649004131075,-207.041945341015,0,4.15671322207486,6.34990487013126,3.79323441092992,0.242263089553711,36.176690672878,0,9.70028233980259,5.79464504108617,0.370087492213926,55.2644678658572,0,3.46153956925627,0.221078683733352,33.0132632689609,0,0.0141196665308589,2.10846319772466,0,314.852836392649,0,0
"4FGL J0706.9+6109",1,106.731903076172,61.1595001220703,155.115081787109,25.3672981262207,12.7095518112183,3.00696245680854e-10,3.28297389273757e-11,4.04273272844313e-12,4.41583591524394e-13,"PowerLaw",2.4077205657959,0.0775872841477394,1011.00433349609,2.3968608379364,0.0845064893364906,0.0145479515194893,0.0414627008140087,0,"bll","TXS 0702+612",0.999267995357513,0.972317636013031,"bzcat",106.752565592,61.1698911111,1.0000000116861e-07,"RFC J0707+6110",NA,"LSP",33113111527424,3.7242513760416e-12,18.0246715545654,0.326023370027542,0.144297569990158,83.0392990112305,17.477589,"BLL",0,-9.52187199421497,-11.3933249696233,1.10413023589258,1.25586735975266,13.5199999918574,-11.428961013098,3.00475301712355,NA,90.6660462742154,108.485781949246,-10.5133867711115,-11.9582082412775,-128.735709284254,108.825103793593,-22.9260070253474,-28.6108736032817,-22.8226020867772,-0.138523732146622,-166.4193652255,0,129.807853863442,-12.579714586311,-14.3085049484049,-154.037753496536,130.213866887381,-27.431942842158,-34.2341275775447,-27.308214433573,-0.165749539303867,-199.127851162514,0,1.2191035778122,1.3866411241735,14.9278407802772,-12.619061419399,2.65843707627564,3.31763865759557,2.6464465223924,0.0160628331429675,19.2975344654036,0,1.57720282529212,16.9793266936299,-14.3532590922355,3.02377766998828,3.77357123832379,3.01013929223373,0.0182702974645907,21.9495335522721,0,182.790399779824,-154.519552804024,32.5523820299555,40.6242607670439,32.4055585093834,0.196688304425037,236.297003137687,0,130.621149838914,-27.5177444769156,-34.3412050866936,-27.3936290705965,-0.166267970736683,-199.75068328395,0,5.79711832295653,7.23460563446565,5.77097113285026,0.0350274020636761,42.0811504758282,0,9.02854069391308,7.20197483441468,0.0437130012211526,52.5158382797954,0,5.74494187643318,0.0348694152692612,41.891348615648,0,0.000211642893413411,0.254263117449559,0,305.466117252921,0,0
"4FGL J0709.1+2241",1,107.276901245117,22.684700012207,194.262130737305,13.833456993103,25.5898418426514,9.402413292392e-10,5.78425848885011e-11,1.14165369866082e-11,7.2818151248405e-13,"PowerLaw",2.06397008895874,0.0447658859193325,1715.85827636719,1.99548864364624,0.0605530329048634,0.0680397301912308,0.0315928533673286,0,"bll","GB6 J0708+2241",0.992161929607391,0,"bzcat",107.242872313,22.6931934639,9.78342953317224e-08,"RFC J0708+2241",NA,"ISP",272270123597824,1.80496589896606e-12,92.085807800293,0.61212557554245,0.15868254005909,104.311996459961,16.798283,"BLL",0,-9.02676066288396,-10.9424656119996,1.40806760174979,1.96419270219512,14.4349999884995,-11.7435309987615,3.23448141385446,NA,81.4824080649893,98.7750181413584,-12.7102892381564,-17.7302974184987,-130.301290064918,106.006043662979,-18.6309640083819,-29.1968895914107,-18.0127983916975,-0.61417836000344,-151.634080188392,0,119.737553669794,-15.4077313115178,-21.4931110991107,-157.95449098337,128.503184117399,-22.5849217226268,-35.3932016437543,-21.8355658622347,-0.744522407867274,-183.814634068137,0,1.98265437109741,2.76571610755432,20.3254558150647,-16.5356855295004,2.90620941324343,4.55436848731032,2.8097829087779,0.0958045397140691,23.6531180573243,0,3.85805297135657,28.3531216335974,-23.0665578857695,4.05403498628177,6.35314478847868,3.91952423116318,0.133643141500941,32.9950648780083,0,208.369224667981,-169.517869832066,29.7934082103827,46.689739171791,28.8048785480844,0.982153504527926,242.483214911811,0,137.910520318872,-24.2382967202035,-37.9842327485178,-23.4340827443362,-0.799026680648088,-197.271157136468,0,4.25997252811635,6.67587289148858,4.11862887334268,0.140431967975523,34.6711536578641,0,10.4618700165699,6.45437092943141,0.220073242707208,54.3337341481673,0,3.98197492692111,0.135772508913355,33.5207829592557,0,0.00462940488449548,1.14295064299594,0,282.182311748089,0,0
"4FGL J0718.6-4319",1,109.671897888184,-43.3287010192871,254.918075561523,-13.6561069488525,50.0324363708496,2.30366192788267e-09,8.74826461272349e-11,2.06013175269026e-11,1.20693374999065e-12,"LogParabola",1.93143570423126,0.0255236104130745,1622.10205078125,1.79108679294586,0.0402805879712105,0.0958194062113762,0.0189942643046379,0,"bll","PMN J0718-4319",0.999955534934998,0.944458603858948,"bzcat",109.681782004,-43.3304794194,1.7999999499807e-06,"RFC J0718-4319",NA,"ISP",912010871046144,2.59053217245564e-12,15.0737142562866,0.092926412820816,0.0552306398749352,75.1171035766602,17.262083,"BLL",0,-8.63758125512207,-10.6861050040791,1.69925165172716,1.17822027834361,14.9600000150907,-11.5866110097335,3.2100781733628,NA,74.6078099388362,92.3021002734998,-14.6774242146937,-10.1769733906255,-129.218215706973,100.080294068065,-16.6829328343414,-27.727311057715,-15.4706577090459,-0.82764790696831,-149.102644545161,0,114.192840158204,-18.1583815787113,-12.5905856123151,-159.864131022284,123.815741891431,-20.6395247440427,-34.3032324318573,-19.1397415408387,-1.02393623620328,-184.464431527129,0,2.88745617589748,2.00209275407381,25.4208047354812,-19.6885678962098,3.28199531061978,5.45473063826004,3.04350719129995,0.162821284272197,29.3326230500013,0,1.38820302430009,17.6261753818006,-13.6515800489473,2.27565671304214,3.78217919892427,2.11029477972223,0.112896367457087,20.3385362370505,0,223.801600451514,-173.335700880463,28.8942781644464,48.0227695219498,26.7946584494988,1.43345831836817,258.240761940497,0,134.249554690878,-22.3787941952383,-37.1939271055906,-20.7526259545348,-1.11022218695486,-200.009040938734,0,3.7304438795793,6.20005959740638,3.4593689812727,0.185069022314891,33.3406034356035,0,10.3046018791003,5.74952862063388,0.307587784463723,55.412635865077,0,3.20799189986509,0.17162087297311,30.9178888800353,0,0.00918135860670072,1.65404254303149,0,297.979509498889,0,0
"4FGL J0723.7+2050",1,110.948997497559,20.8372993469238,197.431549072266,16.2153491973877,12.4823904037476,3.08173847551885e-10,4.14848919105815e-11,3.26351163974781e-12,4.89904232632565e-13,"PowerLaw",1.89248430728912,0.096725769340992,4102.69189453125,1.9383350610733,0.0983087420463562,-0.0341259315609932,0.0413534417748451,0,"bll","GB6 J0723+2051",0.99928742647171,0.824612259864807,"whsp2",110.951425254,20.8585496583,5.80000005356851e-07,"RFC J0723+2051",NA,"HSP",7079457944764416,2.49661164138104e-12,10.7336521148682,0.148774027824402,0.317109286785126,172.953994750977,17.228516,"BLL",0,-9.51120421943272,-11.4863148339963,1.09629776160825,1.03074751539284,15.8500000061912,-11.602649008759,3.61306890338436,NA,90.4630057037548,109.248686114838,-10.427111895963,-9.80365011757417,-150.752586936894,110.355164208705,-17.9998047286985,-34.3646361989705,-18.4359006115548,0.324578704254991,-163.863934073764,0,131.935428465683,-12.5924212416378,-11.8394904761616,-182.058090189955,133.271679422961,-21.7376705719202,-41.5008469411945,-22.2643267652614,0.391981193912979,-197.892158898543,0,1.20186878210726,1.13000619390844,17.3763195282782,-12.7199581370287,2.0747263099598,3.96099935131665,2.12499238870145,-0.0374121823831132,18.8875835266319,0,1.06244044048851,16.3373481253581,-11.9594016377535,1.9506734976582,3.72416179510656,1.99793404820013,-0.0351752191669598,17.7582500609058,0,251.222500196261,-183.901986860664,29.9958762822493,57.2671421410113,30.7226107300124,-0.540896015453023,273.071978706665,0,134.621464020456,-21.9578311720601,-41.9211703304305,-22.4898213750049,0.395951205999135,-199.896424089789,0,3.58149685333558,6.83767620080921,3.66826868534952,-0.0645827899508021,32.6046961678795,0,13.0542669006031,7.00333813350356,-0.123299342122047,62.2478154110599,0,3.75714280898603,-0.066147489636461,33.3946366130623,0,0.00116457920490559,-0.587939157913476,0,296.821763562256,0,0
"4FGL J0728.2+4827",1,112.051200866699,48.459400177002,169.588195800781,25.8218574523926,7.68875980377197,2.15146039872494e-10,3.3549368144703e-11,2.76379960584272e-12,4.3713261634569e-13,"PowerLaw",2.24840450286865,0.114262044429779,1644.64196777344,2.19667482376099,0.150265231728554,0.0665880888700485,0.0769290998578072,0,"bll","GB6 J0727+4827",0.994641900062561,0,"bzcat",111.999387917,48.4556625667,1.39999997372797e-06,"RFC J0727+4827",NA,"ISP",758577593581568,1.10887351818106e-12,10.7587671279907,0.200503051280975,0.357538133859634,26.4094009399414,18.213459,"BLL",0,-9.66726664343386,-11.5584934494425,0.885856293791694,1.03176250737243,14.8800000106215,-11.9551179881057,3.21607136833824,NA,93.456044355249,111.739038172144,-8.56380899984839,-9.97432327146717,-143.848927756977,115.57331334473,-21.7359258515286,-31.090619462039,-21.2358412502156,-0.643724810383429,-176.07436465225,0,133.598770820805,-10.2391641689387,-11.9256201828446,-171.990382650473,138.183152952832,-25.9881687181043,-37.1729398438771,-25.3902515609967,-0.769657989015351,-210.52014654319,0,0.784741373250356,0.913993310854166,13.1815416610295,-10.5905165127857,1.99176327985578,2.84897706292569,1.94593821804243,0.0589874776170931,16.134507286867,0,1.06453387161944,15.3526261206606,-12.3348425113412,2.31981946746722,3.31822185888534,2.26644672404553,0.0687030935336994,18.7919641257649,0,221.414400316096,-177.892155789994,33.4562590265669,47.8551419950325,32.6865214008955,0.990830763093587,271.016270113454,0,142.924846109528,-26.8799411167829,-38.4485126666522,-26.2615066995639,-0.796068459043898,-217.744051316526,0,5.05532280852002,7.23102934611864,4.93901356508241,0.149716958852835,40.9512232284135,0,10.343115046245,7.06466300624717,0.214152046087325,58.5757840083024,0,4.82538028134538,0.146272378383195,40.009046838903,0,0.00443397357936548,1.21279942652298,0,331.730088744681,0,0
"4FGL J0743.1+1713",1,115.775299072266,17.2198009490967,202.815231323242,18.9656505584717,9.51577854156494,2.83459172800704e-10,4.08343185653859e-11,2.84954438517504e-12,5.50929961373736e-13,"PowerLaw",2.1972234249115,0.117193251848221,2281.36840820312,2.18845772743225,0.126597434282303,0.0142569057643414,0.0545442849397659,0,"bll","TXS 0740+173",0.998722314834595,0.948164641857147,"bllac",115.771278392,17.2401144139,9.49999972021942e-08,"RFC J0743+1714",NA,"LSP",34276779229184,6.63420653048558e-13,10.7931652069092,0.167796015739441,0.350989401340485,37.5139007568359,18.594181,"BLL",0,-9.54750948458138,-11.5452245739642,0.97844432625137,1.03314882469334,13.5350000072795,-12.178211012519,3.35819542325576,NA,91.1549373581714,110.228141121545,-9.34170648501979,-9.86399820274377,-129.22554094331,116.271585147259,-20.9780114890869,-32.0624026546121,-20.8943209092648,-0.136117943005832,-177.528119455523,0,133.292210463267,-11.2963594796932,-11.9279351994118,-156.264614692649,140.600181048656,-25.367437879778,-38.7711203247465,-25.2662359338327,-0.164599178779166,-214.673995413938,0,0.957353299573497,1.01087860569447,13.2432439629349,-11.9157014690912,2.14986079361126,3.28580725832792,2.14128404664705,0.0139495885550203,18.193370900741,0,1.06739649396523,13.9836693497452,-12.5819043944515,2.27005879903599,3.46951565462724,2.26100252898769,0.014729505434193,19.2105562462852,0,183.196225197056,-164.832086143096,29.7394190721718,45.4531750782127,29.6207753567264,0.192967219624144,251.672239970356,0,148.308823465439,-26.7582505102219,-40.8968124856842,-26.6514999966477,-0.173623606783748,-226.443859822972,0,4.82779077897982,7.37870564940815,4.80853058314273,0.0313256073121667,40.8555700602443,0,11.2774765007759,7.34926872425168,0.0478774756876,62.4428935333892,0,4.78934722475793,0.0312006355892463,40.6925790947239,0,0.000203259361973311,0.265095486282107,0,345.743567060761,0,0
"4FGL J0747.5+0905",1,116.875999450684,9.09109973907471,211.044570922852,16.5526561737061,11.6014175415039,2.82573714427414e-10,3.76242127730908e-11,3.28301990627777e-12,4.64149064235281e-13,"PowerLaw",2.03236889839172,0.0970715507864952,2733.86596679688,2.00674986839294,0.116882055997849,0.0350681357085705,0.0535826720297337,0,"bll","RX J0747.3+0905",0.998534381389618,0.917852401733398,"bllac",116.842466813,9.09680415556,2.600000016173e-06,"RFC J0747+0905",NA,"HSP",616594988301549568,1.97458585940447e-12,3.60781812667847,0,10,83.2300033569336,18.471851,"BLL",0,-9.54886823955068,-11.4837264839595,1.06451105757524,0.557244636250502,17.7899999904492,-11.7045239774226,3.4367772186051,NA,91.1808846562997,109.656591094368,-10.1648758283307,-5.32105560875239,-169.874365890407,111.76495726707,-19.4068228249033,-32.8173328291496,-19.1621900830199,-0.334861007287822,-176.385271339612,0,131.875973958393,-12.2245538243445,-6.39924498735427,-204.295494039961,134.411551981667,-23.3391685436366,-39.4670095647641,-23.0449666103462,-0.402712878779597,-212.125684536454,0,1.13318379169996,0.593193077063152,18.9376517040966,-12.4595951976209,2.16347916541,3.65848735162781,2.13620742469194,0.0373304182303224,19.6634896433823,0,0.310521584629954,9.9133820735743,-6.52228320628414,1.13252666751113,1.91512567105561,1.11825060045837,0.0195415305269056,10.2933398913685,0,316.484099660183,-208.22348144656,36.1558426829779,61.1402666861608,35.7000801395443,0.62386213392054,328.614229113579,0,136.995881538061,-23.7879105021938,-40.2258413602231,-23.4880519512948,-0.410455835244473,-216.204222936878,0,4.13052333914997,6.98479912979421,4.07845601937349,0.0712713883386788,37.541615468126,0,11.811437650323,6.89675223113164,0.120521369902167,63.4836367022678,0,4.02704503429508,0.0703729767179596,37.068384563224,0,0.00122977414207472,0.647773377656494,0,341.209279366201,0,0
"4FGL J0805.9+3834",1,121.487701416016,38.5724983215332,182.166442871094,30.4354858398438,9.52476978302002,2.21789142607065e-10,3.17855915199505e-11,2.6349389250363e-12,3.98974202200225e-13,"PowerLaw",2.13416385650635,0.109138280153275,2080.88354492188,2.11675238609314,0.126629084348679,0.0243021845817566,0.0607037022709846,0,"bll","NVSS J080551+383538",0.99236273765564,0,"rfc",121.465658483,38.5939080111,4.79999982871959e-07,"RFC J0805+3835",NA,"LSP",72443599257600,4.80014086205044e-13,17.3164939880371,0.376048058271408,0.215148061513901,-Inf,18.074991,"BLL",0,-9.6540597179761,-11.5792294467995,0.978854487426677,1.23845996644688,13.8600000194841,-12.3187460178924,3.31824777592859,NA,93.2008690382488,111.78657256755,-9.44991967682603,-11.9561664744009,-133.805267879249,118.925909707314,-20.6033453186585,-32.034562187856,-20.4352539435116,-0.234614741229556,-174.497042515881,0,134.078554581629,-11.3343807049428,-14.340412112164,-160.488120358252,142.641586638024,-24.7119729715535,-38.4227523588093,-24.5103615606328,-0.281400571330633,-209.294468037836,0,0.958156107555343,1.21227209565482,13.5669232148058,-12.0582598190835,2.08903586784506,3.24808172586129,2.0719925718984,0.0237883024321238,17.6927860505468,0,1.53378308849161,17.165055159084,-15.2562737799867,2.643076498121,4.10951702923896,2.62151308905726,0.0300972827017082,22.3851527473877,0,192.099600540099,-170.737820048008,29.5795110927603,45.9909142390233,29.3381881124939,0.336828278776653,250.519375612175,0,151.75150345334,-26.2902225088675,-40.8766515761006,-26.0757350270491,-0.2993724395426,-222.661223404691,0,4.55465536641806,7.08168447031938,4.51749643557355,0.0518648439685308,38.5749924988776,0,11.010768302455,7.0239088973451,0.0806406699386199,59.9772986856793,0,4.480640664031,0.0514417072007092,38.260280327862,0,0.000590596175445768,0.439261767595589,0,326.705299650081,0,0
"4FGL J0807.1-0541",1,121.779800415039,-5.68419981002808,226.965103149414,14.004563331604,31.7642059326172,1.42156486582223e-09,7.7103552709179e-11,1.69116075310338e-11,8.43285348234996e-13,"LogParabola",2.18176341056824,0.0380426310002804,1231.3701171875,2.09998273849487,0.0544672459363937,0.0999069511890411,0.0319792069494724,0,"bll","PKS 0804-05",0.999826967716217,0.987332820892334,"bzcat",121.790073221,-5.68719872778,1.50000005305628e-07,"RFC J0807-0541",NA,"ISP",372391716847616,2.15764992678169e-12,117.142593383789,0.580780744552612,0.147018373012543,18.2436008453369,17.496578,"BLL",0,-8.84723331871998,-10.7718151086249,1.50193800296128,2.06871483451012,14.5710000123539,-11.6660190171137,3.09038860995219,NA,78.2735373958689,95.3007615321175,-13.2879959424508,-18.3024028108082,-128.913036796367,103.211992145029,-19.3025699395435,-27.3413890777617,-18.5790372527486,-0.883900107331415,-154.796307845183,0,116.0320007344,-16.1785984725162,-22.2838137098126,-156.956118080847,125.664199906051,-23.501552069404,-33.2890947202053,-22.6206257903705,-1.07617920627476,-188.469903249634,0,2.25581776473932,3.1070814272405,21.8847386597036,-17.5216373050721,3.27687337980285,4.64157209720588,3.15404388050815,0.150054046750818,26.2787754199763,0,4.27958106652223,30.1432438792037,-24.1336666003803,4.51344633283391,6.3931327618092,4.34426544333952,0.206678991995448,36.1954304617634,0,212.314041360017,-169.985563242485,31.7904746823431,45.0300524737917,30.5988485085517,1.45574418700976,254.942638254151,0,136.095999707658,-25.4524934385319,-36.0525322939738,-24.4984385628917,-1.1655163925132,-204.115411682413,0,4.76009157969436,6.74249679363053,4.581665501673,0.217973330565677,38.1733936905532,0,9.55050176052223,6.48976273614075,0.308751304009662,54.0712253643401,0,4.40992750197641,0.209802872952636,36.7425117827291,0,0.00998139889588944,1.74802976422125,0,306.130241710084,0,0
"4FGL J0811.0-7529",1,122.75129699707,-75.4981994628906,288.277587890625,-21.4462490081787,55.6738662719727,2.45349629501845e-09,8.43894745750084e-11,2.41526416921989e-11,1.24730802943118e-12,"LogParabola",1.93031215667725,0.0236518569290638,1723.1982421875,1.81151306629181,0.0379709638655186,0.0761604830622673,0.0164422951638699,0,"bll","PMN J0810-7530",0.999920010566711,0.958107173442841,"bzcat",122.763361908,-75.5077290056,5.39999973625527e-07,"RFC J0811-7530",NA,"ISP",562341309579264,2.27481987240263e-12,23.284049987793,0.129946514964104,0.0505406185984612,94.6047973632812,17.514692,"BLL",0,-8.61021459350302,-10.6170353614093,1.74565138193707,1.36705852298698,14.7499999879436,-11.6430529864876,3.23633524293588,NA,74.1357953461724,91.414952808544,-15.0304330039233,-11.7706672447952,-127.000665150361,100.249184737184,-16.6204019014387,-27.8655409381947,-15.5975162397071,-0.655758102710974,-150.805256659111,0,112.721439865416,-18.5336424507189,-14.5141086796687,-156.601271452784,123.614705272301,-20.4941924260006,-34.3602857156254,-19.2328982824751,-0.808598541814106,-185.954104308193,0,3.0472987472588,2.38640759984107,25.7483578625255,-20.3247115358286,3.36965208387357,5.64951308924266,3.16227028756936,0.132949652506642,30.5745462940021,0,1.86884900527134,20.1641131975761,-15.9167348187669,2.63884968581101,4.42425967709863,2.4764443767765,0.104115837485078,23.9436089760919,0,217.562499644336,-171.735031410319,28.4721042877168,47.7359447942857,26.7198177059639,1.12336712425022,258.341706788836,0,135.560682846158,-22.4747267206544,-37.6808227155397,-21.0915426165502,-0.88674053977047,-203.92448699801,0,3.72610502221598,6.24713726252215,3.49678569384276,0.147013506313506,33.8088228880578,0,10.4738658046688,5.86266357947903,0.246480855453437,56.6834149887671,0,3.28157958934596,0.137965710202393,31.7280934100766,0,0.0058004191802779,1.33392740340683,0,306.764435854864,0,0
"4FGL J0812.8+6507",1,123.217102050781,65.1259002685547,150.962875366211,32.9504241943359,10.7888526916504,2.47296183530921e-10,3.381748700515e-11,2.56713422221166e-12,4.03542542264101e-13,"PowerLaw",2.07390570640564,0.10649187117815,3121.37329101562,2.0585310459137,0.122738026082516,0.0149519396945834,0.0600836388766766,0,"bll","GB6 J0812+6508",0.996304631233215,0,"bzcat",123.170193721,65.1530807222,2.69999986812763e-07,"RFC J0812+6509",NA,"HSP",10715192857985024,2.60564942018704e-12,8.63080215454102,0.0649341270327568,0.607198357582092,59.9561996459961,18.411575,"BLL",0,-9.60678258596078,-11.5905514237158,1.03297526338747,0.936051161312119,16.0299999921212,-11.5840840172959,3.49434570988091,NA,92.2902716539193,111.347907579036,-9.923568772039,-8.99243999606163,-153.996724777261,111.285776611665,-19.9235612252224,-33.5694195150107,-19.7758602045434,-0.14364003388426,-176.875998090111,0,134.3408823058,-11.9727529097188,-10.849349120417,-185.796539230845,134.265921499112,-24.0377107380322,-40.5013936426154,-23.8595099449782,-0.173301225914366,-213.4003068291,0,1.06703789477041,0.966917694900533,16.5585934639625,-11.9660722388688,2.14229329331514,3.60957268003111,2.12641164934399,0.0154449838441659,19.0187015350032,0,0.876191776593767,15.0049001084583,-10.843295297127,1.94128184493283,3.27088635976005,1.92689037612457,0.0139957805149836,17.2341761603352,0,256.960899747406,-185.692866705985,33.2447084573425,56.0143617018597,32.9982526497779,0.239679593186369,295.137547104939,0,134.19100251977,-24.0242979469523,-40.478794288738,-23.8461965880763,-0.173204525643596,-213.281231690745,0,4.30108487906188,7.24694350787609,4.26919928293359,0.0310089130544295,38.1838704564154,0,12.2104519401631,7.1932191289452,0.0522472463261656,64.3364081134006,0,4.23755006699055,0.0307790320579293,37.9007987416685,0,0.000223560500630459,0.275288759082299,0,338.986093980625,0,0
"4FGL J0814.2-1013",1,123.550903320312,-10.2172002792358,231.899459838867,13.2143430709839,24.1414260864258,1.00347896658803e-09,6.50888717923515e-11,1.17604450483588e-11,8.18128984697575e-13,"PowerLaw",2.11282467842102,0.0482972711324692,1815.08508300781,2.07299017906189,0.0618412643671036,0.049548827111721,0.0309443008154631,0,"bll","NVSS J081411-101208",0.999579071998596,0.971259534358978,"bzcat",123.548722837,-10.20285795,3.89999996741608e-07,"RFC J0814-1012",NA,"ISP",400866712485888,4.66726006800866e-12,24.9704303741455,0.266694784164429,0.0971475318074226,79.3470993041992,17.705767,"BLL",0,-8.99849172610673,-10.9295762430227,1.38276292123656,1.39742602763392,14.6029999944298,-11.3309379987818,3.25889698761716,NA,80.9728533448113,98.3497013926924,-12.4427807059144,-12.57472654751,-131.404974626213,101.961351831066,-19.0122353874857,-29.3251575793072,-18.6537849745889,-0.445864710803114,-159.325197853874,0,119.455636852046,-15.1130127736798,-15.2732743130093,-159.604601815981,123.842350762649,-23.0922784109425,-35.6183630943188,-22.6569042130942,-0.541547683669905,-193.516530367695,0,1.91203329634666,1.93230889618308,20.1924869311152,-15.6680009275459,2.92153562439415,4.50628191860653,2.86645395569432,0.0685142809208486,24.4828780996539,0,1.95279950270872,20.4066122737542,-15.8341476770039,2.9525161974528,4.554067471874,2.89685043125059,0.0692408206446522,24.7424996450218,0,213.247608837317,-165.465687533095,30.8535787672133,47.5896726920207,30.2718755732938,0.723561522036465,258.557315402375,0,128.390155932237,-23.9402854334847,-36.9263597111068,-23.4889231910339,-0.561434687915269,-200.622948097877,0,4.46402812174489,6.88547797986946,4.37986480844637,0.104687984708461,37.4091814679725,0,10.6204095759002,6.75566144990475,0.161474523414351,57.7012707397513,0,4.29728828248705,0.102714231986633,36.7038811037581,0,0.00245508626814722,0.877299987963415,0,313.494185058289,0,0
"4FGL J0817.8+3243",1,124.468399047852,32.7235984802246,189.447372436523,31.4823246002197,8.86800670623779,2.31810751150086e-10,4.04940907194895e-11,2.62549942724177e-12,5.18049199458442e-13,"PowerLaw",2.03719592094421,0.12168063223362,3604.107421875,1.82826685905457,0.243966907262802,0.195206448435783,0.144223108887672,0,"bll","RX J0817.9+3243",0.998276889324188,0.921445548534393,"bzcat",124.46251135,32.7279071417,4.00000004674439e-07,"RFC J0817+3243",NA,"ISP",208929606860800,7.28187150335347e-13,5.55408477783203,0,10,37.380298614502,18.637972,"BLL",0,-9.63486642576293,-11.5807880721192,0.94782601286836,0.744612504557854,14.3199999870611,-12.1377569889391,3.55679772682209,NA,92.8306510422937,111.579346179937,-9.1321770288501,-7.17424202036771,-137.971287092261,116.945667296799,-19.6281105814066,-34.2692710013881,-17.6151069776399,-1.88078805612635,-179.57437066711,0,134.114652371338,-10.9765721842702,-8.6231996111344,-165.836885042904,140.564791359787,-23.5923342218406,-41.1905206897219,-21.17277103399,-2.26064450964587,-215.842403826092,0,0.898374150669933,0.705763101326994,13.5728684920111,-11.5044818119912,1.93090728718024,3.37122540799303,1.73287888747705,0.185021749707081,17.6655546887121,0,0.55444778194392,10.662851055634,-9.03792563124854,1.51692155696931,2.64843606357468,1.36135036492074,0.145353162475612,13.8780670107992,0,205.06239962943,-173.812679924559,29.172645561562,50.9333434020713,26.1807813980057,2.79535633907466,266.895758798845,0,147.32514472254,-24.7269890272788,-43.1715464669775,-22.1910588461353,-2.36936843378741,-226.223174902651,0,4.15016722031173,7.2458938207056,3.72453778766345,0.397673780495383,37.9692005330724,0,12.6508100695268,6.50277540830946,0.694309852057406,66.2914964421738,0,3.34255970791726,0.356889480348887,34.075186527587,0,0.038105557510912,3.63825232016557,0,347.374000272784,0,0
"4FGL J0817.8-0934",1,124.47339630127,-9.57769966125488,231.822692871094,14.3230600357056,33.5193138122559,1.62591706764914e-09,8.36503297185764e-11,1.22940694083362e-11,1.00848376958368e-12,"LogParabola",2.0497043132782,0.0348343513906002,1409.02856445312,1.89117288589478,0.0626523569226265,0.132373377680779,0.0317254513502121,0,"bll","TXS 0815-094",0.998338878154755,0.957557678222656,"cgrabs",124.457289475,-9.55847964722,1.80000000682412e-07,"RFC J0817-0933",NA,"LSP",50699069030400,3.01642825301096e-12,23.7994499206543,0.200512185692787,0.0756423845887184,44.4202003479004,17.388245,"BLL",0,-8.78890161002171,-10.9103043393222,1.52529511942718,1.37656691927562,13.7049999846061,-11.5205070000979,3.1489197974093,NA,77.2447915106422,95.8895913736957,-13.4056687308918,-12.0985112131241,-120.451896430052,101.252602521427,-18.0146495390392,-27.6755462772798,-16.62133242167,-1.16341659222261,-152.823574475952,0,119.034740776633,-16.6414339602333,-15.0187640327402,-149.525720802459,125.69223751436,-22.3628978634866,-34.3556733298523,-20.6332717433863,-1.44423383692134,-189.711044876698,0,2.32652520134838,2.09967080353601,20.9041695882693,-17.572173100576,3.12640398531208,4.80303199845603,2.88459677284832,0.201908466918583,26.5222052339041,0,1.89493648324397,18.8658496074816,-15.858748829618,2.82155515195532,4.33469882456573,2.60332603335376,0.182220812708138,23.9360828512597,0,187.827024578053,-157.888548258996,28.0911975819248,43.1559457750203,25.9185243720754,1.81417713907733,238.305897457327,0,132.722081539305,-23.6136328892524,-36.2771525688007,-21.7872704703462,-1.52500842419802,-200.321398241917,0,4.20128777187126,6.45435449091696,3.87634522137331,0.271326283195497,35.6407607768381,0,9.91569589051623,5.95515174071775,0.416833149628943,54.7541889227033,0,3.57653488434359,0.250340942684198,32.8841774772955,0,0.0175227111186182,2.30174072259092,0,302.351064180025,0,0
"4FGL J0818.7+3153",1,124.695297241211,31.8861999511719,190.454376220703,31.4626636505127,4.91218709945679,1.16463699795233e-10,2.94288725333214e-11,1.64363824200348e-12,3.93110267645283e-13,"PowerLaw",2.13471794128418,0.18469350039959,2793.6162109375,2.06809258460999,0.262973219156265,0.0804592967033386,0.130233690142632,0,"bll","B2 0815+32",0.993140518665314,0.804135799407959,"bzcat",124.666934742,31.8967195861,1.7999999499807e-06,"RFC J0818+3153",NA,"ISP",107151934619648,4.85527687933002e-13,28.2928295135498,0.997628033161163,0.381641834974289,-Inf,20.260994,"BLL",0,-9.93380941742968,-11.7841937627023,0.691274900216612,1.45167638261683,14.0300000166009,-12.313785998766,3.44616674217878,NA,98.6805695418146,117.061934976748,-6.86699311380454,-14.4206765206993,-139.371346291449,122.322803318755,-21.2058811886849,-34.2335636374885,-20.5440375931152,-0.799267319311394,-201.268853003686,0,138.867222636912,-8.14611736744525,-17.1068357734955,-165.332238686341,145.108040161909,-25.1559298488097,-40.6102966284153,-24.3708037362519,-0.948147942362896,-238.759479120949,0,0.477860987669487,1.00350744654026,9.69858686151485,-8.51221118758568,1.47567693185183,2.38224857082944,1.42962049506499,0.0556194923000992,14.0059166056394,0,2.10736431984748,20.3670196722133,-17.8756323150064,3.09891961891066,5.00271887018052,3.00220116214332,0.116800860786197,29.4124064781413,0,196.840900465821,-172.762417767107,29.9500927516553,48.3497194499778,29.0153389964104,1.12884393408354,284.261746156351,0,151.629325623406,-26.2864598966997,-42.4353597792541,-25.4660495125223,-0.99075856121613,-249.489544238282,0,4.55702068884057,7.3565939731859,4.41479434460372,0.171757904215724,43.2515074000511,0,11.8760652148991,7.1269918848295,0.27727615239814,69.8227636862838,0,4.27700693851883,0.16639727487511,41.9016114482275,0,0.00647369842599587,1.63018532775056,0,410.507877868036,0,0
"4FGL J0820.9-1258",1,125.244003295898,-12.9746999740601,235.204223632812,13.1731672286987,8.69399642944336,2.72146222224379e-10,4.06605131508808e-11,3.64606261848976e-12,5.90381096874509e-13,"PowerLaw",2.23489379882812,0.109536193311214,1736.30505371094,2.2233898639679,0.123294085264206,0.0314237214624882,0.059256374835968,0,"bll","PKS 0818-128",0.999631702899933,0.986327111721039,"bllac",125.239365017,-12.9831025417,7.50000026528141e-08,"RFC J0820-1258",NA,"ISP",164058976223232,2.6215490282061e-12,5.79546403884888,0,10,-Inf,19.14662,"BLL",0,-9.56519768992855,-11.4381758769232,0.939219457493493,0.763088215354503,14.2149999970968,-11.5814420156995,3.23962602931086,NA,91.4930068474145,109.408413474942,-8.9838197851527,-7.29908963472059,-135.969285134565,110.77878241461,-21.3772010017864,-30.9876634117966,-21.2671635906363,-0.30057410794195,-183.14120539394,0,130.831867391428,-10.742957341839,-8.72833721683225,-162.593670057256,132.470570683959,-25.5631083372411,-37.055412298716,-25.4315243070332,-0.359430052795386,-219.002407008615,0,0.882133189334371,0.716707299644934,13.3510045855433,-10.8775156869776,2.09905574129092,3.04271980173114,2.08825102183246,0.0295137706244248,17.9828780492341,0,0.58230362441292,10.8472989790489,-8.83766191899179,1.7054211204546,2.47212044512282,1.69664260333256,0.0239790715306071,14.6105600858708,0,202.066224917462,-164.630198219545,31.7690153438534,46.0512839972486,31.6054869098488,0.44668820049804,272.169203244413,0,134.12979916301,-25.8832929423743,-37.5195410110145,-25.7500607878382,-0.363932008035299,-221.745469326632,0,4.99475029204039,7.24022012342901,4.96904021935916,0.070228680232617,42.7906623065185,0,10.4951768097884,7.20295167661634,0.101801105987691,62.0278885253239,0,4.9434624871952,0.0698671837878468,42.5704008372451,0,0.000987450270552042,0.601658053828106,0,366.5930574244,0,0
"4FGL J0826.4-6404",1,126.622901916504,-64.075798034668,278.500335693359,-14.6736402511597,15.9155950546265,4.09625389163892e-10,4.58725210594757e-11,4.88087478420218e-12,6.08444880850073e-13,"PowerLaw",1.8113499879837,0.0731281340122223,4952.23876953125,1.77773559093475,0.0917866080999374,0.0274549778550863,0.0409969910979271,0,"bll","SUMSS J082627-640414",0.999825596809387,0.991650879383087,"rfc",126.616050175,-64.0709073361,2.79999994745594e-06,"RFC J0826-6404",NA,"HSP",75857755331624960,8.41404810408841e-12,15.414361000061,0.346877127885818,0.168736279010773,77.1828994750977,17.373987,"BLL",0,-9.38761313300865,-11.3115023337546,1.20182288072702,1.18792552582545,16.8799999875691,-11.0749950094,3.69480157579195,NA,88.1272803350365,106.188007862413,-11.2822482586633,-11.1517852672752,-158.46290956849,103.967768598249,-17.0042529356708,-34.6853677967656,-16.688693980476,-0.25773671067887,-163.100268533922,0,127.950085046536,-13.5944223201034,-13.4372223577012,-190.938159253165,125.274831895149,-20.489089616324,-41.7937566473308,-20.108860285657,-0.31055704608099,-196.525894497122,0,1.44437823663899,1.4276760775367,20.2867702117324,-13.3101824062345,2.17692186056342,4.44049707353301,2.13652330906815,0.0329960205760964,20.8804551060538,0,1.41116705490767,20.0521828611666,-13.1562692700557,2.15174888692946,4.38914910474335,2.11181748663978,0.0326144690050295,20.6390026426595,0,284.934399580333,-186.945915621,30.5755877746481,62.3682505534384,30.0081767528797,0.463440025852567,293.272900344026,0,122.655514458235,-20.0606920771962,-40.9199090126191,-19.6884127976351,-0.304063742728268,-192.41681931838,0,3.28098877896855,6.69257878991291,3.22010134127786,0.0497305738079033,31.470371143679,0,13.6515586844747,6.56838026272715,0.101440695442306,64.1934345453889,0,3.16034383127612,0.0488076912813123,30.8863550463377,0,0.000753775809023279,0.477002428339557,0,301.855424276169,0,0
"4FGL J0829.7+5105",1,127.432403564453,51.0993995666504,167.809432983398,35.9640083312988,6.36210107803345,1.3120565744984e-10,2.6333784111654e-11,1.44865955169216e-12,3.39725128454052e-13,"PowerLaw",2.06737971305847,0.155111283063889,2694.77685546875,1.98175156116486,0.2366753667593,0.0565803796052933,0.109174489974976,0,"bll","GB6 J0829+5108",-Inf,0,"rfc",127.450355238,51.1410223778,3.3000000598804e-07,"RFC J0829+5108",NA,"LSP",46773515059200,4.04679301136898e-13,5.52710103988647,0,10,35.6231002807617,19.46186,"BLL",0,-9.8820474382357,-11.8390336657322,0.803600564690152,0.742497403909449,13.6700000086396,-12.3928890086846,3.43052280868755,NA,97.6548615715408,116.993892307635,-7.94121890166108,-7.33739456820003,-135.087588566059,122.467117080611,-20.4299443972899,-33.9005891333999,-19.5837629382288,-0.559129995332892,-192.323023756302,0,140.16271813834,-9.51385413916812,-8.79045176160273,-161.839590312844,146.7198301895,-24.475778022751,-40.6140750231141,-23.4620234497481,-0.669857018966975,-230.409615737767,0,0.645773867570331,0.596671333062605,10.9852197262572,-9.95893260552132,1.66134750484275,2.75677006624376,1.59253667362767,0.0454680250011969,15.6395616859207,0,0.551302394812271,10.149939517857,-9.20168791588626,1.53502406984098,2.54715427950266,1.47144538935841,0.0420107849691414,14.4503805252491,0,186.868900236207,-169.410792855788,28.2610806953706,46.8952468243972,27.0905438582452,0.773453789693191,266.043626368143,0,153.583697981576,-25.6208073227398,-42.5140884098258,-24.5596271403035,-0.701194364517642,-241.188670882558,0,4.27405887796572,7.092193259865,4.09703297387418,0.116973128953131,40.2350545423841,0,11.7684867409255,6.79844393172821,0.194100282760159,66.7643546294839,0,3.92733925017936,0.11212825561409,38.5685714381719,0,0.00320133935627909,1.10115942662507,0,378.7639946596,0,0
"4FGL J0831.5+1747",1,127.88680267334,17.7884006500244,207.09423828125,29.855447769165,9.78602600097656,2.16143630771271e-10,3.6924050622611e-11,1.98791070410431e-12,4.28206732225322e-13,"PowerLaw",1.88785469532013,0.110607638955116,4113.4375,1.76240706443787,0.187794268131256,0.187752053141594,0.1094079464674,0,"bll","GB6 J0831+1746",0.997145354747772,0.805348992347717,"bzcat",127.887687683105,17.7752113342285,1.3e-06,"",NA,"ISP",457088203489280,6.40344981900354e-13,17.7622413635254,0.656465530395508,0.271446049213409,39.7164993286133,18.368816,"BLL",0,-9.66525755754715,-11.7016031277786,0.990606365323944,1.24949776720793,14.6600000131825,-12.1935859895003,3.61420490297652,NA,93.4172036537223,113.099008066179,-9.57446565900156,-12.0767177376447,-141.692675921053,117.854149138619,-18.2466018614938,-34.9322212530178,-17.0341181990326,-1.81467195057179,-177.539337667193,0,136.927515760038,-11.5916825428721,-14.6211269809127,-171.545502007491,142.684503953574,-22.0909264075495,-42.2919913971028,-20.6229880176453,-2.19700001228853,-214.94459475919,0,0.981300971020315,1.23776044165423,14.5222893287077,-12.0790438973239,1.87012087799082,3.58025438247355,1.74585165632404,0.185988378944702,18.1962660530643,0,1.5612446702576,18.3176372837398,-15.2358584681385,2.35887022661551,4.51594095650112,2.2021236919266,0.234595771189126,22.9517945782533,0,214.915600386511,-178.757970766816,27.6759498582798,52.98424392528,25.8368875878921,2.75244510153081,269.286842802147,0,148.683539283338,-23.0197185630679,-44.0701182681178,-21.490062088726,-2.28937080468726,-223.981737421309,0,3.56399535064226,6.82309369593326,3.3271684516644,0.354448595079353,34.6776555330715,0,13.0624770806995,6.36970025333181,0.678574391008257,66.3886648490735,0,3.10607866078051,0.33089554481946,32.3733310837594,0,0.0352508334588839,3.44878291778016,0,337.413401241856,0,0
"4FGL J0834.6+4402",1,128.666595458984,44.0499992370605,176.585067749023,36.5491638183594,11.568528175354,2.71809269536405e-10,3.26324522958998e-11,3.12319701351038e-12,3.9276559977465e-13,"PowerLaw",2.24563455581665,0.0872761085629463,1360.99914550781,2.15784859657288,0.122700922191143,0.11583799123764,0.0753708258271217,0,"bll","B3 0831+442",0.98308002948761,0,"bzcat",128.742500113,44.06059465,1.70000006960436e-07,"RFC J0834+4403",NA,"LSP",63095732961280,1.90182700317287e-12,23.5457611083984,0.467437386512756,0.182779833674431,-Inf,18.182322,"BLL",0,-9.56573573656649,-11.5054006192979,1.06327810865077,1.37191273342113,13.7999999897666,-11.720828990545,3.13385785253518,NA,91.5033001818252,110.057621867532,-10.1710374018295,-13.1233546615371,-132.007153066728,112.118352737041,-21.4811467218439,-29.9776560533153,-20.641409434337,-1.10807561243397,-173.927287329159,0,132.37424341054,-12.2334406097565,-15.7844056127261,-158.774528428572,134.852833126501,-25.8369252092096,-36.0562900773498,-24.8269125793607,-1.33276249612377,-209.194898799074,0,1.13056033633596,1.45872477642593,14.6732378884997,-12.4625008808858,2.38773406322954,3.33216245022397,2.29439317451873,0.123168000233062,19.3328649470393,0,1.88214454812304,18.9323957071723,-16.0799545383802,3.08081464173537,4.29937949262481,2.96037996643325,0.158919615192844,24.9445590749631,0,190.439999717558,-161.747439949577,30.9897568472893,43.2472383329155,29.7783106106236,1.59856427789402,250.916043413933,0,137.3778322256,-26.3206986039854,-36.7314119702414,-25.2917743879183,-1.35771728590463,-213.111886813024,0,5.04287455827784,7.03749948667036,4.84573937468452,0.260129795999631,40.8308505881853,0,9.82106503989641,6.76239076895194,0.36301979846198,56.9808125770232,0,4.65631056573155,0.249960846821963,39.2346980101362,0,0.0134184402139716,2.10620365651595,0,330.596833311684,0,0
"4FGL J0839.4+1803",1,129.869506835938,18.0606002807617,207.601089477539,31.7110404968262,11.5571308135986,3.0841323939157e-10,3.74990073714887e-11,3.29975434996965e-12,4.737638775211e-13,"PowerLaw",2.17601156234741,0.0951404273509979,1795.77526855469,2.19467401504517,0.0891121029853821,-0.0273584797978401,0.0366932339966297,0,"bll","TXS 0836+182",0.999074697494507,0.967643082141876,"bllac",129.878005712,18.0464285,1.10000001996013e-07,"RFC J0839+1802",NA,"LSP",51880004681728,2.64530649989048e-12,19.4223289489746,0.393217533826828,0.178442269563675,68.5920028686523,17.55855,"BLL",0,-9.51086698706956,-11.4815183899475,1.0628500290253,1.28830130533738,13.7150000066034,-11.5775240009447,3.25425198615457,NA,90.4565908457296,109.199194216384,-10.1086252532626,-12.2528623543319,-130.441540790463,110.11229081259,-20.6957565318116,-30.950757782723,-20.8732526370725,0.260202862325687,-166.99703353581,0,131.825264538703,-12.2031321540102,-14.7916551290245,-157.469024793947,132.927554726905,-24.9839167698302,-37.3637540245569,-25.198190063681,0.314116888919908,-201.598814725813,0,1.12965018419908,1.36927107977117,14.5769881551004,-12.3051717204452,2.31277395220033,3.45878181794003,2.33260934059183,-0.0290779610472224,18.6621053771422,0,1.659720253334,17.6690524112093,-14.9153392829919,2.8033585362014,4.19245708165969,2.82740139837272,-0.0352459652356037,22.6207028848317,0,188.101225181131,-158.785741749408,29.8439985919638,44.6320660115991,30.0999541308368,-0.375221550608036,240.815513365946,0,134.039061992451,-25.1928260894103,-37.6761804748265,-25.4088910834351,0.316743456488854,-203.284534046788,0,4.73502631946962,7.08128994866437,4.7756360323217,-0.0595323683683481,38.2076078180551,0,10.590155989391,7.14202227242257,-0.0890313872202908,57.1399462114943,0,4.81659403231449,-0.0600429447034579,38.5352934268714,0,0.000748486416848825,-0.480375235454365,0,308.3026781025,0,0
"4FGL J0847.9-0702",1,131.994506835938,-7.04339981079102,233.741302490234,21.9702262878418,14.8515062332153,4.23763607537708e-10,4.24576034052659e-11,4.66890328482128e-12,5.11193843331925e-13,"PowerLaw",2.23770713806152,0.0755105838179588,1400.40783691406,2.21105027198792,0.0897468030452728,0.0323276743292809,0.0445527844130993,0,"bll","TXS 0845-068",0.999699175357819,0.974316895008087,"bllac",131.986405067,-7.05469509167,1.39999997372797e-07,"RFC J0847-0703",NA,"LSP",20892960686080,7.07761627083414e-12,11.8182420730591,0.148970037698746,0.170825347304344,144.449996948242,16.8435,"BLL",0,-9.37287634286873,-11.330785122279,1.17177050184185,1.07255288138887,13.3199999870611,-11.1501129873296,3.1462545324836,NA,87.8508109387083,106.202047818738,-10.9828600159849,-10.0529055284454,-124.846712765737,104.508630239255,-20.9737522966053,-29.4894546761591,-20.723900787209,-0.303003293940882,-157.872042681109,0,128.386691487259,-13.277079768995,-12.1528662312985,-150.926057682148,126.339534348564,-25.354978747965,-35.649534047568,-25.0529355264517,-0.366297931328097,-190.850079207106,0,1.3730461089867,1.25678582807696,15.607983069372,-13.0653734907565,2.62207921614144,3.6866882524505,2.59084348680484,0.0378806151722014,19.7367164477732,0,1.15036968337557,14.2864043662221,-11.9590858123718,2.40005923863233,3.37452436439808,2.37146834011629,0.0346731402504712,18.0655444576734,0,177.422399655308,-148.51950484696,29.806259050026,41.9081103319725,29.4511895942705,0.430604621647737,224.355419782064,0,124.325019630216,-24.9506874219399,-35.08109352409,-24.6534603533311,-0.360457221389077,-187.806928102086,0,5.00733323573148,7.04039622549696,4.94768297624023,0.07233986760356,37.6908201799392,0,9.8989175831736,6.95652693979109,0.101711091883154,52.9939382178875,0,4.88874330525785,0.0714781131184934,37.2418252562285,0,0.00104507852754005,0.544511182565243,0,283.70349225,0,0
"4FGL J0848.7+7017",1,132.181106567383,70.2953033447266,144.013580322266,35.1861724853516,13.0998640060425,2.424948297719e-10,2.98571375956236e-11,2.94870269694492e-12,3.81298752337791e-13,"PowerLaw",2.02687358856201,0.0989892482757568,3062.75390625,1.82912528514862,0.168910592794418,0.23017156124115,0.109568022191525,0,"bll","GB6 J0848+7017",0.997698724269867,0.910137712955475,"rfc",132.164620196,70.2909624389,1.50000005305628e-07,"RFC J0848+7017",NA,"LSP",42169649856512,2.63922862514185e-13,7.28963804244995,0,10,-Inf,19.714323,"BLL",0,-9.6152975165482,-11.5303690129976,1.11726678712661,0.862705964522461,13.6249999949912,-12.578522987068,3.48611210243786,NA,92.453946331738,110.86792853556,-10.7428525635803,-8.29517451818414,-131.008428614808,120.946240839399,-19.4889925824574,-33.5200050409794,-17.587583811745,-2.21316804118205,-189.559080982329,0,132.949409575895,-12.882498341536,-9.94731812065799,-157.101277744339,145.035011679367,-23.3706004188186,-40.1961589617854,-21.090489508768,-2.65396303740824,-227.313419031426,0,1.24828507361622,0.963872721216973,15.2227599690039,-14.0535659645597,2.26455854220446,3.89491726825394,2.04362093059004,0.257163040715815,22.0261583185862,0,0.74426158122263,11.7543687622974,-10.8515668058264,1.74859593418549,3.00748970376708,1.57799729335656,0.198570378746187,17.0076640386223,0,185.64062486351,-171.382375635798,27.6161526340052,47.4982773782546,24.9218320009882,3.13608752075779,268.607650776255,0,158.219240536198,-25.4950760256082,-43.8501412160106,-23.0076944454692,-2.89521827404114,-247.977065029983,0,4.10821654401024,7.06590854719768,3.70740573063869,0.46652865831777,39.9584406050806,0,12.1529775907637,6.37653579343171,0.80240386527979,68.7263400016691,0,3.34569930877002,0.421012622588322,36.059966678887,0,0.0529789476041885,4.53767650372231,0,388.654531348329,0,0
"4FGL J0848.9+0205",2,132.237503051758,2.08699989318848,225.311187744141,26.9309864044189,4.28349876403809,1.21839566213922e-10,2.99707862694287e-11,2.25813343718295e-11,3.65171131180841e-12,"PowerLaw",2.39800548553467,0.173806458711624,1228.10412597656,2.25981616973877,0.324222803115845,0.16743703186512,0.182051226496696,0,"bll","PMN J0849+0206",0.988931596279144,0,"rfc",132.286712646484,2.10623359680176,1e-06,"",NA,"LSP",42169649856512,6.72713295658822e-13,2.50953054428101,0,10,-Inf,19.0418,"BLL",0,-9.91421165589029,-10.6462503984075,0.631798645925434,0.399592485984192,13.6249999949912,-12.1721699887373,3.08923519043701,NA,98.2915927577909,105.549179791418,-6.26378549960964,-3.96164448215065,-135.081133761847,120.677469579817,-23.7743339355767,-30.6273315328171,-22.4042958101935,-1.66000617294485,-188.784435509132,0,113.342647545592,-6.72628658589697,-4.25416166310985,-145.055161624977,129.587969592078,-25.5297668557569,-32.8887713769645,-24.0585687974091,-1.7825765672022,-202.723770836396,0,0.399169528993212,0.25246199156679,8.60825654756949,-7.69036051685843,1.51505661868257,1.9517746102633,1.42774879608136,0.105786490010157,12.0305834559829,0,0.159674154855027,5.44444761953314,-4.86390766562171,0.958224973368528,1.23443516953657,0.90300556113319,0.0669065798087977,7.60896019961379,0,185.64062486351,-165.845816035578,32.6728247283988,42.0908294542309,30.7899953013718,2.2813295583236,259.444524904623,0,148.161722234717,-29.1889304038525,-37.6026958731885,-27.5068665613575,-2.03807201427186,-231.780026491538,0,5.75043030865437,7.40800293277469,5.41905157133352,0.401514920894201,45.6623408544541,0,9.54337406183439,6.98110363547558,0.517252371020052,58.8245986492635,0,5.10676912101281,0.378376912021864,43.0309675409317,0,0.0280351596398012,3.18830247336924,0,362.59014724,0,0
"4FGL J0850.0+4855",1,132.50830078125,48.9216995239258,170.465393066406,39.2731056213379,55.9529838562012,1.89732096700368e-09,6.92790755318917e-11,2.22883256989492e-11,9.06109117859016e-13,"LogParabola",2.22156429290771,0.0235724505037069,655.013671875,2.14052271842957,0.03524986281991,0.0536927431821823,0.0166857652366161,0,"bll","GB6 J0850+4855",0.999708950519562,0.964843392372131,"bzcat",132.501464121,48.9162976167,1.89999994404388e-07,"RFC J0850+4854",NA,"LSP",19769696714752,8.72446906385882e-12,260.306579589844,0.450460821390152,0.110149763524532,-Inf,17.075935,"BLL",0,-8.72185919393614,-10.6519225545354,1.74782325150296,2.41548514561,13.2960000068898,-11.0592609929822,2.81625036496568,NA,76.0708277988484,92.9045686653703,-15.2442682954965,-21.0675213250548,-115.965839902667,96.4573171697811,-19.3761709530174,-24.5629391381019,-18.6693377515641,-0.468300545771169,-148.933900674806,0,113.46345410782,-18.6176779140258,-25.7295607026684,-141.627962358492,117.802391607641,-23.6639307979741,-29.9984807817965,-22.8006822229354,-0.571930942117164,-181.89153716628,0,3.05488611849438,4.22184110115717,23.2390579640255,-19.329633507974,3.88290172585283,4.92230786994071,3.74125537764153,0.0938454249707952,29.8457162341532,0,5.83456848866256,32.1162905126728,-26.7134806499726,5.36615554953616,6.80261092289334,5.17040083020736,0.129694023583614,41.2466673399019,0,176.783616183214,-147.043934238887,29.537918853807,37.4448648719871,28.4603900789873,0.713898713720228,227.04163187765,0,122.307253710898,-24.5688593279563,-31.1456478077368,-23.6725994045204,-0.59380206028092,-188.847221864199,0,4.93534790752253,6.25648125069606,4.75530883942088,0.1192818810418,37.935287464013,0,7.93126611816933,6.02824788699461,0.151212207582829,48.0901081758802,0,4.58183750811312,0.114930536596266,36.5514268059266,0,0.00288291067042778,0.916853792550638,0,291.587556124225,0,0
"4FGL J0851.5+5528",1,132.880493164062,55.4794006347656,162.021682739258,38.9052772521973,20.9946117401123,5.08441566626772e-10,3.78853892701869e-11,5.63821211940763e-12,4.33990652659935e-13,"PowerLaw",2.21939396858215,0.0544653236865997,1238.50073242188,2.17067813873291,0.070361390709877,0.0507585443556309,0.0363779701292515,0,"bll","GB6 J0851+5528",0.998723387718201,0.940253376960754,"bllac",132.899709513,55.4762264028,1.1999999571799e-07,"RFC J0851+5528",NA,"LSP",39810718760960,1.84320657695136e-12,28.9989261627197,0.319135367870331,0.10749913007021,13.9463996887207,18.023195,"BLL",0,-9.29375895178697,-11.2488585892386,1.32210784750523,1.46238191616654,13.6000000186065,-11.7344259885994,3.09289626775406,NA,86.3739554539204,104.544180211122,-12.2873516429795,-13.5910250243042,-126.395121917227,109.056926575627,-20.6265125630524,-28.7446323753878,-20.1737593832973,-0.471737675984821,-167.503229871052,0,126.536819560687,-14.872204216309,-16.4501273784172,-152.984477022947,131.998898571641,-24.9656489063897,-34.7915527471493,-24.4176514253582,-0.570975687652087,-202.740371881272,0,1.74796916043491,1.93342660741352,17.9806667506709,-15.5141766854966,2.93427818256824,4.08914242711728,2.86987060162683,0.0671082698205219,23.828607546617,0,2.13856086873092,19.8883940870748,-17.1602123623224,3.24560160450363,4.52299557054252,3.17436045590105,0.0742283773566118,26.3567944395432,0,184.960000506097,-159.588193663288,30.1837580140124,42.0633892990032,29.5212227271563,0.690316204181019,245.115452335349,0,137.696753281917,-26.0433142638711,-36.2933623443753,-25.471661964032,-0.595622382030191,-211.491847805595,0,4.92570958777883,6.8643553221036,4.81758996883695,0.112653207196897,40.00057027758,0,9.56600732308699,6.71368231378235,0.15699091239416,55.7438725485036,0,4.71184358197297,0.110180462586673,39.1225553766203,0,0.00257642982510255,0.914831142837685,0,324.835558008025,0,0
"4FGL J0856.6-1105",1,134.16960144043,-11.0993003845215,238.652572631836,21.4733009338379,53.8208198547363,2.42948461348647e-09,9.09483668931621e-11,2.22863550530805e-11,1.17316518912641e-12,"LogParabola",2.05276536941528,0.0252108164131641,1042.52307128906,1.94892907142639,0.0399334691464901,0.0668102353811264,0.0176669657230377,0,"bll","PMN J0856-1105",0.999748587608337,0.981300055980682,"bzcat",134.174183979,-11.0873417583,6.79999985209179e-08,"RFC J0856-1105",NA,"LSP",21281390985216,2.67431151008968e-12,40.9033737182617,0.185602083802223,0.0571222081780434,-Inf,17.522667,"BLL",0,-8.61448584708424,-10.6519609548385,1.73095030910362,1.61175913017845,13.3280000107217,-11.5727880064856,3.01808567479463,NA,74.2093664096147,91.7611668891502,-14.9112469397792,-13.8844762158311,-114.813867462301,99.6936184931764,-17.6835182222126,-25.999256330806,-16.7890219027737,-0.57553582713108,-150.94876687467,0,113.464272183404,-18.4380151073374,-17.1683953232653,-141.969335720295,123.272885983708,-21.8659765644562,-32.1485307662698,-20.7599163725836,-0.711660018663328,-186.650764708637,0,2.99618897258592,2.78987496458297,23.0701057382918,-20.0319209770169,3.55323485070659,5.22415633168697,3.37349937860654,0.115645197584246,30.3308658599698,0,2.59776749371359,21.4815257042992,-18.6525467310728,3.30856332626922,4.86442714201103,3.14120422494169,0.107682006864902,28.2423185223266,0,177.635584285798,-154.24211867452,27.359256865576,40.2250459060218,25.9753266848668,0.890446817875972,233.542105963873,0,133.929422243057,-23.7562184472981,-34.9276656998093,-22.5545429832944,-0.77318069072918,-202.786110499241,0,4.21384566187065,6.19542175514676,4.00069410527077,0.13714573751286,35.9699239973959,0,9.10884114040056,5.88203491166279,0.201639014333435,52.8849102568966,0,3.79832452545093,0.130208410003117,34.1504351252238,0,0.00446360755168151,1.1706935067751,0,307.043858792889,0,0
"4FGL J0859.4+6218",1,134.865600585938,62.3019981384277,153.18928527832,38.5344505310059,8.64998531341553,1.99619501484172e-10,2.89788904678234e-11,2.60016660980078e-12,4.05087340624513e-13,"PowerLaw",2.28946971893311,0.114997178316116,1482.49377441406,2.29252886772156,0.116784833371639,-0.00730032287538052,0.0501275733113289,0,"bll","1RXS J085930.5+621737",0.998568475246429,0.92099541425705,"bzcat",134.877670804,62.2917770417,7.50000026528141e-07,"RFC J0859+6217",NA,"ISP",691830983229440,4.1816433670773e-13,21.2684955596924,0.512935280799866,0.21947954595089,-Inf,18.263905,"BLL",0,-9.69979703332294,-11.5849988230296,0.937015370088166,1.32773677089795,14.8400000077279,-12.3786530088964,3.17099287826342,NA,94.0860624876605,112.372137214672,-9.08885890695919,-12.8787771913897,-143.944988049471,120.070421732227,-22.2073915875901,-30.7579873132677,-22.2370647099328,0.0708116501689156,-177.156171535892,0,134.212197729597,-10.855321959632,-15.3818289281459,-171.921382623287,143.406680538757,-26.523503999202,-36.735948762517,-26.5589442343157,0.0845742319190194,-211.587317928924,0,0.877997803781463,1.24410976176261,13.9053080993495,-11.5989881303241,2.14526831599176,2.97126906537294,2.14813478542592,-0.00684051474083778,17.1135597028301,0,1.76288493279452,19.7036136903862,-16.4355927740983,3.03981313168488,4.21024384472587,3.04387487601896,-0.00969290712107017,24.2496582486869,0,220.225600229364,-183.699210747684,33.9757306466601,47.0575343379343,34.0211284147044,-0.108336791527063,271.036350341142,0,153.23105031466,-28.3405512250485,-39.2526205337045,-28.3784193664033,0.0903681637272443,-226.082542582448,0,5.24167159391165,7.25989217373665,5.24867542242852,-0.0167138681616184,41.814657446971,0,10.0551958339973,7.26959271275837,-0.0231492718468552,57.9147126842797,0,5.2556886093367,-0.0167362009354979,41.8705294498241,0,5.32947140848041e-05,-0.133332403465277,0,333.570225849025,0,0
"4FGL J0901.2+6742",1,135.31640625,67.7128982543945,146.582885742188,37.0892333984375,8.68368625640869,2.27817917308748e-10,3.24256316242e-11,3.63303267678083e-12,5.35643849153972e-13,"PowerLaw",2.50757145881653,0.0957822203636169,1004.11895751953,2.43114590644836,0.151343077421188,0.140667736530304,0.100356549024582,0,"bll","TXS 0856+679",0.988051176071167,0,"bzcat",135.16111555,67.7064672861,4.49436555527427e-07,"RFC J0900+6742",NA,"LSP",7328245481472,3.49025360479524e-13,17.9090576171875,0.32845139503479,0.159244641661644,-Inf,19.661652,"BLL",0,-9.64241212274016,-11.4397306959215,0.938704123905838,1.25307273367577,12.8650000088944,-12.4571430156879,3.00178516652809,NA,92.9761115447664,110.306597943236,-9.05137202401583,-12.0826437178704,-124.049632044816,120.116906829177,-24.1790374331297,-28.944449679592,-23.4421107604878,-1.35637628799822,-189.585751597898,0,130.867438395209,-10.7385223806337,-14.334814615653,-147.17213550478,142.506361340049,-28.6859421896401,-34.3396139120932,-27.8116544522612,-1.60920102351152,-224.924003916926,0,0.881165432237827,1.17626454265541,12.0764285623978,-11.693571520911,2.35386766937965,2.81778811489929,2.28212668819987,0.132045384381496,18.4564738152015,0,1.57019127588167,16.1207807298841,-15.6097062524581,3.14216942278657,3.76145514452873,3.0464026469579,0.176266905154011,24.6374800202217,0,165.508225228853,-160.261145007624,32.259906839978,38.617966194083,31.2766921080817,1.80969043171352,252.947153154879,0,155.180412113302,-31.2371762845347,-37.3936671218109,-30.2851322486314,-1.7523181116511,-244.928010888686,0,6.28791462107126,7.52719080908466,6.09627208722855,0.352734401299714,49.3029973883829,0,9.01071418598807,7.29777771964217,0.422254324925748,59.0200553230374,0,5.91047041844062,0.341983791835005,47.8003447738122,0,0.019787412100559,2.76576008328653,0,386.580559369104,0,0
"4FGL J0905.6+1358",1,136.401702880859,13.9750003814697,215.025436401367,35.9676132202148,31.951530456543,1.02571096061155e-09,6.44043846032005e-11,9.81683397766053e-12,9.31144159173336e-13,"LogParabola",1.79101467132568,0.0400226451456547,2457.83276367188,1.59154462814331,0.0723817199468613,0.1282709389925,0.0336828827857971,0,"bll","MG1 J090534+1358",0.999852895736694,0.965523064136505,"bzcat",136.395793667,13.9684245639,2.29999997714003e-07,"RFC J0905+1358",NA,"HSP",1096478172905472,4.62573772688768e-12,29.0784931182861,0.28099712729454,0.0984291881322861,125.059997558594,16.485449,"BLL",0,-8.9889750036456,-11.0080285537335,1.50449166540248,1.46357189711927,15.039999990796,-11.3348189947808,3.39055232920732,NA,80.8016716161654,98.9508935089275,-13.523837973496,-13.1560111992433,-135.194183972095,101.888404614932,-16.0993861117091,-30.477590135797,-14.3063548795666,-1.15302426429773,-148.187288984874,0,121.176692639812,-16.5614872116046,-16.1110412339308,-165.560749346834,124.774011145948,-19.7155406421087,-37.3232968528418,-17.5197687111427,-1.41201015904365,-181.472293313117,0,2.26349517126553,2.20193172093324,22.627554633806,-17.0531407064934,2.69456664562305,5.10105772040338,2.3944656281577,0.192982558627566,24.8022206209176,0,2.1420426980373,22.0121213192031,-16.5893225396949,2.62127874028057,4.96231710474012,2.32933999076169,0.187733741526523,24.127639867793,0,226.201599723144,-170.475677577178,26.9368606402537,50.9939070000715,23.9368311926268,1.92919492126659,247.941152808268,0,128.478121644444,-20.3008271164734,-38.4312969438974,-18.0398702821201,-1.45392787577056,-186.85958046269,0,3.20773355290383,6.07252896550777,2.85047977907424,0.229735133640289,29.5256810223913,0,11.4958450970932,5.3962153459887,0.434909330970631,55.8947775049785,0,2.53301430337183,0.204148923900412,26.2373277984805,0,0.0164534337900177,2.11460402294297,0,271.770028731601,0,0
"4FGL J0909.6+0159",1,137.42219543457,1.99170005321503,228.390228271484,31.3617668151855,23.6243457794189,9.42619982069459e-10,6.53201312483809e-11,9.12132869235194e-12,8.49371083449374e-13,"PowerLaw",2.16387534141541,0.0579072497785091,2088.29541015625,2.04419302940369,0.0900936499238014,0.123075753450394,0.0515073053538799,0,"bll","PKS 0907+022",0.999696314334869,0.956636726856232,"cgrabs",137.416033158,2.001463175,1.59999999027605e-07,"RFC J0909+0200",NA,"LSP",17782794092544,7.85685969409422e-13,16.4407348632812,0.172537818551064,0.104200549423695,75.8899002075195,18.239454,"BLL",0,-9.02566335811498,-11.0399418939385,1.37335979058565,1.21592122560886,13.2499999998084,-12.104751002312,3.31979193394997,NA,81.4625990540194,99.6427990278392,-12.3954831393974,-10.9744956523321,-119.590039493294,109.253407580673,-19.5304103805416,-29.9633244148179,-18.4501981224029,-1.11084031818961,-164.623171639824,0,121.880317021538,-15.1618122875371,-13.4236996783283,-146.27923009257,133.635747706118,-23.8890580349525,-36.6503100507734,-22.5677722646109,-1.35874916664505,-201.362512337164,0,1.88611711439746,1.66989731977083,18.1970172249967,-16.6241783016266,2.97177938573972,4.55926875519746,2.8074125107785,0.169027290984804,25.0493327258366,0,1.47846442688615,16.1109562390844,-14.7184236744213,2.63110195719862,4.03660547709486,2.48557769369362,0.149650420978137,22.1777392621164,0,175.562499994923,-160.387950778315,28.6713482733396,43.987243124201,27.0855576392072,1.63075373319414,241.672765496505,0,146.524996827973,-26.1931722078764,-40.1852547399482,-24.7444476215935,-1.48980134993896,-220.784049088124,0,4.68235649318566,7.18361590450412,4.42337888941991,0.26632058801743,39.4679047514807,0,11.0210184847193,6.78629553045112,0.408585893569433,60.5511922688515,0,4.17872514146264,0.251590597291903,37.2849647269292,0,0.0151476410873822,2.2448345435738,0,332.677682218116,0,0
"4FGL J0928.7-3529",1,142.19450378418,-35.4924011230469,262.990173339844,11.2191514968872,9.04411506652832,3.38625516516089e-10,4.71197247886579e-11,3.84229670649661e-12,6.14999696134377e-13,"PowerLaw",2.23598027229309,0.109403565526009,1917.90417480469,2.2360246181488,0.108330704271793,-0.00235207309015095,0.0530657880008221,0,"bll","NVSS J092849-352947",0.993449091911316,0,"wise",142.207622362,-35.4969026694,6.70000019908912e-07,"RFC J0928-3529",NA,"LSP",46773515059200,1.12684189236545e-12,8.18919467926025,0,10,-Inf,18.816484,"BLL",0,-9.47028031951532,-11.4154091014684,0.956366079153243,0.913241195588282,13.6700000086396,-11.948137015711,3.2828269045066,NA,89.6862093301992,108.107124152852,-9.05705485765699,-8.64865012155035,-129.458732049594,113.15220683476,-21.1753599675218,-31.0892910261243,-21.1757799352063,0.0222747914957181,-178.197378107675,0,130.311564953888,-10.9173100443016,-10.4250218559544,-156.048642515698,136.392872034739,-25.5246295510383,-37.47481212425,-25.5251357771232,0.0268498765606281,-214.797862711235,0,0.914636077354947,0.873392901545985,13.0735243102875,-11.4267929509013,2.13841568607694,3.13958429520175,2.1384580969491,-0.00224944291910952,17.9954470265297,0,0.834009481319515,12.4840071515819,-10.9115309332805,2.04198929718075,2.99801276718099,2.04202979564304,-0.00214801004096048,17.1839883449278,0,186.868900236207,-163.331033107996,30.5658503415645,44.8762438129675,30.5664565494125,-0.0321528391626845,257.221336442567,0,142.757978146203,-26.7157986577846,-39.2236656539073,-26.7163285081447,0.0281028915520903,-224.821928985934,0,4.99960777808388,7.34033619582975,4.99970693454241,-0.00525918902856897,42.0732870179186,0,10.7769524849524,7.34048177559798,-0.00772144882171352,61.771259923418,0,4.99980609296749,-0.00525929333326285,42.074121451003,0,5.53224782141224e-06,-0.0442577456676559,0,354.060070122256,0,0
"4FGL J0929.3+5014",1,142.326507568359,50.2351989746094,167.647491455078,45.4265480041504,34.2646713256836,1.13610121310614e-09,5.54905912886205e-11,1.16192342206056e-11,6.44599391225187e-13,"PowerLaw",2.12534737586975,0.0347363725304604,1474.40588378906,2.0986864566803,0.0415311455726624,0.0370139703154564,0.0208396799862385,0,"bll","GB6 J0929+5013",0.9995476603508,0.985945165157318,"cgrabs",142.314334171,50.2266638167,9.49999972021942e-08,"RFC J0929+5013",NA,"LSP",22646443999232,1.88768705527975e-12,69.1859436035156,0.363844990730286,0.0976498126983643,-Inf,17.212997,"BLL",0,-8.94458297642831,-10.9348224936948,1.53484657032453,1.84001786850995,13.3550000177063,-11.7240700023209,3.16861705531738,NA,80.0055646222111,97.8074271273679,-13.7285625043542,-16.458192502998,-119.454905808576,104.866916957213,-19.0103459572011,-28.3419581718122,-18.7718751532833,-0.331074528773654,-153.963079939512,0,119.570342968614,-16.783274801555,-20.120268777383,-146.034554596909,128.200624379031,-23.2402962925758,-34.6482650503895,-22.9487638737204,-0.404741195186404,-188.221066779501,0,2.35575399443697,2.82414511481835,20.4978759738606,-17.9946486333069,3.26208213060193,4.86334102002569,3.2211617102223,0.0568107653927722,26.4193094104564,0,3.3856657564359,24.5734386665303,-21.5724982959319,3.91067714839107,5.83031200024936,3.86162058069159,0.0681063667649366,31.6722220506082,0,178.356025472935,-156.574955088586,28.3840142423726,42.3168808298681,28.0279576661254,0.494321574218301,229.879575239779,0,137.453817419321,-24.917721413946,-37.1490881670889,-24.6051469310426,-0.433954379042239,-201.80638177774,0,4.51710146811643,6.73441194365493,4.46043775347886,0.0786675446804761,36.5835980048039,0,10.0401340432482,6.6499337004008,0.117283097626566,54.5413958673269,0,4.40448484345331,0.077680718209015,36.1246836827786,0,0.00137003399851349,0.63712135999804,0,296.287265722009,0,0
"4FGL J0930.3+8612",1,142.599395751953,86.2021026611328,126.287338256836,29.5162010192871,25.1664943695068,7.98818289293735e-10,4.74729214272607e-11,1.03932843234511e-11,6.16188469606399e-13,"PowerLaw",2.21944737434387,0.044634222984314,1519.36682128906,2.12577557563782,0.0870776548981667,0.0955991744995117,0.0471837222576141,0,"bll","S5 0916+864",0.999755442142487,0.957452356815338,"bllac",142.429407096,86.2059107694,9.49999972021942e-08,"RFC J0929+8612",NA,"LSP",19054607728640,2.73506716406968e-12,80.1213150024414,0.469483345746994,0.125503435730934,-Inf,17.979746,"BLL",0,-9.0975520003256,-10.9832471917923,1.40082272361303,1.90374806859979,13.280000012513,-11.5630320043848,3.18166263839813,NA,82.7654523986283,99.9206624597606,-12.7440575713073,-17.319447049606,-120.815490678162,105.19528494132,-20.1915379000795,-28.9453413003201,-19.3393538403872,-0.869718461197509,-163.571674187646,0,120.631718876013,-15.3855822453217,-20.9093356283287,-145.857522844435,126.999638790764,-24.3767391415931,-34.9449872384167,-23.3479186215047,-1.04998936485942,-197.475994763639,0,1.96230430299063,2.666813554529,18.6029257871095,-16.1977579856069,3.10905231584417,4.45694532273869,2.97783473165503,0.133917495997563,25.1864367615905,0,3.62425670869743,25.2817743748268,-22.0130998455051,4.22526865226602,6.05708410278655,4.04694114639711,0.18199674381318,34.2289067214148,0,176.358400332345,-153.557065162918,29.4742611590585,42.2524798777393,28.2302996710701,1.26955703854975,238.771027104981,0,133.703709134427,-25.663541021586,-36.789666914953,-24.5804110152396,-1.10541631433062,-207.90037842871,0,4.9259466474819,7.06153278884072,4.71804701979369,0.212177336832383,39.9051000510697,0,10.1229771445786,6.76350072662613,0.3041643217668,57.2054860960882,0,4.51892179797831,0.2032223902022,38.2209049029718,0,0.00913920216498809,1.7188488753109,0,323.271266224516,0,0
"4FGL J0930.7+3502",1,142.681304931641,35.0334014892578,189.558547973633,46.7561569213867,6.63024187088013,1.35659511402153e-10,2.56741104071034e-11,1.61808392205864e-12,3.25273038755472e-13,"PowerLaw",2.20355653762817,0.1467025578022,1746.18029785156,2.1463634967804,0.197262540459633,0.0571923516690731,0.0994055271148682,0,"bll","B2 0927+35",0.992356956005096,0.92764675617218,"bzcat",142.730329638,35.0604467611,1.1999999571799e-07,"RFC J0930+3503",NA,"LSP",6531305701376,4.51429556713387e-13,7.46546792984009,0,10,-Inf,20.308968,"BLL",0,-9.86754975144416,-11.7909989574198,0.821529371733968,0.873057034161315,12.8150000116299,-12.3454100095088,3.24208908376785,NA,97.3685380972257,116.348268831566,-8.10648194785759,-8.61493372043506,-126.452650179516,121.818947470805,-21.743703765166,-31.9914753326933,-21.1793485891643,-0.564348375496669,-200.399752140487,0,139.027656413875,-9.68665196560496,-10.2942145795641,-151.101651776463,145.564716551038,-25.9821328377893,-38.2274690065688,-25.3077697527816,-0.674354958902427,-239.463020514272,0,0.674910508621608,0.717241996762467,10.5278989083251,-10.14211692891,1.81028641793795,2.66347140809336,1.76330065502272,0.0469851967346818,16.6844137216053,0,0.762228584898551,11.1882259029308,-10.7782470484072,1.92383053534843,2.83052867996113,1.87389774873121,0.0499321849249119,17.7308873689571,0,164.224225298074,-158.206429415431,28.2385770553321,41.5473716461902,27.5056482362028,0.732919987304313,260.259425156191,0,152.40914830288,-27.2038089361534,-40.0249190264668,-26.4977373971971,-0.706063030762722,-250.722536829994,0,4.85566141452385,7.14412659610957,4.72963331545691,0.126026580422715,44.7519592088813,0,10.5111416270867,6.95870166270953,0.185422699021314,65.8434834553906,0,4.60687626031139,0.122755575917526,43.5904275724812,0,0.00327096508943893,1.16151763989195,0,412.454181225024,0,0
"4FGL J0935.3-1736",1,143.827194213867,-17.6075992584229,250.528106689453,24.7232570648193,11.5556621551514,3.1502836450592e-10,5.0691964514904e-11,3.76537082763528e-12,6.30725398124976e-13,"PowerLaw",1.81207752227783,0.0957562029361725,6084.5859375,1.73017954826355,0.159646064043045,0.104036070406437,0.0726187899708748,0,"bll","NVSS J093514-173658",0.997111618518829,0.873173713684082,"rfc",143.811596892,-17.6162910722,7.50000026528141e-07,"RFC J0935-1736",NA,"ISP",237137375002624,9.42677142942716e-13,7.25869750976562,0,10,-Inf,18.275156,"BLL",0,-9.50165034146812,-11.4241922464314,1.06279483619238,0.860858698514214,14.375000008125,-12.0256370231129,3.78423102937341,NA,90.2813592115212,108.548680159302,-10.0983049182179,-8.17957834669338,-136.586223735805,114.263398127032,-17.2177270083178,-35.9564400524401,-16.4395610955595,-0.988514363902324,-173.644142247783,0,130.512168483423,-12.1415725271763,-9.83461526883911,-164.222763635273,137.383189237845,-20.701521979939,-43.2317827844728,-19.7659037802066,-1.18852806888641,-208.778895477524,0,1.12953286383719,0.9149161794722,15.2776757789007,-12.7807849300883,1.92586663345716,4.02186119697704,1.83882588958017,0.110568998405708,19.4227414274102,0,0.741077698807586,12.3748437981363,-10.3523742365213,1.55994269743495,3.2576881988235,1.48944011411407,0.0895603561686185,15.7323270093042,0,206.640625233594,-172.868532304956,26.0486143974669,54.3983210779896,24.8713310203462,1.49551851293783,262.705367648486,0,144.615945811664,-21.791386540655,-45.5077887708455,-20.8065112322309,-1.25110002001883,-219.770392596764,0,3.28362494674456,6.85731998743385,3.13521946891319,0.188521424689618,33.1159994037208,0,14.3204044836725,6.5473991329262,0.393696525806116,69.1574124018397,0,2.99352126922946,0.180001081298924,31.6193011525259,0,0.0108235039456131,1.90127541630462,0,333.981326824336,0,0
"4FGL J0941.9+2724",1,145.493606567383,27.4136009216309,201.202438354492,48.1634254455566,12.6433763504028,2.94803986777836e-10,3.5062244774231e-11,4.81922531395118e-12,4.59915634222485e-13,"PowerLaw",2.43294382095337,0.0790106281638145,850.342895507812,2.39725136756897,0.101468794047832,0.0954912975430489,0.0714497566223145,0,"bll","GB6 J0941+2721",0.989024698734283,0,"bzcat",145.46842295,27.3716299278,5.59999989491189e-07,"RFC J0941+2722",NA,"LSP",27542287286272,3.37857834157435e-13,22.846586227417,0.432735830545425,0.16019769012928,-Inf,19.838865,"BLL",0,-9.53046664759756,-11.3170227685902,1.10186306560328,1.35882131629407,13.4400000039876,-12.4712660063175,2.92959408759408,NA,90.8297945209695,107.856508046151,-10.5012691969517,-12.9502012349853,-128.089471781715,118.856984726526,-23.1870899410747,-27.9203987428144,-22.8469242045237,-0.910076626369842,-189.073641208691,0,128.075004344789,-12.4698094013009,-15.3778117749457,-152.10078605498,141.13760134664,-27.5336806164301,-33.1542829920294,-27.129748308812,-1.08067718849691,-224.516886907987,0,1.21410221534066,1.49723502117887,14.8090396061019,-13.741627393675,2.68077093699624,3.22801152232966,2.6414427408912,0.105218333849219,21.8597126069896,0,1.84639536961515,18.2625584964107,-16.9462220905578,3.30593592525738,3.98079489431191,3.25743625876783,0.129755610622074,26.9574726530804,0,180.633600107187,-167.613815174638,32.6987649633149,39.3737445489465,32.2190583896862,1.28340303935936,266.634345679109,0,155.53247580033,-30.341889569536,-36.5357471569208,-29.896759488961,-1.19089737294778,-247.415762678422,0,5.91921563591518,7.12753783331354,5.83237790199894,0.232324962312181,48.2668440164781,0,8.58252151806619,7.02297343290688,0.279750740698803,58.1198216085771,0,5.7468141193113,0.228916643626009,47.5587462522662,0,0.0091185879064551,1.89443896063138,0,393.580564488225,0,0
"4FGL J0942.3-0800",1,145.585601806641,-8.00759983062744,243.539901733398,32.3061943054199,26.6997489929199,9.51811518490331e-10,6.29735083523819e-11,7.38816820222699e-12,6.6014207988907e-13,"LogParabola",2.17806839942932,0.0440069176256657,943.211730957031,2.00825428962708,0.0758848264813423,0.144213080406189,0.0431657992303371,0,"bll","PMN J0942-0800",0.999656021595001,0.96485447883606,"bzcat",145.589422388,-7.99811221667,1.80000000682412e-07,"RFC J0942-0759",NA,"LSP",19275249090560,2.39190546709456e-12,135.546859741211,0.633189141750336,0.160556599497795,19.1368007659912,17.636003,"BLL",0,-9.02144904382543,-11.1314632257836,1.42650717853678,2.1320894605896,13.2849999990683,-11.6212559885342,2.97460919354825,NA,81.3865428503388,100.421928274623,-12.8691618218207,-19.2345364255863,-119.849950538816,104.840568725812,-19.649333079418,-26.8352852648902,-18.1173637409145,-1.30101095633753,-159.102302401252,0,123.909473546973,-15.8791121991985,-23.7332754246339,-147.881488944164,129.361583673786,-24.2450882914888,-33.1117528490602,-22.354808773006,-1.60530260121847,-196.314518844309,0,2.03492273041696,3.04144092081368,18.951147865532,-16.5778050912576,3.10703020713004,4.24330136793808,2.86478916048031,0.20572099443833,25.1578848801962,0,4.54580546795725,28.3248084819464,-24.7775574119675,4.64383667886651,6.34213291093715,4.28177780509775,0.307475188813196,37.6015361232266,0,176.491224975245,-154.388385796849,28.9356386843892,39.5176831335171,26.6796582358247,1.91587077306186,234.294299838568,0,135.053590751042,-25.3118904303051,-34.5686949040715,-23.3384371898282,-1.67593712429539,-204.952505477557,0,4.7439819525926,6.47890228511938,4.37411520625512,0.31410595321708,38.4124208265407,0,8.84829985434177,5.97377167290742,0.428977554806163,52.4602166612445,0,4.03308529180557,0.289616537346064,35.4175786766261,0,0.0207974125602419,2.54334231868279,0,311.028601816009,0,0
"4FGL J0953.0-0840",1,148.262802124023,-8.66950035095215,246.185836791992,33.9008560180664,56.4562034606934,2.49720977230083e-09,9.34495814064462e-11,2.78344031851008e-11,1.23262890779768e-12,"LogParabola",1.89165866374969,0.0240803379565477,1364.02514648438,1.80263864994049,0.0387730337679386,0.0464710295200348,0.0149831594899297,0,"bll","PMN J0953-0840",0.999962627887726,0.988558351993561,"bllac",148.261289587,-8.67176596667,3.3000000598804e-07,"RFC J0953-0840",NA,"HSP",1778279400865792,4.82349707051077e-12,39.7542762756348,0.192888796329498,0.0596317462623119,-Inf,16.425882,"BLL",0,-8.60254497421807,-10.5554180862376,1.75171166956879,1.59938385155909,15.2499999977597,-11.3166379809028,3.1348223768298,NA,74.0037800334446,90.8034588085338,-15.0691784193281,-13.7587715140752,-131.188810837553,97.3518871876607,-16.273078730776,-26.9674504828635,-15.5072800583768,-0.399769121444315,-141.304388646199,0,111.416850975272,-18.4900490388399,-16.8821652335832,-160.970125791476,119.451845219025,-19.9672480723315,-33.0893608135316,-19.0276046085328,-0.490521145481857,-173.382051945205,0,3.06849377330348,2.80165935689594,26.7136029569997,-19.8234868114328,3.31364055613124,5.49130493951813,3.15770315911649,0.0814038447071207,28.7734091823599,0,2.55802870462799,24.390603732693,-18.0996480405962,3.0254883194631,5.01378428700767,2.8831111469111,0.0743250141796694,26.2712904184151,0,232.562499931671,-172.578729183415,28.8477946179449,47.8060412396315,27.490239407554,0.708683200076422,250.494700463201,0,128.066295190812,-21.4072162810936,-35.4756499730161,-20.3998090117599,-0.525895817678081,-185.885760111028,0,3.57837250013926,5.93001390844649,3.40997701976997,0.0879073256049414,31.0721619950301,0,9.82711133427284,5.65095197717171,0.145678423213723,51.4922224527658,0,3.24950610225927,0.0837704739153402,29.6099297525618,0,0.00215955658465195,0.763327647314608,0,269.809599477924,0,0
"4FGL J1011.6+3600",1,152.905197143555,36.0140991210938,188.081634521484,55.0793495178223,6.90899753570557,1.44529249679337e-10,2.6461700886049e-11,1.7838711193971e-12,3.4115185719788e-13,"PowerLaw",2.15075087547302,0.131028100848198,1883.12023925781,2.07224631309509,0.214741066098213,0.230452463030815,0.1570895165205,0,"bll","NVSS J101147+360019",-Inf,0,"rfc",152.947925088,36.0052248528,1.50000005305628e-06,"RFC J1011+3600",NA,"ISP",113501079076864,1.46747604302597e-13,4.28891515731812,0,10,-Inf,19.43798,"BLL",0,-9.84004425194661,-11.7486365256082,0.839415037780194,0.632347455175185,14.054999990471,-12.8334289800064,3.27487805107296,NA,96.8264708802675,115.607103312021,-8.25988111750654,-6.22232694152965,-138.301821867344,126.281509067477,-21.1634837895674,-32.2249449422866,-20.3909954217889,-2.26766243419331,-191.270583368453,0,138.030460210855,-9.86198217300917,-7.42922040874657,-165.12708625547,150.775292463302,-25.2683902930661,-38.4753518877484,-24.3460687240859,-2.70750222458021,-228.369761812042,0,0.704617605651525,0.530801962976087,11.7979783480018,-10.7725732721015,1.80537262739097,2.74898188296694,1.73947471719658,0.19344526296155,16.3165327160707,0,0.399863304066533,8.88764347646159,-8.11518615667852,1.36002184282117,2.07086080160506,1.31037968258184,0.145726028536389,12.2915571867461,0,197.54302473214,-180.3738441917,30.2288035342788,46.0284109766241,29.1254219108051,3.23900936570212,273.200808714775,0,164.696899384868,-27.6015086140696,-42.0279148866266,-26.5940258881859,-2.95749531757351,-249.455935844785,0,4.62572932834796,7.04344683541254,4.456885572085,0.495645836618439,41.806252502427,0,10.7248262493994,6.78635396717198,0.754703712995319,63.6570140591952,0,4.29420478213619,0.477554266859289,40.2802823890161,0,0.0531083377169692,4.47953036734372,0,377.8350664804,0,0
"4FGL J1018.8+5913",1,154.708801269531,59.2300987243652,151.464630126953,48.5769920349121,13.0350103378296,2.50992310268927e-10,2.80739511498984e-11,3.14881909609099e-12,3.59251175899647e-13,"PowerLaw",2.07126140594482,0.0857213586568832,2124.21704101562,1.96913659572601,0.132387548685074,0.118884034454823,0.0747157782316208,0,"bll","TXS 1015+594",0.976322889328003,0,"bzcat",154.743915642,59.1910699889,1.80000000682412e-07,"RFC J1018+5911",NA,"ISP",630957338001408,1.22744490353016e-12,11.4212236404419,0.204348146915436,0.208940833806992,-Inf,18.341612,"BLL",0,-9.60033958393303,-11.5018522894512,1.11511137993554,1.05771263559312,14.7999999955406,-11.9109979929971,3.32719888853928,NA,92.1665201268314,110.421687822969,-10.7054479212894,-10.1544004839108,-142.085025799397,114.349625516317,-19.8848128641648,-31.9422391932616,-18.9043800061195,-1.1413271018743,-176.085703716741,0,132.292606088354,-12.8258463783047,-12.1656544992782,-170.227413832586,136.998539535402,-23.8233427440183,-38.268950153605,-22.6487182617934,-1.3673866038734,-210.962511974426,0,1.24347338966174,1.1794673966515,16.5036484180733,-13.2820894083804,2.30968716459035,3.71019734391903,2.1958066265416,0.132568939713222,20.4529402675623,0,1.11875601949334,15.6541470020614,-12.5984130797173,2.19079936068421,3.51922030553938,2.08278065850822,0.125745145413154,19.4001547695464,0,219.039999868002,-176.282770243241,30.6546687987468,49.242543535544,29.1432216079638,1.75948370940123,271.455857518207,0,141.871873189181,-24.6707904491811,-39.6302592836935,-23.4543820396296,-1.41602749579079,-218.466903720332,0,4.29012381175651,6.89149864773391,4.07859663376085,0.246239912349289,37.9902730584144,0,11.070252443897,6.5517090926816,0.395550827303153,61.0261910604187,0,3.87749893262742,0.234098902892544,36.1171394138073,0,0.0141334136482555,2.180524832965,0,336.414730758544,0,0
"4FGL J1019.7+6321",1,154.926300048828,63.3526992797852,146.429702758789,46.2511291503906,20.4752540588379,4.78200701259368e-10,3.88077729673864e-11,4.62428099284873e-12,3.85476725409464e-13,"LogParabola",2.18569588661194,0.0592524297535419,1251.38879394531,1.94018268585205,0.110807090997696,0.198480889201164,0.0685959234833717,0,"bll","GB6 J1019+6319",0.998596012592316,0.887406885623932,"cgrabs",154.961986854,63.3337852861,9.49999972021942e-08,"RFC J1019+6320",NA,"LSP",17782794092544,2.22007178266037e-12,33.1410140991211,0.386913537979126,0.127160102128983,-Inf,18.462389,"BLL",0,-9.32038979134686,-11.3349557840305,1.31122929923181,1.52036579348929,13.2499999998084,-11.6536329830677,3.09739226159763,NA,86.8696658626428,105.646206174846,-12.2211681746751,-14.1704018207505,-123.49516473356,108.616401887487,-20.3715376285667,-28.8689032147913,-18.0832588985634,-1.84991925348798,-172.076661959475,0,128.481222625926,-14.8627261295179,-17.2332790447535,-150.188164136232,132.093414586392,-24.7747662320837,-35.1088043310074,-21.9918849570745,-2.24977210307025,-209.270362982571,0,1.71932227516394,1.99354817397298,17.3737882145703,-15.2805850098926,2.86594848573602,4.06139148462069,2.54402438355147,0.260253957258149,24.2084253906151,0,2.31151214601232,20.1448467634418,-17.7177849573347,3.32305726097504,4.70916924355147,2.94978738868963,0.301763554602788,28.0695847016929,0,175.562499994923,-154.410637023414,28.9604704971894,41.0404474655751,25.7074205871679,2.62987178187739,244.626654246463,0,135.807161704043,-25.4712976751763,-36.0958726212528,-22.6101769410223,-2.31302343690329,-215.153905396626,0,4.77726650875235,6.76995752539759,4.24064931574253,0.433818863098064,40.3531676943295,0,9.59383882220488,6.00950683724384,0.614773170286702,57.1852608192052,0,3.76430885448007,0.385089184700617,35.8204074772653,0,0.0393946633780847,3.66443138549779,0,340.859807587321,0,0
"4FGL J1022.4-4231",1,155.62190246582,-42.5242004394531,275.767486572266,12.3565587997437,9.67985248565674,3.11676545683426e-10,4.1694266095238e-11,3.53742122399803e-12,5.36276318491291e-13,"PowerLaw",2.1951904296875,0.0973112359642982,1862.17126464844,2.13411426544189,0.130685091018677,0.082089364528656,0.0666286051273346,0,"bll","PMN J1022-4232",0.994428813457489,0,"rfc",155.576593763,-42.5352879167,2.90000002678426e-06,"RFC J1022-4232",NA,"LSP",64565421277184,5.43649489575387e-13,6.78823852539062,0,10,-Inf,20.20366,"BLL",0,-9.5062958780681,-11.4513132228073,0.98586873900742,0.831757094170231,13.8099999890609,-12.2646810153847,3.27001962072229,NA,90.3696613213745,108.85957168844,-9.37195992994243,-7.90692903586437,-131.28194597213,116.591686582372,-20.8681297333128,-31.0857740416741,-20.2875216448966,-0.780365787651992,-192.061969779889,0,131.132574526841,-11.289491726948,-9.52471101063534,-158.142635481702,140.446703884988,-25.1378131940605,-37.4460189216165,-24.4384109068364,-0.940031025478847,-231.358438907103,0,0.97193717055208,0.820003317590082,13.614847274908,-12.0913656069656,2.16416962079717,3.22381012001101,2.10395653976894,0.0809293382937865,19.9181568075347,0,0.691819863702507,11.4865654613922,-10.2012354422812,1.82586521294718,2.71986201761161,1.77506468005118,0.0682784113026358,16.8045375332033,0,190.716099697862,-169.375244688298,30.315579809971,45.1589709264038,29.4721179824072,1.13365412324276,279.01254437899,0,150.422400409138,-26.9233103881425,-40.1057475622081,-26.1742307160268,-1.0067998706996,-247.791445243287,0,4.81886102259159,7.17831577629992,4.68478721135761,0.180201787392434,44.3508810766602,0,10.6930283199088,6.97859552085832,0.26843383266133,66.0663646104021,0,4.55444369796258,0.175188083881664,43.1169190201377,0,0.00673866376871857,1.65850561055303,0,408.1878773956,0,0
"4FGL J1027.0-8542",1,156.764495849609,-85.7163009643555,300.178619384766,-23.6402854919434,30.3572387695312,9.86878134767721e-10,6.16653256235722e-11,1.13764275777584e-11,7.96119301125359e-13,"LogParabola",1.86596345901489,0.0418919920921326,2427.35229492188,1.72746109962463,0.0690213963389397,0.081412136554718,0.0298022255301476,0,"bll","PKS 1029-85",0.999922573566437,0.972248733043671,"bzcat",156.643220392,-85.7206378806,4.79999982871959e-07,"RFC J1026-8543",NA,"HSP",1312199884668928,2.95289487306505e-12,2.3322479724884,0,10,105.962997436523,17.710352,"BLL",0,-9.00573647313132,-10.9439940935507,1.48226226650895,0.367774724199338,15.1179999952505,-11.5297520142135,3.3851328124412,NA,81.1032894234877,98.5587267700233,-13.3488633562459,-3.31208224761779,-136.148723958027,103.833908240562,-16.8043751803807,-30.4856140353953,-15.5570594308051,-0.733176247526371,-159.494762958394,0,119.771006719673,-16.221869489767,-4.02492440939479,-165.451302654321,126.181537943657,-20.4210930742404,-37.0468735052412,-18.9053240711305,-0.890973941598177,-193.821987682704,0,2.19710142671625,0.545138596256415,22.4088409380423,-17.0901163528742,2.76584722598229,5.01765463500291,2.56055040483565,0.120674138050932,26.2513864961913,0,0.135258247759899,5.56001827869885,-4.24035136711413,0.686254196505244,1.24496628647369,0.635316529479533,0.0299413260678903,6.51341982227319,0,228.553923856394,-174.306790896119,28.2096355645247,51.1764378424084,26.1157568959206,1.23078868004756,267.745101451885,0,132.93518150926,-21.5140959500257,-39.0297418626241,-19.9171980928725,-0.938661745423184,-204.19596664443,0,3.48181963037881,6.31653413192758,3.22337928876924,0.151912071931434,33.0468696782913,0,11.4591241578661,5.84768525055509,0.27559089478232,59.9518936750836,0,2.98412185071634,0.140636298935604,30.5939441406593,0,0.00662793597840405,1.44183759545612,0,313.656567963904,0,0
"4FGL J1030.6-2028",1,157.663101196289,-20.4787006378174,263.663696289062,31.4523315429688,17.4991607666016,4.7858444984783e-10,4.67361253864151e-11,6.26528212990807e-12,6.77827802567088e-13,"PowerLaw",1.85505163669586,0.069649413228035,3575.13037109375,1.71428048610687,0.130197763442993,0.104376815259457,0.0659344866871834,0,"bll","NVSS J103040-203032",0.973656535148621,0,"whsp2",157.668364354,-20.5101152194,1.03098216186481e-06,"RFC J1030-2030",NA,"HSP",2511886390132736,4.51326665927218e-13,17.918872833252,0.276045948266983,0.142734423279762,28.514799118042,18.89474,"BLL",0,-9.32004141657714,-11.2030593676541,1.24301722107637,1.25331068737438,15.3999999928461,-12.3455090061144,3.55329188345577,NA,86.8631720067132,104.412977298909,-11.5849719819504,-11.680907514168,-143.528637748613,115.060655245712,-17.2891580838946,-33.1168275189952,-15.977165130146,-0.97279624114856,-176.099759355457,0,125.508539195182,-13.925595722735,-14.0409140367705,-172.527114181728,138.307470319408,-20.7822536159676,-39.8077399209584,-19.2051860586662,-1.16933965795836,-211.678893956389,0,1.54509181189242,1.55788676776542,19.1424651956837,-15.3456802975536,2.30586113039886,4.41680300264641,2.13088016598601,0.129742178848612,23.4864872077605,0,1.57078767908684,19.3009845765994,-15.4727583784398,2.32495604190226,4.45337869289576,2.14852605439509,0.130816578078779,23.6809795771602,0,237.15999977966,-190.120838605843,28.5677951918454,54.720694979799,26.399919473782,1.60740295424894,290.978995864829,0,152.411592620052,-22.901556687636,-43.8671969485564,-21.1636651802385,-1.28858491281517,-233.26518283819,0,3.44121657480799,6.59153992406274,3.18007882150832,0.193624381980157,35.0507183619427,0,12.6258832090327,6.09133893725015,0.370881290482391,67.1385262820071,0,2.93875758504681,0.178931137601269,32.3908840720629,0,0.0108945195637068,1.97217278635547,0,357.0111996676,0,0
"4FGL J1032.7+6624",1,158.182907104492,66.4060974121094,141.821823120117,45.3010368347168,12.5963401794434,2.25989477131705e-10,2.61305335008677e-11,2.92428407877576e-12,3.38926315398419e-13,"PowerLaw",2.1333646774292,0.0885737463831902,1809.57385253906,2.02899670600891,0.134213522076607,0.0860272198915482,0.0731033980846405,0,"bll","2MASS J10323905+6623234",0.998623013496399,0.90729022026062,"bzcat",158.162833271,66.3897825667,4.70000003360838e-07,"RFC J1032+6623",NA,"LSP",52480746455040,6.54765846576366e-13,16.7751388549805,0.34344819188118,0.187014296650887,19.1578006744385,18.303957,"BLL",0,-9.64591178266689,-11.5339804402463,1.10024438077208,1.2246661236966,13.7200000035589,-12.1839139820247,3.25757631228295,NA,93.0436141189919,111.255757829621,-10.6128602363024,-11.813021392398,-132.341909692519,117.524959438212,-20.5782474787397,-31.4222937335867,-19.5715232334836,-0.82981097398196,-176.558354495728,0,133.032704795984,-12.6901971673161,-14.1252751165488,-158.246211681228,140.529025554316,-24.6061864613808,-37.5728214684812,-23.4024083204309,-0.992236271557884,-211.117482017109,0,1.21053769742054,1.34743202091911,15.0953529081086,-13.4052828945331,2.34722249847912,3.58413003252555,2.23239222439136,0.09465096527912,20.1388258351438,0,1.49980711453006,16.8024192214758,-14.921226707819,2.61265944993847,3.98944335500943,2.4848435309411,0.105354621916977,22.4162360674992,0,188.238400097656,-167.16329987674,29.2697633819211,44.6939470161155,27.8378348136632,1.1802934572182,251.130290105142,0,148.447759921377,-25.9927317220872,-39.6900295787367,-24.721121335824,-1.04814824727135,-223.013837618679,0,4.55124484690259,6.94959823865452,4.32858990321961,0.183527432214064,39.049015320983,0,10.611803430347,6.60961160719476,0.280240233730264,59.6265367442457,0,4.11682763299501,0.174548945787055,37.1386684599287,0,0.00740068256226879,1.57463853372444,0,335.034841857849,0,0
"4FGL J1036.5+1231",1,159.147903442383,12.5227003097534,231.052886962891,55.2439193725586,6.05602025985718,1.24230140063908e-10,2.85591758575343e-11,1.21563599030788e-12,3.43024518295251e-13,"PowerLaw",2.00732612609863,0.167968571186066,3122.09765625,1.57052230834961,0.49679109454155,0.378345161676407,0.317109256982803,0,"bll","TXS 1034+128",0.995149910449982,0.802078783512115,"bllac",159.168151855469,12.5607471466064,8.8e-07,"",NA,"ISP",131825674485760,1.27641235254938e-12,3.71282935142517,0,10,-Inf,18.289022,"BLL",0,-9.90577302513015,-11.9151964506119,0.782187319386577,0.569704988698951,14.1200000020759,-11.8940090015499,3.49444648325785,NA,98.1243392253961,118.029231589598,-7.74817004897842,-5.64336830933615,-139.869515135401,117.819353528208,-19.8841169925468,-34.6151937116165,-15.5572375174147,-3.74780129672266,-181.166900783612,0,141.971906456674,-9.31991557166858,-6.78814685924163,-168.242573907375,141.719453838813,-23.9176851329109,-41.6370163341672,-18.7130818340541,-4.50805692751291,-217.917290019563,0,0.611817002609159,0.445616017951593,11.0444849513622,-9.30334301768213,1.57010504170773,2.73331172747931,1.2284426344048,0.29593678781455,14.3054410923821,0,0.324563774148472,8.04423444161184,-6.77607626381321,1.14358370798413,1.9908035942535,0.894734393929765,0.21554512605716,10.4193470718249,0,199.374400058623,-167.943407126575,28.3434449046797,49.341584350855,22.1757749971567,5.34223368365627,258.240990677966,0,141.46745012895,-23.8751550128634,-41.5629779273033,-18.6798064726452,-4.50004075867204,-217.529792297544,0,4.02935817651813,7.01449372209696,3.1525504611709,0.759462127716062,36.7120316813926,0,12.2111562243532,5.4881061572903,1.32210691967774,63.9100086101255,0,2.46654032102379,0.594199516668937,28.7233170488968,0,0.143145061363947,6.91956298549337,0,334.488325716484,0,0
"4FGL J1040.5+0617",1,160.149505615234,6.28480005264282,240.793441772461,52.5860824584961,34.9122581481934,1.48671619459861e-09,7.16241302378684e-11,1.85346737957559e-11,7.93212826151468e-13,"PowerLaw",2.36793327331543,0.0315838232636452,864.256042480469,2.35919713973999,0.0345241688191891,0.022144291549921,0.01868193782866,0,"bll","GB6 J1040+0617",0.99772709608078,0.821027994155884,"bzcat",160.131774658,6.28937916944,2.00000002337219e-07,"RFC J1040+0617",NA,"LSP",14621771563008,1.24727723808948e-12,141.686401367188,0.4421067237854,0.111129991710186,25.0151996612549,19.017561,"BLL",0,-8.82777192783538,-10.7320150530091,1.54297794018006,2.1513281699751,13.1649999946073,-11.9040370031452,2.93664242461219,NA,77.9295572098784,94.7397812140605,-13.6210573455908,-18.9914344264676,-116.217617382347,105.086123684279,-20.9035748771613,-25.9240095580819,-20.8264542824262,-0.195484755306195,-167.882691131697,0,115.176147098014,-16.5592624804734,-23.0880863041353,-141.28697811499,127.754304309332,-25.4126955337423,-31.5160907062432,-25.3189392167056,-0.237652870251974,-204.096750923519,0,2.3807809238823,3.31945190835952,20.3133045741497,-18.3676664949402,3.65366880454407,4.53117447937349,3.6401891431547,0.0341681533624438,29.3436770990286,0,4.62821289492841,28.3222353461207,-25.6094901412922,5.09420155550483,6.31768157321218,5.07540726524732,0.0476396382154866,40.9130147035198,0,173.31722485801,-156.716647082212,31.1738415304281,38.660897504183,31.0588303319545,0.291529598135292,250.366190462444,0,141.70609697225,-28.1879653065256,-34.9579000875896,-28.0839700491792,-0.263606466018695,-226.385749853571,0,5.60710798687433,6.9537733090689,5.58642140550091,0.0524362047750557,45.0323154692059,0,8.62386873003216,6.92811840858419,0.0650298660284792,55.8477764452502,0,5.56581114415735,0.0522427492861421,44.8661755160308,0,0.000490369648247903,0.421130415352407,0,361.667626388721,0,0
"4FGL J1042.1-4128",1,160.543899536133,-41.4791984558105,278.416137695312,15.1580848693848,11.1066055297852,2.62994459543364e-10,3.82910682328319e-11,3.1093565222573e-12,4.99352241414147e-13,"PowerLaw",1.86777114868164,0.0912068411707878,4461.5498046875,1.70000493526459,0.170179590582848,0.245516270399094,0.112485744059086,0,"bll","1RXS J104204.1-412936",0.994006216526031,0.887396931648254,"rfc",160.512575496,-41.4915968611,4.30000000051223e-06,"RFC J1042-4129",NA,"HSP",1778279400865792,1.28691838002098e-12,6.53479337692261,0,10,34.17919921875,17.865501,"BLL",0,-9.58005340061705,-11.5073294784162,1.04558134742535,0.815231860213274,15.2499999977597,-11.8904489963983,3.649485745418,NA,91.7774231586743,110.240830901722,-10.016725143024,-7.80996475472754,-146.095814337948,113.911136342809,-17.893347344502,-34.9622683258952,-16.2861380611473,-2.35205898114366,-171.152453608777,0,132.418631724826,-12.0318490613099,-9.38114161677628,-175.486774520067,136.827314247858,-21.4930579981595,-41.9958348993083,-19.5625169050232,-2.8252366157943,-205.584206303974,0,1.09324035408381,0.85239122686587,15.9451155458942,-12.4324316831465,1.95290667432074,3.81583422310376,1.77749345084369,0.256707232818731,18.6798346080089,0,0.664602985906795,12.4322858664261,-9.69347285410484,1.52266654799242,2.97517705305894,1.3858981857475,0.200152685830079,14.5645256138721,0,232.562499931671,-181.329347168436,28.4835100132106,55.6546576094486,25.9250752589765,3.74412312303615,272.448890209976,0,141.382777335949,-22.2086375803433,-43.3940241189754,-20.213821976389,-2.91929869096636,-212.428828435603,0,3.48856906384753,6.81640418281665,3.1752201707036,0.458568206383348,33.368667324543,0,13.3187462060092,6.20414377838837,0.896008129089685,65.199891234251,0,2.89001677992396,0.417378871366215,30.3714398709745,0,0.060278239030681,4.38627117433128,0,319.176125981001,0,0
"4FGL J1047.7+7238",1,161.93879699707,72.6419982910156,134.748626708984,41.5292434692383,16.4798603057861,4.63013100082676e-10,4.1028697800316e-11,6.11520339574567e-12,5.7621073711045e-13,"PowerLaw",2.23398470878601,0.0754344314336777,2159.87133789062,2.13541674613953,0.110953472554684,0.11352714151144,0.0702811107039452,0,"bll","GB6 J1047+7238",0.999168038368225,0.90437239408493,"bzcat",161.948010933,72.6369335139,1.39999997372797e-07,"RFC J1047+7238",NA,"ISP",446683578105856,3.15852986126908e-12,66.7507476806641,0.684044480323792,0.187488421797752,92.7787017822266,17.782862,"BLL",0,-9.3344067212647,-11.2135890934632,1.21695352600895,1.82445613463239,14.6499999863444,-11.5005150128576,3.33442788128594,NA,87.1311488379916,104.672201403523,-11.3595391726447,-17.0302156057652,-136.749058339061,107.350484634024,-20.8529218808947,-31.1249060266479,-19.932848427866,-1.05970851277035,-165.992466576123,0,125.744580357037,-13.6464167865055,-20.4587014128158,-164.279080066108,128.96204971739,-25.0509865654064,-37.3909041225276,-23.9456859345089,-1.27304671586474,-199.409707373761,0,1.48097588446562,2.22027832608955,17.8283691394129,-13.9955922958159,2.71865556840721,4.05784376735348,2.59870293871306,0.138157255160064,21.6409166134306,0,3.32864018719776,26.7282823474505,-20.9821851666399,4.07580710661959,6.08351740350142,3.895974182491,0.207125289777826,32.4440516672212,0,214.622499599891,-168.482544781317,32.7278759532086,48.8493684153054,31.2838553017837,1.66317262159231,260.518928057164,0,132.261845560963,-25.6919746818878,-38.3476379080199,-24.5583923476852,-1.30562059531912,-204.512071402575,0,4.99068767908971,7.44906089934252,4.77048835776129,0.253617898168742,39.7266417864518,0,11.118409295497,7.12039313649255,0.37854806593844,59.2956708618603,0,4.56000467969314,0.242427759124881,37.9738213090883,0,0.0128884118597585,2.01883749075241,0,316.230180911044,0,0
"4FGL J1052.9-3743",1,163.235702514648,-37.7234001159668,278.435424804688,19.4478702545166,10.3258447647095,2.64097743674085e-10,3.81281603512029e-11,3.40446139161787e-12,5.03238022000335e-13,"PowerLaw",1.99710714817047,0.101475536823273,3006.28759765625,1.95532667636871,0.132996067404747,0.0636331737041473,0.059490792453289,0,"bll","PMN J1053-3743",0.999066352844238,0.931499719619751,"rfc",163.242074742,-37.7218374472,5.80000005356851e-06,"RFC J1052-3743",NA,"HSP",1047128528912384,1.72524592268603e-12,10.987473487854,0.199591308832169,0.345880687236786,29.6284999847412,18.191677,"BLL",0,-9.57823530918338,-11.4679515865855,1.01392559172255,1.04089784015531,15.0199999920623,-11.763148990299,3.47803052518653,NA,91.7425916380872,109.842738810639,-9.71161790352158,-9.96996444582831,-143.865094267905,112.670209006067,-19.1287622028289,-33.3133947827592,-18.728579012583,-0.609493511208463,-174.244162974659,0,131.513913592269,-11.6276495982743,-11.9369660374825,-172.248632739485,134.899223126541,-22.9027280884428,-39.8858856795057,-22.4235916605555,-0.729742155339947,-208.621271114801,0,1.02804510554992,1.0553929585022,15.2291623796245,-11.9269578005094,2.02491804694208,3.52646415827884,1.98255575734803,0.0645193033011614,18.4450068666505,0,1.08346831363999,15.6342855508704,-12.2442363774273,2.07878451708937,3.6202744616609,2.03529531423025,0.0662356330708746,18.935677298103,0,225.600399761551,-176.682497740919,29.996549349668,52.2400184606941,29.3690066635372,0.955770268531191,273.2389883956,0,138.371674167972,-23.4922689335204,-40.912591260577,-23.0007990188313,-0.748526503007461,-213.991406934396,0,3.98843696127359,6.94599962340511,3.90499688238436,0.127082266065326,36.3307281739083,0,12.0966963341293,6.8006858671219,0.221318120557521,63.2712079103337,0,3.82330241131911,0.124423642045723,35.5706713259831,0,0.00404918079566218,1.15759414251074,0,330.937112072329,0,0
"4FGL J1055.5-0125",1,163.889495849609,-1.43210005760193,253.941192626953,50.0841598510742,12.3987712860107,3.37622291235462e-10,4.41243187820906e-11,3.54038001172674e-12,5.42325787143e-13,"PowerLaw",1.92653226852417,0.0964363068342209,3370.67211914062,1.96912372112274,0.103941224515438,-0.0306186191737652,0.0433334708213806,0,"bll","RX J1055.5-0126",0.999362945556641,0.946150481700897,"bzcat",163.893206092,-1.4378652,1.69999998433923e-06,"RFC J1055-0126",NA,"HSP",2065380113645568,8.06883802394881e-13,9.79138660430908,0.214019134640694,0.284440189599991,107.376998901367,18.267746,"BLL",0,-9.47156888716202,-11.450950119856,1.09337864886018,0.990844198642586,15.3149999911338,-12.0931890025916,3.5277165087436,NA,89.7106171842556,108.458462883672,-10.3560111924313,-9.3848490838881,-145.05707742291,114.541472703517,-18.2472830946672,-33.4130099269437,-18.6506909719588,0.290006360734097,-173.024214652178,0,131.12425864743,-12.5202243702135,-11.3461074952049,-175.371300984068,138.478504058668,-22.0606249111633,-40.3957057786155,-22.5483375104017,0.350612280897652,-209.183048248199,0,1.19547686978331,1.08336789114278,16.7450939975995,-13.2224346520644,2.10642924874449,3.85712990989183,2.15299783363971,-0.0334777444621758,19.973563439201,0,0.981772225983668,15.1747788934262,-11.9824661663062,1.90889332176491,3.49541743714427,1.95109481548397,-0.0303382811787719,18.1004901463763,0,234.549224728428,-185.20718946747,29.5048416753666,54.0269783001308,30.1571297715361,-0.468924152374743,279.770529828034,0,146.245220252402,-23.2979188428543,-42.6613424877989,-23.8129853290238,0.370276748666718,-220.915305029337,0,3.71152658166488,6.79625968829997,3.79358038945935,-0.0589877578559115,35.1934021422033,0,12.4447837660621,6.94651025876332,-0.108013808334225,64.4434291417349,0,3.87744822908827,-0.0602918493230846,35.971451980045,0,0.000937499840108062,-0.559333157937073,0,333.710543920516,0,0
"4FGL J1058.0+4305",2,164.518096923828,43.0937995910645,170.674026489258,62.0707511901855,5.28154754638672,1.08813576205069e-10,2.40132132928172e-11,2.94296087499646e-10,2.73200754553893e-12,"PowerLaw",2.34584546089172,0.170382514595985,1363.20776367188,2.37772130966187,0.140401586890221,-0.0546758584678173,0.0556754618883133,0,"bll","B3 1055+433",0.996941208839417,0.944746315479279,"crates",164.512176513672,43.078197479248,1.3e-07,"",NA,"LSP",38018941452288,3.14766848653544e-13,23.4803123474121,0.716910839080811,0.302348613739014,-Inf,19.974329,"BLL",0,-9.96331691619007,-9.53121551156199,0.722761193818271,1.37070386982665,13.5800000207927,-12.50201101394,3.13456205080163,NA,99.2676839724392,94.9625207381988,-7.20109882873531,-13.6567570533311,-135.301843929025,124.561497821583,-23.3724017632702,-31.2306351055993,-23.6899909465397,0.544752905579618,-199.010570015246,0,90.8440691278399,-6.88879270167577,-13.0644739858498,-129.433906845192,119.159361301784,-22.3587586445785,-29.8761864405541,-22.6625742288207,0.521127390336428,-190.379634397843,0,0.522383743289612,0.990691565327233,9.81509702708028,-9.03596840556445,1.69548606582727,2.26553980993483,1.71852469233836,-0.0395175887392385,14.4366698737589,0,1.87882909875775,18.6141585807465,-17.136554877423,3.21545945125956,4.29655633324555,3.25915180052282,-0.0749444107879314,27.3788900574907,0,184.41640056473,-169.777309829256,31.856581407686,42.5673527150621,32.2894554346474,-0.742498159129818,271.25138823532,0,156.300279392677,-29.3277857890694,-39.1883292830003,-29.7262980014725,0.683558184761276,-249.719281154061,0,5.50299092638629,7.35319815875644,5.57776674153581,-0.128261114407087,46.8566890190079,0,9.82547925032572,7.45311498464845,-0.171384871048221,62.6107736736265,0,5.65355862642016,-0.130003953802986,47.4933877094971,0,0.00298944949919279,-1.09211358539362,0,398.973819000241,0,0
"4FGL J1059.2-1134",1,164.806304931641,-11.5719995498657,264.118621826172,42.6867485046387,68.4409027099609,3.20432391731629e-09,9.94873766702042e-11,3.2214196588054e-11,1.29910849872711e-12,"LogParabola",2.1560366153717,0.019525121897459,697.572509765625,2.08835482597351,0.0222339071333408,0.0452495254576206,0.0126188639551401,0,"bll","PKS B1056-113",0.999969244003296,0.98625510931015,"bllac",164.801776638,-11.5729944917,1.39999997372797e-07,"RFC J1059-1134",NA,"LSP",19275249090560,5.52139714157796e-12,119.614151000977,0.263814061880112,0.0672350153326988,85.154899597168,16.205894,"BLL",0,-8.49426358859512,-10.4919526953506,1.83531572908895,2.07778256207788,13.2849999990683,-11.2579510139189,2.84358935739994,NA,72.1525139125328,89.121411753379,-15.5896555711762,-17.649232762076,-112.846291766572,95.6280033797188,-18.3139433176297,-24.1541975394789,-17.7390363583337,-0.384361396495875,-137.657135324832,0,110.081071361475,-19.2560458106342,-21.7999963525455,-139.385591547957,118.117889484611,-22.6210341779237,-29.8348050228426,-21.9109200452212,-0.474755880588418,-170.031473233866,0,3.3683838254413,3.81338701780827,24.3821694592367,-20.6618945731582,3.95700791268338,5.21888427470605,3.832790460028,0.0830471658061819,29.7429321621482,0,4.31718037527492,27.6033413352688,-23.3915743014477,4.47977528262073,5.90836038051584,4.33914724083894,0.0940186749381432,33.6723239560825,0,176.491224975245,-149.561879209424,28.6429464332043,37.7770846104088,27.7437938611124,0.601139945662331,215.295301774901,0,126.741461031798,-24.2725546000701,-32.0129896893096,-23.5105963304909,-0.509416941004969,-182.445160788762,0,4.64849388682346,6.13088277363555,4.50256947068708,0.0975596337148239,34.9405008488325,0,8.0860004335182,5.93842355761308,0.128671069018688,46.0829077055515,0,4.36122587916685,0.0944970648624332,33.8436569441151,0,0.00204751955413985,0.733309013116501,0,262.631000339236,0,0
"4FGL J1107.6+0222",1,166.906600952148,2.36840009689331,253.387756347656,54.9245796203613,17.1590232849121,5.33727340101819e-10,4.87110039804062e-11,6.18633182875028e-12,6.09960541277099e-13,"PowerLaw",2.07690787315369,0.0750726461410522,2166.10131835938,2.09406661987305,0.0810641050338745,-0.0137841291725636,0.032846461981535,0,"bll","NVSS J110735+022225",0.998394012451172,0.817143440246582,"bllac",166.899649221,2.37349838333,4.30000000051223e-07,"RFC J1107+0222",NA,"ISP",354813388783616,7.14131173900484e-13,5.88717603683472,0,10,35.9799995422363,17.885744,"BLL",0,-9.27268054995782,-11.2085667885795,1.23449256357997,0.76990702216904,14.5499999994492,-12.1462220082956,3.33567876668233,NA,85.9826045815661,103.933459253364,-11.4470551833756,-7.1391018697428,-134.917501996779,112.628036571792,-19.2585032394465,-30.9306836207225,-19.4176108164127,0.127815826476537,-165.848790510325,0,125.631969454047,-13.8368923488908,-8.62955427897804,-163.084646767658,136.141740608895,-23.2791606099697,-37.3881782416054,-23.471485568582,0.154500332453086,-200.473556187435,0,1.52397188953425,0.950444493515679,17.9618667994086,-14.9944207448323,2.56392732464892,4.11787063196094,2.58510966987432,-0.0170164049589555,22.0798179620951,0,0.592756822785199,11.2021471721355,-9.35146161701092,1.59902595593919,2.56816250616889,1.61223659553005,-0.0106124978444418,13.7703599023178,0,211.702499983972,-176.727530214011,30.2190095532422,48.5341260533906,30.4686693179995,-0.200559079453208,260.237575190149,0,147.530709074804,-25.2265841181018,-40.5158948484812,-25.4349980651392,0.167425093120981,-217.244217407541,0,4.31354631356778,6.92789749283412,4.34918344972267,-0.0286283664030648,37.1470425308114,0,11.1267528344954,6.98513355992877,-0.0459794269981269,59.6610964871159,0,4.38511500846654,-0.0288648847842838,37.4539394819947,0,0.000190002217045919,-0.246539405643404,0,319.899838433536,0,0
"4FGL J1110.2+7135",1,167.562301635742,71.5864028930664,133.634063720703,43.3776016235352,16.2599811553955,2.90080459652842e-10,2.95757376922445e-11,3.22796303575679e-12,3.92502003121464e-13,"PowerLaw",1.91408395767212,0.0733060464262962,3098.83374023438,1.79561710357666,0.103993095457554,0.13101102411747,0.06077915802598,0,"bll","RX J1110.5+7133",0.988088488578796,0,"bllac",167.656663462,71.5657234111,9.86856818485649e-08,"RFC J1110+7133",NA,"HSP",1096478172905472,1.12077133598149e-12,13.6358280181885,0.232016265392303,0.171812728047371,65.0803985595703,17.487,"BLL",0,-9.53748152507794,-11.4910714471404,1.2111200379301,1.13468151505445,15.039999990796,-11.9504829847746,3.49119827593733,NA,90.963553841203,109.595881630452,-11.55103498641,-10.8220039866793,-143.443722049389,113.977510683046,-18.2555403837459,-33.2972390571362,-17.1256649514764,-1.24951522210191,-166.781939429038,0,132.044723003285,-13.9170668869182,-13.0387063592402,-172.825714459228,137.323853805881,-21.9948755134356,-40.1176088249292,-20.6335644289067,-1.50545703849688,-200.944366396144,0,1.46681174627581,1.37423551955133,18.2152453593216,-14.4734694058032,2.31818543541725,4.22826018837472,2.1747078545917,0.158670076498412,21.1788561032837,0,1.28750214060626,17.0656099759753,-13.5599921387965,2.17187568503282,3.96139814909605,2.03745353554405,0.148655787334446,19.8421756537572,0,226.201599723144,-179.735263981018,28.7878227057715,52.5076220379645,27.0060812212661,1.97040580152092,263.00447983905,0,142.814043569387,-22.8742277675907,-41.7215055930635,-21.4584916434631,-1.56564501453372,-208.978095954753,0,3.66371739701777,6.68244661302421,3.43696189207776,0.250766099541445,33.4715861678124,0,12.1884654019078,6.26885533625042,0.457385461527695,61.0505842513161,0,3.22424078265703,0.235245635662423,31.3999562902451,0,0.0171638884403083,2.2909897787422,0,305.795169,0,0
"4FGL J1110.5-1836",1,167.641098022461,-18.6058006286621,272.040008544922,38.1409873962402,15.6133317947388,4.77570982759801e-10,5.03897548687071e-11,6.27666495167656e-12,6.62219194411118e-13,"PowerLaw",1.94732582569122,0.077060878276825,3263.86669921875,1.77713286876678,0.129309609532356,0.172884523868561,0.0761786922812462,0,"bll","CRATES J111027.78-183552.6",0.997594892978668,0,"bzcat",167.615723283,-18.5979758833,4.79999982871959e-07,"RFC J1110-1835",NA,"ISP",785235650281472,9.08073475355126e-13,35.7039985656738,0.583910167217255,0.17944173514843,76.5958023071289,18.579514,"BLL",0,-9.32096206883459,-11.2022710533664,1.19349558888371,1.55271685638569,14.8950000086675,-12.0418790097936,3.51373241326323,NA,86.8803338886532,104.415943573232,-11.1245271133065,-14.4728149220111,-138.835730096081,112.241897487782,-18.1509501569299,-32.7513665440612,-16.5645880610544,-1.61145008926739,-173.178945251381,0,125.490876753091,-13.3698610876725,-17.3939550943635,-166.857827436988,134.896392659551,-21.8144717286136,-39.3617829023739,-19.9079240937721,-1.93669929730781,-208.132751867816,0,1.42443172068487,1.8531607188817,17.7771168067675,-14.37192948006,2.3241247830818,4.19362413574738,2.12100023973341,0.206336916623388,22.1745680026031,0,2.41092963610426,23.127717589323,-18.6976285210635,3.02364563442594,5.45583154690259,2.75938416137124,0.268440714418929,28.8487245712539,0,221.861025258205,-179.363787955249,29.0054181905492,52.3370443260111,26.4703940956845,2.57511498452069,276.741861191038,0,145.006850086508,-23.4494619856201,-42.3119405933059,-21.400018990017,-2.08185451909099,-223.732259648766,0,3.79207787140399,6.84238187291582,3.46065673103428,0.336662498191579,36.1803674409916,0,12.3463154720166,6.2443693636613,0.607469955268543,65.283440564478,0,3.15820123325125,0.307238769867915,33.0182650151126,0,0.029889058593259,3.21211043159926,0,345.198340476196,0,0
"4FGL J1113.8+1528",1,168.457504272461,15.4806995391846,235.150955200195,64.5271530151367,6.6712851524353,1.59465177174134e-10,2.97718932840141e-11,2.23891651746078e-12,4.37907143272659e-13,"PowerLaw",2.31603980064392,0.15612056851387,1564.48303222656,2.34979200363159,0.131797149777412,-0.0446954667568207,0.0514653027057648,0,"bll","2MASS J11135586+1528058",-Inf,0,"rfc",168.482771967,15.4682575333,9.50000014654506e-07,"RFC J1113+1528",NA,"ISP",158489326387200,6.76651443209941e-13,4.90645599365234,0,10,18.7560005187988,18.967632,"BLL",0,-9.79733414026988,-11.6499620996689,0.824209504208639,0.690767907980487,14.2000000195681,-12.1696349875517,3.19437085731901,NA,95.9877562560978,114.138571411936,-8.07505591431821,-6.76768400786003,-139.122144983548,119.229980338163,-22.6910158090725,-31.2963186570947,-23.0216974197129,0.437896422371897,-185.832228553675,0,135.721616923722,-9.60200948621754,-8.04741994764025,-165.429462043266,141.775786371782,-26.9817758988264,-37.2142994200533,-27.3749877844131,0.520700493743972,-220.972193920467,0,0.679321306827851,0.569337474959836,11.7037749758909,-10.0303288194901,1.9089020158162,2.63283082056943,1.93672090230662,-0.0368384284960129,15.6333025667319,0,0.477160302695739,9.80890430683993,-8.40639330123723,1.59984596789034,2.20656887442409,1.62316090653787,-0.0308741940678204,13.1022314759837,0,201.640000555734,-172.808817061371,32.8877652144642,45.3600662364377,33.3670464975495,-0.634675628821459,269.34037477116,0,148.100015730242,-28.1853589904785,-38.8743273484449,-28.5961109808642,0.543927516028759,-230.829158018205,0,5.36404035816673,7.39829004356787,5.44221180364559,-0.103516479917154,43.9297906359672,0,10.204005174089,7.506107097162,-0.142773896462259,60.5896508931515,0,5.52152246033096,-0.105025050383759,44.5699900014267,0,0.00199768474861006,-0.847767165511608,0,359.771063687424,0,0
"4FGL J1113.9+5523",1,168.491302490234,55.3964004516602,148.188446044922,56.6902961730957,12.2250604629517,2.44406189731095e-10,2.81956662878668e-11,2.16759639751207e-12,3.27028091022183e-13,"PowerLaw",2.13034462928772,0.0869361236691475,1779.6923828125,2.04568934440613,0.126271232962608,0.0939832180738449,0.0689736157655716,0,"bll","SDSS J111356.29+552255.6",-Inf,0,"rfc",168.484569358,55.3821230278,1.60000001869776e-06,"RFC J1113+5522",NA,"ISP",151077571788800,3.08395480376825e-13,16.9872608184814,0.358172029256821,0.173282563686371,-Inf,18.628784,"BLL",0,-9.61188779952597,-11.664021579445,1.08725101574342,1.23012335489464,14.1791999959649,-12.5108919952832,3.25034494163902,NA,92.3883870706762,112.113266712875,-10.4505347732464,-11.8238076668237,-136.288879448254,120.25329013065,-20.4766335510363,-31.241950888791,-19.6629364511176,-0.903356147164178,-179.057781649605,0,136.049399405759,-12.6817193099047,-14.3481853568704,-165.386494732201,145.927314211089,-24.8483857276667,-37.9120935399174,-23.8609646579938,-1.09622228371901,-217.28653857482,0,1.1821147712351,1.3374528670989,15.4163495980419,-13.6024800297279,2.31621936207661,3.53394083931351,2.22417781760106,0.102183349313623,20.2541643260648,0,1.51320346825724,17.4421650687584,-15.3899404339623,2.62058668246119,3.99832522417381,2.51645023941309,0.115610951520793,22.9157022716876,0,201.049712525571,-177.394439729037,30.2065825590003,46.0872909833725,29.0062383439488,1.33260684533343,264.141254017631,0,156.522418517641,-26.6525115697503,-40.6647145122609,-25.5933984437668,-1.17581389069102,-233.06270462746,0,4.53836823953503,6.92435488975319,4.35802330804672,0.200216643866792,39.685729944561,0,10.5647422396384,6.64919601275531,0.305477877465279,60.5499738432859,0,4.18484489381678,0.192260467766662,38.1087049280434,0,0.00883284527951589,1.75079306912255,0,347.031593318656,0,0
"4FGL J1118.0+5356",1,169.509002685547,53.9365005493164,149.189056396484,58.1693420410156,34.1575622558594,8.56303306040473e-10,4.83495847525273e-11,9.01721839557945e-12,6.06079748020905e-13,"LogParabola",1.90129733085632,0.037743728607893,1627.21154785156,1.78365015983582,0.0578591451048851,0.0712784379720688,0.0247288234531879,0,"bll","NVSS J111757+535553",0.999202489852905,0.918009340763092,"bzcat",169.488507596,53.9319025083,5.39999973625527e-07,"RFC J1117+5355",NA,"HSP",3427677839032320,1.95901606568627e-12,13.0152578353882,0.113993935286999,0.0856349989771843,106.431999206543,17.033052,"BLL",0,-9.06737237923833,-11.0449274116551,1.5334868685566,1.11445277600862,15.534999996651,-11.7079620023869,3.21144401765242,NA,82.2172418637742,100.148469743134,-13.9046964758748,-10.105158319146,-140.861629881101,106.160451277615,-17.2397709025262,-29.1193587831317,-16.1730201935193,-0.646308139703189,-154.44502523893,0,121.99042152873,-16.9372511499339,-12.3090500147327,-171.582947303073,129.313590454779,-20.9996910072816,-35.470166061565,-19.7002865431737,-0.78726517341766,-188.128822938947,0,2.35158197603553,1.70899869763567,23.8227184978911,-17.9540059882199,2.91561449008988,4.92470723017464,2.73520409820711,0.109304548641394,26.1199615734417,0,1.24200498995332,17.3130238715616,-13.0479707549635,2.11890608839061,3.57900270046902,1.98779387205725,0.0794364530675303,18.9825320852992,0,241.336224895947,-181.883189667871,29.5366540284855,49.8897828034752,27.709005227076,1.10731053365738,264.608462762956,0,137.076374249335,-22.2603169049054,-37.5994645314673,-20.8829082969091,-0.834525243366473,-199.42232560068,0,3.61493154032137,6.10590993895704,3.39124928807729,0.135521503863902,32.3848963039369,0,10.3133726785155,5.72809263538953,0.228906713213009,54.7006929477626,0,3.18140789268235,0.127135797281728,30.3810059222918,0,0.00508061571973806,1.21408934045702,0,290.124860434704,0,0
"4FGL J1124.9+4934",1,171.242797851562,49.5674018859863,153.625213623047,62.0907669067383,23.3687419891357,4.85416540296768e-10,4.13357299777761e-11,5.02317978878786e-12,6.16339553179135e-13,"LogParabola",1.7533301115036,0.0522985979914665,2941.076171875,1.51917707920074,0.100598707795143,0.149834260344505,0.0456424057483673,0,"bll","GB6 J1124+4933",0.999511301517487,0.959119200706482,"bllac",171.224284517,49.5693826472,4.1000001260727e-07,"RFC J1124+4934",NA,"HSP",87096361895329792,1.12700799213827e-12,38.0332450866699,0.471039354801178,0.144992679357529,43.4028015136719,17.767105,"BLL",0,-9.3138854294107,-11.2990212773688,1.36863533362107,1.58016338202765,16.9400000144591,-11.9480730041586,3.4685062725848,NA,86.7484617921889,105.237789641887,-12.7473126919899,-14.7174606999557,-157.777219308888,111.282983062968,-16.3303157784804,-32.3052700340472,-14.1494412626625,-1.39553913424921,-165.48078038231,0,127.667881826433,-15.4642397555432,-17.8542996752495,-191.405420602001,135.001531097544,-19.8109142361306,-39.1907261746228,-17.1652141419801,-1.69298049571138,-200.750897432246,0,1.87316267643606,2.16266743753721,23.1846825713302,-16.3525548821755,2.3996695421056,4.74712023954587,2.07919942862139,0.205068462894468,24.3166876791556,0,2.49691631390106,26.7679677143961,-18.8799074469645,2.77054803880445,5.48080660227172,2.40054799136873,0.236762611569584,28.0749287256404,0,286.963600489874,-202.400356863205,29.7014121142226,58.756496307738,25.7348597436265,2.53819237240238,300.974758956896,0,142.756448512704,-20.9489161726346,-41.4419661602252,-18.1512386485349,-1.79023068112025,-212.282667612551,0,3.07416647990523,6.08143648966204,2.66361891766875,0.26270892039689,31.1516001907462,0,12.0305357629601,5.26927522837482,0.51970107185302,61.6253151381728,0,2.30789899796889,0.227624773994368,26.9913786797529,0,0.0224503055729849,2.66212103613816,0,315.670020081025,0,0
"4FGL J1125.1-2101",1,171.28840637207,-21.0273990631104,277.297393798828,37.5119781494141,16.0346355438232,4.84783435616976e-10,4.74862718591318e-11,5.50670316637469e-12,6.35883435750467e-13,"PowerLaw",1.96697902679443,0.0705266743898392,2603.0205078125,1.79140388965607,0.118405535817146,0.156436324119568,0.0656338930130005,0,"bll","PMN J1125-2100",0.999654710292816,0.935028612613678,"bzcat",171.285924854,-21.0183344333,5.10000006670452e-07,"RFC J1125-2101",NA,"HSP",2818383041003520,2.27953354976773e-12,19.7636089324951,0.295757323503494,0.13776221871376,50.9463005065918,17.534582,"BLL",0,-9.3144522278332,-11.259108333121,1.20505909316341,1.29586625180816,15.4500000169101,-11.6421540115463,3.41547758969768,NA,86.7590203045869,104.872426696854,-11.2244653549866,-12.0702842961284,-143.908287077531,108.440287369625,-18.3213321782266,-31.8133028444739,-16.685945950956,-1.45711866770955,-163.325026374024,0,126.767520456955,-13.5678908777394,-14.5902985143435,-173.953223937112,131.080273246879,-22.1464299516554,-38.4552321917532,-20.169610462012,-1.76133352049745,-197.423758313993,0,1.45216741801582,1.56159541026501,18.6181630097524,-14.0294835556227,2.37032596230034,4.11585232696104,2.15874754675835,0.188515014881344,21.1302074839195,0,1.67926934257533,20.0211336123493,-15.0866744819158,2.54894173883736,4.4260021422963,2.32141984396317,0.202720552983471,22.7224730533628,0,238.702500522522,-179.87127967526,30.3898259972358,52.7691288185852,27.6771901254791,2.41694121029268,270.909292196512,0,135.539750028564,-22.8998727674222,-39.7635161222453,-20.8557999802591,-1.82125577840019,-204.140304172088,0,3.86900649184916,6.71817278542173,3.52365387947145,0.307706968572006,34.4901550376071,0,11.6654871657271,6.11849983921756,0.534304759245067,59.8889718657163,0,3.2091278958749,0.280240639511292,31.4115183982933,0,0.0244723235040425,2.74304555305314,0,307.461565914724,0,0
"4FGL J1135.1+3014",1,173.78840637207,30.2343997955322,197.900115966797,73.0044708251953,9.82995128631592,2.28613308839165e-10,3.24780098648336e-11,2.95678087049167e-12,4.25712199866868e-13,"PowerLaw",2.37622356414795,0.114031620323658,1178.59814453125,2.36929655075073,0.121935434639454,0.0111824693158269,0.0542489215731621,0,"bll","CRATES J113514+301001",0.959380924701691,0,"crates",173.808715108,30.168222575,2.09999996059196e-07,"RFC J1135+3010",NA,"LSP",16311728996352,2.20445379615561e-13,34.6995658874512,0.611101090908051,0.204855486750603,-Inf,20.32089,"BLL",0,-9.64089849053232,-11.5291808602093,0.992551365631056,1.54032404153831,13.212499997446,-12.6566989992577,3.07136575304924,NA,92.9469237047484,111.151662352266,-9.56908696268824,-14.8501077269973,-127.380371281535,122.021950277065,-22.9089301727613,-29.6107254524451,-22.8421475397561,-0.10780905154738,-195.911637727273,0,132.922011307416,-11.4433042074082,-17.7586744582237,-152.32930208607,145.921371855672,-27.3959112353529,-35.4103312547576,-27.3160484450752,-0.128924711205909,-234.283216050419,0,0.985158213416074,1.5288507309432,13.1140849158654,-12.5624238760944,2.35852394363974,3.04848827254148,2.35164852703259,0.0110991751905514,20.1695271203385,0,2.37259815294091,20.3515313948909,-19.4954177550705,3.66015428392694,4.73089850977916,3.64948443865514,0.0172246263309326,31.3007554124554,0,174.570156182511,-167.226635495367,31.3958538352359,40.5804200043188,31.3043306707428,0.147748375806803,268.4897590731,0,160.192029557811,-30.0751464063639,-38.8733518529727,-29.9874732828315,-0.141533148198856,-257.195388127026,0,5.64643842681199,7.29825167651262,5.62997829434834,0.0265720470936293,48.2869776624584,0,9.43328758900373,7.27697628479348,0.0343454532911547,62.4128856174808,0,5.61356614539931,0.0264945859788646,48.146214585185,0,0.00012504761999941,0.227237728895294,0,412.9385703921,0,0
"4FGL J1141.5-1408",1,175.386596679688,-14.1457004547119,278.445068359375,45.3770332336426,8.72804832458496,2.43557868317978e-10,3.84696788313654e-11,3.16087347268512e-12,4.90858764225222e-13,"PowerLaw",1.96504056453705,0.110170550644398,3090.48559570312,1.93049395084381,0.134851261973381,0.0332217402756214,0.0616241097450256,0,"bll","NVSS J114141-140753",0.995489478111267,0.851889729499817,"bzcat",175.424199642,-14.1318749444,4.40000007984054e-07,"RFC J1141-1407",NA,"HSP",19054607376318464,1.63734423155176e-12,26.5451679229736,0.616397857666016,0.226156041026115,23.5638008117676,18.425903,"BLL",0,-9.61339783565952,-11.5001928882839,0.94091714214519,1.42398547700399,16.2800000044829,-11.7858600058982,3.49002672375013,NA,92.4174179466631,110.555929421895,-9.04541081783351,-13.6893389026407,-156.506116807633,113.302161072088,-18.8907167101036,-33.5510153524934,-18.5586063687957,-0.319373806062501,-177.135536020272,0,132.254436467736,-10.8207286265625,-16.3761076556608,-187.223140272816,135.53966342214,-22.5983455254784,-40.135980508392,-22.2010528043691,-0.382056421254116,-211.901438640809,0,0.885325068382672,1.33985234547885,15.3181310783417,-11.089517714473,1.84894035218357,3.28382597092131,1.81643485115653,0.0312589049172274,17.3372479922045,0,2.02773463871828,23.1824835720085,-16.7828934824012,2.79818922562448,4.969747368976,2.74899534944564,0.0473072756732834,26.2382182726843,0,265.038400145963,-191.873800948858,31.9908603994723,56.8176350782976,31.4284415283914,0.540849931836046,299.973700922601,0,138.906496078631,-23.1596929995448,-41.1329663829626,-22.7525314468785,-0.391546780040784,-217.16511324026,0,3.86138442027609,6.85804408348735,3.79349892300148,0.0652820672661103,36.2076468332249,0,12.1802865324901,6.73747547848287,0.115944761371405,64.3068938792277,0,3.72680689424454,0.0641343686385913,35.5710942803348,0,0.00110368402694085,0.612140563809793,0,339.513901365409,0,0
"4FGL J1154.1-3243",1,178.542297363281,-32.7188987731934,289.22119140625,28.6235542297363,30.3716487884521,1.23180754485475e-09,6.95193555499962e-11,1.04913066081846e-11,8.27866800719862e-13,"LogParabola",2.08046507835388,0.0379775986075401,1266.34704589844,1.93365848064423,0.0595037117600441,0.120140179991722,0.032122515141964,0,"bll","PKS 1151-324",0.99975061416626,0.969803512096405,"bzcat",178.52569325,-32.7119392472,1.80000000682412e-07,"RFC J1154-3242",NA,"LSP",9999999827968,9.77516245032062e-13,40.7353057861328,0.323076188564301,0.0966358706355095,54.8488006591797,19.814625,"BLL",0,-8.90945714017209,-10.9791704205398,1.48246836914216,1.60997098076036,12.9999999925287,-12.00987601647,3.10255274159298,NA,79.3784265325635,97.8184482964445,-13.2079883965329,-14.3439674500053,-115.822942755672,107.00147562752,-18.5358144472187,-27.6420606763461,-17.2278473570301,-1.07038378444881,-176.537552186082,0,120.542183123256,-16.2762728678715,-17.6761457698916,-142.729215384989,131.858475514378,-22.8417806492289,-34.0634552886623,-21.2299659941151,-1.31903951048344,-217.548144694088,0,2.19771246550702,2.38673105421401,19.2720887877721,-17.8042613117358,3.08422367176449,4.59943630300688,2.86658753427856,0.178104016700774,29.3745548089135,0,2.59200655889048,20.9296227378561,-19.3355518690465,3.34948840263508,4.99501988024319,3.11313404053838,0.193422203409999,31.9009712446487,0,168.999999805746,-156.128388124381,27.0460460030567,40.3331856175286,25.137560233928,1.56182233899478,257.590124851959,0,144.237121930981,-24.9861276476256,-37.2612737610908,-23.222998610733,-1.44286866629697,-237.971189562847,0,4.32833494225002,6.45475263263528,4.02290894244314,0.249947448979927,41.2236353531777,0,9.62583351436612,5.99927742042727,0.372741244808791,61.4759191173868,0,3.73903511976735,0.232310077907117,38.3147176720352,0,0.0144336628484434,2.38053261396847,0,392.619363890625,0,0
"4FGL J1155.5-3418",1,178.87809753418,-34.312198638916,289.971984863281,27.1482048034668,14.1388387680054,3.31443955614574e-10,4.15354244054367e-11,4.05073457415694e-12,5.9501584432145e-13,"PowerLaw",1.82723605632782,0.0839333683252335,4233.0263671875,1.73865699768066,0.123538538813591,0.0760722458362579,0.0590578429400921,0,"bll","NVSS J115520-341718",0.918981373310089,0,"whsp2",178.835502279,-34.2888741278,5.76249749428825e-06,"RFC J1155-3417",NA,"ISP",363078046711808,1.20225617655789e-12,16.9095630645752,0.372064381837845,0.195028722286224,126.161003112793,17.64147,"BLL",0,-9.47958989659568,-11.3924662131866,1.15041374203819,1.22813238577068,14.5599999903611,-11.9200029830725,3.62665097366852,NA,89.8626246076389,107.995907611831,-10.9054504859301,-11.6421913558337,-138.02282880306,112.996739845724,-17.3214484582605,-34.379163928467,-16.481755308859,-0.721133693040733,-167.233900773096,0,129.788286418598,-13.1060496873556,-13.9914567102127,-165.874307954186,135.798231245737,-20.816725035231,-41.3164986845389,-19.8075911023974,-0.866650490450793,-200.979850925945,0,1.32345177787031,1.41286037363274,16.7500240729873,-13.7129352368628,2.10207746914719,4.17214911768445,2.00017490282269,0.0875145569977386,20.2949895177545,0,1.50830915697878,17.8816075249833,-14.6393417019945,2.24408777722409,4.45400751264908,2.13530096659844,0.0934267887698171,21.6660606396019,0,211.993599719315,-173.55524331864,26.6045569625205,52.8040381416567,25.3148458694717,1.10761189864266,256.859803029956,0,142.086471116457,-21.7806592422052,-43.2296904246915,-20.7247965988933,-0.906781397297219,-210.286375025784,0,3.33879160554444,6.62674742280352,3.17693675574878,0.139001950477844,32.2351300706256,0,13.1525972848108,6.30550209351415,0.275887484431216,63.979454352444,0,3.02292815558393,0.132263542552493,30.6724652648734,0,0.00578698658657206,1.34202624275297,0,311.2214637609,0,0
"4FGL J1156.6-2248",1,179.164199829102,-22.8094997406006,286.776672363281,38.3376579284668,10.0249271392822,2.99861385721911e-10,4.30786031846431e-11,3.56451001527758e-12,5.64299800463741e-13,"PowerLaw",2.03638744354248,0.101885177195072,2935.783203125,1.94603192806244,0.153208702802658,0.162340119481087,0.0913550779223442,0,"bll","NVSS J115633-225004",0.995958745479584,0,"whsp2",179.138488787,-22.8345652056,1.09999996311672e-06,"RFC J1156-2250",NA,"HSP",2511886390132736,9.67203856068466e-13,12.3244295120239,0.236024230718613,0.273755997419357,31.7856006622314,17.888067,"BLL",0,-9.52307945637324,-11.4480001607031,1.00108122487101,1.09076682527063,15.3999999928461,-12.0144819806896,3.46772398136567,NA,90.6890423323981,109.020215146949,-9.53337604673007,-10.3874591454282,-146.655423560021,114.414866529272,-19.3926794288158,-33.0234110073162,-18.5322166755778,-1.54597785677552,-170.349483361928,0,131.056707679458,-11.4603780232002,-12.4870987909878,-176.29920239293,137.541791645699,-23.3125637809281,-39.6985046959482,-22.2781738251922,-1.85846971390804,-204.782593890668,0,1.00216361878924,1.09194618949059,15.4166508558519,-12.0274723374194,2.03858923629345,3.47147337078012,1.94813602618284,0.162515645655833,17.9074080229347,0,1.18977226711097,16.7978091013645,-13.104998367348,2.22122386681381,3.78247827806906,2.12266706804795,0.17707521674044,19.5117100518183,0,237.15999977966,-185.023022416669,31.3603666159861,53.4029492882236,29.9688916782399,2.50003783884737,275.476231672031,0,144.347777264315,-24.4661402461437,-41.662907288123,-23.3805655335528,-1.95043244024852,-214.915858640868,0,4.14687382021748,7.06162957332419,3.96287498303912,0.330587380894472,36.4270350280466,0,12.0251096109386,6.7483015854454,0.562950725462334,62.0308789161759,0,3.78704026503842,0.315919055715667,34.8107495133201,0,0.0263543143931336,2.90395093406569,0,319.982940996489,0,0
"4FGL J1159.0+0939",1,179.751205444336,9.66030025482178,265.153717041016,68.5949401855469,18.8488903045654,5.94260418651515e-10,4.85472877176374e-11,7.10608438411753e-12,5.91614214215386e-13,"PowerLaw",2.13214182853699,0.0599343068897724,1502.73107910156,2.08068752288818,0.0773641765117645,0.066364049911499,0.0420024245977402,0,"bll","GB6 J1158+0937",0.950101673603058,0,"bzcat",179.726555996,9.61991074167,1.88494723829535e-07,"RFC J1158+0937",NA,"ISP",524807456161792,8.13616968936559e-13,49.5060043334961,0.550167977809906,0.155783951282501,25.6497993469238,18.597315,"BLL",0,-9.22602319542528,-11.1483696396079,1.27528578696674,1.69465787551466,14.7199999966171,-12.0895800022698,3.17688126846996,NA,85.1195040025253,102.855116886197,-11.7658162513513,-15.6349528678084,-135.807061405449,111.538745523891,-19.6711899660187,-29.3099802720159,-19.1964713485983,-0.612276263825851,-171.57925956263,0,124.286145621331,-14.2173573492435,-18.8926724089101,-164.104001057314,134.779106652915,-23.7699052285998,-35.4170466820495,-23.1962736096776,-0.739850959194779,-207.329741924225,0,1.62635383843938,2.1611731024151,18.7722067798362,-15.417669547292,2.7190901697305,4.05143152856061,2.65347122505833,0.084633129617686,23.7168914952434,0,2.87186531504386,24.9453639218429,-20.4877019625111,3.61325094144444,5.38372686118762,3.52605349714754,0.11246435983357,31.5160863281769,0,216.678399900407,-177.958617592514,31.3851277088517,46.7636922611307,30.6277203298753,0.976878814472762,273.752476737087,0,146.157944631282,-25.7766992122838,-38.4071602528799,-25.1546382676812,-0.802313490679693,-224.833727519912,0,4.54602877699706,6.77356143680045,4.4363208996649,0.141497566727424,39.6521132099784,0,10.0925745939553,6.61009721700262,0.210830707063647,59.0814616673354,0,4.32926056790255,0.138082850619184,38.6952012797212,0,0.00440418712065593,1.23419314087987,0,345.860125209225,0,0
"4FGL J1159.5-0723",1,179.898300170898,-7.39060020446777,281.098052978516,53.2691040039062,13.327431678772,3.90507320924272e-10,4.4654526604182e-11,4.55435862634079e-12,5.6797432425662e-13,"PowerLaw",1.96815943717957,0.0806044042110443,2748.81225585938,1.80619788169861,0.152550846338272,0.164302200078964,0.0822232067584991,0,"bll","PMN J1159-0723",0.996859312057495,0.898231208324432,"rfc",179.882824058,-7.39985068889,1.09999996311672e-06,"RFC J1159-0723",NA,"ISP",127350310174720,1.43879862451318e-12,19.9555587768555,0.414178818464279,0.175840348005295,21.0212993621826,18.091795,"BLL",0,-9.40837081989882,-11.3415727744875,1.12474646485235,1.30006389299738,14.1050000070696,-11.8419999860374,3.43914507850164,NA,88.5174414847236,106.705722343247,-10.5820318197012,-12.2314831948806,-132.705070481186,111.413927117877,-18.5171738176688,-32.3567522019735,-16.9933794451363,-1.5458160248681,-170.214316157591,0,128.631272998996,-12.7563938839705,-14.7447692539133,-159.972884064327,134.306904637123,-22.3220234885665,-39.0053141898469,-20.4851247204099,-1.86344535920398,-205.189409613609,0,1.26505461019786,1.46224226773099,15.8645488946939,-13.3192476210771,2.21368036923351,3.86816626915908,2.03151468226431,0.184798318706278,20.3486824690834,0,1.6901661258755,18.337401219919,-15.3953566027227,2.5587330199392,4.47110833933962,2.34817264960472,0.213603357862692,23.5204894390105,0,198.951025199433,-167.031409886776,27.7608888753319,48.509141356579,25.476421134128,2.31748253327534,255.184768602902,0,140.23296366931,-23.3069440275998,-40.726355971597,-21.3889952898557,-1.94566665104101,-214.243036137392,0,3.873651570159,6.76878584208268,3.55488540627887,0.323372925634779,35.6075370647682,0,11.8277188709821,6.21177655564386,0.565059102788561,62.2203077355106,0,3.26235078785255,0.296762285741046,32.6773618051255,0,0.0269952129507879,2.9725217218776,0,327.313046322025,0,0
"4FGL J1201.7+1429",1,180.44709777832,14.4851999282837,257.992889404297,72.8645935058594,7.93642425537109,2.09209788382125e-10,3.50713104391165e-11,2.37335910473202e-12,4.52964949619952e-13,"PowerLaw",2.44425368309021,0.112335801124573,882.506896972656,2.17952513694763,0.300767213106155,0.36895889043808,0.2398661673069,0,"bll","OM 198",0.995714366436005,0,"cgrabs",180.434453579,14.5267916611,1.0000000116861e-07,"RFC J1201+1431",NA,"LSP",9120108249088,8.8908849900371e-13,17.3747863769531,0.381259828805923,0.204664930701256,-Inf,19.545122,"BLL",0,-9.67941799981961,-11.6246365452195,0.899624875734044,1.23991947364311,12.9599999931204,-12.0510550076282,2.9457181081737,NA,93.6911328152318,112.519716217158,-8.70784521526559,-12.001698871508,-125.445257211072,116.647198757653,-23.6589530962288,-28.5128368786511,-21.0965348416302,-3.57130732529982,-189.18540569547,0,135.132174808453,-10.4578122074465,-14.413613226441,-150.655289546072,140.089134450125,-28.4135606902378,-34.2429023721908,-25.336187558186,-4.28901300147014,-227.204939481974,0,0.809324917039494,1.1154624023964,11.6591383833242,-10.8414288637016,2.19891141591251,2.65004128701329,1.96075503048574,0.331924595961329,17.5832779504567,0,1.53740030111941,16.0693563698846,-14.9423377819025,3.03067774018745,3.65245324618771,2.70243566059603,0.45747931322793,24.2343773825304,0,167.961599821681,-156.181672815955,31.6775277160336,38.1765066616658,28.246645759847,4.78170721753923,253.304780985537,0,145.227926796881,-29.4558355875179,-35.4990109585677,-26.2655773158643,-4.44634388422277,-235.539340352804,0,5.97437606730006,7.20008233524909,5.32731234337194,0.901829126862154,47.7732364349475,0,8.67725517282244,6.4202666631264,1.08684888473513,57.5744198018642,0,4.75032982258659,0.804155176210102,42.5990847037081,0,0.136130662833299,7.21134652659691,0,382.011793994884,0,0
"4FGL J1213.8-4345",1,183.466003417969,-43.7565994262695,295.787048339844,18.5932674407959,9.2593879699707,3.28816529560072e-10,4.70515224004764e-11,3.50656526384996e-12,6.37995949473447e-13,"PowerLaw",2.23287296295166,0.115777425467968,2239.12182617188,2.18701314926147,0.15905424952507,0.0683872178196907,0.082920104265213,0,"bll","PMN J1213-4343",0.996193528175354,0.924672067165375,"rfc",183.459978275,-43.7235321194,1.3000000080865e-06,"RFC J1213-4343",NA,"LSP",57543992803328,6.13896303583439e-13,5.30962085723877,0,10,-Inf,18.96511,"BLL",0,-9.48304635866152,-11.4551180736435,0.966582281493079,0.725063510631786,13.7599999929782,-12.2119049816028,3.35007772332215,NA,89.9281682405235,108.629415736303,-9.16614458485969,-6.8758108842951,-130.486717828594,115.806061068109,-21.1744378206725,-31.7689423553832,-20.7395470814488,-0.64851915692401,-179.847017327115,0,131.219730081114,-11.0723141623949,-8.30568812517758,-157.622424612899,139.888813468375,-25.5778234340575,-38.375535876538,-25.0524938534011,-0.783383654852534,-217.247574329637,0,0.934281306896366,0.700833542333853,13.3001721865576,-11.8038109784943,2.15825544281403,3.23812576898786,2.11392815946852,0.0661018730251208,18.3313392925672,0,0.52571709444969,9.97687390120212,-8.85440669746272,1.61897470931253,2.4290191149613,1.5857234318014,0.0495850762346856,13.750909236118,0,189.33759980676,-168.035812461105,30.7243319545361,46.0970694493892,30.0933009184811,0.941008116718743,260.959913466831,0,149.130623279695,-27.2676324595556,-40.9108308381943,-26.707596772297,-0.835138205970237,-231.600121285645,0,4.98572166868053,7.48029797219268,4.8833225306057,0.152699969681073,42.3466813584042,0,11.2230207522993,7.32666403195347,0.229102494977725,63.5345925313541,0,4.78302651504257,0.149563744613072,41.4769449471902,0,0.00467681156111782,1.29697110854439,0,359.6753973121,0,0
"4FGL J1218.5-0119",1,184.638793945312,-1.32700002193451,286.075561523438,60.4641075134277,39.5773658752441,1.84029147476394e-09,8.44135802924306e-11,1.19741421639175e-11,9.68263121590984e-13,"LogParabola",2.12558603286743,0.032173216342926,1224.27502441406,2.02208638191223,0.0477181151509285,0.0984445810317993,0.0254786908626556,0,"bll","PKS 1216-010",0.999320507049561,0.974871695041656,"wise",184.6455409,-1.3317617,1.39999997372797e-07,"RFC J1218-0119",NA,"LSP",57543992803328,2.76244088368016e-12,152.646545410156,0.546383142471313,0.136477261781693,26.419900894165,16.714457,"BLL",0,-8.73511338576416,-10.9217555899653,1.59744688577955,2.18368698009696,13.7599999929782,-11.5587070071227,3.08787898984269,NA,76.3022058621562,95.4027734499504,-13.9538796750202,-19.0747533701639,-120.195160126779,100.966616300043,-18.5672350082936,-26.9729730977948,-17.6631538218129,-0.859924577526815,-146.002677076479,0,119.284745166938,-17.4469244544355,-23.8496954816084,-150.283356841232,126.241372867813,-23.215131136422,-33.7250596184508,-22.0847332450426,-1.07518765318585,-182.551214172985,0,2.55183655288678,3.48832396587324,21.9808691371097,-18.4644205121664,3.39551078866058,4.93272267598831,3.23017559356293,0.15725998939112,26.7004572821462,0,4.76848882704498,30.0475328308008,-25.2405979982093,4.64161454504856,6.74296114623443,4.41560370481311,0.21497214986024,36.4991421302905,0,189.33759980676,-159.047808336845,29.2480637973304,42.4892148785529,27.8239086009136,1.3545974343063,229.990928202634,0,133.603707676507,-24.5690261723469,-35.6918885170417,-23.3727040316163,-1.13789206858552,-193.197511246151,0,4.5181159831211,6.56355245199441,4.29811857064407,0.209252426452679,35.5280163461632,0,9.53499665591191,6.2439580543538,0.303984953431959,51.6122205969291,0,4.08883333591489,0.199063446677456,33.7980758807575,0,0.0096913355345265,1.64544771653903,0,279.373072804849,0,0
"4FGL J1219.7+0444",1,184.939102172852,4.7467999458313,282.889892578125,66.3779296875,9.09914207458496,2.45665737752532e-10,4.01277032435754e-11,2.6813215276561e-12,5.04289589687429e-13,"PowerLaw",2.00264239311218,0.119387976825237,3276.2724609375,1.92843353748322,0.162462592124939,0.114881843328476,0.087006188929081,0,"bll","NVSS J121945+044621",0.994770228862762,0,"bllac",184.937410613,4.77291110833,1.09999996311672e-06,"RFC J1219+0446",NA,"ISP",288403161612288,1.33947312876831e-12,11.5781946182251,0.118231385946274,0.585164904594421,34.5658988952637,18.024874,"BLL",0,-9.60965540901683,-11.57165110496,0.959000446185019,1.06364084536128,14.4600000170156,-11.8730659943698,3.51538001133055,NA,92.3454770800464,111.199579632034,-9.21566382493142,-10.2212220028773,-138.955617377897,114.09607285441,-19.2447033052969,-33.7815905406323,-18.5315817744051,-1.10397492713931,-173.212827930947,0,133.903109294922,-11.097218572754,-12.3080807635054,-167.32607517462,137.390977233012,-23.1738790610963,-40.6787509924675,-22.3151600748596,-1.3293726092918,-208.577553138865,0,0.919681855783065,1.02003204528208,13.8671464681533,-11.3862755861848,1.92053494854361,3.37125099937589,1.84936862288456,0.110171739010566,17.2858622084287,0,1.13133184792086,15.3802466420226,-12.6286779512818,2.13009224796618,3.73910176701777,2.0511606780317,0.122193020954562,19.1719922188906,0,209.091600492091,-171.684534480615,28.9582090384783,50.8323950236561,27.8851489848208,1.66119145648455,260.639678346704,0,140.969696106661,-23.7775052965436,-41.7383388698161,-22.8964186562943,-1.36399970739385,-214.0105185422,0,4.01057655469008,7.04004903858973,3.86196275446318,0.230067249648478,36.0973768029055,0,12.3578966240624,6.77917671084797,0.403853335701732,63.3642817663517,0,3.71885590849005,0.221541999522526,34.7597715305093,0,0.0131978379265485,2.07073075088352,0,324.896082715876,0,0
"4FGL J1220.1+3432",1,185.046203613281,34.5382995605469,163.14453125,80.0114669799805,20.2178649902344,5.15611553453255e-10,4.09203053386431e-11,5.61113308594763e-12,4.96677894125386e-13,"PowerLaw",2.1070990562439,0.060068603605032,1673.13818359375,2.0532066822052,0.0782142132520676,0.0600284524261951,0.0397570692002773,0,"bll","GB2 1217+348",0.999001204967499,0.95392107963562,"cgrabs",185.034558912,34.5227065083,1.30000003650821e-07,"RFC J1220+3431",NA,"LSP",52480746455040,2.20878784013001e-12,24.8924827575684,0.304684370756149,0.114884376525879,43.429500579834,17.273157,"BLL",0,-9.28767735985087,-11.2509494304933,1.30573529210979,1.39606821497494,13.7200000035589,-11.6558459972503,3.22353181059419,NA,86.2609507406864,104.49518830242,-12.1272481104864,-12.9662311530302,-127.426933410208,108.25573697857,-19.5700561996396,-29.9391234160147,-19.0695212174118,-0.557524898545657,-160.42750920205,0,126.583863087518,-14.6907617411376,-15.7070928882021,-154.363026226409,131.139333884681,-23.7068649268403,-36.2677933885817,-23.1005245518416,-0.675377082637894,-194.339415911971,0,1.70494465306104,1.8228955384855,17.9146882123933,-15.2194494780063,2.75131360170889,4.2090792503314,2.68094442695098,0.0783812688636165,22.5541707010533,0,1.94900646086332,19.1540559144246,-16.272356115404,2.9416540182258,4.50027030073117,2.86641658780083,0.0838038144263463,24.1145054599719,0,188.238400097656,-159.918207123756,28.9093990591653,44.2268564528245,28.1699956871625,0.823590367501032,236.987714101473,0,135.858745911616,-24.5600221005303,-37.5729903515233,-23.931860888309,-0.699682396932996,-201.333257878326,0,4.43986643282393,6.79230083587521,4.32630986234825,0.126485895455018,36.3962528130527,0,10.3911573339127,6.61857705381302,0.19350362593658,55.6805710588877,0,4.21565767985209,0.123250819643901,35.4653613751795,0,0.00360341510068397,1.0368808832247,0,298.361952746649,0,0
"4FGL J1223.5+0818",1,185.883499145508,8.3016996383667,282.309997558594,70.0482635498047,8.5898494720459,2.06322542384285e-10,3.43797247615019e-11,2.19848358268271e-12,4.57813420420145e-13,"PowerLaw",1.92200922966003,0.112058952450752,3064.29077148438,1.84917676448822,0.154802188277245,0.0924163013696671,0.078537680208683,0,"bll","SDSS J122327.49+082030.4",-Inf,0,"rfc",185.864556054,8.34177924167,8.1946461705229e-07,"RFC J1223+0820",NA,"ISP",350751859671040,2.84019390037887e-13,24.0245742797852,0.800184369087219,0.28045380115509,39.9365005493164,19.359282,"BLL",0,-9.68545331929653,-11.6578767731541,0.933985553350144,1.38065570062453,14.5449999823169,-12.5466520096044,3.48632997325155,NA,93.8080060002722,112.911821288495,-9.04607347787016,-13.3722763384195,-140.874918357899,121.520012352481,-18.6155306731293,-33.7666862115922,-17.9101152315784,-0.895093772857951,-187.503422106098,0,135.906090858046,-10.8882884888621,-16.0955140240335,-169.563817459379,146.267323043614,-22.4065467562415,-40.6432052187202,-21.5574748521835,-1.07737785319825,-225.68812397274,0,0.872329013866775,1.28951247853383,13.5848198569621,-11.7183917198821,1.79512885390811,3.25618182922854,1.72710438362276,0.0863154903733222,18.0812897112315,0,1.90621016366701,20.0816371411695,-17.3226066208125,2.65363299958308,4.81342135182792,2.55307644135308,0.127595093316665,26.7285030532978,0,211.557024485599,-182.491053257832,27.9556242114181,50.7086693992947,26.896276006782,1.3441951017876,281.580756347668,0,157.41847665011,-24.1147809637922,-43.7417689650406,-23.2009773682799,-1.15951517329994,-242.894174409798,0,3.69411947889834,6.70075838622988,3.55413480861923,0.177624984203543,37.2087186835913,0,12.1544966823922,6.4468403798756,0.322193721482119,67.4928450972292,0,3.41945470632312,0.170894077152729,35.798734451575,0,0.00854077275884913,1.78911323961237,0,374.781799555524,0,0
"4FGL J1223.6-3032",1,185.914703369141,-30.5436992645264,295.882598876953,31.9475288391113,9.32456874847412,1.75313610850658e-10,3.72346910249011e-11,2.741100966e-12,5.02889613632207e-13,"PowerLaw",1.73276913166046,0.13040055334568,7648.8525390625,1.57097983360291,0.259785503149033,0.0894694700837135,0.126051843166351,0,"bll","NVSS J122337-303246",0.999364674091339,0,"whsp2",185.9042227,-30.5472611722,1.49999996210681e-05,"RFC J1223-3032",NA,"HSP",10715192857985024,3.84954134541315e-12,5.8577709197998,0,10,204.837997436523,18.568485,"BLL",0,-9.75618436520759,-11.5620749673175,0.969628755280841,0.767732383697205,16.0299999921212,-11.4145910115362,3.88359628831296,NA,95.183133367921,112.801735025501,-9.45987690232664,-7.49013867849023,-156.391635297411,111.362854361989,-16.9052151108201,-37.8890813888171,-15.3267688906531,-0.872880645194134,-181.157563042592,0,133.68157754987,-11.2109203590238,-8.87657937514445,-185.340061635004,131.97635699665,-20.0344066013119,-44.9024314282704,-18.1637866082608,-1.03445272039407,-214.69021559951,0,0.940179923067473,0.744415395593114,15.5431489395124,-11.0679156745557,1.680142776321,3.76564663505019,1.52326722062769,0.0867521709129076,18.004536998001,0,0.589413012977392,12.3067501046174,-8.76335116621538,1.33030297584662,2.98156263574413,1.2060920923922,0.0686886095354951,14.2556272506958,0,256.960899747406,-182.975893824992,27.776289166865,62.2540484710587,25.1828067202772,1.43419560473702,297.652814403703,0,130.292887960643,-19.7788509553189,-44.3296632850125,-17.9320922879484,-1.02125740902446,-211.951661978845,0,3.00248886363535,6.72937576821983,2.72214536212821,0.155029935987078,32.1748976297003,0,15.0823201305982,6.10105145079477,0.347463301934437,72.1124994255949,0,2.46797763758703,0.140554733224653,29.1707154755581,0,0.00800478607706051,1.66131251320738,0,344.788635195225,0,0
"4FGL J1223.8+8039",1,185.970703125,80.659797668457,124.31763458252,36.3941955566406,33.1081199645996,1.07170294860737e-09,5.42020421601119e-11,9.87032938021271e-12,7.97545352242829e-13,"LogParabola",2.26537394523621,0.0347093604505062,936.334594726562,2.1173620223999,0.0618010349571705,0.12522192299366,0.0335117243230343,0,"bll","S5 1221+80",0.999770760536194,0.988438367843628,"bllac",185.91872395,80.6678723278,6.79999985209179e-08,"RFC J1223+8040",NA,"LSP",1096478228480,5.75838909975396e-13,26.5672760009766,0.183787778019905,0.0674647316336632,19.3729991912842,19.023113,"BLL",0,-8.96992557439885,-11.0056683543595,1.51993452016065,1.42434702756078,12.040000012808,-12.2396989927808,2.9714310695468,NA,80.4595648102545,98.7200260351214,-13.6336995238007,-12.7762868293364,-107.997904030649,109.789189018288,-20.3202356869511,-26.6535155432912,-18.9925797549857,-1.12323132953623,-170.635907803379,0,121.12473592615,-16.7278952492307,-15.6758910068517,-132.508247127449,134.706067871733,-24.9319543398767,-32.7025848892718,-23.3029842046492,-1.37815095516337,-209.362072745505,0,2.31020094557599,2.16491421587784,18.3000116422015,-18.6035410155031,3.44322006043704,4.51638065688206,3.21825162952278,0.190329123438962,28.9138861296168,0,2.02876445492123,17.1491382300748,-17.433578878606,3.22667864521083,4.23234901151073,3.01585830287538,0.178359473801464,27.0955144565028,0,144.961600308417,-147.365976029847,27.2751023296589,35.7760301154016,25.493038776814,1.50767195444751,229.038280763648,0,149.810231433879,-27.7274951957795,-36.3694218690495,-25.9158738129204,-1.53267864473958,-232.837177025655,0,5.13191911175507,6.73140252501669,4.79661675817738,0.283674481722212,43.0944645474842,0,8.82940260106804,6.29159529883751,0.372088312571758,56.5258690076996,0,4.48322193390139,0.26514014411866,40.2788170140218,0,0.0156805299982301,2.38211079118569,0,361.878828210769,0,0
"4FGL J1226.0+5622",1,186.51969909668,56.3669013977051,130.046798706055,60.4096641540527,6.19976329803467,1.07417470751603e-10,2.24830102452112e-11,1.81161845507621e-12,3.56462255546308e-13,"PowerLaw",2.55487036705017,0.153951033949852,854.012268066406,2.55258107185364,0.167614191770554,0.0030842125415802,0.0806826651096344,0,"bll","SDSS J122602.81+562254.6",-Inf,0,"rfc",186.511731692,56.3818872972,7.30000010662479e-07,"RFC J1226+5622",NA,"ISP",331131106885632,2.32546078747509e-13,16.2188930511475,0.383223533630371,0.26706475019455,-Inf,20.474617,"BLL",0,-9.96892507772438,-11.7419332637801,0.79237510880152,1.21002121003645,14.5199999808554,-12.6334909792773,2.93146410946567,NA,99.379467205282,117.054452974264,-7.89912809309606,-12.0626107853108,-144.748791937707,125.942325042522,-25.4693112724213,-29.2235460753013,-25.4464894601263,-0.0307462837507909,-204.109922868102,0,137.872996771066,-9.30401564742794,-14.2079882960064,-170.492870765292,148.341607967242,-29.9991173475125,-34.4210559385125,-29.9722365960937,-0.0362146178345483,-240.411586415457,0,0.627858313048221,0.958790687954779,11.5052865646284,-10.0104637892479,2.02441568506516,2.32281919268561,2.02260170453473,0.00244385324820162,16.2235768730445,0,1.46415132873807,17.5695079465639,-15.2867920417297,3.09144733302432,3.54713374891407,3.08867723728048,0.00373196259157247,24.7747208373729,0,210.830399444041,-183.438288777243,37.0967176806565,42.5648588133198,37.0634771144467,0.0447827660446985,297.291438448022,0,159.605094323481,-32.2769317353512,-37.0346253830097,-32.2480099451369,-0.0389643713222274,-258.665889173658,0,6.52736259243107,7.48951078534496,6.52151373997203,0.00787976322816774,52.3099922500016,0,8.59348182508535,7.48279979864036,0.00904125837160625,60.0206048905557,0,6.51567012838548,0.00787270255521123,52.2631198076528,0,9.5123670016406e-06,0.0631480705354512,0,419.209941296689,0,0
"4FGL J1233.1+1703",1,188.281600952148,17.0578994750977,279.188598632812,79.0760040283203,7.30596923828125,1.67597477562786e-10,3.2029698338043e-11,1.87259843048571e-12,4.20216487474756e-13,"PowerLaw",1.92725312709808,0.127531155943871,3242.44384765625,1.40166664123535,0.35786384344101,0.573331892490387,0.332394778728485,0,"bll","RX J1233.0+1701",0.996658205986023,0,"bzcat",188.271428167,17.0259315167,1.69999998433923e-06,"RFC J1233+1701",NA,"HSP",15222990815887360,2.96302956129257e-12,17.2473888397217,0.518257081508636,0.3238305747509,17.0165996551514,18.491407,"BLL",0,-9.77573252203514,-11.7275553449538,0.863677839286679,1.23672335457813,16.1824999853671,-11.5282640156674,3.51087246374943,NA,95.5649463423755,114.645444189632,-8.44308354207583,-12.0898767181098,-158.195791394786,112.697225460567,-18.8403110727666,-34.3213501245929,-13.7023181697762,-5.60473922733823,-180.767048788088,0,137.535554368954,-10.1288296604446,-14.5037415872119,-189.781164198107,135.198354274979,-22.601967711778,-41.1739511276957,-16.4381231102631,-6.72378150020811,-216.858998998566,0,0.745939410074906,1.06813055467741,13.9764666216186,-9.95670615577799,1.66452581657056,3.03226274350221,1.21058841610236,0.49517405010024,15.9706184431306,0,1.52948465575898,20.0132756673637,-14.2572733459185,2.38347895246593,4.34197797086418,1.73347387054884,0.709052941367339,22.8687548959095,0,261.873305776406,-186.556132264846,31.1877737010634,56.8146935932509,22.6824704012806,9.27794334183618,299.237193506917,0,132.900871214932,-22.2178828742073,-40.4742646874401,-16.1587831021149,-6.60952142523142,-213.17382191716,0,3.71430461590933,6.76633993460363,2.70136641746989,1.10495568266716,35.6376219651933,0,12.326225456714,4.92107281406934,2.01289515393385,64.9209716522835,0,1.96466937315199,0.803620188060107,25.9187883414058,0,0.328709458946609,10.60171337012,0,341.932132839649,0,0
"4FGL J1233.7-0144",1,188.433898925781,-1.74279999732971,293.831024169922,60.8157577514648,25.7135734558105,9.71560498719271e-10,6.05260494501714e-11,1.14752478352909e-11,7.60592869068766e-13,"PowerLaw",2.06139373779297,0.0468485206365585,1780.49926757812,2.04775381088257,0.0537322908639908,0.0125873321667314,0.023659685626626,0,"bll","NVSS J123341-014426",0.999361395835876,0.88653028011322,"bzcat",188.422225754,-1.73992108889,2.20000003992027e-07,"RFC J1233-0144",NA,"ISP",158489326387200,8.19956841140168e-13,28.9774074554443,0.283391177654266,0.0970284193754196,79.9477005004883,18.329939,"BLL",0,-9.01253015086257,-10.9402379260663,1.41016243542534,1.46205952750644,14.2000000195681,-12.0862090063333,3.25054179935998,NA,81.2256997202069,98.5992241662827,-12.7091314668847,-13.1768555740077,-127.977928318607,108.927323079206,-18.5783732146584,-29.2956059733709,-18.4554429621229,-0.113443710671589,-165.199127900972,0,119.688805878939,-15.4275125579543,-15.9952790929925,-155.351378764221,132.226002153452,-22.5521379507582,-35.5617006736218,-22.4029139050643,-0.137708408758469,-200.533893830282,0,1.98855809428473,2.0617414240453,20.024306610634,-17.0435179274306,2.90690001365668,4.58379194023734,2.88766550110569,0.0177501829837457,25.8481914214379,0,2.13761806197236,20.7612453192012,-17.6707570291437,3.01388035428232,4.75248560731219,2.99393796918848,0.0184034289202579,26.7994619535619,0,201.640000555734,-171.624168126437,29.2717911169977,46.1576936145186,29.0781041546031,0.178740117013896,260.285134158682,0,146.076448144772,-24.9144355593125,-39.2867275708874,-24.7495805518423,-0.152133127399258,-221.53947382734,0,4.24934414221207,6.70064650963496,4.22122688229502,0.0259474477040201,37.7852214687271,0,10.5660219893864,6.65630935707249,0.0409156493503888,59.5822328992187,0,4.19329566998409,0.025775757413269,37.535202440495,0,0.000158440931075631,0.230725030788924,0,335.986663743721,0,0
"4FGL J1238.1-4541",1,189.545303344727,-45.6861000061035,300.509918212891,17.1232967376709,13.0165824890137,4.3672063188005e-10,4.53581269765913e-11,5.47740281950371e-12,5.9397831705249e-13,"PowerLaw",2.18942022323608,0.076672188937664,1756.78576660156,2.13045191764832,0.101055324077606,0.0821628794074059,0.0562381036579609,0,"bll","PMN J1238-4541",0.998403787612915,0.935019493103027,"rfc",189.525144742,-45.6915844333,5.29999988430063e-06,"RFC J1238-4541",NA,"ISP",112201843081216,2.33230318738564e-12,29.7255210876465,0.439278423786163,0.150479927659035,20.1028003692627,18.01661,"BLL",0,-9.35979629033192,-11.2614253189845,1.11449697493987,1.47312947652894,14.0499999909079,-11.6322149942004,3.2447188041501,NA,87.6057865965112,105.404646924481,-10.4314646516283,-13.7881918095942,-131.505137794063,108.87516275106,-20.4925272834227,-30.3699070262543,-19.9405959555353,-0.769027813880427,-168.631799442357,0,126.819700215065,-12.5508244515195,-16.5895375851254,-158.223025629342,130.99532045156,-24.6559923358475,-36.540158494041,-23.9919251662839,-0.925271130439231,-202.892708016269,0,1.24210350715012,1.64179834528626,15.6586824877721,-12.9640684228865,2.44010221566879,3.6162292917558,2.3743822174739,0.0915702805519032,20.0794573436714,0,2.17011045461843,20.6974691318378,-17.1357587852785,3.22529946735764,4.77989091344125,3.13843151821535,0.121036559531542,26.5407992581261,0,197.402499744512,-163.432620562754,30.7613541165605,45.5882991688076,29.9328494235886,1.15438845492702,253.133370336191,0,135.308425671301,-25.4678067493323,-37.7432667255988,-24.7818747408918,-0.955736277809506,-209.573080986661,0,4.79356091391513,7.10405296852062,4.66445451313132,0.179889069773882,39.4459302881574,0,10.5282001180053,6.91271739853114,0.266595439816327,58.4588332540387,0,4.5388253734114,0.175044063993016,38.3835213240219,0,0.00675073875251592,1.48029655476026,0,324.5982358921,0,0
"4FGL J1238.3-1959",1,189.593597412109,-19.994499206543,298.749633789062,42.7711410522461,19.179838180542,6.38300634570044e-10,5.03758458558767e-11,6.67729283324037e-12,5.97431609392074e-13,"PowerLaw",2.15130138397217,0.0578376799821854,1503.09826660156,2.09747099876404,0.0758471041917801,0.0571815595030785,0.0395299084484577,0,"bll","PMN J1238-1959",0.999755799770355,0.948380649089813,"bzcat",189.601622738,-19.9871348306,2.20000003992027e-07,"RFC J1238-1959",NA,"LSP",76736150634496,1.85235399068062e-12,38.9106788635254,0.446942687034607,0.136072486639023,40.3837013244629,17.007235,"BLL",0,-9.19497472381376,-11.1753995773277,1.2828449387265,1.5900688078819,13.8850000096117,-11.7322760146797,3.17698737396533,NA,84.5475601715739,102.757516642047,-11.7957267861626,-14.6206424975987,-127.672224128533,107.877981407786,-19.7811618489297,-29.2123186014867,-19.2861928175677,-0.525782994299059,-156.381095946961,0,124.889555712936,-14.3363047860211,-17.7696542835253,-155.17042323861,131.112872415543,-24.0416525771471,-35.5041033561876,-23.4400765130448,-0.639026775901642,-190.062646830513,0,1.6456911368162,2.03981172241817,17.8123019865478,-15.0506909051742,2.75978609210401,4.07558217308942,2.69073005489007,0.0733550741970125,21.8176453414822,0,2.52831881379897,22.0781054127234,-18.6551261364032,3.42071722700731,5.0516285263769,3.3351232105716,0.090922614151888,27.0426738818173,0,192.793225266917,-162.902652576595,29.8708197371312,44.1124697180449,29.123384837999,0.793965954249857,236.145458138468,0,137.646300484629,-25.2396616275239,-37.2732927665137,-24.6081086902856,-0.670869839039948,-199.533575266521,0,4.62809764468058,6.83465733447372,4.51229226248257,0.12301476809666,36.5876881930399,0,10.0932487743351,6.6636388803318,0.181665092564928,54.0317708610613,0,4.39938459065622,0.119936662721807,35.6721821816647,0,0.00326973074720411,0.972500220135339,0,289.246042345225,0,0
"4FGL J1245.8+0232",1,191.474792480469,2.54220008850098,299.610107421875,65.3782196044922,10.6344041824341,4.21999379884852e-10,5.369136732436e-11,2.21715137568856e-12,3.76306922905342e-13,"LogParabola",2.25340533256531,0.0924611613154411,1610.2275390625,2.17348074913025,0.186111584305763,0.52065908908844,0.180142134428024,0,"bll","NVSS J124533+022825",0.924196898937225,0,"bzcat",191.390841033,2.47366767778,3.72021503380893e-07,"RFC J1245+0228",NA,"ISP",109018450231296,7.7293504712958e-13,18.1259994506836,0.405763149261475,0.17690409719944,-Inf,19.12612,"BLL",0,-9.37468818722028,-11.6542046544805,1.02671316254812,1.25830196249544,14.0375000039549,-12.111857000077,3.20688724993057,NA,87.8847786076074,109.254534705806,-9.62511575660344,-11.7961885437621,-131.597185465181,113.544882743923,-21.1249723522192,-30.0635680196714,-20.375704304022,-4.88101661204627,-179.301411231358,0,135.820486128515,-11.9655253177847,-14.6645085880563,-163.595897883361,141.1540602247,-26.2616469152138,-37.373720314535,-25.3301894629375,-6.06786757945208,-222.899716726153,0,1.05413991814956,1.2919151873542,14.4124860233298,-12.4354030048796,2.31360091550093,3.29255335031146,2.23154129367698,0.534567539967416,19.6370391524749,0,1.58332382881988,17.6634138035062,-15.240373432661,2.83546435226462,4.03523252008924,2.73489509207665,0.655146353591072,24.0664343309233,0,197.051406361034,-170.020192686482,31.6321773647975,45.0166797835833,30.5102360245118,7.30875196513813,268.482909575642,0,146.697079990314,-27.292923151242,-38.8413597865293,-26.3248880258858,-6.30614843282954,-231.652830406313,0,5.07783559283377,7.22641682992925,4.89773311031815,1.17325596780049,43.098900799284,0,10.2841258337673,6.97010770235534,1.66969499435818,61.3353103686421,0,4.72401856683979,1.13164250699342,41.5702536255551,0,0.271085887050404,9.9581882169962,0,365.8084662544,0,0
"4FGL J1248.3+5820",1,192.084396362305,58.3432006835938,123.716735839844,58.7803268432617,116.67586517334,5.05056707567064e-09,1.02159551651493e-10,5.1049477145515e-11,1.52824161745585e-12,"LogParabola",1.89512968063354,0.0127308070659637,1135.39233398438,1.81082332134247,0.0198783427476883,0.0458935983479023,0.00769906677305698,0,"bll","PG 1246+586",0.999936938285828,0.993471264839172,"cgrabs",192.078269754,58.3413102306,1.39999997372797e-07,"RFC J1248+5820",NA,"ISP",767361472790528,1.11636958358141e-11,92.8469772338867,0.16321773827076,0.0427462793886662,198.091995239258,15.486837,"BLL",0,-8.29665985673122,-10.2920087016472,2.06698102994386,1.96776776922806,14.8849999906213,-10.9521920047369,3.05514595760164,NA,68.8345647782953,85.3892954400847,-17.1490385357602,-16.325899858324,-123.495781889632,90.8666117489133,-15.7232463446121,-25.3475068228882,-15.0237851578148,-0.380763575093987,-128.48901884564,0,105.925443114782,-21.2733867463219,-20.2522830037161,-153.196549427493,112.720055414863,-19.5046911638303,-31.4435887804383,-18.6370093804024,-0.472337313546512,-159.390661164992,0,4.27241057814778,4.06733865032935,30.7670126113288,-22.637973110094,3.91719709915309,6.31492873807226,3.74293745379482,0.0948611971809769,32.0109982928327,0,3.87210999361278,29.2902232265046,-21.5513704293185,3.72917510405815,6.0118177456559,3.56327976750422,0.0903079436429003,30.4744986958886,0,221.563224720796,-163.023377887791,28.2090052784564,45.4758475502471,26.9541051211995,0.683126210978103,230.521568599754,0,119.950509708623,-20.7558241361743,-33.4605451301489,-19.8324847019981,-0.502635500894502,-169.614812370064,0,3.59151650641818,5.78989778291845,3.43174502265952,0.086974320380184,29.3495644578337,0,9.33391682224964,5.53232955013022,0.140211641472387,47.3145474565855,0,3.27908110111777,0.0831051981887057,28.0439256134295,0,0.00210622236931858,0.710746676957432,0,239.842120264569,0,0
"4FGL J1253.2+5301",1,193.306701660156,53.0172996520996,122.315795898438,64.1088104248047,86.9989013671875,3.88036003329262e-09,9.45721140288569e-11,3.60010840583236e-11,1.30772096710446e-12,"LogParabola",2.04171657562256,0.0163288880139589,1174.85180664062,1.9312983751297,0.0284305345267057,0.0881043896079063,0.0131741929799318,0,"bll","S4 1250+53",0.999832212924957,0.993476271629333,"bllac",193.299668946,53.0199269972,1.1999999571799e-07,"RFC J1253+5301",NA,"LSP",35481337200640,3.47683427187606e-12,115.658676147461,0.24142549932003,0.0614766590297222,155.625,16.405312,"BLL",0,-8.4111279771846,-10.4436844216366,1.93951376832918,2.06317821697378,13.5499999789138,-11.4588160100717,3.06998308906124,NA,70.7470738485775,87.8431662237146,-16.3134985189283,-17.353656022706,-113.970783913493,96.3815679277249,-17.1731394107005,-25.8220206498866,-16.2443977953446,-0.741057296343833,-137.987178737642,0,109.070544298735,-20.2556697278492,-21.547182203669,-141.511923692958,119.672258254786,-21.3230435942266,-32.0619345619167,-20.1698707538741,-0.920134441225893,-171.331901366488,0,3.76171365753846,4.0015625583375,26.2804115199634,-22.2245314202849,3.95993740944586,5.95427446977202,3.74577978931583,0.170879676694773,31.8183284977359,0,4.25670435499511,27.9560647964901,-23.6415795842903,4.21242516405877,6.33392223582903,3.98461273804445,0.181775057458803,33.8470823610586,0,183.602499428564,-155.266956694849,27.6652595566336,41.5982707920455,26.1690929422837,1.19381447732934,222.291977254074,0,131.304464352676,-23.3956545847726,-35.1783713715843,-22.1303927411617,-1.00957199019667,-187.985451795821,0,4.16860657517191,6.26803535981728,3.94316390497523,0.17988419264757,33.4949974386597,0,9.42479616712199,5.92905335157963,0.270478986168335,50.3640304107734,0,3.72991341377862,0.170155864491543,31.6835524090958,0,0.00776238346818175,1.44538000008726,0,269.134261817344,0,0
"4FGL J1259.8-3749",1,194.964599609375,-37.8233985900879,304.766845703125,25.018346786499,18.9364280700684,6.43285424928308e-10,5.14089985859112e-11,7.33382885670375e-12,6.50428170524686e-13,"PowerLaw",2.10627770423889,0.0627500116825104,1856.31555175781,2.10061359405518,0.0729619339108467,0.00471207918599248,0.0318883508443832,0,"bll","NVSS J125949-374856",0.999697387218475,0.906784355640411,"bzcat",194.957506108,-37.8161568806,8.2000002521454e-07,"RFC J1259-3748",NA,"HSP",1412537568460800,1.10411929165471e-12,20.5854225158691,0.289003074169159,0.121726900339127,90.6378021240234,17.845173,"BLL",0,-9.19159628840208,-11.1346692290163,1.27729806253653,1.31355978532074,15.1500000073292,-11.9569840018708,3.26865180309982,NA,84.4854423289669,102.345384358011,-11.7404081307939,-12.0737112473483,-139.252683836659,109.903769772079,-19.3600543286262,-30.0441277814511,-19.3079921144845,-0.0433115295566252,-164.025625912693,0,123.980858839602,-14.2222914332076,-14.6260537220841,-168.690238901205,133.137061837471,-23.4527055411519,-36.3953566523442,-23.3896375477796,-0.0524674431169586,-198.700098689572,0,1.63149034055957,1.67780736881608,19.35106565679,-15.2726324993699,2.69034443078822,4.17504261520594,2.68310967382458,0.0060187296147869,22.7936048985292,0,1.72543930961187,19.9004307572366,-15.7062133385809,2.7667216890059,4.29356956076805,2.75928154164895,0.00618959772396661,23.4407016148915,0,229.522500222075,-181.148307715978,31.9101072346565,49.5200748409189,31.8242959653318,0.0713879997023218,270.354371080791,0,142.969466420994,-25.1847288130816,-39.0832173173507,-25.1170031382301,-0.0563422554424605,-213.374448071617,0,4.43640576737385,6.8846884157894,4.42447557837955,0.0099249473300641,37.5868900181858,0,10.6840846099077,6.86617441182446,0.0154021461276435,58.3296569030782,0,4.41257747152942,0.00989825759436027,37.4858129920665,0,2.22036902550636e-05,0.084087868263735,0,318.450199399929,0,0
"4FGL J1304.3-4353",1,196.088302612305,-43.8956985473633,305.390869140625,18.9143772125244,49.9690742492676,2.50325782324978e-09,9.35991284478632e-11,2.51653489713455e-11,1.36355152429574e-12,"LogParabola",1.88991034030914,0.0253446716815233,1934.45190429688,1.73787450790405,0.042667668312788,0.0949228852987289,0.0184624101966619,0,"bll","1RXS J130421.2-435308",0.999834537506104,0.984108984470367,"bzcat",196.087526158,-43.8861626639,4.99999987368938e-06,"RFC J1304-4353",NA,"HSP",2818383041003520,7.86027926774624e-12,101.701065063477,0.374290198087692,0.0964528322219849,149.210998535156,16.42367,"BLL",0,-8.60149441789148,-10.5991970428039,1.69870130357189,2.00732550109156,15.4500000169101,-11.1045620236442,3.28655793645678,NA,73.9857062210183,91.1689341978096,-14.6113697803386,-17.2659990925303,-132.893088901876,95.5158282595053,-16.2560532424845,-28.2693097445099,-14.9483178787326,-0.81647866802717,-141.268105826292,0,112.342977952183,-18.0048698334263,-21.2760385151145,-163.757594490554,117.699440962642,-20.0315320901691,-34.8348751610964,-18.4200743449409,-1.0061063651527,-174.077714495987,0,2.88558611875684,3.40984644539733,26.2449351689109,-18.8633339851593,3.21039315871713,5.58288025092367,2.95212969202097,0.161245628995756,27.8989096384345,0,4.02935566733248,31.0131790258087,-22.2904705285139,3.79366522087917,6.59719155666455,3.48847981741275,0.190541128297328,32.9676516125124,0,238.702500522522,-171.565483453082,29.1991147897348,50.7773201738333,26.8501611765052,1.46655857947052,253.745701777726,0,123.311297736961,-20.9866265930894,-36.4957864496844,-19.2983352623307,-1.054077067263,-182.377662170865,0,3.57176109440741,6.21129982813474,3.28442700264752,0.179395742458046,31.039263758825,0,10.801463069687,5.71162525651798,0.311969562029914,53.9773429842471,0,3.02020780522274,0.164964062577361,28.5422774192285,0,0.00901035415343564,1.55898214359418,0,269.7369362689,0,0
"4FGL J1305.6+7853",1,196.41259765625,78.8923034667969,122.061248779297,38.2119140625,15.6986465454102,3.33697458554383e-10,3.04413473595222e-11,4.08414925143208e-12,3.92324085544959e-13,"PowerLaw",2.24031114578247,0.0788706317543983,1598.00952148438,2.24224829673767,0.0963940247893333,-0.000774122716393322,0.049102533608675,0,"bll","S5 1304+79",0.995480000972748,0.903766870498657,"bzcat",196.250059092,78.9099434472,1.0000000116861e-07,"RFC J1305+7854",NA,"LSP",4920395169792,1.48476933872765e-13,9.11356353759766,0,10,12.5703001022339,20.121738,"BLL",0,-9.4766471009269,-11.3888983954076,1.19586221144124,0.959688225721982,12.6919999834926,-12.8283410094434,3.20357936265995,NA,89.8068402755062,107.92857096159,-11.3327641591627,-9.0946266420819,-120.277604848529,121.569660636843,-21.2306381248537,-30.3591910797407,-21.2489958208373,0.00733608779607043,-190.686610083311,0,129.707006660918,-13.6195532210117,-10.9297916940166,-144.547898246512,146.100672338191,-25.5146760134157,-36.4852398629588,-25.5367380288211,0.00881640496258048,-229.164429621012,0,1.43008642875313,1.14765488390601,15.1778831678716,-15.3409282486753,2.67910344111188,3.83103950115805,2.68142000673706,-0.000925744103553018,24.0628261027212,0,0.921001490589406,12.1803629450214,-12.3112078223093,2.15000022856116,3.07443739451069,2.15185928952431,-0.000742916456186588,19.3105950396626,0,161.086863580976,-162.817303880093,28.4340290252894,40.6598292179973,28.4586153451808,-0.00982516550368529,255.385098363842,0,164.566333054567,-28.7394753453544,-41.0966085150172,-28.7643257783945,0.00993071018905018,-258.128516766676,0,5.01899402991716,7.17701455256579,5.02333385079316,-0.00173427574973936,45.0789539139147,0,10.2629207328607,7.18322036938822,-0.00247996355840391,64.4615845976505,0,5.02767742422298,-0.00173577534229886,45.1179327579016,0,5.99265980036176e-07,-0.0155766944791147,0,404.884340140644,0,0
"4FGL J1307.6-4259",1,196.909606933594,-42.9949989318848,306.078887939453,19.7777366638184,41.0163307189941,1.73340986009407e-09,7.4916232939426e-11,2.06781796546762e-11,1.03645098146338e-12,"PowerLaw",1.93901562690735,0.0323317907750607,2532.86303710938,1.90390229225159,0.0403858050704002,0.0295944809913635,0.0180217549204826,0,"bll","1RXS J130737.8-425940",0.999951839447021,0.991851806640625,"bzcat",196.908265217,-42.9941630417,2.70000009550131e-06,"RFC J1307-4259",NA,"HSP",8317637960400896,1.07547668687369e-11,22.9696407318115,0.165664836764336,0.0641421377658844,114.956001281738,15.391525,"BLL",0,-8.76109873738317,-10.6844876957873,1.6129568062086,1.36115420244744,15.9200000130207,-10.9683989993833,3.4036117062391,NA,76.756851086177,93.6078516611481,-14.1312738383278,-11.9252063644461,-139.476692013216,96.0952266246119,-16.9879073606642,-29.819378222074,-16.6802759687463,-0.259280170046945,-134.846670243901,0,114.15827732143,-17.2336171497722,-14.5432353281188,-170.097044256053,117.191724151397,-20.7173886076309,-36.3658473965493,-20.3422206155434,-0.316201868015434,-164.450559481903,0,2.60162965869465,2.19548293513704,25.6782723758427,-17.6915538192669,3.12754845276505,5.48987866726962,3.07091216064336,0.0477346195412308,24.8258650066798,0,1.85274076284033,21.6695749206864,-14.9296823921309,2.6392992691762,4.63284037744665,2.59150460614757,0.0402826521706453,20.9502389358248,0,253.446400414579,-174.616912212998,30.8691288056124,54.1854984076439,30.3101245174355,0.471144137767848,245.033078200408,0,120.305776609673,-21.2678970619592,-37.3321712330022,-20.8827599972559,-0.32460407569294,-168.820387408983,0,3.7597816013909,6.5996562863224,3.69169629678056,0.0573841611124664,29.8444074969351,0,11.5845726468478,6.48014412944297,0.100728121942275,52.3867746668718,0,3.62484393844086,0.0563450001974531,29.3039597287477,0,0.000875833305148176,0.455504194040596,0,236.899041825625,0,0
"4FGL J1309.7+1153",1,197.437698364258,11.896900177002,319.574310302734,74.1739654541016,17.4271678924561,5.55197499085835e-10,4.7946306647173e-11,6.51643235899391e-12,5.8278935063244e-13,"PowerLaw",2.18808794021606,0.0640836507081985,1472.57946777344,2.14352512359619,0.0825318917632103,0.0611840486526489,0.045263584703207,0,"bll","4C +12.46",0.987573564052582,0.895583212375641,"cgrabs",197.391385208,11.9068203083,6.79999985209179e-08,"RFC J1309+1154",NA,"LSP",13489629298688,2.35283775969208e-12,6.95285081863403,0,10,21.67919921875,18.37015,"BLL",0,-9.25555249884943,-11.1859901083881,1.24122681518717,0.84216291120079,13.1300000152207,-11.6284080186377,3.16807874079988,NA,85.6652520589579,103.532518699796,-11.4882399509445,-7.79468303720278,-121.525404450769,107.627340894543,-20.2519628027691,-29.3223191059621,-19.8395093140473,-0.56629217439675,-170.025887736739,0,125.126374704956,-13.8843508769497,-9.42042599434336,-146.872050293394,130.075257072782,-24.4759300555401,-35.4380974571821,-23.9774508296284,-0.684404163019667,-205.488316189606,0,1.54064400673968,1.04531518813851,16.2973081022999,-14.4334918506706,2.71591342538383,3.93230428570521,2.66060086243498,0.0759432818493842,22.8015227790106,0,0.70923836900219,11.0575990368847,-9.79301394960654,1.8427265096957,2.66803841526536,1.8051973583198,0.0515269365323656,15.4706590031952,0,172.396900399696,-152.680997461706,28.7295946883411,41.5968739149228,28.1444849054439,0.803346559740544,241.200069779607,0,135.219873047918,-25.4439793494929,-36.839712233193,-24.9257847353773,-0.711473081965182,-213.615599563577,0,4.78772883411896,6.9320348863991,4.69022147249096,0.133876078990454,40.1955036749601,0,10.0367229079082,6.79085637443553,0.193835883812523,58.1980816803049,0,4.59469995548806,0.131149545450285,39.3768780492305,0,0.00374348780952971,1.12396015135646,0,337.4624110225,0,0
"4FGL J1314.7+2348",1,198.687896728516,23.8124008178711,1.99509191513062,83.7818374633789,38.306957244873,1.29227195611037e-09,6.59036089589726e-11,1.07901352783268e-11,8.37750333514131e-13,"LogParabola",2.04068779945374,0.0352276489138603,1210.19616699219,1.89617645740509,0.0594800151884556,0.0968293696641922,0.0286444090306759,0,"bll","TXS 1312+240",0.999776661396027,0.974254667758942,"bllac",198.682525671,23.8074392417,1.39999997372797e-07,"RFC J1314+2348",NA,"ISP",100000000376832,6.91375515865511e-12,35.2574653625488,0.255530416965485,0.0802032425999641,23.0970001220703,17.042664,"BLL",0,-8.88864608029661,-10.9669731104364,1.5832776569624,1.54725108792289,14.0000000016366,-11.1602860044765,3.08285577307437,NA,79.0080291407723,97.4815425507988,-14.07319473958,-13.7529673179005,-124.4410451387,99.1998324486792,-18.1389516097236,-27.4024138834573,-16.8544414356645,-0.860681997123213,-151.486208561412,0,120.274499205035,-17.3637634902614,-16.9686610763438,-153.537623564058,122.394556515873,-22.3801682234048,-33.8095963666602,-20.7953162210042,-1.0619250934077,-186.906437818202,0,2.50676813903635,2.44972807721908,22.1658872000648,-17.6698314761978,3.23097539771087,4.8810166651462,3.0021738186676,0.153307777527068,26.9832691263174,0,2.39398592907857,21.6615152334527,-17.2677646619569,3.15745641781577,4.76995194879868,2.9338610866138,0.149819347555809,26.3692804151043,0,196.000000045825,-156.244004080936,28.5696291956921,43.1599808280866,26.5464704067745,1.35561117545716,238.597296027892,0,124.551983701714,-22.7746594877495,-34.4055521380615,-21.1618715795959,-1.08064345908557,-190.201004518195,0,4.16440669483935,6.29114616358839,3.86950416223798,0.197598513302513,34.7787564949895,0,9.50399971757797,5.84563853847899,0.298510981272407,52.5400751009667,0,3.59548515761732,0.183605571142616,32.3158982482653,0,0.00937592682956478,1.65023041251862,0,290.452396216896,0,0
"4FGL J1315.9-0732",1,198.986602783203,-7.5460000038147,313.514801025391,54.8213653564453,17.933162689209,5.86221682308263e-10,5.56516152605546e-11,7.20354288372138e-12,6.87881880363089e-13,"LogParabola",1.93024206161499,0.0616643615067005,2055.63598632812,1.75276112556458,0.0996916145086288,0.137625634670258,0.051558718085289,0,"bll","NVSS J131552-073301",0.997832775115967,0.827134966850281,"rfc",198.970727467,-7.55057693889,4.70000003360838e-07,"RFC J1315-0733",NA,"HSP",2344228852072448,4.13087446193838e-12,60.7536888122559,0.740024387836456,0.202026844024658,63.143798828125,17.722986,"BLL",0,-9.23193812255284,-11.1424538540668,1.25365688841025,1.78357265234724,15.3700000068088,-11.3839580031149,3.3129462119159,NA,85.2286814986445,102.866444514145,-11.5736828207156,-16.4658323635472,-141.894889006496,105.095995874497,-17.8198752743784,-30.5849144317534,-16.1813822548283,-1.27055134335288,-163.61751009887,0,124.154277890008,-13.9688140279442,-19.8733759741546,-171.259515812873,126.845226726342,-21.5076330987238,-36.9143502872783,-19.5300599588055,-1.53348728345001,-197.477553661272,0,1.57165559385847,2.23598814159526,19.2687063834014,-14.271577367978,2.41986125684283,4.15329783950101,2.19736105880174,0.172535324926201,22.2185434820984,0,3.18113140620097,27.4135116787211,-20.3041161698252,3.44272695350685,5.90888026227058,3.12617680965435,0.245465318259804,31.610233147533,0,236.236900209303,-174.971434585387,29.667820500165,50.9199832997046,26.9399385118618,2.11530600581893,272.402294940672,0,129.594499816684,-21.973794565271,-37.7144405430292,-19.9533590429196,-1.56672444523825,-201.757728313793,0,3.72583441642769,6.39478812610812,3.38325324852839,0.26565078879699,34.2096530346136,0,10.9756126030479,5.80680333133262,0.455946325043353,58.7152993325385,0,3.07217156329041,0.241224862331181,31.0641608897253,0,0.0189408153183913,2.4391371965021,0,314.104232756196,0,0
"4FGL J1319.8+7759",1,199.965805053711,77.9881973266602,121.032493591309,39.0350227355957,19.2705745697021,3.91555315948366e-10,3.17599384291878e-11,4.21700131411629e-12,3.91271514970856e-13,"PowerLaw",2.04651165008545,0.0646688416600227,2178.34741210938,2.04377961158752,0.0725765451788902,0.00118637399282306,0.0320324338972569,0,"bll","NVSS J131921+775823",0.985298991203308,0,"rfc",199.838604479,77.9728556861,8.00000009348878e-07,"RFC J1319+7758",NA,"ISP",275422864474112,8.07430240289814e-13,27.6138477325439,0.390699714422226,0.133353918790817,94.1840972900391,17.652248,"BLL",0,-9.4072068754601,-11.3749962636488,1.28489466373335,1.44112692574769,14.4399999907603,-12.0928949892023,3.33812714407448,NA,88.4955411977038,107.00694305973,-12.0872699149144,-13.5569791243043,-135.840067194724,113.760364886641,-19.251958465393,-31.4024526208974,-19.2262576140513,-0.0111604655821521,-166.058348752927,0,129.390539998024,-14.6156719991491,-16.3928133958237,-164.254945941987,137.556635318873,-23.2790623732357,-37.9711837914318,-23.2479854455296,-0.0134949997356524,-200.794255045002,0,1.65095429689044,1.85169629665565,18.5538789324375,-15.5380962407138,2.62955189846293,4.28914175428475,2.62604151677582,0.00152436561257038,22.6812792580977,0,2.07684681611499,20.8098727944811,-17.4273965791788,2.94928304279448,4.81066490889497,2.94534582855293,0.00170971550506411,25.4391298927758,0,208.513599733157,-174.621403532347,29.5516282083247,48.2025559295922,29.5121775724399,0.0171312404454032,254.898460956899,0,146.238109219874,-24.7482504786625,-40.3676210138985,-24.7152122240005,-0.0143466961131299,-213.466781387356,0,4.18820993393547,6.83151608981489,4.18261878532098,0.00242792819767078,36.1255311821976,0,11.1430928300068,6.8223961979463,0.00396026722846668,58.9254482027345,0,4.17703510074083,0.00242468697824945,36.0773045610866,0,1.40748325084693e-06,0.0209421679420629,0,311.601859453504,0,0
"4FGL J1328.5-4727",1,202.134201049805,-47.4612998962402,309.407409667969,14.9434595108032,17.6551647186279,7.89122767130834e-10,8.28805565844526e-11,9.37055988359248e-12,1.00436336764737e-12,"PowerLaw",2.00994634628296,0.0736604928970337,4629.12548828125,1.99834334850311,0.0835476517677307,0.0153917344287038,0.0345056504011154,0,"bll","2MASS J13284063-4727496",0.998961627483368,0,"bzcat",202.169265721,-47.4637375917,2.70000009550131e-06,"RFC J1328-4727",NA,"HSP",3981071758655488,1.52194511333914e-12,17.3043193817139,0.255940109491348,0.13425201177597,99.619499206543,18.040848,"BLL",0,-9.10285542652457,-11.0282344595828,1.24687177378569,1.23815452217514,15.6000000057949,-11.8176010094602,3.66549895397991,NA,82.8619769162078,100.388423895399,-11.3500934921854,-11.2707416110579,-142.004544706533,107.573913477467,-18.2962510052851,-33.3665070441562,-18.1906305939808,-0.140108733267951,-164.223231115905,0,121.62195529553,-13.7507942623445,-13.6546583677402,-172.040457633399,130.327274682129,-22.1661595579903,-40.423981875846,-22.0381989780401,-0.169743656019378,-198.958701593695,0,1.55468922026347,1.54381992528529,19.4511996782823,-14.7350331325572,2.5061453660039,4.57040718255852,2.49167791558091,0.0191915192087562,22.494624146358,0,1.53302662078275,19.3152105531072,-14.6320161311246,2.48862415797965,4.53845410589847,2.47425785380774,0.0190573455870184,22.3373575350743,0,243.360000180801,-184.354575816061,31.3551630136616,57.1817837033278,31.1741562482287,0.240111057176973,281.437228904545,0,139.655693618795,-23.7527439707943,-43.3174041387283,-23.6156243725184,-0.181893376321993,-213.199543536318,0,4.03988431493622,7.36745622985593,4.01656291194268,0.0309365603779308,36.2611365214462,0,13.4358825816278,7.32492545363086,0.0564183864483504,66.1287094729106,0,3.99337613850662,0.0307579701175266,36.0518086021556,0,0.000236905488723746,0.277679941284612,0,325.472196559104,0,0
"4FGL J1330.2+7002",1,202.572692871094,70.0406036376953,118.112777709961,46.7224197387695,18.0432605743408,3.26917881654509e-10,2.90548470699425e-11,4.01716247072637e-12,3.94025496909187e-13,"PowerLaw",1.96657955646515,0.0675733909010887,2478.04956054688,1.88733613491058,0.0934160128235817,0.0658800005912781,0.0449363142251968,0,"bll","NVSS J133025+700141",0.999134957790375,0.918946087360382,"bzcat",202.607535721,70.0274088194,3.49999993431993e-07,"RFC J1330+7001",NA,"HSP",17579235644276736,5.10406278873832e-13,28.3646373748779,0.397220820188522,0.142833918333054,49.2366981506348,18.319197,"BLL",0,-9.48556132386292,-11.3960806032414,1.2563150210934,1.45277723573798,16.2449999877634,-12.292083991686,3.39410998793867,NA,89.9758736287641,108.098221413731,-11.9168531746716,-13.7804075595047,-154.092943590082,116.597316501211,-18.6541109811053,-32.1950384305279,-17.9024426464367,-0.624908785624694,-173.767866547426,0,129.870653115575,-14.3170672434433,-16.5559664770243,-185.129329260207,140.081579951067,-22.4112991381636,-38.6795509988158,-21.5082347188511,-0.750773796879796,-208.767045598658,0,1.57832743222491,1.82514586356017,20.4088375022893,-15.4427297592968,2.47064343696236,4.26407136109049,2.37108873614052,0.0827660343324648,23.0146823654691,0,2.11056169667849,23.6003661767864,-17.8576598029007,2.85700201190026,4.93088572606821,2.7418789729838,0.0957089651494135,26.6137123785995,0,263.900024602433,-199.684904294526,31.9470848707121,55.1373167125313,30.6597754885278,1.07022060879917,297.595355040835,0,151.095328858663,-24.1733610844022,-41.7206850487625,-23.1992942908649,-0.809802500640314,-225.181108184242,0,3.86743515190667,6.67478731467437,3.7115966590931,0.12955826234272,36.0261583110577,0,11.519982610225,6.40582642609756,0.223603968012262,62.1773695087161,0,3.56203768613921,0.12433770568385,34.5744824606455,0,0.0043401744779068,1.20686870919174,0,335.592978724809,0,0
"4FGL J1330.3+4441",1,202.579299926758,44.6876983642578,101.536262512207,70.7904510498047,13.8633804321289,2.95185459409097e-10,3.22806954777821e-11,3.17388476611669e-12,3.87310951539821e-13,"PowerLaw",2.07477378845215,0.0831894129514694,1986.19689941406,1.91217505931854,0.144562214612961,0.136006265878677,0.0814277827739716,0,"bll","1RXS J133021.4+444117",0.998801946640015,0.916135430335999,"bllac",202.589690933,44.6889660528,4.30000000051223e-06,"RFC J1330+4441",NA,"HSP",2238721101398016,7.61493136342689e-13,10.046745300293,0.120435774326324,0.23770210146904,23.1371002197266,18.737745,"BLL",0,-9.52990503930809,-11.4984088451767,1.14186914109939,1.00202539239794,15.3499999927892,-12.1183340067888,3.29802229959254,NA,90.8190900582297,109.578744397674,-10.8819044819935,-9.5492068365278,-146.284042284661,115.486572319315,-19.7723971819945,-31.4298393326374,-18.222846733839,-1.29612679857468,-178.56893050077,0,132.213405970838,-13.1296782320515,-11.5216976350401,-176.50057569055,139.341558932466,-23.856597280879,-37.9220087812249,-21.9869706155946,-1.56385565057883,-215.454252846665,0,1.30386513539506,1.14418187417721,17.5276913076418,-13.8375516438875,2.36912016379538,3.76590989056237,2.18345369261574,0.15530135800302,21.3960527892894,0,1.00405488701025,15.381089766083,-12.1428783883618,2.07897601951073,3.30470208888637,1.91604796414721,0.13628173193566,18.7756962862775,0,235.622499778628,-186.016426916825,31.8477776377797,50.6246422749641,29.3518871467513,2.08769618025698,287.624385614886,0,146.854019100094,-25.1428017569937,-39.9665357883001,-23.1723760482733,-1.64816935693393,-227.070252444037,0,4.30468627324809,6.84265022092529,3.96733069200604,0.282182235510333,38.8765821807003,0,10.8769510886097,6.30639598635723,0.448551697752189,61.7975008540786,0,3.65641345747986,0.260067789524252,35.8298486568707,0,0.0184977043582614,2.54845072843685,0,351.103087685025,0,0
"4FGL J1330.4+3157",1,202.600204467773,31.9629993438721,64.9795837402344,80.2501907348633,5.29088735580444,1.15622580953989e-10,2.58132022701307e-11,1.75437800137984e-12,3.87870318545661e-13,"PowerLaw",2.49614691734314,0.141295000910759,907.773986816406,2.4068124294281,0.24083836376667,0.296327739953995,0.182547241449356,0,"bll","MG2 J132953+3153",0.96179461479187,0.835914850234985,"bllac",202.47027045,31.9030706861,7.50000026528141e-08,"RFC J1329+3154",NA,"LSP",2754228781056,9.72675499172349e-13,10.7474937438965,0.261819392442703,0.593600630760193,-Inf,19.050722,"BLL",0,-9.93695734043085,-11.7558768270323,0.723528515402154,1.03130720098681,12.4400000122548,-12.0120320234771,2.95797773343662,NA,98.7431211855425,116.81764652958,-7.18967199213647,-10.2480556610851,-123.615749436735,119.363049789181,-24.8041054330868,-29.393298551104,-23.9163924376458,-2.94459611070913,-189.306211818407,0,138.200639972355,-8.50571210791326,-12.1239204256324,-146.243107872348,141.211968910364,-29.3443957024623,-34.7736218913851,-28.2941904661271,-3.48359241133202,-223.957941298034,0,0.523493512600045,0.746180168053538,9.00069474046949,-8.69104769690952,1.80603347333095,2.14018123806603,1.74139742391556,0.21440156976139,13.7837406059992,0,1.06359454280725,12.8294615929144,-12.3880951242961,2.57429429057701,3.05058373685183,2.48216298989376,0.305604932066702,19.6471467825978,0,154.753600304899,-149.42967851926,31.0520676823384,36.797243040201,29.9407466515806,3.68631708865913,236.990981913463,0,144.288913333039,-29.9837967064294,-35.5313232587729,-28.9107079767931,-3.55949830177198,-228.83788273436,0,6.23074943296166,7.38354700088747,6.00775742634011,0.739677574609424,47.5534009934611,0,8.74963227150684,7.11929757480682,0.876530856583514,56.3516114818912,0,5.79274607044959,0.713205287705613,45.8515144991794,0,0.0878101294662425,5.64525739475185,0,362.930008721284,0,0
"4FGL J1331.6+1711",1,202.905197143555,17.1837005615234,348.040649414062,76.3948593139648,11.6541566848755,3.14594073014263e-10,3.83965047257018e-11,4.19930800202306e-12,4.98644528446057e-13,"PowerLaw",2.35010290145874,0.0897593051195145,1146.48498535156,2.34441661834717,0.0977361649274826,0.00775807164609432,0.0491790734231472,0,"bll","TXS 1329+174",0.997054040431976,0.87981390953064,"bllac",202.889351708,17.2140542611,1.80000000682412e-07,"RFC J1331+1712",NA,"LSP",28840315322368,1.06107483910378e-12,12.6815853118896,0.221167400479317,0.180384412407875,-Inf,18.302282,"BLL",0,-9.50224946378981,-11.3768222704744,1.06648085268663,1.1031735476443,13.4600000043836,-11.9742539836165,3.05936837147619,NA,90.2927448720937,108.105403319247,-10.1339671105836,-10.4826302515702,-127.900277824265,113.782348495103,-22.3312640352372,-29.0708814673951,-22.2772315545893,-0.0737191321391427,-173.91284932063,0,129.432084973962,-12.1331631158798,-12.5506093850379,-153.132027810457,136.228959393125,-26.7367030272223,-34.8058902221953,-26.6720111948824,-0.0882622022792219,-208.221809458103,0,1.1373814091472,1.17651346575303,14.3548322818371,-12.7703125987336,2.50633974624904,3.26275778949443,2.5002754341876,0.00827383486433064,19.5190333134712,0,1.21699187622211,14.8487159561282,-13.2096802475001,2.5925713551314,3.37501425991215,2.5862983980183,0.00855849942070053,20.1905933639264,0,181.171600118007,-161.173458671968,31.6323850639365,41.1790982934806,31.5558476932299,0.104423644390438,246.34871580023,0,143.382758464156,-28.140729029701,-36.6336539094991,-28.0726400315003,-0.0928971203134271,-219.156173147773,0,5.52298364744479,7.18983048643729,5.50962029700577,0.018232266685211,43.0122460315161,0,9.35973483238887,7.1724340517345,0.0237347990177072,55.993422676638,0,5.49628928038238,0.0181881520934315,42.9081740744763,0,6.01876756659326e-05,0.141990415043022,0,334.973526407524,0,0
"4FGL J1338.9+1153",1,204.732299804688,11.8956003189087,341.421173095703,71.1266708374023,15.8746881484985,4.47510528633899e-10,4.37221855942305e-11,5.32873875233597e-12,5.71157975515907e-13,"PowerLaw",2.03515195846558,0.0759271830320358,2291.08251953125,2.05755853652954,0.0752177163958549,-0.0218805447220802,0.0305101480334997,0,"bll","SDSS J133859.05+115316.7",0.99908173084259,0.802859365940094,"bzcat",204.746051204,11.8879723222,3.19999998055209e-07,"RFC J1338+1153",NA,"ISP",398107162443776,1.05278329456948e-12,37.4511566162109,0.574211299419403,0.177458837628365,23.0778999328613,18.526047,"BLL",0,-9.34919674252949,-11.2733755710333,1.2007052025173,1.57346523469988,14.5999999911531,-11.9776610150047,3.36004073176105,NA,87.407479730524,105.397006166016,-11.225629168113,-14.7106360467395,-136.498272358219,111.981509344604,-19.0270360606389,-31.4136818641468,-19.2365195672857,0.204565517440443,-173.203658264348,0,127.08899676557,-13.5360006980711,-17.7382645387358,-164.591283237352,135.028671084672,-22.9430323719065,-37.8790011031119,-23.1956301416831,0.246667598350801,-208.851085677615,0,1.44169298335211,1.88926789328425,17.5302959461301,-14.3816398947048,2.44361754444289,4.03441838729553,2.4705212392949,-0.0262720838817141,22.24432101498,0,2.47579284480915,22.972592412698,-18.84643320013,3.20224085397696,5.28690727860156,3.23749682558919,-0.0344282764364891,29.150090890916,0,213.159999741671,-174.873850713103,29.7132185755927,49.0565946539854,30.0403546151283,-0.319455952748796,270.480286036102,0,143.464363390363,-24.3763602725236,-40.2454288816422,-24.64473866908,0.262077747504727,-221.898710914045,0,4.14184349404629,6.83819347576762,4.18744428527567,-0.0445302334434352,37.7033208346754,0,11.2898737190933,6.91348049072191,-0.0735195214993087,62.2482725185196,0,4.23354713124558,-0.0450205015768325,38.1184261529975,0,0.000478758237334952,-0.40535999990686,0,343.214417446209,0,0
"4FGL J1345.6-3356",1,206.408493041992,-33.9453010559082,315.598999023438,27.5898628234863,15.0371427536011,4.65191496434869e-10,4.53847376347127e-11,5.2201593742085e-12,5.6945989807336e-13,"PowerLaw",2.0543966293335,0.0732478573918343,2177.65502929688,2.04275012016296,0.0844511836767197,0.00988647527992725,0.0360854603350163,0,"bll","NVSS J134543-335643",0.997819066047668,0.857755184173584,"rfc",206.429358729,-33.94537635,9.99999997475243e-07,"RFC J1345-3356",NA,"ISP",146217715630080,8.97488734805801e-13,70.254035949707,0.967682778835297,0.254909515380859,154.065002441406,18.564392,"BLL",0,-9.33236823264773,-11.2823162375566,1.17716532267657,1.84667127861753,14.1649999946073,-12.0469709939389,3.33798908261037,NA,87.0930968297325,105.290729646059,-10.9857402619213,-17.2338163767132,-132.192995965128,112.426769403464,-19.1723858408505,-31.151343275478,-19.0636963286461,-0.0922642278352501,-173.24974215922,0,127.290659684233,-13.2811514343224,-20.834729352176,-159.814009444147,135.91773645829,-23.1783524495109,-37.6602484275216,-23.0469528499853,-0.111542340582925,-209.449341301966,0,1.38571819691223,2.17383739157136,16.6745467893655,-14.1812764973554,2.41836447107503,3.9293649955219,2.40465460434923,0.0116380158630295,21.8533584989743,0,3.4101948112709,26.1580986516588,-22.2467953288454,3.79379525027884,6.16416856719545,3.77228797629745,0.0182570699462039,34.2823295113971,0,200.647224847225,-170.645344064179,29.1005282434303,47.2826153371751,28.9355554410924,0.140041922286855,262.964612579888,0,145.129510128805,-24.7492566036265,-40.2126576562918,-24.6089514454684,-0.119102080929578,-223.644691944111,0,4.22054551061685,6.85755352006677,4.19661896143339,0.0203107414910715,38.1386243504258,0,11.142171115626,6.81867759960498,0.0330009465498945,61.9677378212993,0,4.17282805342579,0.0201955985660595,37.9224139887523,0,9.77423934606126e-05,0.183536402594879,0,344.636650329664,0,0
"4FGL J1347.1-2959",1,206.778900146484,-29.9839992523193,317.054565429688,31.3562774658203,15.9515991210938,4.56323506758949e-10,4.5564090694894e-11,4.50787497607852e-12,5.48899196494562e-13,"PowerLaw",1.93666839599609,0.0697401016950607,2908.35400390625,1.8484753370285,0.103058718144894,0.105573683977127,0.053887166082859,0,"bll","NVSS J134706-295840",0.999197900295258,0.871368587017059,"bzcat",206.778664825,-29.9784594056,7.4000001859531e-07,"RFC J1347-2958",NA,"ISP",199526228951040,1.56172297316459e-12,6.83976411819458,0,10,56.5381011962891,17.344294,"BLL",0,-9.34072715868132,-11.3460281374245,1.20280422687001,0.835041124536943,14.2999999944586,-11.806396001122,3.46364726758795,NA,87.2491838529268,105.980153166403,-11.2350661085014,-7.79989131057801,-133.572398317382,110.280323773827,-18.0898910838405,-32.3529841004511,-17.2661037827347,-0.986134977167189,-162.008318013953,0,128.732354495228,-13.6470506018803,-9.47440009490275,-162.248202302297,133.955701230306,-21.9734941138324,-39.2986393561664,-20.9728531852606,-1.19784198897605,-196.788847747763,0,1.44673800817636,1.00439099420332,17.2001004375759,-14.2007830142507,2.32943293274966,4.16608957384155,2.22335394864285,0.126984473333927,20.8617901352762,0,0.697293679667922,11.941088076251,-9.85882619350538,1.61719775524773,2.89228790932595,1.54355292411108,0.088158367789768,14.4831987660594,0,204.489999841516,-168.831462750621,27.6943580520122,49.5301559073142,26.4331973092644,1.50970368028789,248.023404103888,0,139.39098653531,-22.8650740059876,-40.8931912493475,-21.8238318272659,-1.24644472033127,-204.773603323884,0,3.75068447605007,6.70793619801579,3.57988376600132,0.204461217207381,33.5901460406646,0,11.9968523942695,6.40246655030248,0.36567000203657,60.0745165213421,0,3.41686107160263,0.19515035107096,32.0604996971714,0,0.0111458027485023,1.83110101356238,0,300.824534358436,0,0
"4FGL J1351.3+1115",1,207.843399047852,11.2502002716064,347.394226074219,68.7751159667969,25.2670097351074,7.54065254682246e-10,5.19676107701983e-11,7.9663593430257e-12,7.1135919420609e-13,"PowerLaw",1.88400363922119,0.0484538227319717,2644.69189453125,1.81400680541992,0.067390538752079,0.0654152035713196,0.0317593850195408,0,"bll","RX J1351.3+1115",0.999746799468994,0.967581987380981,"bllac",207.836856496,11.2480507389,3.19999998055209e-07,"RFC J1351+1114",NA,"HSP",7328245535997952,2.64529435682614e-12,22.425708770752,0.249877691268921,0.100954979658127,41.8904991149902,17.432428,"BLL",0,-9.12259106988333,-11.0987401075208,1.40255384768228,1.35074617793072,15.8650000121258,-11.5775259945428,3.42237508419769,NA,83.2216678283151,101.249267391825,-12.7949252058969,-12.3223050204698,-144.729907434318,105.617035249158,-17.1869947747869,-31.2209283808931,-16.5484422838313,-0.59675615193432,-159.028911999184,0,123.182031974291,-15.5665806422289,-14.9915807800801,-176.081511940399,128.495952101497,-20.9100667533394,-37.9840516099648,-20.1331900866297,-0.726026343518643,-193.477987815069,0,1.96715729564837,1.89449424909886,22.2515168104865,-16.2381036302876,2.6424165532371,4.80006534255344,2.54424222466355,0.0917483454658739,24.4499189658443,0,1.82451523719445,21.4295881292497,-15.6382989870222,2.54481071488559,4.62276006442536,2.45026275916127,0.0883593362025199,23.5467854930525,0,251.698225384752,-183.677450043808,29.8897177590892,54.2959807522954,28.7792179899833,1.0378122054522,276.565470431382,0,134.039108154314,-21.8121011068966,-39.6226365003744,-21.0017109440267,-0.757346219785262,-201.824388317996,0,3.54946971259869,6.44776711340837,3.41759542298313,0.123242481588761,32.8427577924614,0,11.7126512169371,6.20821169343418,0.223875362830204,59.6603072442702,0,3.29062069010978,0.118663624456303,31.6225430269928,0,0.00427914885827718,1.14034582636237,0,303.889545975184,0,0
"4FGL J1353.0-4413",1,208.256607055664,-44.226001739502,314.424468994141,17.2670631408691,20.1115207672119,7.55839446586748e-10,5.49547005124218e-11,9.18234325381073e-12,6.95315224667759e-13,"PowerLaw",2.22823572158813,0.055551640689373,1489.44384765625,2.17351341247559,0.0731377378106117,0.0640204772353172,0.0390309691429138,0,"bll","PKS 1349-439",0.999696016311646,0.980425238609314,"bllac",208.235562238,-44.2112188,8.19999996792831e-08,"RFC J1352-4412",NA,"LSP",22646443999232,3.05879236869866e-12,17.6368770599365,0.231870338320732,0.105444572865963,31.3183002471924,17.271236,"BLL",0,-9.12157044638578,-11.037046476496,1.30344491176217,1.24642168761514,13.3550000177063,-11.5144500019917,3.17302413486713,NA,83.2030474083785,100.675196955392,-11.8894645856217,-11.3693232294846,-121.818573472991,105.029866844554,-20.3250091056194,-28.9429631742728,-19.8258557080604,-0.583967293113183,-157.540795870154,0,121.816394924333,-14.3861820706713,-13.7568140955209,-147.399755889029,127.085519823272,-24.5931412197568,-35.020814847572,-23.9891685507805,-0.70659698269365,-190.623434438531,0,1.69896863799869,1.62464200663197,17.407506819663,-15.008451266836,2.90438251351076,4.13586216349112,2.83305499813814,0.0834471653009601,22.5121046840436,0,1.55356702335737,16.6459616601697,-14.3518602034426,2.77732132850622,3.95492609702466,2.70911425563197,0.0797965112775707,21.5272431223194,0,178.356025472935,-153.775479980477,29.7580881012633,42.375737377333,29.0272716620964,0.854993474611227,230.65735708581,0,132.582558848367,-25.6569088088784,-36.5356277560405,-25.0268115166085,-0.737160584229708,-198.868783394599,0,4.96503443096137,7.07024572277221,4.84310022702902,0.142652714288853,38.4843850111789,0,10.0680821604493,6.89661051524246,0.203138519393373,54.802048666986,0,4.72416055421128,0.13914936594405,37.5392630960313,0,0.00409862150543777,1.10571277116379,0,298.295592967696,0,0
"4FGL J1406.1-2508",1,211.544494628906,-25.138599395752,323.592651367188,34.7167625427246,14.4904479980469,4.18479834118912e-10,4.40535281864829e-11,4.78415354207562e-12,5.43994103235912e-13,"PowerLaw",2.03322339057922,0.0752119570970535,2353.93237304688,1.97414672374725,0.099882073700428,0.0742389485239983,0.0516982860863209,0,"bll","NVSS J140609-250808",0.999772131443024,0.908658385276794,"bzcat",211.540041829,-25.1359376639,6.39999996110419e-07,"RFC J1406-2508",NA,"ISP",912010871046144,9.93809201599305e-13,27.9532032012939,0.48934218287468,0.169048309326172,68.6540985107422,17.99907,"BLL",0,-9.37832546513044,-11.3201948905986,1.16108181266731,1.4464315815583,14.9600000150907,-12.0026969864743,3.37179398168734,NA,87.9529885299141,106.16447201274,-10.8890031308376,-13.5651061348971,-140.299749099877,112.565198798496,-19.068230700168,-31.6217813616319,-18.5141904912227,-0.696237021447121,-168.801136529665,0,128.146812361135,-13.1436724033234,-16.3738873991567,-169.350115734185,135.87286909969,-23.0164850374805,-38.1693650036481,-22.3477256554556,-0.840399365764778,-203.752980249527,0,1.34811097570681,1.67942540261495,17.3697839350245,-13.936113173952,2.36073869989129,3.91492866819826,2.29214585647969,0.0861974929227591,20.8983928219258,0,2.09216432012924,21.6386164819398,-17.3610799851111,2.94091852449683,4.87706930162078,2.85546816785787,0.107381559726792,26.0344232866785,0,223.801600451514,-179.560347098785,30.4170219537479,50.4420380169253,29.5332350170501,1.11061467103933,269.266087471619,0,144.064734949119,-24.4041642629343,-40.4706214630108,-23.6950849319792,-0.891067603728015,-216.03738324834,0,4.13399735599846,6.85561039178094,4.01388129515824,0.150944366631,36.5961301326727,0,11.368994654943,6.65641604209876,0.250318439840014,60.6891559019692,0,3.897255286882,0.146558577003092,35.5328050709974,0,0.00551142147794887,1.33623203120984,0,323.9665208649,0,0
"4FGL J1407.5-2706",2,211.891296386719,-27.1040992736816,323.126190185547,32.7649154663086,4.14341115951538,1.0400259126131e-10,3.64058401480793e-11,3.21122121949013e-12,9.96089820869128e-13,"PowerLaw",1.88269782066345,0.262051284313202,6051.1669921875,2.03537058830261,0.145544841885567,-0.102171555161476,0.0438282266259193,256,"bll","ESO 140425-2655.2",0.968701124191284,0.952639937400818,"bzcat",211.814926147461,-27.1582374572754,3.4e-07,"",NA,"LSP",16595868975104,1.13695955861887e-12,6.16016864776611,0,10,16.8852996826172,16.562275,"BLL",0,-9.98295583996595,-11.4933297750643,0.617358031403232,0.789592602065661,13.2199999974022,-11.944254982789,3.78183913818856,NA,99.6594073027103,114.737403598633,-6.16305796494678,-7.8824680779853,-131.974676178416,119.238970034476,-18.7948892036834,-37.7539331103913,-20.3190147009905,1.01997412327766,-165.340459934372,0,132.09662931838,-7.09549944420185,-9.07504816349176,-151.941819596493,137.279261434649,-21.6384669196799,-43.4659243714461,-23.3931853858285,1.17429137710202,-190.355688400303,0,0.381130938938074,0.487461334421812,8.16147317354695,-7.37388174275286,1.16229862029194,2.33474876543578,1.25655237957054,-0.0630764301598955,10.224853489559,0,0.623456477236821,10.4384141972568,-9.4310953715961,1.486564271121,2.98611220571606,1.60711355898577,-0.080673904097045,13.077449813377,0,174.768399931314,-157.903050841442,24.8892651842799,49.9959133970283,26.907599172073,-1.35070795896929,218.953275456975,0,142.66522709388,-22.4874228255454,-45.1712509704152,-24.3109852911556,1.22036310683676,-197.824035695072,0,3.5445510839309,7.12006030356734,3.83198777083981,-0.192358164236306,31.1817590477287,0,14.3023072671348,7.69744415156068,-0.386396386119261,62.6358598124419,0,4.14273343172731,-0.207956978336806,33.7103674103796,0,0.0104390266841145,-1.69219339376203,0,274.308953175625,0,0
"4FGL J1407.6-4301",1,211.919403076172,-43.0233993530273,317.444122314453,17.6896915435791,13.5742807388306,4.56859966524448e-10,4.78234292444757e-11,4.41416608126799e-12,5.78957563314442e-13,"PowerLaw",2.10307002067566,0.0793704316020012,2249.2451171875,2.04243350028992,0.103662498295307,0.0593321397900581,0.0532710067927837,0,"bll","SUMSS J140739-430231",0.99951446056366,0.965114533901215,"cgrabs",211.915504021,-43.0422051917,5.20000014603283e-07,"RFC J1407-4302",NA,"LSP",5754399490048,9.17208366549294e-13,56.869384765625,0.852478325366974,0.235505104064941,18.7423992156982,19.789845,"BLL",0,-9.3402168963966,-11.3551513307074,1.13271682688464,1.75487852991668,12.7600000088058,-12.0375319923965,3.35203678635659,NA,87.2396516717325,106.059576320214,-10.5798208453007,-16.3909460962514,-119.181167680269,112.433159706296,-19.6431301414199,-31.3087506292708,-19.0767718891744,-0.554175054566466,-184.84144464607,0,128.939461743266,-12.8621709841138,-19.9269112742132,-144.891731079818,136.687997421894,-23.8806783438461,-38.0628849751772,-23.1921414786985,-0.673725426090796,-224.716684786243,0,1.28304740990761,1.9877804399752,14.4534667210225,-13.6351150419497,2.38218280053595,3.79690847224242,2.31349879357129,0.0672065131152705,22.4162904329389,0,3.07959865476253,22.3922500571899,-21.1244064466418,3.69063242619514,5.88241738786809,3.58422269844135,0.104120698251588,34.728774100879,0,162.817600224724,-153.598908328979,26.8351734823406,42.7719894234275,26.0614514816846,0.757078104243608,252.518422374265,0,144.902176467969,-25.3157726561332,-40.3502500554574,-24.5858586020823,-0.714212530900166,-238.220892312068,0,4.42290351186472,7.04956807358853,4.29538066368338,0.124779644455009,41.6194297333181,0,11.2361506170878,6.84631222665887,0.198883515189526,66.336288436295,0,4.17153460310653,0.121181949951099,40.419442393545,0,0.003520302812067,1.17417384996358,0,391.637965124025,0,0
"4FGL J1410.1+0202",1,212.528701782227,2.03539991378784,343.171081542969,58.6191635131836,16.3725147247314,4.95726071303437e-10,4.60290312809253e-11,6.06818328224845e-12,5.4648456983622e-13,"PowerLaw",2.31479334831238,0.0648565143346786,1052.83508300781,2.24411392211914,0.0896653309464455,0.0922901704907417,0.0521589294075966,0,"bll","PKS 1407+022",0.997861981391907,0.960752367973328,"bzcat",212.519399825,2.05192021667,1.1999999571799e-07,"RFC J1410+0203",NA,"LSP",15848931590144,3.52305966518085e-12,42.3920822143555,0.543901741504669,0.160624265670776,20.2863998413086,18.88215,"BLL",0,-9.30475824001058,-11.2169413103397,1.21411538968668,1.62728474876911,13.1999999908349,-11.4530800017125,3.02236034825206,NA,86.5785259050448,104.370927085098,-11.2970501765108,-15.1414911749529,-122.822808682861,106.568140519435,-21.5385924816313,-28.1223323546796,-20.8809375083605,-0.85873772434571,-175.693840801616,0,125.819772359605,-13.6186610700957,-18.253157522154,-148.06362519368,128.468526201834,-25.9649011335847,-33.9016386450412,-25.1720941581266,-1.03521342591589,-211.799968363031,0,1.47407617947404,1.975711456883,16.0263231327367,-13.9053606893919,2.81042622813042,3.66949421199162,2.72461324905498,0.112050916309617,22.9251089053723,0,2.64805565357655,21.480158668838,-18.6374224132192,3.76682791226092,4.91824089999507,3.65181235996491,0.150182386900885,30.7266347189707,0,174.239999758041,-151.180655917636,30.5552721765081,39.895156569227,29.6223037514051,1.21823024963194,249.244379826943,0,131.173041525627,-26.5115134056536,-34.6153348625345,-25.7020162829873,-1.05700670600215,-216.258774554336,0,5.35826824539124,6.99613963033696,5.19465997977659,0.213632672766584,43.7082752218366,0,9.13466207468631,6.7825209351733,0.27893415182464,57.0686614497476,0,5.03604729544895,0.207109656473022,42.3736956945419,0,0.00851747556921017,1.74263684273176,0,356.5355886225,0,0
"4FGL J1411.5-0723",1,212.886001586914,-7.3983998298645,335.123992919922,50.3985252380371,8.03938293457031,2.46016845784069e-10,4.22605908600993e-11,2.25363326090966e-12,5.16124794812389e-13,"PowerLaw",2.09338235855103,0.140028208494186,3033.53735351562,2.14876532554626,0.133383557200432,-0.0495786555111408,0.0560809746384621,0,"bll","NVSS J141133-072252",0.994982123374939,0.91195672750473,"rfc",212.888851908,-7.38150594444,3.09999990122378e-07,"RFC J1411-0722",NA,"ISP",275422864474112,6.70568255870668e-13,4.30440473556519,0,10,99.1847991943359,19.18634,"BLL",0,-9.60903515395118,-11.6471167563121,0.905222715614672,0.633913100520427,14.4399999907603,-12.173557009551,3.48194934700574,NA,92.3335565898696,111.917554353577,-8.69831689649653,-6.09129326745097,-138.75446753427,116.976137253404,-20.1153846739781,-33.4581736796555,-20.6475615507654,0.476403043692187,-184.36221553566,0,135.655328735166,-10.54323465923,-7.38325989511722,-168.184365853531,141.786839829862,-24.3818687456478,-40.5546705841405,-25.0269206285523,0.577448389359233,-223.465542106301,0,0.819428164864801,0.573832538316818,13.0714160051119,-11.0197803348758,1.89497726342741,3.15193964352927,1.94511118320963,-0.0448797251783192,17.3679107975064,0,0.401845819011421,9.1537051656578,-7.71697726828665,1.32702250148385,2.20725330641548,1.36213048980781,-0.0314285592347014,12.1624722770391,0,208.513599733157,-175.786163105436,30.2284412381346,50.2793485385907,31.0281712810341,-0.715915785122781,277.050749422724,0,148.195490264788,-25.4839094846093,-42.3877088801433,-26.1581171906838,0.603548589321762,-233.566003794629,0,4.38224969909267,7.28905133639009,4.4981874251647,-0.103787082807701,40.164345681162,0,12.1239712551137,7.48189202215438,-0.172630367182439,66.8058640344301,0,4.61719242426993,-0.106532895849542,41.2269421161412,0,0.00245804308229237,-0.951232941379621,0,368.1156425956,0,0
"4FGL J1420.3+0612",1,215.089202880859,6.20039987564087,352.232330322266,60.258113861084,6.84410381317139,1.8350099217912e-10,3.43994242812951e-11,2.41450045720959e-12,4.90802114661709e-13,"PowerLaw",2.5269603729248,0.134217470884323,903.799133300781,2.58523368835449,0.109979689121246,-0.0733971074223518,0.0441857650876045,0,"bll","SDSS J142013.69+061428.6",0.991885960102081,0,"bzcat",215.057037353516,6.2412896156311,3.1e-06,"",NA,"ISP",582103225860096,3.79114166275396e-13,20.3316497802734,0.4712875187397,0.238996550440788,-Inf,19.840857,"BLL",0,-9.73636158320071,-11.6171727080257,0.835316588412246,1.30817262022186,14.7650000060352,-12.4212299870843,2.95607192052819,NA,94.7967368788266,113.108994059829,-8.13294434122727,-12.7368416437231,-143.757378834719,120.937586462348,-24.6033998972156,-28.781385084209,-25.1707699668909,0.714620777025042,-193.177757872579,0,134.958701728097,-9.70401707346388,-15.1972672610279,-171.527555104111,144.299574006066,-29.3561350786044,-34.3411980381212,-30.0331062482204,0.852666873194976,-230.494662444241,0,0.697753802876674,1.09273829017803,12.3334494329481,-10.3756594566951,2.11081191776448,2.46925591175684,2.15948858480468,-0.061309821371366,16.5733969804152,0,1.71131560429813,19.3151687454708,-16.2491129785824,3.30570037224584,3.86705234984163,3.38193192798052,-0.0960160863334033,25.9552658891372,0,218.005225178219,-183.399460834264,37.3105699214854,43.6464019244392,38.1709754241564,-1.08370829153399,292.950253724744,0,154.286954392042,-31.3879559603473,-36.7180491832426,-32.1117822134093,0.911682351679764,-246.447847937851,0,6.38552872633224,7.46987660269044,6.53278308522202,-0.185471581943588,50.1370594038676,0,8.73836119933522,7.64213671414823,-0.216967128299205,58.6510002569152,0,6.68343322340296,-0.189748674736037,51.293251922224,0,0.00538713537796825,-1.45626151258052,0,393.659606494449,0,0
"4FGL J1423.1+3738",1,215.792098999023,37.6451988220215,67.3078765869141,68.0490341186523,22.6506175994873,6.17077999809368e-10,4.74160884167407e-11,7.0351255203327e-12,5.33498538315275e-13,"LogParabola",2.10605359077454,0.0579241663217545,1404.00610351562,1.92766451835632,0.0924600064754486,0.144553199410439,0.0526257567107677,0,"bll","NVSS J142304+373729",0.966619551181793,0,"bllac",215.769228413,37.6251582417,2.29999997714003e-07,"RFC J1423+3737",NA,"ISP",291071712034816,7.91656887613734e-13,234.163909912109,1.42480564117432,0.345117211341858,14.9799995422363,17.892248,"BLL",0,-9.209659936865,-11.1527281495012,1.35508004813219,2.36951996104462,14.4640000003404,-12.1014630054092,3.14736899576914,NA,84.8178361526962,102.712833625208,-12.4798264305281,-21.8224730548345,-133.20852132995,111.450359018371,-19.396037379847,-28.9861981468661,-17.7531346864224,-1.33128580935598,-164.781519586053,0,124.383345176676,-15.1128393976313,-26.4266119703473,-161.313059958182,134.964327110575,-23.4882431661893,-35.1017507959818,-21.4987183366672,-1.61216253616526,-199.547377927457,0,1.83624193684594,3.21088922286253,19.5998778166453,-16.3984510718398,2.85387120115574,4.26493693027661,2.612139728317,0.19588115641476,24.2454282810331,0,5.6146248457889,34.272736717356,-28.6746581491601,4.99033602236997,7.45775366024794,4.56763955444276,0.342521691435899,42.3960387839607,0,209.207296009847,-175.035560914358,30.4619591376798,45.5235451558762,27.881739594162,2.0908174763218,258.793475078091,0,146.445406871287,-25.4863296161673,-38.0877694666721,-23.3275608557289,-1.74930519497897,-216.522377255607,0,4.43546172721433,6.62852777503206,4.059764780693,0.304436784676303,37.6820331474286,0,9.90593159552885,6.06707153931893,0.45496225806365,56.3135066198124,0,3.7158904953299,0.278650073518389,34.4902516232318,0,0.0208956274597941,2.58638169304503,0,320.132538493504,0,0
"4FGL J1425.0+3615",1,216.251998901367,36.2569999694824,63.4706001281738,68.1786193847656,22.192232131958,6.19146678371152e-10,5.50765856532909e-11,6.71718063116611e-12,6.41928133912617e-13,"LogParabola",1.86697900295258,0.0591436326503754,3507.43823242188,1.71890270709991,0.0892458483576775,0.126348793506622,0.0425909534096718,0,"bll","FBQS J142455.5+361536",0.995732665061951,0.913327157497406,"rfc",216.231298142,36.2600114694,2.69999986812763e-07,"RFC J1424+3615",NA,"ISP",264240883564544,5.72962250561249e-13,7.7001953125,0,10,68.844596862793,18.762178,"BLL",0,-9.20820645265836,-11.1728129729662,1.34620098649693,0.88650174102511,14.4220000128729,-12.2418739904462,3.54499003164493,NA,84.7910660747791,102.881568512012,-12.3960966104361,-8.16309105200029,-132.800753578775,112.725703071457,-17.1915281019656,-32.6430000840024,-15.8280109990093,-1.16344577565328,-172.766008525525,0,124.831749728882,-15.0408518461528,-9.90471815268247,-161.134308839945,136.776168533875,-20.8594072244441,-39.6075106145983,-19.2049784651526,-1.41167143920941,-209.626305759501,0,1.81225709604531,1.19340951829925,19.4149106445882,-16.4800228425098,2.51332897554382,4.77226907772219,2.31398851999014,0.170090870461311,25.257662532431,0,0.785885336840551,12.785128120476,-10.8524426059406,1.65508013657479,3.14263983496989,1.52381024249685,0.112008425420043,16.632703462423,0,207.994084371306,-176.552306847804,26.9255712046155,51.1258462820175,24.7900148639222,1.82220230157898,270.588131357524,0,149.863478797963,-22.8553216969544,-43.3973212647851,-21.042590342154,-1.54674600895297,-229.684218862322,0,3.48561059746581,6.61842195475729,3.20915526227388,0.235890544525255,35.0285923756588,0,12.5669543244619,6.09349296203667,0.447905213491339,66.5117339819478,0,2.9546265164754,0.21718128319734,32.2503585552904,0,0.015964017620579,2.37057855385649,0,352.019323303684,0,0
"4FGL J1426.1+3403",1,216.539398193359,34.0626983642578,57.5616302490234,68.5297546386719,14.85085105896,3.41314199125975e-10,3.47906842224077e-11,3.6492553770473e-12,4.18183608401346e-13,"PowerLaw",2.09406709671021,0.0767989233136177,1812.42663574219,2.006263256073,0.108993448317051,0.0978218168020248,0.0588273331522942,0,"bll","RGB J1426+340",0.998070120811462,0.844432234764099,"rfc",216.532150775,34.0739790833,1.80000000682412e-07,"RFC J1426+3404",NA,"ISP",223872116850688,1.53286183659368e-12,16.2219676971436,0.285276174545288,0.155977562069893,20.7837009429932,18.219772,"BLL",0,-9.46684564411577,-11.4377957433874,1.17175134251648,1.21010353225375,14.3500000058078,-11.8144969882044,3.25826043602252,NA,89.6211664495137,108.279846811573,-11.0927890928889,-11.4558633532455,-135.849235048043,111.846019350202,-19.8242099729772,-30.8454486161545,-18.9929845667042,-0.926064040291739,-172.483769194982,0,130.823171467451,-13.4022525177435,-13.84091703027,-164.132368984038,135.131803361948,-23.9515117251196,-37.267317345986,-22.9472293304263,-1.11886595982862,-208.394030627089,0,1.37300120868917,1.41794043850227,16.8146317719168,-13.8436527070854,2.45372593188978,3.81787104017772,2.35084166374502,0.114622845165174,21.3490423013442,0,1.464350558773,17.3649856948694,-14.2967645372274,2.53403799050538,3.94283246263349,2.42778625280485,0.118374526043609,22.047810454058,0,205.922500166684,-169.538031849349,30.0498628499534,46.7560372758465,28.7898777362995,1.40374307167719,261.453728305817,0,139.582339084291,-24.7403494071807,-38.4947081081736,-23.7029911964196,-1.1557155599882,-215.257441419771,0,4.38511700552433,6.82301597158742,4.20124987188116,0.204845447905534,38.153425054762,0,10.6162610689497,6.53692819150837,0.31872895546588,59.3647622609509,0,4.02509225266864,0.196256316692207,36.5536590976277,0,0.0095691078424489,1.78229119875866,0,331.960091731984,0,0
"4FGL J1427.6-3305",1,216.912994384766,-33.0940017700195,325.178894042969,25.5876865386963,40.7125587463379,1.86472415286687e-09,7.95444196621808e-11,1.77397888045938e-11,9.52713602453414e-13,"LogParabola",2.28782510757446,0.0284936465322971,911.384216308594,2.19852209091187,0.0411230996251106,0.119453020393848,0.0243928395211697,0,"bll","PKS 1424-328",0.999813497066498,0.980472147464752,"cgrabs",216.922337942,-33.09208495,2.00000002337219e-07,"RFC J1427-3305",NA,"LSP",5861381505024,8.72764360781986e-12,265.551239013672,0.587417185306549,0.143469050526619,31.7371997833252,18.29514,"BLL",0,-8.72938540393476,-10.7510515548282,1.60972839824022,2.42414833209877,12.7679999896182,-11.0591029964157,2.95970150303792,NA,76.2021695304292,93.8500725196674,-14.0519395838975,-21.1613250671958,-111.456792746812,96.5391722775224,-19.971307100816,-25.836375100623,-19.1917466506342,-1.04275145268198,-159.705328078943,0,115.585109534574,-17.3062729987516,-26.0621436949447,-137.269426140431,118.89698646462,-24.5965256799634,-31.8199034460632,-23.6364243438222,-1.2842455806342,-196.6919933428,0,2.59122551610102,3.90222041172605,20.5530121720193,-17.8021521523939,3.68277704586959,4.7643155597544,3.5390234438993,0.192286919183545,29.4502064077806,0,5.87649513601725,30.9515258790701,-26.8089060832696,5.54602741866032,7.1747554620996,5.32954365976631,0.289571840151907,44.3501331165135,0,163.02182373489,-141.202626943422,29.210950949759,37.7894687600611,28.0707300339381,1.52517616314851,233.592347330064,0,122.303759085331,-25.3012935024518,-32.7316437607427,-24.3136822432896,-1.32104325576851,-202.327837593845,0,5.23414372284809,6.77127940957602,5.02983403914528,0.273287619232649,41.8560806385898,0,8.75983298708492,6.50696913693393,0.353545284002091,54.1481533562892,0,4.8334993842275,0.262620104162021,40.2222694463254,0,0.0142690240812131,2.1854097315283,0,334.7121476196,0,0
"4FGL J1427.7-3215",1,216.946105957031,-32.2537002563477,325.584625244141,26.3452033996582,12.2915334701538,3.84210385728778e-10,4.67851035690359e-11,5.21150787455293e-12,6.15171921649477e-13,"PowerLaw",2.10719037055969,0.0956476032733917,2721.595703125,2.10241198539734,0.101381599903107,0.00397477485239506,0.0425733402371407,0,"bll","NVSS J142750-321515",0.999187886714935,0.818469524383545,"rfc",216.959202154,-32.2547281694,3.29999988935015e-06,"RFC J1427-3215",NA,"ISP",275422864474112,9.86004680680885e-13,47.5573692321777,0.76140171289444,0.218721151351929,98.2219009399414,18.705982,"BLL",0,-9.4154308997457,-11.283036601681,1.08960606808427,1.67721782240694,14.4399999907603,-12.0061210234066,3.43482361060176,NA,88.6503390278861,106.234651462429,-10.2591106419911,-15.7917285106945,-135.958822105332,113.042802869869,-19.8401053266143,-32.3403443584359,-19.7951147713058,-0.0374242179647726,-176.124880932887,0,127.306914954873,-12.2940651476085,-18.9241100792092,-162.927048424022,135.465502951308,-23.7755060777347,-38.7552405187377,-23.721591383051,-0.0448475301430147,-211.060279576386,0,1.18724138360606,1.82750671679369,15.7339116130692,-13.081942321258,2.29600741437058,3.7426046489108,2.29080085690204,0.00433093879843842,20.3821514966751,0,2.81305962379948,24.2190253400592,-20.1368801584322,3.534217244707,5.76094737652543,3.52620285195038,0.00666656322249191,31.3740063960234,0,208.513599733157,-173.368387467058,30.4278289314121,49.5988529053527,30.3588290497119,0.0573957488318589,270.114379907162,0,144.146942028686,-25.2991826082966,-41.2389079629392,-25.241812737741,-0.0477216279186482,-224.586283753665,0,4.44025125777948,7.2378272368311,4.43018229057856,0.00837560729410968,39.4170651422629,0,11.7980132359473,7.22141432665491,0.0136526505098327,64.2517486330915,0,4.42013615634239,0.00835661428893132,39.3276807554269,0,1.57988351272322e-05,0.0743520668429546,0,349.913762584324,0,0
"4FGL J1431.1-3120",1,217.796203613281,-31.3467998504639,326.739501953125,26.8727512359619,16.1058349609375,5.25203214252201e-10,5.12892089910011e-11,3.52290744319583e-12,5.46459091085166e-13,"PowerLaw",1.98854792118073,0.07121442258358,2942.00952148438,1.9249632358551,0.0999159514904022,0.0770934894680977,0.0499040968716145,0,"bll","PKS 1428-311",0.99902868270874,0.969021499156952,"rfc",217.788430933,-31.3441192444,5.20000014603283e-07,"RFC J1431-3120",NA,"LSP",52480746455040,2.76896192606679e-12,94.0672454833984,1.06946539878845,0.2715784907341,50.0826988220215,17.448788,"BLL",0,-9.27967262468514,-11.4530987668208,1.20698324449431,1.97343842701765,13.7200000035589,-11.5576830158733,3.46864407393925,NA,86.1123240213308,106.281007094282,-11.2004093723875,-18.3128625476974,-127.317108443706,107.251514687188,-18.4530737070554,-32.1878814577104,-17.8630286432899,-0.715402343758558,-161.919040337535,0,131.173471362552,-13.8236983090911,-22.6019852148726,-157.136515121542,132.371285096404,-22.7750357438391,-39.7267231657739,-22.0467940627474,-0.882959349156982,-199.842692325318,0,1.45680855249001,2.38190711545151,16.5598101187575,-13.9499297453355,2.40014402173913,4.18659527835916,2.32339837194465,0.0930505500475925,21.0603947527334,0,3.8944592252299,27.0755752257054,-22.8083757908136,3.92427688162412,6.84515550515877,3.79879642023269,0.152139254589224,34.4341087440844,0,188.238400097656,-158.571411018914,27.2828774856767,47.5897967067911,26.4104956027827,1.05772267577667,239.397371422099,0,133.580036695406,-22.9830065348807,-40.0894887014772,-22.248114897223,-0.89102211385984,-201.667560715174,0,3.9543228348322,6.89756496254775,3.82788164100899,0.153304098218354,34.6977511045233,0,12.0314917116739,6.67701232059972,0.267409875382815,60.5236350936223,0,3.70548345939374,0.14840213294987,33.5882754102296,0,0.00594340611836769,1.34518795390907,0,304.460202668944,0,0
"4FGL J1439.7+4958",1,219.941101074219,49.9775009155273,88.0818252563477,59.1796112060547,23.3268451690674,5.71186375974975e-10,3.9873337270846e-11,7.03122759668218e-12,4.71840448657002e-13,"PowerLaw",2.30246567726135,0.0509434901177883,1083.06433105469,2.27376461029053,0.0613210536539555,0.0432628393173218,0.0327848382294178,0,"bll","GB6 J1439+4958",0.999427735805511,0.938729643821716,"cgrabs",219.945734296,49.9681821861,8.80000001757253e-08,"RFC J1439+4958",NA,"LSP",10351421685760,2.5297756511139e-12,46.1589241027832,0.360935240983963,0.107190914452076,26.1615009307861,18.233112,"BLL",0,-9.24322215996692,-11.1529688439814,1.36785600676151,1.66425567749452,13.0150000007957,-11.59691799179,3.03465425329412,NA,85.4371558985035,103.08936876811,-12.6433969533419,-15.3830849580681,-120.300536419324,107.192889369032,-21.2822017706254,-28.0499834418861,-21.016911432386,-0.399888035080957,-168.532704883559,0,124.38871403482,-15.2556554264639,-18.5613917195155,-145.155889513292,129.340065048641,-25.6793279628324,-33.845404339245,-25.3592258571178,-0.482509099008264,-203.353330064823,0,1.87103005523354,2.27646212524783,17.8026459290895,-15.8629139349906,3.14944150700415,4.15097004881273,3.11018258014765,0.0591773346297566,24.9402717711554,0,2.76974696007274,21.6602876439154,-19.3002366092749,3.83189157561847,5.05044057027763,3.78412566196213,0.0720004259583859,30.3445601643935,0,169.390225020712,-150.933887672375,29.9665907913885,39.4960251090376,29.5930464047405,0.563065853749367,237.303952694508,0,134.488506908303,-26.7015056381111,-35.1926365088886,-26.3686617181736,-0.501715599654969,-211.447904599122,0,5.30134819496657,6.98718726056488,5.23526497336547,0.0996112026290063,41.981114569662,0,9.20912643703609,6.9000894456078,0.131287759343891,55.3311908815881,0,5.17000550300965,0.098369512980412,41.4578048010636,0,0.0018716732657964,0.788816194710732,0,332.446373204544,0,0
"4FGL J1440.0-1530",1,220.007202148438,-15.5153999328613,337.88330078125,39.8744125366211,14.1165981292725,6.71612543357014e-10,6.38435762589928e-11,8.52906287263089e-12,8.66138215836754e-13,"PowerLaw",2.22719073295593,0.0734494477510452,2105.873046875,2.21733808517456,0.082529678940773,0.0222307480871677,0.0358215272426605,0,"bll","PKS 1437-153",0.999630808830261,0.970989882946014,"bllac",219.986966887,-15.5307096333,1.30000003650821e-07,"RFC J1439-1531",NA,"LSP",14962356387840,1.52081017050498e-12,95.8587112426758,1.07027578353882,0.276108831167221,37.4241981506348,17.94944,"BLL",0,-9.17288120136683,-11.0690986841435,1.14973005141216,1.98163158589135,13.1749999949755,-11.8179249917637,3.32343218607856,NA,84.141749534389,101.535527235854,-10.5463371752451,-18.1772711222575,-120.852709781919,108.404421996112,-20.4297560061899,-30.4854486236975,-20.3393788385724,-0.203920011221102,-164.648080751062,0,122.524945679307,-12.7264753992066,-21.9348755798471,-145.835375107974,130.813777975638,-24.6529940114991,-36.7873988377623,-24.543934080907,-0.246074344399194,-198.684122685113,0,1.32187919112021,2.27834138512682,15.1476934215784,-13.5874235083655,2.56066811590611,3.82104985816493,2.54934023066589,0.0255593591411901,20.6370105740195,0,3.92686374220227,26.1079961341618,-23.4187734433737,4.41347150422998,6.58581819350121,4.39394718618175,0.0440531525875252,35.5691772530616,0,173.580624867604,-155.701161707108,29.3432378955039,43.7862190348864,29.2134292610338,0.292890105936736,236.483871909813,0,139.663351110953,-26.3207730244244,-39.2760722902897,-26.2043351719739,-0.262721313404942,-212.125135564163,0,4.96037856096477,7.40191736644164,4.93843483513103,0.0495121161264177,39.9768264297485,0,11.0452014954629,7.36917275968694,0.0738823837134975,59.6537466180859,0,4.91658818396558,0.0492930843955984,39.7999769195557,0,0.00049420616051511,0.399029478945731,0,322.1823963136,0,0
"4FGL J1445.9-1626",1,221.497802734375,-16.449800491333,338.795745849609,38.3171424865723,10.1586856842041,3.51053741631802e-10,4.9107381355773e-11,6.3389740505293e-12,7.0794715575917e-13,"PowerLaw",2.55186796188354,0.100269764661789,790.196533203125,2.57322478294373,0.0913152247667313,-0.0333949439227581,0.0433282852172852,0,"bll","PKS B1443-162",0.994626939296722,0.957651078701019,"bzcat",221.472401229,-16.4837831,8.19999996792831e-08,"RFC J1445-1629",NA,"LSP",6760829550592,9.30923524031235e-13,32.4314002990723,0.511054873466492,0.170863524079323,-Inf,19.701412,"BLL",0,-9.45462639376907,-11.1979810260692,1.00683752320177,1.5109657007245,12.8299999869389,-12.0310859951255,2.89773511998722,NA,89.3899602457547,105.872726965999,-9.51927262110053,-14.2856161941496,-121.302856508569,113.749423195219,-24.1269581858378,-27.3970029475828,-24.3288789499205,0.315736718230547,-186.269489889719,0,125.394779060206,-11.2745474811479,-16.9197652477543,-143.67009641821,134.723872696422,-28.5757690182058,-32.4487828921912,-28.8149222952149,0.37395594841369,-220.616037762772,0,1.01372179812707,1.52129696376028,12.9177254095283,-12.1133488247597,2.56931641828077,2.91754845110272,2.59081926710048,-0.0336232826266518,19.8361208616576,0,2.28301734876588,19.3856899205605,-18.1785582811015,3.85578496318377,4.37837837608548,3.88805438728222,-0.0504586148449056,29.7681577878421,0,164.608899664852,-154.358833160321,32.7404659176356,37.1779415515884,33.0144739315589,-0.428457130092812,252.769115702678,0,144.747030222105,-30.7017428976265,-34.8629004196615,-30.9586886483842,0.401777442137096,-237.029381997397,0,6.51203009488765,7.39463741472014,6.56652988231883,-0.0852194874853838,50.2754020866679,0,8.39686882560735,7.45652382515754,-0.0967697018349799,57.0894734657377,0,6.62148578355581,-0.0859326973270573,50.696161617385,0,0.00111522227960416,-0.657927548939154,0,388.145634793744,0,0
"4FGL J1448.0+3608",1,222.017105102539,36.1343994140625,60.2446136474609,63.713249206543,47.979866027832,1.54269386154482e-09,6.77745012889197e-11,1.51963251010523e-11,1.0127695123513e-12,"LogParabola",1.79252874851227,0.0283337458968163,2000.56518554688,1.59979498386383,0.0513166636228561,0.113234229385853,0.0224418994039297,0,"bll","RBS 1432",0.998148858547211,0.978480935096741,"bllac",222.002427867,36.1419901139,2.29999997714003e-07,"RFC J1448+3608",NA,"HSP",2344228852072448,4.00851964468818e-12,24.9077205657959,0.177692607045174,0.0660828873515129,140.397994995117,16.177414,"BLL",0,-8.81172024855312,-10.8182614239826,1.68105903097123,1.39633398482302,15.3700000068088,-11.3970159836997,3.30115270680829,NA,77.6464137387611,95.3274932438486,-14.8130219022223,-12.3041044478079,-135.436140280259,100.42731651665,-15.7952618693792,-29.0888341501486,-14.0969458528466,-0.99778835190863,-142.550846513027,0,117.03478023763,-18.1861360661936,-15.1059060830068,-166.276678160272,123.295898364972,-19.3920446114101,-35.7127329827399,-17.3070003602149,-1.22499749563937,-175.011493815996,0,2.82595946560993,2.34731985543878,25.8378773174738,-19.1590566455218,3.01334664096211,5.5494325703952,2.68934980532676,0.190353423924156,27.1951879024604,0,1.94974859717173,21.4616533562372,-15.9140407436111,2.50296881031996,4.60951171360692,2.23384810471846,0.158112802736712,22.5890729547517,0,236.236900209303,-175.172135747064,27.5511668768386,50.7387171261203,24.5888489128798,1.74041010643155,248.646853290149,0,129.891973332706,-20.4294787980356,-37.6232901641276,-18.2328890017387,-1.29053232221248,-184.374245932927,0,3.21315931424297,5.91741113018296,2.86767850030164,0.202975611489774,28.9984796715849,0,10.8976091936677,5.28116754132041,0.373803482840459,53.4041140152583,0,2.55934399039587,0.181151552173174,25.8805457690885,0,0.012821990704608,1.83183700774591,0,261.708723727396,0,0
"4FGL J1454.4+5124",1,223.625,51.4090003967285,87.6678695678711,56.4512596130371,80.8031921386719,3.86173582000993e-09,9.76873582025917e-11,3.13055276146557e-11,1.26268732882767e-12,"LogParabola",2.02296447753906,0.0165184643119574,1384.43786621094,1.96840274333954,0.0232906136661768,0.0554711855947971,0.0107025569304824,0,"bll","TXS 1452+516",0.999725043773651,0.979516327381134,"bzcat",223.613019092,51.4093699056,1.1999999571799e-07,"RFC J1454+5124",NA,"ISP",462381012484096,3.16975720844603e-12,399.016632080078,0.469113796949387,0.113061308860779,78.489501953125,15.8565035,"BLL",0,-8.4132174394733,-10.5043789723388,1.90742851796304,2.60099099861922,14.6649999916264,-11.4989740018423,3.14127346931435,NA,70.7822276838577,88.3756243609174,-16.0476108718754,-21.8827028294963,-123.379833679427,96.7433686083497,-17.0196400218666,-26.4282167341903,-16.5606002881713,-0.466691146034407,-133.404211775269,0,110.341977594514,-20.0363520153303,-27.3217951531382,-154.046717541389,120.789580708423,-21.2499855196496,-32.9971269774314,-20.6768483862299,-0.58269035553269,-166.562721940217,0,3.63828355113868,4.96120440573147,27.9724391999559,-21.9334709384296,3.8586601352842,5.99175459809089,3.75458752748252,0.105807321328737,30.2451469710808,0,6.76515417489821,38.1435329729712,-29.9087278721483,5.26171239660553,8.17042401788799,5.11979781708352,0.144280054414803,41.2426228730742,0,215.062224754402,-168.63245364073,29.6667740461708,46.0667754011912,28.8666262145917,0.813484936283206,232.535623694724,0,132.226403095045,-23.2620159338721,-36.1214219563227,-22.6346119708164,-0.637861721005941,-182.333521506621,0,4.09238527738488,6.35468464265881,3.98200882726632,0.112216237985251,32.0771433184738,0,9.86759900901821,6.18329131457808,0.174250163620348,49.8096137606401,0,3.87460935998663,0.109189633901095,31.211984989173,0,0.00307705243129243,0.87957904853305,0,251.428703245512,0,0
"4FGL J1454.7+5237",1,223.677398681641,52.6194000244141,89.4065628051758,55.726490020752,6.52801179885864,1.31633717814772e-10,2.59590456769265e-11,1.72102100366028e-12,3.50858041621785e-13,"PowerLaw",2.14973211288452,0.148674875497818,2352.59521484375,1.79961752891541,0.3225277364254,0.460287153720856,0.284186214208603,0,"bll","87GB 145311.3+524904",-Inf,0,"rfc",223.688895667,52.6154387028,7.79999993483216e-07,"RFC J1454+5236",NA,"LSP",33884414672896,2.51933538050406e-13,7.60047006607056,0,10,-Inf,20.032566,"BLL",0,-9.88063285247522,-11.7642138294295,0.814780930699017,0.880840452910726,13.529999987939,-12.5987140142379,3.37154720933391,NA,97.6269055654126,116.237877646604,-8.05055123143504,-8.70326111681887,-133.684962374819,124.483267588019,-21.2407137385878,-33.3130201202158,-17.7813600780919,-4.5479283726266,-197.934429738978,0,138.39672702454,-9.58525709288481,-10.3623954376533,-159.169812970293,148.213965639325,-25.2899082519648,-39.6636023066204,-21.1710854213504,-5.41491649931164,-235.667389976159,0,0.663867965030756,0.717692004019945,11.0239859825306,-10.2651919301315,1.75156073168961,2.74707237311676,1.46629404511196,0.375033195497481,16.3221527697695,0,0.775879903483973,11.9177713172583,-11.097456958394,1.89357100794993,2.96979517087958,1.58517591923593,0.405439544952468,17.645494508404,0,183.060899673629,-170.460600460686,29.0858754613996,45.6170337016236,24.3488251445203,6.22768518429166,271.040617738387,0,158.727594812554,-27.0838600974555,-42.4771590758998,-22.6728665818148,-5.79902621415662,-252.384570005346,0,4.62134815716694,7.24792330601129,3.86869559281934,0.989494075501938,43.0646504336786,0,11.3673305847673,6.06749545748314,1.5518798686198,67.5407419930974,0,3.23862325037961,0.828340830170634,36.0509569227549,0,0.211864263880447,9.22073278586519,0,401.303700544356,0,0
"4FGL J1500.9+5528",1,225.227096557617,55.4724006652832,92.4215545654297,53.296199798584,8.86762237548828,1.87336549051231e-10,2.94185995008966e-11,1.09306476630405e-12,2.35740626238629e-13,"PowerLaw",2.11634755134583,0.113422282040119,2707.40551757812,2.05560040473938,0.164159804582596,0.140876904129982,0.095091886818409,0,"bll","FIRST J150106.2+552750",0.996121406555176,0,"bzcat",225.276061417,55.4641121639,5.6999999742402e-07,"RFC J1501+5527",NA,"ISP",110917480087552,2.2627001184175e-13,14.0458087921143,0.424935519695282,0.248874202370644,-Inf,19.153276,"BLL",0,-9.72737748422239,-11.9613541044591,0.947807190561805,1.1475467519989,14.0449999943669,-12.6453730004184,3.43255330965177,NA,94.6218727205567,116.352606596527,-9.21967832485498,-11.1626204374866,-136.621016711108,123.006316603864,-20.5865115197506,-33.3897417776997,-19.9956010936203,-1.37036282528094,-186.311145711497,0,143.073992012261,-11.3370574290623,-13.7262130520807,-167.997218329749,151.255784240971,-25.3143824697524,-41.0579856191779,-24.5877643383572,-1.68507853543865,-229.099116496438,0,0.898338470480662,1.0876530630504,13.3119519861015,-11.9853754571327,2.00588942689345,3.25339870887467,1.94831284453374,0.133524142718483,18.1536127156148,0,1.31686354802322,16.1172941253603,-14.5111567144447,2.42860775864773,3.93901540155396,2.3588975678663,0.161662833766021,21.9792796639385,0,197.262024841766,-177.604263719644,29.7241013467306,48.2102112147232,28.8709076729852,1.97861611771202,269.007761312108,0,159.905458319711,-26.7620041852902,-43.4059169443673,-25.9938338577405,-1.78144099986781,-242.200319199962,0,4.47892695808749,7.26447579174555,4.35036488311568,0.298144491096669,40.5349887628509,0,11.7824222236013,7.05595797260968,0.483567483524865,65.7446409244738,0,4.2254930239647,0.289586621148022,39.3714818976851,0,0.0198463021172481,2.69825422682709,0,366.847981532176,0,0
"4FGL J1505.0-3433",1,226.258102416992,-34.5545997619629,331.918548583984,20.6897773742676,10.7472524642944,3.77311709653938e-10,4.51753669195032e-11,4.8739649469165e-12,6.25689604294433e-13,"PowerLaw",2.27742052078247,0.0880692303180695,1626.51623535156,2.19038844108582,0.126572653651237,0.126004472374916,0.0699577704071999,0,"bll","PMN J1505-3432",0.999504864215851,0.971789658069611,"bzcat",226.259876379,-34.5491167778,2.69999986812763e-07,"RFC J1505-3432",NA,"LSP",4168693841920,1.12926530106139e-12,40.0670318603516,0.855019569396973,0.248155251145363,23.9587001800537,20.204445,"BLL",0,-9.42329971650805,-11.3121175985439,1.03129745103221,1.60278717137167,12.6200000007518,-11.9472040162224,3.21125840262458,NA,88.7985775471407,106.597474559464,-9.7182249779473,-15.1035438976094,-118.922042429416,112.582084219132,-21.4608161478591,-30.2606503950863,-20.6406867759265,-1.18737790880929,-190.392540840702,0,127.964004563287,-11.6661580451549,-18.1309169679939,-142.758924102128,135.148176805304,-25.7624487524284,-36.3261326898015,-24.777931632054,-1.42537740944753,-228.555057853312,0,1.06357443250553,1.65295032438273,13.0149738328018,-12.3211210488919,2.34869797801141,3.3117626052325,2.25894201606222,0.129948091178909,20.8367926280205,0,2.5689267167136,20.2271741039154,-19.1488253309614,3.65022039452873,5.14696377168616,3.51072649369314,0.201958351857971,32.3834252506845,0,159.264400018975,-150.773714693709,28.7410469739869,40.5260810435364,27.6427021281498,1.59017644146617,254.98009591519,0,142.735683805241,-27.2088075925196,-38.3655592849643,-26.1690175804276,-1.50540113841958,-241.386626449545,0,5.1866442284811,7.31338578367235,4.98843558421357,0.286965171097002,46.0140176540208,0,10.312180528427,7.03390328644859,0.404632920682226,64.8816937766162,0,4.79780152284237,0.275998739815134,44.2555827865542,0,0.015877127058481,2.54585043185301,0,408.219597758025,0,0
"4FGL J1511.8-0513",1,227.958801269531,-5.22179985046387,354.613586425781,43.1277923583984,18.5985355377197,7.25733972917197e-10,6.76858638581912e-11,7.87597764784209e-12,7.93974749228182e-13,"PowerLaw",1.96767199039459,0.0727482885122299,3887.69360351562,1.89508140087128,0.110447429120541,0.0486096851527691,0.0507881380617619,0,"bll","NVSS J151148-051345",0.999764382839203,0.872511148452759,"bzcat",227.952336017,-5.22971893056,9.89999989542412e-07,"RFC J1511-0513",NA,"HSP",223872112287285248,6.11186838986311e-12,11.623969078064,0.127370372414589,0.161351412534714,56.6939010620117,17.719847,"BLL",0,-9.13922254633401,-11.1036955250673,1.26947874889929,1.0653544459868,17.3499999969552,-11.2138260062275,3.58969203003358,NA,83.5253887514199,101.479144490323,-11.6020488040323,-9.73651137259974,-158.565511151068,102.485651466781,-17.9829922184042,-32.8069943352784,-17.319570665981,-0.444254730518385,-161.945625219989,0,123.2920543134,-14.0959055033211,-11.8293713945142,-192.649117326109,124.514909644232,-21.8484306745447,-39.8588473302536,-21.0424068704927,-0.539747143505733,-196.755785838777,0,1.61157629390691,1.35244482922562,22.0254562895374,-14.23571380876,2.4979177766103,4.55703774722078,2.40576556584039,0.0617089622921257,22.4949692002468,0,1.13498009558384,18.4838996346272,-11.9466993922569,2.09626810321057,3.82429436391966,2.01893339592511,0.0517865441955211,18.8779177836559,0,301.022499894346,-194.559881173903,34.139109027355,62.2811567101527,32.8796622993466,0.843378037252537,307.439345396047,0,125.749893697944,-22.0651313376123,-40.2541818407381,-21.2511130970084,-0.545100551520653,-198.707281114972,0,3.87173306178341,7.06333646163977,3.72889859201216,0.0956479159370035,34.8668466159776,0,12.8858888704866,6.80275860097251,0.174493799375337,63.6087935493144,0,3.59133351592825,0.0921193102352215,33.5805524759848,0,0.00236290149065134,0.86135618362524,0,313.992977703409,0,0
"4FGL J1516.8+3651",1,229.221694946289,36.8504981994629,59.7576446533203,57.8833541870117,7.42506265640259,1.60663274351158e-10,2.73148517693222e-11,2.13756703310031e-12,3.46479057467333e-13,"PowerLaw",2.19047021865845,0.12711863219738,1677.49487304688,2.13167262077332,0.162463828921318,0.0916853472590446,0.119048021733761,0,"bll","MG2 J151646+3650",0.995425760746002,0.909281432628632,"rfc",229.205246033,36.8396835444,1.59999999027605e-07,"RFC J1516+3650",NA,"LSP",31260793634816,7.03494987958075e-13,32.703556060791,0.956973612308502,0.304046213626862,-Inf,19.590519,"BLL",0,-9.79408338626998,-11.6700802571148,0.870700122799363,1.5145949787646,13.494999999494,-12.1527389923442,3.22466120150222,NA,95.9240693772096,114.297739162645,-8.52770960713247,-14.8340695184463,-132.171155292758,119.024939062594,-21.4536479766819,-31.5826006999823,-20.8777794000826,-0.897973936354203,-191.871176666306,0,136.190773207501,-10.1611403129483,-17.675444959206,-157.487733063859,141.823439384425,-25.5629632525639,-37.6320550235351,-24.8767905663189,-1.06997536091449,-228.622929008532,0,0.758118703842826,1.31875803400164,11.7500981567368,-10.5813913329827,1.90724268837426,2.80771290413432,1.85604761267537,0.0798304431173524,17.0574672990033,0,2.29399794969894,20.4394592376619,-18.4064774560413,3.31767519431348,4.88405566401228,3.22862064779325,0.138866166584838,29.6717017087925,0,182.115024986343,-164.001212695536,29.5603955996874,43.5168029126408,28.7669220162573,1.23729376121441,264.374053895087,0,147.689065016043,-26.6202128378593,-39.1884659205955,-25.9056609773845,-1.11422809466161,-238.07846413156,0,4.7981597788296,7.06352432715399,4.66936539173356,0.200834022658295,42.9124484375625,0,10.3984398644737,6.87392199451228,0.295654182052499,63.1727865365921,0,4.54402816215459,0.1954431444782,41.7605729790395,0,0.0084062029020116,1.79616353749991,0,383.788434689361,0,0
"4FGL J1516.9+1934",1,229.244201660156,19.5804996490479,28.0639533996582,55.8803176879883,7.7776894569397,2.05534783637162e-10,3.5883348376009e-11,3.42098853585437e-12,5.22276015837986e-13,"PowerLaw",2.58005595207214,0.112247847020626,713.892639160156,2.57682657241821,0.116858340799809,0.00388162769377232,0.0671474412083626,0,"bll","PKS 1514+197",0.997603416442871,0.929081380367279,"cgrabs",229.236650688,19.5369422,7.50000026528141e-08,"RFC J1516+1932",NA,"LSP",9120108249088,2.41020506504264e-12,30.8874397277832,0.647395968437195,0.226142674684525,-Inf,18.430756,"BLL",0,-9.68711466983001,-11.4658483811857,0.890850598900166,1.48978191095027,12.9599999931204,-11.6179460052145,2.85363290403647,NA,93.8401906264358,111.070988055431,-8.62977190523265,-14.4316882044137,-125.545006054353,112.544375180406,-24.9932978623003,-27.6434691670013,-24.9620144912802,-0.0376017725751603,-178.540846823657,0,131.465679100339,-10.2143578972778,-17.0816135119889,-148.597394941286,133.209607396592,-29.5825303614349,-32.7193222132448,-29.5455027839576,-0.0445061546090049,-211.324253846629,0,0.793614789560785,1.32717310760068,11.5454237556175,-10.3498541567351,2.2984443900994,2.54216058160211,2.29556749530062,0.00345795035570454,16.4190500207828,0,2.21945014219464,19.3075735556664,-17.3082058009655,3.84372068663665,4.25129068092602,3.83890961524463,0.00578277872322562,27.4578068939382,0,167.961599821681,-150.568580147653,33.4375251211052,36.9830824166808,33.3956723608125,0.0503058948845852,238.862597633204,0,134.97666938008,-29.9749507416064,-33.1533529977992,-29.9374319831567,-0.0450965409585921,-214.127528043283,0,6.65668871582288,7.3625325590882,6.64835673562525,0.0100148166350453,47.5523817189893,0,8.14322075099962,7.35331709504812,0.0110767405081679,52.5946117678676,0,6.64003518432058,0.0100022813855469,47.4928618105563,0,1.50670335530602e-05,0.0715413329067603,0,339.692766731536,0,0
"4FGL J1518.0-2731",1,229.512405395508,-27.5312995910645,338.665588378906,24.9850292205811,31.5107040405273,1.46211087681536e-09,7.49052764259517e-11,1.55104904614456e-11,9.12895301886929e-13,"PowerLaw",2.05162405967712,0.0397537983953953,2284.1845703125,2.03387260437012,0.046176727861166,0.0175325162708759,0.0203464329242706,0,"bll","TXS 1515-273",0.999665021896362,0.991384387016296,"whsp2",229.515000467,-27.5253311917,4.59999995428007e-07,"RFC J1518-2731",NA,"HSP",1188502276407296,7.70830708290982e-12,82.7435836791992,0.442968785762787,0.117654696106911,65.3685989379883,16.682796,"BLL",0,-8.83501969210919,-10.8093744690251,1.49845810668083,1.91773432654737,15.0750000178944,-11.1130409922837,3.35873119354475,NA,78.0575729599572,95.5010362932191,-13.2389068803258,-16.9432205392798,-133.187922016643,98.1839360060432,-18.1261389680524,-29.6744562354693,-17.9693045108514,-0.154900126505413,-147.39283117944,0,116.842576411612,-16.1973948012595,-20.7295084677542,-162.951320313981,120.125021575221,-22.1767727307115,-36.3057832118208,-21.984890602928,-0.189515533756173,-180.330589154354,0,2.2453766974775,2.87364454807501,22.5892559850275,-16.6524263647639,3.07427270408462,5.03291798512891,3.04767289197446,0.0262717411366075,24.9984709083025,0,3.67770494721809,28.9098450070183,-21.3118601832305,3.93446988441328,6.44115410350619,3.90042730922488,0.033622708283409,31.9931705519872,0,227.255625539516,-167.529093157538,30.9282327363452,50.6328728027896,30.6606295472745,0.264302683097188,251.493149998529,0,123.499680096178,-22.7997822759473,-37.3257174359248,-22.602509625448,-0.194839572016125,-185.396595813907,0,4.20916128224603,6.89085372666446,4.1727419694439,0.0359701322080096,34.2268256562852,0,11.2810752304905,6.83123135999402,0.0588870093003218,56.0330273207436,0,4.13663777080729,0.0356589045290079,33.9306817486954,0,0.000307389126788528,0.292491392313703,0,278.315682377616,0,0
"4FGL J1520.8-0348",1,230.204605102539,-3.81480002403259,358.116577148438,42.503246307373,26.1162052154541,9.8259500536102e-10,7.19739198795644e-11,9.78312656579883e-12,9.8451932370458e-13,"LogParabola",1.80782461166382,0.04399449005723,3122.06518554688,1.54722023010254,0.0902742072939873,0.191915571689606,0.0468725077807903,0,"bll","NVSS J152048-034850",0.999885439872742,0.97280079126358,"bzcat",230.203773204,-3.81435241944,3.70000009297655e-07,"RFC J1520-0348",NA,"HSP",1603245390692352,2.83375298053279e-12,7.84421396255493,0,10,62.4141006469727,17.835033,"BLL",0,-9.00762544776242,-11.0095223279042,1.41691007253731,0.894549431182593,15.2050000000006,-11.5476380100756,3.4944419664483,NA,81.1373162071771,99.1696534885384,-12.762995226578,-8.05776622060172,-136.960944933233,104.016798001106,-16.2842069771142,-31.4766243827087,-13.9367803179645,-1.72870358737317,-160.651297112483,0,121.209581888621,-15.5995030802319,-9.84856193601876,-167.39978699579,127.133978506483,-19.9032854270476,-38.472136853178,-17.034155669499,-2.11289877158922,-196.355194032408,0,2.00763415365769,1.26749609942514,21.5441176529307,-16.3619646104908,2.56152490164732,4.95131002015768,2.19227192846578,0.271927106603759,25.2706379017353,0,0.800218684829101,13.6016241011319,-10.3299330134156,1.61718847804176,3.12595107338691,1.38406497675243,0.171677965490019,15.9543186252728,0,231.192025000018,-175.581835943206,27.4879732203495,53.1329900998485,23.52548359871,2.91807626754057,271.181676765011,0,133.347943611743,-20.8761042011993,-40.3525508757617,-17.86673913909,-2.21617155036828,-205.952504981753,0,3.26822982653744,6.31733819097615,2.79710281164353,0.346949693862002,32.2426116072364,0,12.2111246568751,5.40667130340811,0.670637827727076,62.3234877881903,0,2.39389044043856,0.296935654989853,27.5947238621464,0,0.0368315866569483,3.42282055429799,0,318.088402111089,0,0
"4FGL J1536.8-3155",1,234.212707519531,-31.922399520874,339.314025878906,19.0215644836426,6.91342973709106,2.46557718686091e-10,4.28417336328923e-11,3.29247805234967e-12,5.89154755797211e-13,"PowerLaw",2.19692087173462,0.116947747766972,2272.22631835938,2.17908668518066,0.165058970451355,0.106219753623009,0.0809232145547867,4,"bll","PKS 1533-317",0.986823558807373,0.884259343147278,"bllac",234.227075942,-31.8542042361,9.60150501327917e-08,"RFC J1536-3151",NA,"LSP",7328245481472,7.4314230984196e-13,20.0627098083496,0.534437596797943,0.296592265367508,13.4630002975464,19.768488,"BLL",0,-9.60808139698478,-11.4824771113624,0.839693553359604,1.30238959146269,12.8650000088944,-12.1289280119985,3.35645158580641,NA,92.315228131085,110.324574724985,-8.06784400920246,-12.5134652053593,-123.607967257667,116.53572759745,-21.108194558361,-32.2490600414666,-20.9368422423015,-1.02056803877754,-189.937241799317,0,131.847280612961,-9.64176200701021,-14.954658674047,-147.722068139807,139.270138283135,-25.2260936251671,-38.5403785094181,-25.0213129862615,-1.21966588975075,-226.991210986242,0,0.705085263553678,1.09360814391387,10.8026575714399,-10.1845826608379,1.84474029323672,2.81839075876526,1.82976504175795,0.0891920423566861,16.5994719332667,0,1.69621864795035,16.7552421057515,-15.7965895984271,2.86124687661431,4.37140760960271,2.83801981767423,0.138339501526338,25.7462730101551,0,165.508225228853,-156.03865898224,28.2633870344062,43.1807496812531,28.0339502242309,1.36651713130477,254.321598295829,0,147.110894720242,-26.6462951013262,-40.7101596600042,-26.4299855364607,-1.28833174514569,-239.770567858056,0,4.8264613166632,7.37385854382487,4.7872810199924,0.233356393724897,43.4298038898354,0,11.2657672478624,7.31399896008426,0.356521460491915,66.351972896595,0,4.74841878153164,0.231462050823069,43.0772489869537,0,0.0112826360597327,2.09980392485941,0,390.793117806144,0,0
"4FGL J1539.7-1127",1,234.927597045898,-11.4636001586914,355.171203613281,33.8400993347168,11.406681060791,3.75551784115302e-10,5.23784141059913e-11,4.97386897294061e-12,6.84584713136344e-13,"PowerLaw",1.84662878513336,0.0912485346198082,4683.5673828125,1.79122042655945,0.117451399564743,0.0616387873888016,0.0592098832130432,0,"bll","PMN J1539-1128",0.998599052429199,0.974642992019653,"wise",234.921661775,-11.4765075333,6.5000000404325e-07,"RFC J1539-1128",NA,"ISP",944060856532992,1.50673191371548e-12,9.03792858123779,0,10,116.986999511719,17.903767,"BLL",0,-9.42533017049754,-11.3033056595724,1.05715929852325,0.956068905163264,14.9749999909131,-11.8219640129483,3.6705767728362,NA,88.8368488228912,106.537387859523,-9.9640754313932,-9.01126509690986,-141.144319217554,111.425914085778,-17.4050860022267,-34.5963980001405,-16.8828439284623,-0.580965922448555,-168.748915270658,0,127.764718833721,-11.9493946820674,-10.8067390666731,-169.267002149385,133.62727273482,-20.8730095981272,-41.4896512102944,-20.2467119850711,-0.696722054341021,-202.371750858766,0,1.11758578245417,1.01071713312229,15.8309604857794,-12.4976991830955,1.95218079112442,3.88038436634725,1.8936053296421,0.0651620172377693,18.9271337626437,0,0.914067751420082,14.3171318461322,-11.302612190739,1.76550436084542,3.50932431652321,1.71253015212677,0.0589309279744028,17.1172349139882,0,224.250624727847,-177.033910986476,27.6532660405919,54.9668871398679,26.8235258714511,0.923040840587198,268.10891066231,0,139.758833123445,-21.830779043121,-43.3934265152335,-21.1757434220437,-0.728691526312184,-211.657689170211,0,3.41003787008311,6.77819272676124,3.30771920020354,0.113823959072876,33.0616115045207,0,13.4731338452846,6.57481209275887,0.226249901295124,65.7171512964712,0,3.20847061652382,0.110408655039176,32.069593162761,0,0.00379934011076189,1.10356648757164,0,320.544872790289,0,0
"4FGL J1539.9+4220",1,234.977096557617,42.3381004333496,68.1079254150391,52.6638374328613,6.56516075134277,1.60692389949979e-10,2.91332132029698e-11,2.4805179611731e-12,3.74374197007615e-13,"PowerLaw",2.32780575752258,0.118891157209873,1170.54016113281,2.10854291915894,0.229921087622643,0.282026708126068,0.153929859399796,4,"bll","87GB 153741.6+422719",0.921257078647614,0,"bllac",234.857009013,42.2911518389,2.87815709043571e-07,"RFC J1539+4217",NA,"LSP",23988329775104,3.97359852270449e-13,11.6163129806519,0.351465970277786,0.280551612377167,-Inf,18.785004,"BLL",0,-9.79400469001319,-11.6054576239351,0.817245364479787,1.06506830479704,13.3800000105894,-12.4008160144738,3.0683863188948,NA,95.9225278680004,113.66390639857,-8.00410493260657,-10.4312839723666,-131.043782856089,121.453650205747,-22.7985405066159,-30.051789998028,-20.6510792393368,-2.76217090209569,-183.980417277917,0,134.686646660953,-9.48450644582756,-12.3606050779184,-155.281023131146,143.917144758191,-27.0152510756804,-35.6100273977958,-24.4706054965475,-3.273049009975,-218.008567887451,0,0.6678899857637,0.870422134949726,10.9347429853937,-10.1345094035954,1.90238846474469,2.50762449554997,1.72319692648932,0.230485019875523,15.3519574407343,0,1.13437049388324,14.2506139294628,-13.2077160906356,2.47927213206136,3.26804101512771,2.24574223250041,0.300377707931321,20.0073123658856,0,179.024400283372,-165.922918404977,31.1460410603022,41.0550089793048,28.2123042806748,3.77351735771328,251.343353718922,0,153.78023782483,-28.8666909164703,-38.050494201943,-26.1476527991115,-3.49736131863907,-232.949378435154,0,5.41867964475527,7.14260733942683,4.90827834720165,0.656503394951001,43.7278404662847,0,9.41499460198078,6.4698242459498,0.865366892776964,57.6396492739841,0,4.4459532419353,0.594665418432926,39.6089871705724,0,0.0795390640964263,5.29787284025502,0,352.876375280016,0,0
"4FGL J1540.1+8155",1,235.047393798828,81.9223022460938,116.47403717041,32.9645881652832,30.6689682006836,6.03747440930391e-10,4.14708024865096e-11,7.3224230498492e-12,5.90566387025787e-13,"LogParabola",1.70961439609528,0.0422825738787651,3179.10229492188,1.55124318599701,0.0696132779121399,0.08367520570755,0.0284890327602625,0,"bll","1ES 1544+820",0.99994957447052,0.992413878440857,"bllac",235.066159221,81.9182732056,9.89999989542412e-07,"RFC J1540+8155",NA,"HSP",9440608699547648,5.01256501583836e-12,7.31751489639282,0,10,101.694000244141,17.082012,"BLL",0,-9.21914469705561,-11.1353451835523,1.48669916521342,0.864363615207588,15.9749999970875,-11.2999399812871,3.50230450256257,NA,84.9926289452486,102.65835849883,-13.7060947250943,-7.96869323946885,-147.275836508613,104.17578175553,-15.7611824937717,-32.2882519822737,-14.301135392028,-0.771413828973797,-157.48154034484,0,123.995912356861,-16.5549083887505,-9.62498721943967,-177.887139274816,125.828732245055,-19.0371464312913,-38.9993695739436,-17.2736283397101,-0.931752298858315,-190.214100049583,0,2.21027440784628,1.28504866516997,23.7500191599544,-16.7996113371413,2.5416822955117,5.20687318028298,2.30623194966476,0.124399858474476,25.3958129805656,0,0.747124459294731,13.8082087504238,-9.76725697385408,1.47772848001985,3.0272645813928,1.34083816831451,0.0723258033086165,14.7650696473394,0,255.200624906946,-180.51654116815,27.3110899726428,55.9493144182366,24.7811098917842,1.33671141093441,272.885141650249,0,127.688643580691,-19.3185400670211,-39.5758306751486,-17.5289548981468,-0.945524802417167,-193.025710359626,0,2.92278138333623,5.98759019709029,2.6520276826252,0.143052336273861,29.2036536294723,0,12.26613682867,5.43292599488683,0.293056049702402,59.8264075404278,0,2.40635542210215,0.129800592690735,26.4983547181192,0,0.00700154005020081,1.42934086799884,0,291.795133968144,0,0
"4FGL J1546.1-1003",1,236.541397094727,-10.0509996414185,357.715118408203,33.6534156799316,12.0592603683472,4.08265005136244e-10,5.12087421078444e-11,3.42112297692376e-12,5.83550406347416e-13,"PowerLaw",1.94672036170959,0.0867652595043182,3616.71948242188,1.77779269218445,0.141807839274406,0.158422529697418,0.0789720937609673,0,"bll","PMN J1546-1003",0.997733354568481,0.885170757770538,"rfc",236.547809863,-10.0572657278,5.59999989491189e-07,"RFC J1546-1003",NA,"HSP",2511886390132736,1.77000298098862e-12,59.7812805175781,0.850875675678253,0.243762940168381,43.6221008300781,18.877176,"BLL",0,-9.38905784448936,-11.4658313142278,1.08132067200016,1.77656521340922,15.3999999928461,-11.7520260022112,3.55831482560965,NA,88.1544072071672,107.653353444442,-10.1525823378516,-16.6802735532067,-144.591490737968,110.340451924704,-18.2778700831366,-33.4092237265531,-16.6917984224303,-1.48743829519939,-177.238897404606,0,131.465287726327,-12.3982404217413,-20.3697970556752,-176.573802157083,134.746747741773,-22.3207672833347,-40.7990375533562,-20.3838711202538,-1.81644600188384,-216.442515704989,0,1.16925439569488,1.92103669041577,16.6523383410668,-12.7077086540744,2.10502896972021,3.84767937841636,1.92236398858986,0.171305556272377,20.4122806377853,0,3.15618395749575,27.3591042737926,-20.878240582609,3.45847567484867,6.3215783375364,3.15836465358802,0.281447955280722,33.5365342090034,0,237.15999977966,-180.98120034998,29.979493556401,54.7980482889328,27.3780074469224,2.4397069562069,290.708510264955,0,138.110115156648,-22.8779083098451,-41.8174083546182,-20.8926659450927,-1.86178568834013,-221.845063200317,0,3.78972016669472,6.92704392438741,3.46086523277398,0.308404364315506,36.7485828907756,0,12.6616043981534,6.32594609346042,0.563717236132907,67.1709352264427,0,3.16054685638443,0.281642415573444,33.5597055418797,0,0.0250976979157293,2.99056997546339,0,356.347773734976,0,0
"4FGL J1549.8-0659",1,237.470092773438,-6.99980020523071,1.22326278686523,34.9798049926758,23.9829120635986,9.64714530482524e-10,6.54879622752347e-11,1.08009113805596e-11,8.33989832488974e-13,"PowerLaw",1.94902181625366,0.0489463098347187,2812.16015625,1.91744601726532,0.0598941221833229,0.0288170985877514,0.0266233887523413,0,"bll","NVSS J154952-065907",0.998457610607147,0,"whsp2",237.466849404,-6.98553447778,1.09999996311672e-06,"RFC J1549-0659",NA,"HSP",25118864975069184,2.20993752811371e-12,16.9689807891846,0.191147118806839,0.104460194706917,127.910003662109,18.267092,"BLL",0,-9.01560118010447,-10.9665395972123,1.3799019150584,1.22965575799676,16.4000000114107,-11.6556200030475,3.44904005069877,NA,81.2810646387011,98.8699473342896,-12.4406453338289,-11.0860859029178,-147.855859456588,105.082421454324,-17.5716033866659,-31.0951695513074,-17.2869285760438,-0.259803468034918,-164.688816192277,0,120.264990737225,-15.132748991757,-13.4850685610116,-179.851249519418,127.82181829348,-21.3740249237764,-37.8240342883592,-21.0277476738572,-0.316023852739346,-200.32678774392,0,1.90412929518184,1.69680433532232,22.6303914227034,-16.0836123633982,2.68945893673903,4.75933697107235,2.64588743124552,0.0397647695276649,25.206795233348,0,1.51205328317459,20.1663544451781,-14.3324002497696,2.39662589881762,4.24113195790318,2.35779853577826,0.0354351112071888,22.4622348596566,0,268.960000374271,-191.152168182978,31.9639578087997,56.5642568708158,31.4461147050307,0.472600417167946,299.58030900844,0,135.853477655441,-22.7170576679021,-40.2007002062366,-22.3490221536014,-0.335881150729187,-212.914282912709,0,3.79868604023272,6.72225430394453,3.7371441191388,0.05616515382866,35.6029608275127,0,11.8958772713242,6.61334810860093,0.0993913271740895,63.0039319177991,0,3.67659922912664,0.055255230916226,35.0261628024192,0,0.000830425171016184,0.526404591075525,0,333.686650136464,0,0
"4FGL J1550.8-0822",1,237.718307495117,-8.36999988555908,0.155245274305344,33.9017562866211,7.37295722961426,1.95094329580314e-10,4.3444716574248e-11,1.81869092268777e-12,4.71202449888602e-13,"PowerLaw",1.88650071620941,0.140530347824097,5675.6708984375,1.72964453697205,0.296588778495789,0.118282087147236,0.142303586006165,4,"bll","NVSS J155053-082247",0.999104022979736,0.943521082401276,"whsp2",237.721966642,-8.37967001111,5.80000005356851e-07,"RFC J1550-0822",NA,"HSP",4120975218049024,1.5028166428302e-12,16.0103912353516,0.67294043302536,0.344640046358109,33.2587013244629,18.219702,"BLL",0,-9.70975535319783,-11.7402411008136,0.867641714576313,1.20440194461626,15.6150000028534,-11.8230940040204,3.75401720511942,NA,94.2793490189539,113.994868876458,-8.4245887827651,-11.6944482291396,-151.61782986789,114.799350296898,-18.3174604280259,-36.450588653405,-16.7944253019937,-1.14849012886529,-176.908849028169,0,137.833261105233,-10.1863229182492,-14.1399692120836,-183.323864822704,138.805974164783,-22.147973245156,-44.0730670847044,-20.306443882757,-1.388660221016,-213.903694264976,0,0.752802144872924,1.0449893682659,13.5482253755849,-10.2582095532452,1.63680671596138,3.25714192439879,1.50071175166598,0.102626472896093,15.8081734823495,0,1.45058404419543,18.8067363686195,-14.239757409823,2.27210513112258,4.52134562196873,2.08318724382403,0.142459175773401,21.9438445191288,0,243.828225089112,-184.617612906515,29.4577086889929,58.6189786686515,27.0083994497539,1.8469747911416,284.500646781988,0,139.785551827903,-22.3042753063957,-44.3840983088368,-20.4497499541609,-1.3984602353335,-215.413249471238,0,3.55888495225862,7.08195614612023,3.26297565778547,0.223139242118005,34.371480872122,0,14.0926451763326,6.49311535053389,0.444032990208159,68.3970747801487,0,2.99167022427726,0.204585965855869,31.5136080295587,0,0.0139906521399063,2.15506437976067,0,331.957540968804,0,0
"4FGL J1553.5-3118",1,238.392303466797,-31.31130027771,342.59326171875,17.1976203918457,30.443790435791,1.35637867604288e-09,7.60477861239117e-11,1.07999173840079e-11,9.18982771824783e-13,"LogParabola",1.95143294334412,0.0372330918908119,1987.740234375,1.84431731700897,0.0533263459801674,0.0838625729084015,0.0250192638486624,0,"bll","1RXS J155333.4-311841",0.999946296215057,0.982823848724365,"bzcat",238.389771163,-31.3087282,6.89999978931155e-07,"RFC J1553-3118",NA,"HSP",2238721101398016,5.3964233255599e-12,59.2508201599121,0.420698791742325,0.116594940423965,123.186996459961,16.669025,"BLL",0,-8.86761904648884,-10.9665795667174,1.48349872375113,1.7726943663017,15.3499999927892,-11.2678939891811,3.29835962847742,NA,78.6346675536517,97.2474498406585,-13.1551015381774,-15.7195783262204,-136.117952299661,99.9193913522794,-17.3045639363441,-29.2485966636562,-16.3547033680779,-0.7436613488101,-147.814563576399,0,120.265867393144,-16.2689067911405,-19.4403938155193,-168.336996270034,123.570255981691,-21.4005446422968,-36.1717233053461,-20.2258526032536,-0.919685578469624,-182.802188962102,0,2.20076846337123,2.62978983000939,22.7717053988826,-16.7159063523132,2.89494828093691,4.8931122993185,2.73604238597492,0.1244100198801,24.7284773136757,0,3.14244531631779,27.2108585099486,-19.9745321947061,3.45929418488167,5.84698353143889,3.26941091753447,0.148662710538289,29.5490867092422,0,235.622499778628,-172.962172652679,29.9544956662609,50.6298202733446,28.3102708027887,1.28729049353925,255.869533629803,0,126.965434951424,-21.9885395325972,-37.1655666318783,-20.781572010468,-0.944954581191839,-187.82480660301,0,3.8080905323687,6.43652763800711,3.59906157039134,0.163652187487053,32.5284845184267,0,10.8791762387697,6.08322178052418,0.276608924821316,54.9804391060808,0,3.40150636581917,0.154669195463892,30.7429714651554,0,0.00703293113481696,1.39790732437447,0,277.856394450625,0,0
"4FGL J1557.5-7040",1,239.388900756836,-70.668701171875,317.214935302734,-13.1550674438477,18.7696094512939,6.50488829467832e-10,5.08297640089417e-11,7.25819274474682e-12,6.49596695878607e-13,"PowerLaw",2.13994932174683,0.0608147718012333,2190.56616210938,2.09700417518616,0.0778620839118958,0.0672571808099747,0.0404861122369766,0,"bll","PKS 1552-705",0.99974125623703,0.973035752773285,"rfc",239.400681333,-70.6744730111,9.6999997367675e-07,"RFC J1557-7040",NA,"LSP",17782794092544,3.03922604314236e-13,7.92041158676147,0,10,38.1987991333008,20.109604,"BLL",0,-9.18676015696886,-11.1391715030866,1.2734552361316,0.898747750429753,13.2499999998084,-12.5172369979659,3.34055637479567,NA,84.3965621816705,102.332896946199,-11.6989278249772,-8.25658002481345,-121.724572078077,114.99285412825,-19.6592011669563,-30.6888902060812,-19.2646744055976,-0.617875588935126,-184.742108799622,0,124.081141775177,-14.1852362767735,-10.0113053300503,-147.594022413763,139.431649665123,-23.8372625028518,-37.2110303745782,-23.3588891500873,-0.749189271856413,-224.004327815156,0,1.62168823843099,1.14451502874627,16.8732818784997,-15.9401409969599,2.72512966883477,4.25404900707634,2.67044094708064,0.085649009069912,25.608680510333,0,0.807747518902541,11.908407693022,-11.2498385935179,1.92327463895364,3.00231752703138,1.88467778509036,0.0604472399532119,18.0734613570332,0,175.562499994923,-165.85339022065,28.3543285127355,44.2623719654026,27.7853053208148,0.891157645719278,266.452252996147,0,156.681222063246,-26.7862528239415,-41.8145358483832,-26.2486982465292,-0.841874072013498,-251.716679203243,0,4.57938309964472,7.14862134850104,4.48748266238989,0.143926958456909,43.0335334403973,0,11.159316893188,7.00516066539126,0.224676404105546,67.1772658368165,0,4.39742651074819,0.141038588969767,42.1699235493403,0,0.00452352837050563,1.35251527224499,0,404.396173036816,0,0
"4FGL J1608.0-2038",1,242.022994995117,-20.6417999267578,352.994659423828,22.5729427337646,11.9765911102295,5.13609377250646e-10,5.78335851431078e-11,6.1531136089088e-12,7.20158362197548e-13,"PowerLaw",2.08430147171021,0.0819645151495934,2644.85791015625,2.07746767997742,0.0880032256245613,0.00558558711782098,0.038017351180315,0,"bll","NVSS J160756-203942",0.985520720481873,0.956305742263794,"rfc",241.987195479,-20.66176975,2.20000003992027e-07,"RFC J1607-2039",NA,"LSP",69984197804032,2.74853967710542e-12,17.6319465637207,0.411436200141907,0.18373666703701,28.0186996459961,18.70448,"BLL",0,-9.28936705571211,-11.2109050661786,1.0783332226703,1.24630026097861,13.8449999888535,-11.5608979893064,3.4224023453721,NA,86.2923402957495,104.142212186475,-10.0170331137534,-11.5773405858601,-128.61128678279,107.393424916311,-19.3618414254771,-31.7919515984914,-19.2983598256889,-0.0518865689590962,-173.752780306226,0,125.684392402869,-12.0890913890632,-13.9721539097848,-155.21498051628,129.608129837889,-23.3669059286395,-38.3682277922336,-23.2902929382812,-0.0626194869167612,-209.694149592236,0,1.16280253911451,1.3439269768359,14.9295234558507,-12.4665003857714,2.24757152300572,3.69049015035949,2.24020241834344,0.00602312415726561,20.1696621967722,0,1.55326434051535,17.255027099357,-14.4083501812197,2.59766546815054,4.26534093621106,2.58914851173049,0.00696131868265905,23.3113983054692,0,191.684024691353,-160.060632533084,28.8571538525952,47.3831604335289,28.7625400061309,0.0773324535839717,258.963525391511,0,133.654362319149,-24.0963966934029,-39.5660443932098,-24.0173919243,-0.0645744028795123,-216.240585223022,0,4.34431262497335,7.13331824524354,4.33006894280733,0.0116420474500399,38.9857751915742,0,11.7128378136085,7.10993026038946,0.0191161264523107,64.0142562209655,0,4.31587196135076,0.0116038767109713,38.8579526707841,0,3.11987834507677e-05,0.10447550253354,0,349.8575720704,0,0
"4FGL J1610.7-6648",1,242.69189453125,-66.814697265625,320.7880859375,-11.136323928833,63.327220916748,2.90218515885954e-09,9.41030725565284e-11,3.06580004438839e-11,1.4758149129851e-12,"LogParabola",1.75550103187561,0.0203240420669317,2583.68017578125,1.56562912464142,0.0372653715312481,0.110946476459503,0.0164281334728003,0,"bll","PMN J1610-6649",0.999994814395905,0.990782976150513,"bzcat",242.693589108,-66.817019325,3.0999999580672e-06,"RFC J1610-6649",NA,"HSP",5011872499630080,9.40630386081498e-12,66.6300888061523,0.243416830897331,0.0673023909330368,124.502998352051,15.543376,"BLL",0,-8.53727488310926,-10.5134561738295,1.8015904296505,1.82367039210644,15.7000000141554,-11.026580995934,3.41223875294152,NA,72.8850624297682,89.7562653275046,-15.3806727247052,-15.5691754336003,-134.035215785664,94.1369529831572,-14.987194866704,-29.1312202006597,-13.3662062020655,-0.947180566847188,-132.698073523523,0,110.532760719034,-18.9409420253212,-19.1730787429215,-165.061262077945,115.927476047933,-18.4563831617367,-35.8744225836933,-16.4601731863886,-1.16643091789779,-163.414602369353,0,3.24572807620827,3.28550712525594,28.2849697710151,-19.8653827940408,3.16269385826868,6.147456680982,2.82062244733607,0.199880110192885,28.0027974460593,0,3.32577369904566,28.6316251818859,-20.1088492884484,3.20145525514385,6.22279878453765,2.85519147962808,0.20232980422773,28.3459946045778,0,246.49000044448,-173.117321792249,27.5613662252969,53.5721484694835,24.5803772790324,1.74185968198469,244.031003420023,0,121.585488459893,-19.3571743164221,-37.6253269867745,-17.2635363524519,-1.22336030889419,-171.390294414257,0,3.08178387291633,5.99018865179478,2.74846354384252,0.194766653907621,27.2864126068306,0,11.6433733070759,5.34230037183536,0.37857586647743,53.0377099387412,0,2.45119455592546,0.173701034821342,24.3351621608525,0,0.0123091206387791,1.7244827994852,0,241.596537477376,0,0
"4FGL J1612.4-3100",1,243.10009765625,-31.0011005401611,345.861175537109,14.6575870513916,23.2344512939453,1.20290477578777e-09,7.92025819928988e-11,1.03912529622607e-11,9.32076681461891e-13,"LogParabola",2.10831141471863,0.0453893169760704,1680.40063476562,1.96336460113525,0.0742035955190659,0.133253380656242,0.0392227098345757,0,"bll","NVSS J161219-305937",0.99863076210022,0.950325131416321,"rfc",243.083353913,-30.9940752028,1.7999999499807e-06,"RFC J1612-3059",NA,"LSP",64565421277184,1.66286504964946e-12,95.0517501831055,0.672394335269928,0.173423558473587,51.603401184082,17.740269,"BLL",0,-8.91976875087026,-10.9833320826846,1.36613242061409,1.97796011791758,13.8099999890609,-11.7791429946594,3.22541283691925,NA,79.5622745690016,97.9687822915609,-12.1855852749443,-17.6429468502689,-123.182006351944,105.067231595795,-18.8056502741103,-28.7699366314081,-17.5127582157711,-1.18858934072537,-158.239097058232,0,120.633583638529,-15.0046860445263,-21.7245928213948,-151.679815941727,129.374239159772,-23.1562844015693,-35.4257802916379,-21.564285413656,-1.46356613088789,-194.847265663155,0,1.86631779065291,2.70215544376887,18.8662887137363,-16.0918691320535,2.88023257639788,4.40634104638025,2.68221603509692,0.182041763470923,24.2355566313151,0,3.91232622807253,27.3156292068047,-23.2986750666845,4.17015589446384,6.37973795524568,3.88345687797668,0.263569872515737,35.0895445631296,0,190.716099697862,-162.669964627393,29.1157806142013,44.5429512425717,27.1140651202004,1.84022918540503,244.993114695937,0,138.748209688634,-24.8341016312434,-37.9925990228819,-23.1267523874245,-1.56961062527166,-208.965165314723,0,4.44497702143287,6.80017470125685,4.13938399982794,0.280939623487402,37.4020116328791,0,10.4032879685635,6.33266138805448,0.42979716453153,57.2196913630006,0,3.85480055699098,0.261624970562066,34.830616169217,0,0.0177564634563173,2.36395081800113,0,314.717144192361,0,0
"4FGL J1616.7+3327",1,244.181793212891,33.462100982666,54.1611747741699,45.6778678894043,6.15472364425659,1.48150838819028e-10,2.83989550625696e-11,2.01079062255027e-12,4.20696111410809e-13,"PowerLaw",2.23453092575073,0.14907605946064,1999.67395019531,2.02838802337646,0.294631034135818,0.223075926303864,0.189550533890724,0,"bll","NVSS J161633+333043",0.979498505592346,0,"bllac",244.140748062,33.5120594667,1.17624028916907e-06,"RFC J1616+3330",NA,"ISP",234422888562688,3.90921886875284e-13,14.6237335205078,0.499732971191406,0.353048413991928,-Inf,19.081196,"BLL",0,-9.82929588523392,-11.6966331487991,0.789208557272389,1.16505826457497,14.3700000130251,-12.4079100136735,3.3009591890767,NA,96.6150575994765,114.969668080582,-7.75736442458889,-11.4517024060445,-141.246981998839,121.961018841754,-21.9638656339096,-32.4461045745167,-19.937626051832,-2.19267928451332,-187.554721328142,0,136.811227017586,-9.23108297230814,-13.6272591177099,-168.080618500593,145.13077157325,-26.1364884981527,-38.6101086737875,-23.7253105928522,-2.60923727430484,-223.185749652333,0,0.622850146871966,0.919473952123485,11.3409269782838,-9.79242876065689,1.76351092809227,2.60514523922626,1.60082118551753,0.176053429960474,15.0590431661917,0,1.35736075985444,16.7418872771173,-14.4559381075328,2.60335872249425,3.8458097842585,2.36319023039963,0.259896451568034,22.2307050977749,0,206.496900374341,-178.301667058102,32.110209432143,47.4347835900275,29.1479359223397,3.20560106389211,274.196786768534,0,153.956230907419,-27.7258586494856,-40.9580045768723,-25.1680560668682,-2.76790601979521,-236.757762921267,0,4.99312845813642,7.37609539263294,4.5324957676571,0.498470056116475,42.6375225623111,0,10.8963315679499,6.69562608477765,0.736364528794537,62.9862492747736,0,4.11435797337706,0.452484537218368,38.7040694380988,0,0.049762868896327,4.25655547268558,0,364.092040790416,0,0
"4FGL J1624.6+5651",1,246.171493530273,56.850399017334,86.5961380004883,42.2629814147949,9.72154521942139,1.99344055151762e-10,2.7403974922624e-11,2.44596400425512e-12,3.59621078575845e-13,"PowerLaw",2.19666075706482,0.110374554991722,1958.03991699219,2.1948413848877,0.116162016987801,-0.000697454321198165,0.0508104674518108,0,"bll","SBS 1623+569",0.997485816478729,0.919767379760742,"bllac",246.134081142,56.8744448028,1.10000001996013e-07,"RFC J1624+5652",NA,"LSP",33113111527424,2.16261405484863e-12,11.2889318466187,0.192474573850632,0.290827810764313,24.2747993469238,18.3067,"BLL",0,-9.70039671135991,-11.611549938497,0.987735300618847,1.05265285113088,13.5199999918574,-11.6650209788527,3.29182154117127,NA,94.0976963577621,112.636640837188,-9.58142426181715,-10.2111502553136,-131.1493634586,113.155331141207,-21.3084807838049,-31.9319748523615,-21.2908321519213,0.00676558360367444,-177.582252475852,0,134.82809197421,-11.4691377691521,-12.2229311488075,-156.988155073931,135.448973629563,-25.5066360785948,-38.2231502139304,-25.4855103477034,0.00809852568041302,-212.569161259083,0,0.975621024088604,1.03974238035905,13.3541812563241,-11.5219530032722,2.16971937323704,3.2514483395524,2.16792231511274,-0.000688900253616583,18.082173827839,0,1.10807802499397,14.2318665387182,-12.2792175918908,2.3123212088916,3.46514533072798,2.31040604158209,-0.000734177279742801,19.2705999497977,0,182.790399779824,-157.711083539105,29.6988534176298,44.5054272098316,29.67425550581,-0.0094295824169201,247.506583850936,0,136.072714437074,-25.6240938145836,-38.3991673364021,-25.6028707999691,0.00813581928856806,-213.548039553563,0,4.82531848162859,7.23101519875156,4.82132193816461,-0.00153207053722129,40.2136094813585,0,10.8360890589192,7.22502615022751,-0.00229589515850311,60.2623894077601,0,4.81732870481576,-0.00153080160823449,40.1803027807237,0,4.86442530157993e-07,-0.0127680870218784,0,335.13526489,0,0
"4FGL J1641.9-0621",1,250.489196777344,-6.35290002822876,10.8169431686401,25.0309715270996,16.1920261383057,9.46382527899914e-10,7.55211310154991e-11,1.26666290303779e-11,1.06897954030294e-12,"PowerLaw",2.34721159934998,0.0570925734937191,1426.33251953125,2.27647423744202,0.0909009426832199,0.105452582240105,0.0510795451700687,0,"bll","TXS 1639-062",0.999561548233032,0.988246500492096,"bzcat",250.509073808,-6.35658196389,6.79999985209179e-08,"RFC J1642-0621",NA,"LSP",6918309937152,3.24055951343716e-12,41.4096984863281,0.381585121154785,0.118565171957016,-Inf,20.099546,"BLL",0,-9.02393328624435,-10.8973389485179,1.20930119622892,1.61710206831448,12.8400000143103,-11.4893799982442,3.15422078397517,NA,81.4313719545888,98.3368596690177,-10.9126533177453,-14.5926211815176,-115.867303524513,103.679398604466,-21.1810808812331,-28.4634779246773,-20.5427516465308,-0.951597066996903,-181.376962187799,0,118.751996158885,-13.1781650261547,-17.6221093527722,-139.921832254914,125.203668149189,-25.5783603820095,-34.3726130014373,-24.8075113729745,-1.14915253166688,-219.031565473327,0,1.4624093832007,1.95556346563696,15.5274273768848,-13.8941209758053,2.83848579489633,3.81440296723129,2.75294301852295,0.127523933848388,24.3064050214582,0,2.61501909934697,20.7635905802991,-18.5795001588117,3.79568073208059,5.10069695368677,3.68129119783212,0.170527588849577,32.503017408782,0,164.865600367489,-147.523639341872,30.138196969243,40.500194911379,29.2299292413326,1.35401115747201,258.078170927631,0,132.005852744054,-26.9680060012184,-36.2400411854505,-26.1552775701846,-1.21158478915266,-230.931321786189,0,5.50940229212309,7.40362361105731,5.34336673574531,0.247519524215382,47.1778875128685,0,9.94910875406094,7.18050235392365,0.33262072662559,63.398405741665,0,5.18233495373723,0.240060086741335,45.7560986532808,0,0.0111202471011061,2.11954902755377,0,403.991749406116,0,0
"4FGL J1642.3-8108",2,250.585494995117,-81.1374969482422,311.017883300781,-22.1680698394775,5.40580701828003,1.66014355040822e-10,3.49329003224153e-11,1.9162969822073e-11,1.65708430050621e-12,"PowerLaw",2.58847761154175,0.156859546899796,1009.55084228516,2.61051917076111,0.126835823059082,-0.0553901605308056,0.052908930927515,4,"bll","PKS 1633-810",0.999899208545685,0.932208240032196,"bllac",250.73893737793,-81.1430740356445,1.2e-07,"",NA,"LSP",50118724157440,1.19188675856002e-12,12.0120697021484,0.288039922714233,0.266274154186249,-Inf,18.991724,"BLL",0,-9.77985435746915,-10.717537184329,0.732860537775571,1.07961784360442,13.7000000068864,-11.9237650050561,3.00412819546181,NA,95.6455512533083,104.815952733498,-7.1672693237816,-10.5585052721761,-133.984004764675,116.612685142136,-25.3149340484479,-29.3799362227831,-25.5304972874248,0.541707702828115,-185.736294717251,0,114.865603297475,-7.85446006453703,-11.5708443836955,-146.830259499113,127.79339481889,-27.7421050525018,-32.1968556413531,-27.9783362830359,0.593646105134862,-203.544508164514,0,0.537084567828699,0.791209313456038,10.0401893725721,-8.73845683391495,1.89699309441451,2.2016070048729,1.91314648335742,-0.0405932628340814,13.9182850639252,0,1.16557468822906,14.7907644648152,-12.8731094624045,2.79456661719102,3.24331040429572,2.81836307782511,-0.059800205669171,20.5038041112103,0,187.690000188687,-163.35558065138,35.4621432959473,41.1565562985144,35.7641126574043,-0.758845199653476,260.186618930785,0,142.176171895801,-30.8643987608727,-35.8205186477499,-31.1272171333494,0.660459257761659,-226.452854016884,0,6.70021634545288,7.77611857615421,6.75727042801567,-0.143376190433694,49.1596523785801,0,9.02478621476863,7.84233424567703,-0.166399143001749,57.0535735488288,0,6.81481034091127,-0.144597075937203,49.5782595878039,0,0.00306806988362841,-1.05195464111675,0,360.685580492176,0,0
"4FGL J1643.0-7714",2,250.771896362305,-77.2488021850586,314.403167724609,-19.9005336761475,5.37028646469116,1.66873084794794e-10,3.33283192710532e-11,2.52570360459448e-12,4.23065445523396e-13,"PowerLaw",2.42870354652405,0.178869605064392,1774.36315917969,2.44391679763794,0.148915871977806,-0.0415791906416416,0.0559213533997536,0,"bll","PKS 1636-77",0.985649287700653,0.983467817306519,"rfc",251.067169189453,-77.263557434082,1.8e-07,"",NA,"LSP",6918309937152,2.11579712083854e-12,7.06691741943359,0,10,-Inf,17.110304,"BLL",0,-9.77761370566783,-11.5976176159508,0.72999745268585,0.849230016389882,12.8400000143103,-11.6745259781891,3.24904251171138,NA,95.6017297772634,113.397024954815,-7.13763309848377,-8.30344304751823,-125.544560120696,114.149005211517,-23.7469250834976,-31.7678825928066,-23.8956743760966,0.406545264288291,-167.297942898543,0,134.504734365812,-8.46623131686862,-9.84904499807748,-148.913410354774,135.396688142521,-28.1671750350895,-37.6811526687969,-28.3436125042038,0.482219553842479,-198.438763084673,0,0.53289628092783,0.619935748708977,9.3731673029328,-8.52237422539283,1.77294740229165,2.37179275721734,1.78405303685186,-0.0303527032531377,12.4904783346805,0,0.721191620737559,10.9041134225988,-9.91435788780163,2.06252795262078,2.75918442547208,2.07544750211358,-0.0353102967500793,14.5305837463559,0,164.865600367489,-149.900913727014,31.1845535721243,41.7177058968689,31.3798917166443,-0.533876808433689,219.696303604854,0,136.294556815412,-28.353962647215,-37.9310312072153,-28.5315701425568,0.485417341297922,-199.754688542713,0,5.8986009168985,7.89096107100084,5.93554939383296,-0.100983527772955,41.5558560069046,0,10.5562772429078,7.94038957061121,-0.135092557997246,55.5921050843053,0,5.97272931377688,-0.101616082441298,41.8161593582916,0,0.00172882909441398,-0.711432591952443,0,292.762502972416,0,0
"4FGL J1649.4+5235",1,252.363693237305,52.5900993347168,80.1847763061523,39.536792755127,36.7342758178711,1.05711150943932e-09,4.98925588343635e-11,1.17220972511989e-11,5.98400072982647e-13,"PowerLaw",2.08384108543396,0.0340866297483444,1468.99133300781,2.03649568557739,0.0434548631310463,0.0509451664984226,0.0218210928142071,0,"bll","87GB 164812.2+524023",0.999740123748779,0.943968653678894,"bzcat",252.354131413,52.5874989917,2.29999997714003e-07,"RFC J1649+5235",NA,"ISP",251188645724160,2.22442615542551e-12,116.249443054199,0.470243752002716,0.120246224105358,61.0416984558105,16.685925,"BLL",0,-8.97587919870972,-10.930994679859,1.56507148255245,2.06539088088184,14.400000004449,-11.652782007009,3.16701923347713,NA,80.5664073898298,98.115287768153,-14.0478925647363,-18.5386990449121,-129.252660501354,104.593963623811,-18.7043058521634,-28.426782059681,-18.2793392624362,-0.457277660247995,-149.770847118731,0,119.486644691106,-17.1077880493799,-22.5767767307487,-157.406323438602,127.376498124172,-22.7784558185502,-34.6186703921496,-22.2609235046023,-0.556881343958788,-182.393757403526,0,2.44944874549892,3.23248436799205,22.5370293557183,-18.2374368115701,3.26136025698383,4.95661148701018,3.18726132183827,0.0797328272605677,26.114665377509,0,4.26583949082986,29.7416286938874,-24.0675496941804,4.30394637506222,6.54113264440106,4.20615961794675,0.105221682310849,34.4629573340783,0,207.360000128131,-167.800060952773,30.00731163952,45.6050769761607,29.3255378813748,0.733610397803941,240.277320074236,0,135.787328502873,-24.282545905811,-36.9045847397137,-23.7308402822477,-0.593652919516897,-194.437446610302,0,4.34239366934258,6.59956479707921,4.24373337991516,0.106161631053687,34.7708160634697,0,10.0300108252141,6.44962100511679,0.161344322153199,52.8446454033569,0,4.14731467737532,0.103749611775059,33.9808142723679,0,0.002595409989552,0.850067227305192,0,278.420093105625,0,0
"4FGL J1701.3+3956",1,255.333999633789,39.940601348877,64.0097808837891,37.4513664245605,10.4422369003296,2.556460876324e-10,3.33742755653788e-11,2.96132454495612e-12,4.31857728831059e-13,"PowerLaw",2.30286550521851,0.0979954525828362,1397.95727539062,2.14953017234802,0.174234330654144,0.207273751497269,0.121318936347961,0,"bll","B3 1659+399",0.994142472743988,0.891488552093506,"crates",255.352645058,39.9103032222,6.79999985209179e-08,"RFC J1701+3954",NA,"LSP",35892194443264,5.00535637243393e-12,18.3543739318848,0.381023705005646,0.185342699289322,19.8129005432129,17.215696,"BLL",0,-9.59236084926117,-11.528513993705,1.01879354171312,1.26373957529792,13.555000011843,-11.3005649960924,3.14549389863024,NA,92.0133866624385,110.585666283375,-9.77263528300906,-12.1222460257497,-130.024451425337,108.399097243048,-22.0899169133721,-30.1727125248106,-20.6190690695368,-1.98824461894189,-165.139168303182,0,132.906634903052,-11.745175602336,-14.5690393782209,-156.269007321203,130.278721694224,-26.5486172025321,-36.2628704274724,-24.7808886718053,-2.389558344664,-198.471392247371,0,1.03794028063636,1.2874897177208,13.8097464699869,-11.5129426357283,2.34614450415054,3.20460886942251,2.18992745730565,0.211169159392068,17.5392399008964,0,1.59703771417417,17.1299899581298,-14.2809712087883,2.91022227553307,3.97508512355718,2.71644634709315,0.261940042687565,21.7561563514981,0,183.738025321064,-153.179158655865,31.2153419505097,42.637169833185,29.1368815116343,2.80959570400022,233.358759483885,0,127.702769230909,-26.0236813189809,-35.5458582462831,-24.2909054236805,-2.34231050077879,-194.547091600968,0,5.3031895351253,7.24364939603087,4.95007888632665,0.477323572460294,39.6454324667283,0,9.89413186632007,6.7613340420423,0.65197832068086,54.151866728673,0,4.62047996183451,0.445541182779145,37.0056579899711,0,0.0429624080597516,3.56836189455653,0,296.380188764416,0,0
"4FGL J1702.2+2642",1,255.558303833008,26.7115993499756,47.9677848815918,34.723014831543,10.0720977783203,2.56381416097184e-10,3.66806481022497e-11,2.61350316388409e-12,4.43698761542696e-13,"PowerLaw",2.11912751197815,0.10796694457531,2408.13061523438,2.08510851860046,0.132444232702255,0.0560384392738342,0.0668073669075966,0,"bll","MG2 J170210+2643",0.998763978481293,0.83284068107605,"bzcat",255.540138825,26.7207481139,4.40000007984054e-07,"RFC J1702+2643",NA,"LSP",52480746455040,1.70448030689663e-12,23.9029998779297,0.441422939300537,0.210174828767776,11.8243999481201,17.859564,"BLL",0,-9.59111345801028,-11.5827769698128,1.0031199331819,1.37845240926085,13.7200000035589,-11.7684080121268,3.38168003903809,NA,91.9894573644259,111.091728076303,-9.62103709113929,-13.2208934536884,-131.590076678035,112.872136464465,-20.3247923993735,-32.434076933103,-19.9985123741608,-0.537471029085163,-171.293104634596,0,134.160722332426,-11.6189144600195,-15.9663068199695,-158.915700067054,136.310845294223,-24.5453813418372,-39.169245675446,-24.1513469288059,-0.64908074384522,-206.863346590098,0,1.00624960034686,1.38275308867217,13.7628054868257,-11.805124658782,2.12573904821945,3.39223065480245,2.0916139178555,0.0562132754599865,17.9152846463379,0,1.90013104459704,18.9123670599646,-16.2221903774809,2.92111642441723,4.66148499716138,2.87422286103513,0.0772463216282346,24.6185590241483,0,188.238400097656,-161.462557968262,29.074429471882,46.3966501476377,28.607688882619,0.76884738703644,245.03321814356,0,138.49542713989,-24.938757190682,-39.7969904658651,-24.5384077964515,-0.659483217737272,-210.178636070691,0,4.4907014120227,7.16621120743296,4.41861082722624,0.118752598393499,37.8466934243345,0,11.4357598864287,7.05116985657946,0.189504071511173,60.3953310847233,0,4.3476775343402,0.116846227098946,37.2391290348901,0,0.0031403066762472,1.00082209267116,0,318.964026270096,0,0
"4FGL J1704.5-0527",1,256.138397216797,-5.46199989318848,14.9370107650757,20.7910537719727,18.462532043457,9.16453246624371e-10,7.64482574466818e-11,1.08636936252404e-11,9.34461275720055e-13,"PowerLaw",2.01740312576294,0.0617931634187698,3359.17846679688,2.03467059135437,0.0594847612082958,-0.021387180313468,0.0237641483545303,0,"bll","NVSS J170433-052839",0.99949699640274,0.922401547431946,"whsp2",256.140991938,-5.47800940833,2.30000000556174e-06,"RFC J1704-0528",NA,"ISP",582103225860096,7.98978342254203e-13,22.7343711853027,0.355239152908325,0.132535949349403,165.218994140625,18.254915,"BLL",0,-9.03788968591286,-10.9640224907388,1.26629126207949,1.35668294646592,14.7650000060352,-12.0974649928599,3.52623307769881,NA,81.6834499747301,99.0916257851648,-11.4446007369098,-12.2615508089182,-133.444441267049,109.33555408466,-18.2330669026612,-31.8697055630588,-18.3891283518319,0.193294976365851,-164.985907995716,0,120.209789177426,-13.8836458772655,-14.8747023378541,-161.883792141928,132.636878262641,-22.1188532437516,-38.6616987714769,-22.3081741248541,0.234489525970349,-200.147298626525,0,1.60349356041887,1.71795576052205,18.696790492246,-15.318914213771,2.55461995024546,4.46523813434567,2.57648559104215,-0.027082399551463,23.1160393545038,0,1.84058861723145,20.0314237127572,-16.4124244512815,2.73697641686962,4.78398028177801,2.7604028929662,-0.0290156228042737,24.7661318696849,0,218.005225178219,-178.619070692587,29.7869571640652,52.0648314135045,30.0419112936269,-0.315781717457431,269.533820085172,0,146.348659253471,-24.4054636904033,-42.658481214126,-24.614356250911,0.258730665138162,-220.838195160133,0,4.06991537183808,7.11383363311825,4.10475081089624,-0.043146564415646,36.8275225815368,0,12.4343197182572,7.17472274145478,-0.0754161826600597,64.3710851035802,0,4.13988441532234,-0.0435158668158065,37.1427386981738,0,0.000457411481760793,-0.390421158712032,0,333.241921657225,0,0
"4FGL J1736.0+2033",1,264.018585205078,20.5559005737305,44.0789566040039,25.4180450439453,17.0219306945801,5.31577504236935e-10,5.26138924095143e-11,5.89921644519875e-12,6.20889461806079e-13,"LogParabola",1.91412484645844,0.0635063052177429,2549.89306640625,1.74362730979919,0.10603441298008,0.147293701767921,0.055953923612833,0,"bll","NVSS J173605+203301",0.999871790409088,0.908693611621857,"bzcat",264.021922908,20.5503313194,3.3000000598804e-07,"RFC J1736+2033",NA,"HSP",1202264425365504000,2.58838566899455e-12,50.0210494995117,0.672548830509186,0.19304858148098,63.660701751709,18.294504,"BLL",0,-9.27443340619523,-11.229205669057,1.23100881793706,1.69915279949095,18.0799999966579,-11.5869710133831,3.40652196802475,NA,86.0151150059501,104.144520182139,-11.4169093043964,-15.758679485829,-167.681755953014,107.462591043136,-17.7524234196225,-31.5935611391867,-16.1711553699559,-1.36606562819856,-169.671159047372,0,126.095059957982,-13.823251197038,-19.0801362486378,-203.024038459021,130.112480590681,-21.494101577134,-38.2525357951107,-19.5795496719197,-1.65399127090873,-205.432748029386,0,1.5153827098388,2.0916720791958,22.2566394241879,-14.2636634906557,2.35630456462276,4.19345858113477,2.14642059355868,0.181319845702902,22.5206957437848,0,2.88712023601793,30.7206826091176,-19.6880342350104,3.25239059143504,5.78820133849667,2.96268922471417,0.250274505706348,31.0851576868984,0,326.88639987915,-209.492435883242,34.6073772175714,61.5899171705025,31.524781755342,2.66307012747174,330.764632258858,0,134.25789726498,-22.1789091119103,-39.4712712999555,-20.2033590967864,-1.7066878528388,-211.977887552221,0,3.66387392782955,6.52050833900268,3.33752035665012,0.281938534280817,35.0179646600333,0,11.6043919186352,5.93970473487884,0.501759230824109,62.3206297701167,0,3.04023619547756,0.256825320963964,31.8987967936305,0,0.0216954345804973,2.69466521616804,0,334.688876606016,0,0
"4FGL J1740.6+5346",1,265.159088134766,53.7700996398926,81.4124069213867,31.8533554077148,14.0750579833984,3.2177283060264e-10,3.30774227452757e-11,2.89105631795517e-12,3.86642269849941e-13,"PowerLaw",2.16527128219604,0.078513465821743,1971.99780273438,2.09381079673767,0.108492769300938,0.115321084856987,0.0638092160224915,0,"bll","87GB 173932.3+534742",0.998155832290649,0.893741846084595,"rfc",265.152202383,53.7732952806,3.70000009297655e-07,"RFC J1740+5346",NA,"LSP",89125092851712,5.25519677687519e-13,34.967227935791,0.608788669109344,0.187087938189507,31.8152008056641,18.86799,"BLL",0,-9.49245062902969,-11.5389434481637,1.14845019264012,1.54366120451662,13.9499999953139,-12.2794110175023,3.29490642670009,NA,90.1066189445662,109.53285099286,-10.901606753536,-14.6531277718225,-132.419686230482,116.561702837204,-20.5537307447017,-31.2767365827232,-19.8753956145617,-1.09467970449109,-179.103463544026,0,133.14721589992,-13.2519018259071,-17.8122193420415,-160.968261047811,141.691429307717,-24.984942875193,-38.0197389246835,-24.1603643747106,-1.33068347654566,-217.716669590518,0,1.31893784497513,1.77281800769819,16.0208801819479,-14.1022919485577,2.48670622115616,3.78403592047489,2.40463741286534,0.132440522119474,21.6689467502319,0,2.3828899143297,21.5340737957731,-18.9552504020323,3.34244527557999,5.08621922340941,3.23213449652198,0.1780166847565,29.1257841702075,0,194.602499869258,-171.297783636615,30.2055343764881,45.963944637026,29.2086606046787,1.60872913321456,263.208460411583,0,150.783934936757,-26.5882560384794,-40.4595102776602,-25.7107633660258,-1.4160749999432,-231.687804284123,0,4.68839972550288,7.13436626325688,4.53366838852809,0.249701433272527,40.8543168997621,0,10.8564083607096,6.89891065046498,0.379972183629313,62.168261509913,0,4.38404365253524,0.24146053256506,39.5060011747384,0,0.0132989526125924,2.17587707587078,0,356.0010466401,0,0
"4FGL J1741.2+5739",1,265.322601318359,57.6586990356445,85.993049621582,31.9184074401855,6.12925624847412,1.34329686263257e-10,2.59353961917785e-11,1.90317770223936e-12,3.92145544552205e-13,"PowerLaw",2.37818288803101,0.159123420715332,1395.6533203125,2.42469120025635,0.136865854263306,-0.0484432503581047,0.0535207726061344,4,"bll","NVSS J174111+573812",-Inf,0,"rfc",265.298766446,57.6368810194,1.99999999495049e-06,"RFC J1741+5738",NA,"ISP",164058976223232,1.58297474520813e-13,26.743200302124,0.773600459098816,0.284442216157913,-Inf,18.830746,"BLL",0,-9.87182799957541,-11.720520659165,0.787407778469414,1.42721337713643,14.2149999970968,-12.80052601382,3.14477755311997,NA,97.4529880532011,115.702964012747,-7.77315415457783,-14.089204977784,-140.328034985305,126.364591112522,-23.4770124221756,-31.044703101326,-23.9361344810147,0.478223435275579,-185.893885615693,0,137.370604521914,-9.22882913473799,-16.7276838717642,-166.607201136003,150.028829593156,-27.8735416704401,-36.858430279821,-28.4186433047001,0.567780116619268,-220.706147520489,0,0.620011009594138,1.12379891469283,11.1930015686567,-10.079233751782,1.87259970465847,2.47622230688268,1.90922071146819,-0.0381445921463129,14.8274758747818,0,2.03693802387717,20.2878381518509,-18.2690819613068,3.39417443107481,4.48826859193119,3.46055171643085,-0.0691388549430562,26.8754925926583,0,202.066224917462,-181.959477249289,33.8058697464565,44.7030129084705,34.4669854046046,-0.688620803699818,267.679054335331,0,163.853466230483,-30.4419919238625,-40.2548068763894,-31.0373227843618,0.620099086402914,-241.043454032637,0,5.65575384892351,7.47885616349394,5.76635912120902,-0.115206909042247,44.7829579060584,0,9.88962585860723,7.62511445981369,-0.152343246326339,59.2185073293037,0,5.87912741660058,-0.117459922855112,45.6587441204625,0,0.00234674850525801,-0.912222542907879,0,354.596994916516,0,0
"4FGL J1745.4-0753",1,266.363586425781,-7.88940000534058,18.1617107391357,10.8202266693115,22.3274211883545,1.4556973404467e-09,9.61936363896854e-11,1.67553384361474e-11,1.18183739704347e-12,"PowerLaw",2.07530570030212,0.0485505424439907,2845.69677734375,2.06733202934265,0.0518374964594841,0.0108541194349527,0.0229963157325983,0,"bll","TXS 1742-078",0.999967694282532,0.995879888534546,"bzcat",266.362937304,-7.88442998056,1.10000001996013e-07,"RFC J1745-0753",NA,"LSP",15135612600320,2.27927117284199e-12,8.34402179718018,0,10,200.332000732422,19.189213,"BLL",0,-8.83692891144976,-10.7758467955538,1.34883856506236,0.921375429932222,13.1800000033272,-11.6422040022163,3.4541886220511,NA,78.0913125860166,95.2253920929826,-11.919590512478,-8.14212917506751,-116.47072308231,102.881329140181,-18.3393289430963,-30.5244192998042,-18.2688661796642,-0.0959170818430622,-169.573711147668,0,116.118874161247,-14.5348777290466,-9.92860047413714,-142.025660801252,125.454606690466,-22.3631762803951,-37.2218073941677,-22.2772532237377,-0.116962328131693,-206.780019415249,0,1.81936547459949,1.24278671279349,17.7776922920098,-15.7034537405127,2.79925236286125,4.65914282442214,2.788497167966,0.0146404548836571,25.883150527596,0,0.848932682882787,12.1437281695723,-10.7268407179007,1.91213568185666,3.18260452670932,1.90478893734824,0.0100007189609152,17.680469377936,0,173.712400087705,-153.444248787947,27.3525291368869,45.5262060501263,27.2474361536146,0.14305729418879,252.913827403846,0,135.540914029221,-24.1611323298796,-40.2143686000533,-24.0683012259229,-0.12636587272614,-223.404732387981,0,4.30689374970647,7.16849733726137,4.29034594491195,0.0225256159351174,39.8234831232115,0,11.9314190367073,7.14095477375719,0.0374921758545973,66.2831612107151,0,4.273861719546,0.0224390687581883,39.6704746527784,0,0.000117811908708218,0.208282009764747,0,368.225895559369,0,0
"4FGL J1749.0+4321",1,267.255401611328,43.3615989685059,69.6292953491211,29.152006149292,31.7022895812988,9.93187643238969e-10,5.25174487231439e-11,1.16811950737206e-11,6.52520951768126e-13,"PowerLaw",2.08716821670532,0.0392250828444958,1562.53918457031,2.0529990196228,0.0480249561369419,0.0332386381924152,0.0227802414447069,0,"bll","B3 1747+433",0.999818027019501,0.983798384666443,"bllac",267.251501542,43.364246525,8.80000001757253e-08,"RFC J1749+4321",NA,"LSP",15135612600320,2.06448161517436e-12,31.4295749664307,0.246739760041237,0.0808086022734642,55.7070999145508,18.861607,"BLL",0,-9.00296869236608,-10.9325127233733,1.50109062867253,1.49733850793511,13.1800000033272,-11.6851889802942,3.19383091717085,NA,81.0534452757238,98.4250697774236,-13.5142719343429,-13.4804917088139,-118.65912739534,105.20139055397,-18.7907101106995,-28.753959756,-18.4830858991223,-0.299246419023198,-169.810457308713,0,119.519834446719,-16.4106923968989,-16.3696722891974,-144.090517730435,127.748477202088,-22.8179930849513,-34.9165971382733,-22.4444379030992,-0.363381834946181,-206.204758510767,0,2.25327307548849,2.2476408022119,19.7843744908984,-17.5405276725871,3.13302865055951,4.79422965932975,3.08173758902968,0.0498942083004713,28.3129815094042,0,2.24202260734534,19.7349215395667,-17.4966834326935,3.12519734341113,4.78224602011362,3.07403448883425,0.0497694929168259,28.2422104826384,0,173.712400087705,-154.010790799156,27.5088771031205,42.0946914989383,27.0585270854592,0.438085251486624,248.595980322756,0,136.543641505189,-24.3889550458653,-37.3205178382477,-23.9896815206511,-0.388399768725996,-220.40144226704,0,4.35627116482487,6.6660623798498,4.28495430268389,0.0693746292017766,39.3673466463866,0,10.2005559274764,6.55693174179274,0.106158590303591,60.2407835841261,0,4.21480497457218,0.0682388916226254,38.7228606795105,0,0.00110480706888628,0.626934130800526,0,355.760218622449,0,0
"4FGL J1754.2+3212",1,268.553192138672,32.2006988525391,57.7347946166992,25.4092922210693,60.4521179199219,2.66309574392665e-09,8.86463541460714e-11,2.33669524701829e-11,1.17243443686216e-12,"LogParabola",1.919508934021,0.0219295565038919,1403.58679199219,1.74792408943176,0.0399643145501614,0.105413019657135,0.0180118009448051,0,"bll","RX J1754.1+3212",0.999895393848419,0.961177051067352,"bzcat",268.549163492,32.2064040833,1.1999999571799e-07,"RFC J1754+3212",NA,"ISP",316227771695104,2.46637996484389e-12,373.312835693359,0.688880383968353,0.165698453783989,90.7452011108398,16.567049,"BLL",0,-8.57461321947486,-10.6313979248216,1.78141152082661,2.57207292262109,14.5000000077983,-11.6079400161737,3.14723927277228,NA,73.523991863593,91.1601251876729,-15.2749147758047,-22.0545304837601,-124.331891749253,99.5335959135542,-16.4590466805566,-26.9863594731636,-14.9877730038801,-0.903875871856833,-142.056037363088,0,113.026621835901,-18.9388947457693,-27.3447307320437,-154.15526999282,123.408629399403,-20.4070632978274,-33.4595530734683,-18.5828765371305,-1.12068775843204,-176.130890359018,0,3.17342700653378,4.58192033676338,25.8304670658778,-20.6785180778761,3.41943532939461,5.6065282993145,3.1137721104441,0.187783967662342,29.512731954699,0,6.6155591192806,37.2950573980636,-29.8564682030102,4.93711695392469,8.09492891450727,4.49578822122455,0.271129973551842,42.6116581406368,0,210.250000226151,-168.315130325041,27.8328795582734,45.6349694797412,25.3448993103914,1.5284887858505,240.222210629195,0,134.744271419087,-22.2815445666253,-36.5329646948868,-20.2897979829489,-1.22362800910376,-192.30931103701,0,3.68451454778644,6.04115390158815,3.35515590565478,0.202341232994002,31.8005985658637,0,9.90511504008019,5.50113534008436,0.331759995326452,52.1404672467427,0,3.05523862241585,0.18425395639845,28.9579440378964,0,0.0111119047132355,1.74638266189772,0,274.467112568401,0,0
"4FGL J1807.9+4650",1,271.995086669922,46.8377990722656,74.2409362792969,26.5741348266602,7.58535146713257,1.37059003035844e-10,2.87804832049821e-11,1.28727107098769e-12,3.20516454089398e-13,"PowerLaw",1.89423489570618,0.14168244600296,4714.62548828125,1.89639973640442,0.154343634843826,-0.00186280102934688,0.0667428895831108,0,"bll","RGB J1808+468",0.999095261096954,0.903099715709686,"bllac",272.004979992,46.8280461944,2.90000002678426e-07,"RFC J1808+4649",NA,"LSP",69183098322944,1.11078756869637e-12,11.1550960540771,0.199535459280014,0.534860849380493,35.9011993408203,18.31108,"BLL",0,-9.86309243155559,-11.8903299905951,0.879975708616474,1.04747331425016,13.8400000077279,-11.9543689892718,3.67344719975993,NA,97.2805923134091,117.275423738937,-8.67928175160791,-10.3313261180372,-136.50519932895,117.90704630211,-18.6830138634281,-36.2315492736712,-18.7043658873345,0.0183729787340452,-180.603874561609,0,141.379947285245,-10.4632015591576,-12.4548033627767,-164.562167161723,142.141392111779,-22.523077989647,-43.6784994081731,-22.5488186599261,0.0221493189457546,-217.724783684186,0,0.774357247755066,0.921751071964131,12.1788638140524,-10.5195543223973,1.6668806946351,3.23254430267395,1.66878570186257,-0.00163921965581102,16.1133055985329,0,1.09720034406621,14.497030677317,-12.5218825049619,1.98416050417366,3.8478379130555,1.98642811703467,-0.00195123436799859,19.1803676550998,0,191.545600213908,-165.448466903904,26.216210971212,50.8405092730655,26.2461723664924,-0.0257811662605564,253.425347341506,0,142.906937931663,-22.6443828956265,-43.9137432885374,-22.6702622001362,0.0222686108584079,-218.897406912075,0,3.588125840111,6.95837187331941,3.59222655690525,-0.00352858271354625,34.6854867140675,0,13.4942143294241,6.96632430132029,-0.00684290122496421,67.2647855505801,0,3.59633196023475,-0.00353261538102731,34.7251272852803,0,3.4700276749358e-06,-0.0341098986724531,0,335.2956507664,0,0
"4FGL J1808.2+3500",1,272.065704345703,35.0103988647461,61.6420249938965,23.460823059082,11.4489049911499,3.71609798488493e-10,4.37420551169243e-11,2.85053426175852e-12,5.84251559892363e-13,"PowerLaw",2.26025605201721,0.0870399177074432,1887.712890625,2.24962401390076,0.106322340667248,0.0639567971229553,0.0604220330715179,0,"bll","MG2 J180813+3501",0.998685657978058,0.905523061752319,"crates",272.048043054,35.0218547056,2.69999986812763e-07,"RFC J1808+3501",NA,"ISP",562341309579264,3.15154846664001e-12,25.426477432251,0.584654808044434,0.198535487055779,115.063003540039,17.39116,"BLL",0,-9.42991284318921,-11.5450737346622,1.05876395138837,1.40528619746625,14.7499999879436,-11.5014760096133,3.27593594149856,NA,88.9232562301448,108.869039086057,-9.98405178310295,-13.2517263618435,-139.09121432335,108.457916338685,-21.3140175738132,-30.8917904082024,-21.2137583810296,-0.603107022599003,-163.997123041958,0,133.288727538787,-12.223507886381,-16.2241327680509,-170.289837447075,132.785388588434,-26.0948227797552,-37.8209219946309,-25.972075115751,-0.73838593861735,-200.782224531308,0,1.12098110475951,1.4878663672609,15.6167682702136,-12.1773481867367,2.39307762878322,3.4684428819162,2.38182081009573,0.0677151512400445,18.4131332808274,0,1.97482929678915,20.7279713956845,-16.1628654867988,3.17630663263934,4.60362756237153,3.16136557622336,0.0898776042310382,24.4395571059271,0,217.562499644336,-169.64677100313,33.3387767400033,48.3200550976078,33.1819541779138,0.943362756792502,256.519609790325,0,132.28395039971,-25.9962807578592,-37.6780986401756,-25.8739966265296,-0.735597567761375,-200.024009519346,0,5.10875742068043,7.40445403779282,5.08472629218244,0.144558737764797,39.3084746415996,0,10.7317562928021,7.36962416199576,0.209518370398221,56.9723261083521,0,5.06080820391897,0.143878746659979,39.1235711655903,0,0.00409047189822686,1.11228289185286,0,302.4524461456,0,0
"4FGL J1810.7+5335",1,272.677886962891,53.5932006835938,81.7809829711914,27.4102840423584,13.8354015350342,3.2113034453829e-10,3.53434226330052e-11,3.40618505623169e-12,4.28345645628672e-13,"PowerLaw",2.04566478729248,0.087645061314106,2778.56494140625,1.92001008987427,0.141078591346741,0.102517575025558,0.0726333856582642,0,"bll","2MASS J18103800+5335016",0.996923625469208,0.850456595420837,"rfc",272.658289433,53.5837668889,2.00000002337219e-07,"RFC J1810+5335",NA,"HSP",999999986991104,1.40825729983557e-12,9.61867427825928,0.140648037195206,0.234394237399101,19.6457996368408,17.91046,"BLL",0,-9.49331865474842,-11.4677317607431,1.14099176788023,0.983115218263159,14.9999999943503,-11.85131798888,3.44382055169357,NA,90.1230990805943,108.866831851913,-10.8317984349318,-9.33302604130471,-142.399779767592,112.50833814719,-19.4201476865657,-32.6932858869986,-18.2272676035086,-0.9732320074297,-170.029704033125,0,131.508871736356,-13.0845875352665,-11.2741016129463,-172.015976346357,135.907735707745,-23.4591350530678,-39.4928103189562,-22.0181606885984,-1.17564405115496,-205.392350991519,0,1.30186221437045,1.12172637091604,17.1148765117572,-13.522256263843,2.33408668214318,3.92937089953912,2.19071570679352,0.116971709167206,20.4356874189481,0,0.966515532380619,14.7467282683931,-11.6512110713439,2.01112418385231,3.38567239333738,1.88759113857421,0.100786588147061,17.6080457920936,0,224.999999830509,-177.769769766244,30.6849717978298,51.657308255947,28.8001513372666,1.53776362480418,268.656899898811,0,140.453738073551,-24.2438238928577,-40.8138124547607,-22.754650116958,-1.21496838107675,-212.262556787116,0,4.18474442196839,7.0449024363537,3.92769703210206,0.209716593308399,36.6387973462105,0,11.859899992267,6.61217020696803,0.353052131782804,61.6804102382856,0,3.686438745219,0.196834778438514,34.3882639142895,0,0.0105098531891209,1.83613692679226,0,320.7845774116,0,0
"4FGL J1811.0+1608",1,272.75,16.1478004455566,43.1608276367188,16.0736331939697,9.11847591400146,3.28845783936771e-10,4.99870596304408e-11,4.5916690588621e-12,6.67848155250228e-13,"PowerLaw",2.06849265098572,0.104855887591839,3085.10375976562,1.96142315864563,0.158823117613792,0.130827575922012,0.0865858718752861,0,"bll","87GB 180835.5+160714",0.994281530380249,0,"bzcat",272.709045108,16.1391026972,2.3999999143598e-07,"RFC J1810+1608",NA,"ISP",310813596319744,1.33785788437174e-12,41.5525512695312,1.03350174427032,0.303885757923126,10.5560998916626,18.924767,"BLL",0,-9.48300772176803,-11.3380294209344,0.959922255274462,1.61859769402299,14.4925000084477,-11.873590017593,3.48926977502594,NA,89.9274354511121,107.518620548354,-9.10295015906471,-15.3491744308559,-137.432489487833,112.597345821942,-19.615531781718,-33.0887722199028,-18.6001909590912,-1.24063891268863,-179.463711593661,0,128.550911149974,-10.8836267721116,-18.3517082754892,-164.316391478672,134.623112951582,-23.4526305338627,-39.5614433668213,-22.2386734796262,-1.4833269048733,-214.569565030328,0,0.921450736171209,1.55372794882859,13.9116732926743,-11.3977233078922,1.98559213055286,3.34942771170391,1.88281374199467,0.125584301731149,18.1663050191837,0,2.61985849509654,23.4575270943016,-19.2185654222504,3.34805743498899,5.6477240116811,3.17475500158711,0.211757212701986,30.6315842261224,0,210.032556494857,-172.078003430271,29.9776297618846,50.5682422440397,28.4259251432413,1.89601864515495,274.267185907371,0,140.982139905884,-24.5604336922085,-41.430158769437,-23.2891344367705,-1.55339299949349,-224.704924536473,0,4.27866184718193,7.21752888694775,4.05718938913168,0.270615879340958,39.1457414611171,0,12.1750035629096,6.84393454349811,0.456492706404588,66.0336174925083,0,3.8471808072714,0.256608237202904,37.1194762657726,0,0.0171158546216298,2.47588139149889,0,358.146806004289,0,0
"4FGL J1811.3+0340",1,272.825988769531,3.6793999671936,31.6397457122803,10.6028022766113,26.0629119873047,1.18928455972167e-09,8.19272150121009e-11,1.05304636538461e-11,1.00980400256911e-12,"LogParabola",1.87331748008728,0.0438445061445236,2887.6767578125,1.73093771934509,0.0682756379246712,0.100155711174011,0.0312932021915913,0,"bll","NVSS J181118+034113",0.999967515468597,0.970147550106049,"whsp2",272.825118183,3.68709727778,2.79999994745594e-07,"RFC J1811+0341",NA,"HSP",10715192857985024,5.1344982952839e-12,35.823657989502,0.377726376056671,0.118566401302814,99.3721008300781,16.709093,"BLL",0,-8.92471421945119,-10.9775525065093,1.41602293744585,1.55416993002066,16.0299999921212,-11.2895019859975,3.46054857734803,NA,79.6505238988743,97.9715189496156,-12.637600044892,-13.8705224738988,-143.063168867487,100.755578904954,-16.7188231520814,-30.8844070953595,-15.4481244768235,-0.893861099673942,-149.123879891232,0,120.506659033169,-15.5444661462334,-17.0609820108397,-175.970166592854,123.931100823629,-20.5644409990198,-37.9883537091641,-19.0014596996082,-1.09946457823949,-183.424945743647,0,2.00512095937277,2.20074026959787,22.6988476761004,-15.9861937645129,2.65266052092185,4.90021616167041,2.45104751388285,0.141822784338601,23.6604589519159,0,2.41544417138042,24.9133439659862,-17.5458045115458,2.91145369693373,5.37828054029008,2.69017135414468,0.155658994626482,25.9687698985187,0,256.960899747406,-180.970716746592,30.0292791910396,55.472593667624,27.7469316274641,1.60549604933029,267.846760658352,0,127.452855091841,-21.1488214118492,-39.0678700366114,-19.5414248201844,-1.13070810020799,-188.637338607717,0,3.50931838120056,6.48270614063723,3.24259588659157,0.187623444472848,31.301435993304,0,11.9753964561855,5.9899940621577,0.346593703816504,57.8226280099259,0,2.99614538825158,0.173363298278928,28.922399329745,0,0.0100311664807719,1.67351109248769,0,279.193788882649,0,0
"4FGL J1813.6+0614",1,273.408386230469,6.24079990386963,34.2356796264648,11.2355871200562,21.6370697021484,1.09943898429776e-09,8.04613042859614e-11,9.21292816341568e-12,9.52799254425041e-13,"LogParabola",2.04411602020264,0.0493156313896179,2007.42858886719,1.87149107456207,0.0882227942347527,0.167781606316566,0.0497190728783607,0,"bll","TXS 1811+062",0.998783111572266,0,"bllac",273.389214987,6.26167604167,2.00000002337219e-07,"RFC J1813+0615",NA,"LSP",14962356387840,2.2353627195798e-12,23.580078125,0.293729156255722,0.111118800938129,60.021900177002,17.707,"BLL",0,-8.95882886772937,-11.0356023151776,1.33519844412594,1.37254523965645,13.1749999949755,-11.6506519963214,3.30264010487847,NA,80.2606146812611,98.8660725939941,-11.9618143653828,-12.2963979152987,-118.032570287321,104.376197432513,-18.3128856107795,-29.587787511306,-16.7663682644845,-1.50312669814286,-158.633982760884,0,121.784518458753,-14.7347190412178,-15.1468634244387,-145.394060447016,128.571962143933,-22.5580514850399,-36.4466227875952,-20.6530312352714,-1.85157108311131,-195.40741019485,0,1.78275488519633,1.83262026848176,17.5912394946506,-15.5559324185411,2.72930052978747,4.40967992954166,2.49881197095086,0.22402173970683,23.642358850138,0,1.88388043490358,18.0832835255774,-15.9910469364449,2.80564171283462,4.53302295424942,2.5687061654497,0.230287845051715,24.3036585585968,0,173.580624867604,-153.497339992996,26.9312285558991,43.5122833651797,24.656894897952,2.21052266237774,233.289724911031,0,135.737691939388,-23.8152843914864,-38.4779105310335,-21.8040912239443,-1.95476510657811,-206.298094898863,0,4.17841030404908,6.75097954734581,3.82554488717858,0.342965069367025,36.1951623697281,0,10.9074316623517,6.1808614787708,0.554122261882022,58.4798483370831,0,3.50247884216549,0.31400177869714,33.1384924572706,0,0.0281506674181671,2.97090890304743,0,313.537849,0,0
"4FGL J1819.1+2133",1,274.776489257812,21.551399230957,49.1182060241699,16.4924621582031,9.97312450408936,3.35689920305526e-10,4.59838937760804e-11,3.75143839603798e-12,5.96024531812622e-13,"PowerLaw",2.07512998580933,0.107161097228527,2926.224609375,2.0568675994873,0.131153643131256,0.0138775538653135,0.0561389289796352,0,"bll","MG2 J181902+2132",0.999475002288818,0.902352154254913,"bzcat",274.771738254,21.5427272389,2.09999996059196e-07,"RFC J1819+2132",NA,"ISP",179887088336896,1.11034261212478e-12,4.76662874221802,0,10,10.6698999404907,18.512009,"BLL",0,-9.47406169903024,-11.4258021808893,0.998831240789155,0.678211327407435,14.2549999923323,-11.954542992748,3.46630765838134,NA,89.7578450770318,108.24875482266,-9.46298880215538,-6.42541596083924,-135.052749447032,113.258077897004,-19.6599095190653,-32.8400126233259,-19.4868905442789,-0.131476801551596,-175.383915439003,0,130.548955476815,-11.4124481693491,-7.7491084637957,-162.874810000967,136.590243398075,-23.710024717489,-39.6053456027668,-23.5013623040225,-0.158562185219708,-211.514552804842,0,0.997663847576403,0.677418661671628,14.2383393297907,-11.9405710105138,2.07270465852471,3.46225637937798,2.05446361653491,0.0138613343464094,18.49037291897,0,0.459970604623755,9.66790246699266,-8.10770647166087,1.40737666221872,2.35088911819337,1.39499090494963,0.00941191422816245,12.5550541968684,0,203.205024781394,-170.412010269959,29.5809779318005,49.4122156436474,29.32064761492,0.197824530243635,263.888688153055,0,142.91109816546,-24.8072306308982,-41.4381239282114,-24.5889121484613,-0.165899814317066,-221.302607472638,0,4.30616445800503,7.19303896194764,4.26826763253575,0.0287977281555962,38.4148249734722,0,12.0152887825531,7.12973591237927,0.0481038712429358,64.1683185687243,0,4.23070432182065,0.0285442909057031,38.0767515135173,0,0.000192586501284678,0.256901402052668,0,342.694477216081,0,0
"4FGL J1820.3+3624",1,275.096313476562,36.4015998840332,63.8999061584473,21.5529460906982,11.5630855560303,2.35452407570946e-10,3.48310720543754e-11,2.86006006204598e-12,4.58793105503202e-13,"PowerLaw",1.82213521003723,0.0998097062110901,4698.19287109375,1.7630695104599,0.141110748052597,0.0452062264084816,0.0621523559093475,0,"bll","NVSS J182021+362343",0.999114990234375,0.932679653167725,"rfc",275.087442075,36.3953341056,2.90000002678426e-07,"RFC J1820+3623",NA,"HSP",7328245535997952,9.95772258052807e-13,11.7929782867432,0.299902230501175,0.226040035486221,55.7881011962891,18.745832,"BLL",0,-9.62809686440822,-11.5436248464719,1.06307373902827,1.07162349891656,15.8650000121258,-12.0018399772194,3.67193084154597,NA,92.7002492304274,111.143138188221,-10.2353769333728,-10.3176948497447,-152.749756870585,115.554877851795,-17.5436943022873,-35.3537058218126,-16.9750040253927,-0.43524992673523,-180.486686299923,0,133.255274596083,-12.2717244274785,-12.3704196481564,-183.139608329252,138.54473816441,-21.0340452842171,-42.3873920969965,-20.352213007002,-0.521843718384182,-216.394852042988,0,1.13012577461155,1.13921479982378,16.8656648825741,-12.7588408998016,1.93706409074934,3.9035332491755,1.87427289665135,0.0480575521354231,19.9282017154358,0,1.14837692343017,17.0013068233055,-12.8614537498245,1.95264290927916,3.93492737619712,1.88934671763214,0.0484440545166712,20.088474077942,0,251.698225384752,-190.409191384118,28.9081751293355,58.2551828456519,27.9710978048249,0.717196782518722,297.402624907308,0,144.044162838782,-21.8689752077239,-44.0699263676513,-21.1600781332543,-0.542557895328546,-224.984475903839,0,3.32017672365742,6.69075447520255,3.21255103275209,0.0823718568518092,34.1574405286426,0,13.4830761050965,6.47386931124706,0.165994136979213,68.8333986712394,0,3.10841409871331,0.079701719463741,33.0502048474035,0,0.0020436029060949,0.847428325607359,0,351.406217372224,0,0
"4FGL J1823.5+6858",1,275.888397216797,68.9675979614258,99.2134399414062,27.6695671081543,21.5181751251221,6.77448042107898e-10,4.95015209378558e-11,4.46214462948569e-12,5.09376395230188e-13,"LogParabola",2.21147871017456,0.056762021034956,1580.67749023438,1.97003483772278,0.0976831614971161,0.264554053544998,0.0692450925707817,4,"bll","7C 1823+6856",0.999481558799744,0.971475839614868,"bzcat",275.88689125,68.9646145889,6.79999985209179e-08,"RFC J1823+6857",NA,"ISP",112201843081216,9.7668607142859e-13,5.61843824386597,0,10,16.3938999176025,20.038305,"BLL",0,-9.16912400804195,-11.3504563572325,1.33280543768698,0.749615611595656,14.0499999909079,-12.0102450057335,3.1988432687308,NA,84.0728350748513,104.073741887333,-12.2206583367445,-6.87331850108478,-128.826192229623,110.123425824537,-20.2773225347352,-29.330590613283,-18.063493727243,-2.42572892378426,-183.733703455967,0,128.83285951744,-15.1279499531482,-8.50847928411664,-159.473911715917,136.321761777248,-25.1012925847852,-36.3083309153559,-22.3607944478,-3.00280923889145,-227.443906375414,0,1.77637033472798,0.999091763309742,18.7259163873841,-16.0073198515945,2.94747085024964,4.2634357028728,2.62567314414971,0.352599081126906,26.7071618660302,0,0.561923565147929,10.5320993361034,-9.00306715538659,1.65775896585828,2.39790285328829,1.47676886974431,0.198313848648244,15.0210262579153,0,197.402499744512,-168.743942221357,31.0712758578456,44.9437478965835,27.6789894520933,3.71698444990187,281.53818506781,0,144.245985097746,-26.56040113416,-38.4188913923983,-23.660601070881,-3.17735900033537,-240.664952549615,0,4.89063808555534,7.07417378598336,4.35669010192612,0.585055657105144,44.3142848954844,0,10.2325982579043,6.30183267981469,0.846266953397865,64.0993970660247,0,3.88103726184142,0.521180701944424,39.4761589389146,0,0.0699888472470897,5.301214813921,0,401.533667273025,0,0
"4FGL J1829.3+5402",1,277.330596923828,54.0463981628418,82.8583068847656,24.8005542755127,20.4121170043945,4.40486619401881e-10,3.72452936547862e-11,5.4983066710701e-12,5.22115120235589e-13,"PowerLaw",1.85845649242401,0.0592298544943333,3308.92724609375,1.72896599769592,0.0904891416430473,0.116234086453915,0.047103326767683,0,"bll","RX J1829.3+5403",0.999603807926178,0.94400942325592,"bzcat",277.351176117,54.0499271389,1.89999994404388e-07,"RFC J1829+5402",NA,"HSP",1412537568460800,1.35118554799724e-12,20.6572666168213,0.30923143029213,0.129036962985992,66.4310989379883,17.949081,"BLL",0,-9.35606727955202,-11.2597710408041,1.30988804908883,1.31507285485221,15.1500000073292,-11.8692850085367,3.51968721836343,NA,87.5359949395039,105.347175410115,-12.2554007159562,-12.3039101075098,-141.744419353786,111.049829100048,-17.3878439792393,-32.9304304179876,-16.1763221985008,-1.08749393304009,-167.932809442129,0,126.782443891331,-14.7490395218258,-14.8074192476125,-170.585531350707,133.645431614172,-20.9257945939902,-39.6308722140169,-19.4677612713915,-1.30876920060811,-202.102542452847,0,1.71580670114574,1.72259821625204,19.8448039532962,-15.5474345839114,2.43436994917776,4.61039622386496,2.26475189766283,0.152253640742741,23.5112866940274,0,1.72941661356914,19.9233537606494,-15.6089745212309,2.44400568511067,4.62864511844003,2.27371625053237,0.152856291904089,23.6043491926436,0,229.522500222075,-179.819667966323,28.1556158738448,53.3232613840025,26.1938348777651,1.76094641062872,271.928577281552,0,140.879926613874,-22.058549784546,-41.7761707356593,-20.5215901967219,-1.37961549982841,-213.042758030311,0,3.45386053423295,6.54118556226932,3.21320808359834,0.216015992611252,33.3575861174944,0,12.3881981151109,6.0854195230753,0.409107628429994,63.1751509770699,0,2.98932342118865,0.200964783252067,31.0333507388899,0,0.0135103628537762,2.08629503272232,0,322.169508744561,0,0
"4FGL J1830.0+1324",1,277.511993408203,13.413800239563,42.6076889038086,10.7462949752808,11.5085611343384,5.01554964227324e-10,5.95446886242357e-11,5.7691317001396e-12,7.35468381075216e-13,"PowerLaw",2.0821168422699,0.0879577547311783,2812.6337890625,2.01285433769226,0.127210021018982,0.068700984120369,0.0604922287166119,0,"bll","MG1 J183001+1323",0.9997518658638,0.931115806102753,"bzcat",277.503177804,13.4039817944,2.79999994745594e-07,"RFC J1830+1324",NA,"ISP",245470886625280,2.47203711493948e-12,24.2383155822754,0.456032425165176,0.174335509538651,55.8032989501953,19.40205,"BLL",0,-9.29968146672608,-11.2388895466735,1.06102102906166,1.3845024356782,14.3899999912543,-11.6069450130766,3.44911318977529,NA,86.4840753825685,104.518092823781,-9.86715759977135,-12.8754316417137,-133.822416224856,107.940891423417,-19.3630234096156,-32.0756540075937,-18.7189041794559,-0.638897268770038,-180.432884801493,0,126.312638242327,-11.9246981523219,-15.5602699516877,-161.72762047834,130.449172976281,-23.40068121354,-38.7642021738592,-22.6222475748659,-0.772122772276597,-218.057496929037,0,1.12576562411106,1.46898619904166,15.2680925989179,-12.3152127420366,2.20916975461182,3.65958162596552,2.13568078072947,0.0728931888689427,20.5859830569058,0,1.91684699439887,19.9229900373009,-16.0698436413875,2.88269583948928,4.77530561217369,2.78680173320036,0.0951166798481402,26.8621854821502,0,207.072099748299,-167.023938636661,29.9616613420543,49.6327387707015,28.9649739017878,0.988607160891272,279.195499330315,0,134.721172536584,-24.1670156990274,-40.033667137599,-23.3630896169268,-0.797408545029372,-225.198527490963,0,4.33521054486398,7.18145666332639,4.19099791754508,0.143043476117537,40.3973350795627,0,11.8963817958819,6.94256244523078,0.236957470480107,66.9198665636797,0,4.05158258476655,0.138285073890412,39.0535005026221,0,0.00471982521910719,1.33293992895261,0,376.4395442025,0,0
"4FGL J1832.6-5658",1,278.156890869141,-56.9776000976562,338.249664306641,-20.0329170227051,23.1116485595703,8.38676184056197e-10,5.43372430383826e-11,1.00507024577978e-11,6.88030849741589e-13,"PowerLaw",2.13161277770996,0.0524182617664337,2019.99792480469,2.07234907150269,0.0687984004616737,0.059949453920126,0.0353727973997593,0,"bll","PMN J1832-5659",0.999393105506897,0.944383323192596,"bzcat",278.129073496,-56.9890909972,5.39999973625527e-07,"RFC J1832-5659",NA,"ISP",112979592871936,1.86197129763144e-12,17.3934154510498,0.214537903666496,0.0987464040517807,41.4257011413574,18.061167,"BLL",0,-9.07640568949695,-10.9978035837277,1.36383092491611,1.24038487043858,14.0530000053995,-11.7300270179714,3.30535092328507,NA,82.3811402403326,99.820527019316,-12.3786827664205,-11.2582362952147,-127.550729203509,106.466483963869,-19.3473823434111,-30.0007059258886,-18.8094809032107,-0.544125564642867,-163.930478917755,0,120.951683666254,-14.9991446336411,-13.641509173311,-154.552133821508,129.004533175469,-23.4430586458184,-36.3516002295822,-22.7912880453071,-0.65931231916528,-198.633167158904,0,1.86003479175753,1.6916752451022,19.1659159952101,-15.9977735972109,2.90715942618717,4.5079398068762,2.82633375093656,0.0817609191881012,24.6323780946743,0,1.53855462681293,17.4311285909708,-14.5497480429275,2.64402023910499,4.09990727673299,2.57051043455938,0.0743603956335791,22.4027982892646,0,197.486809151758,-164.842069746888,29.9555543766677,46.4500965427723,29.122721513017,0.842469676263228,253.813579948521,0,137.593533842339,-25.0038754743909,-38.7718556340106,-24.3087105993945,-0.70320871419571,-211.857976886093,0,4.54377303409637,7.04572826288987,4.41744576069051,0.127789021992875,38.4994143575535,0,10.9253447260615,6.84984091686037,0.198153982865324,59.6984950190558,0,4.29463067415806,0.124236195168466,37.429042662705,0,0.00359393702532131,1.0827570988102,0,326.205753401889,0,0
"4FGL J1834.7-5858",2,278.687408447266,-58.9818000793457,336.319091796875,-20.9414749145508,6.61132192611694,2.12123749121496e-10,3.66852208333324e-11,1.04187242166986e-10,7.2388180519245e-12,"PowerLaw",2.39434361457825,0.137944385409355,1666.07189941406,2.19645428657532,0.253346979618073,0.259279787540436,0.170893311500549,0,"bll","PKS 1830-589",0.999585211277008,0.890022397041321,"bllac",278.614471435547,-58.9434089660645,2.4e-07,"",NA,"LSP",8035261480960,1.47532604622552e-12,23.2103652954102,0.77810925245285,0.307643830776215,-Inf,19.39453,"BLL",0,-9.67341070567007,-9.98218545757867,0.820288304843947,1.36568197563612,12.9050000140042,-11.8311119902427,3.22169373947473,NA,93.5748746805723,96.5617796713256,-7.93498566981339,-13.2108026436591,-124.835365292141,114.447205386395,-23.161469154314,-31.1647667098251,-21.2472044102726,-2.50811987255751,-187.611254133439,0,99.6440265094951,-8.18826998763511,-13.6324907568722,-128.820103469845,118.100354055985,-23.9007820098894,-32.1595443949569,-21.9254140376885,-2.58817892463023,-193.599795322573,0,0.672872903063756,1.12025295275049,10.5858205854986,-9.70492279889508,1.96405206481632,2.64271769628008,1.80172576340209,0.212684177401843,15.9091061369451,0,1.86508725857738,17.6241259147094,-16.1575363968068,3.26991191790895,4.39980907102037,2.99965802948461,0.354093732490736,26.486760046934,0,166.539025361448,-152.680500399767,30.8990043796632,41.5759577530386,28.3452425990141,3.34600566184033,250.286409921605,0,139.975210925665,-28.3277474471978,-38.1162194299893,-25.9864966459212,-3.06756820319723,-229.458856428122,0,5.73288134467164,7.71384183323804,5.25906629577464,0.620804903686648,46.4371690632463,0,10.3793105509707,7.07630302410214,0.835320068291361,62.4832358810548,0,4.8244114330151,0.569496200765529,42.5991985546136,0,0.0672260082270136,5.02860961784661,0,376.1477939209,0,0
"4FGL J1836.4+3137",1,279.105285644531,31.6180000305176,60.3688087463379,16.7785873413086,11.739203453064,5.03464214762772e-10,5.40945031823892e-11,5.72128195513999e-12,8.25559889547356e-13,"PowerLaw",2.36942362785339,0.0787005200982094,1683.982421875,2.36722946166992,0.0880105942487717,0.0293964613229036,0.0445054769515991,16,"bll","RX J1836.2+3136",0.999300241470337,0.869607150554657,"bzcat",279.088500562,31.6074250917,2.20000003992027e-07,"RFC J1836+3136",NA,"ISP",630957338001408,2.15429410421741e-12,23.2026329040527,0.380215466022491,0.155974760651588,61.3222999572754,17.852722,"BLL",0,-9.29803139280326,-11.2425066488881,1.0696386294776,1.36553726897808,14.7999999955406,-11.6666950071106,3.22633755383671,NA,86.4533877815549,104.533179755161,-9.94553355583778,-12.696808395001,-137.610864572025,108.477296426375,-22.0309752746306,-29.9985878593538,-22.0105738485757,-0.273329220217685,-165.995169602989,0,126.393955750293,-12.0254194038095,-15.3520618257906,-166.389098353409,131.162896187991,-26.6382608901743,-36.2721214005666,-26.6135929622679,-0.330489911876526,-200.709345785751,0,1.14412679767072,1.4606314128903,15.8306517114985,-12.4791476579389,2.53442704194894,3.45101527931801,2.53208007703961,0.0314435906009219,19.0959610925246,0,1.86469203296811,20.2099515747861,-15.93130683801,3.23553626983105,4.4056841720676,3.23254005413319,0.0401419635124975,24.3785572437049,0,219.039999868002,-172.66708605321,35.067469681664,47.7497957823958,35.0349960221584,0.435067627447883,264.220285520388,0,136.111772388939,-27.643342808807,-37.6406962306002,-27.6177441411496,-0.342959548542639,-208.282262620734,0,5.61416832822992,7.64456043149141,5.60896941903137,0.0696526700337661,42.300661328298,0,10.409254011297,7.63748131073432,0.0948429071159922,57.5989074268068,0,5.60377532419806,0.0695881693124177,42.2614894894027,0,0.000864151938308967,0.52480685178155,0,318.719682809284,0,0
"4FGL J1841.3+2909",1,280.344085693359,29.1527004241943,58.4275169372559,14.8470125198364,13.4743595123291,3.55999896228809e-10,5.08425281042779e-11,4.63806597295058e-12,6.58054285975623e-13,"PowerLaw",1.74195337295532,0.0823785439133644,7368.5986328125,1.582195520401,0.159309297800064,0.154439106583595,0.0866817310452461,0,"bll","MG3 J184126+2910",0.999711632728577,0.991663455963135,"whsp2",280.340500412,29.1613969722,5.20000014603283e-07,"RFC J1841+2909",NA,"HSP",16500610442461184,1.13876469018392e-11,8.21467685699463,0,10,58.4630012512207,17.506475,"BLL",0,-9.44855012862056,-11.3336630781464,1.12950813067717,0.914590484145476,16.2175000112981,-10.9435660075385,3.86738490116901,NA,89.2750995330556,107.086683734762,-10.6722141933877,-8.64155403660788,-153.231861817655,103.400832008095,-16.458933766088,-36.5411801053657,-14.9494536877877,-1.45922564037447,-165.410806612943,0,128.451918768939,-12.801464597122,-10.3656604017836,-183.803681097888,124.030690002897,-19.7427126269163,-43.8316374633601,-17.9320709519774,-1.75036080010841,-198.412489335993,0,1.27578861726583,1.03303738808228,18.3177981220183,-12.360846784117,1.96755049801355,4.36824269032852,1.78710270461393,0.174440226580689,19.7737058519966,0,0.836475753689456,14.8323711869624,-10.0088813331126,1.59317397873005,3.53707342913707,1.44706096701635,0.141248537261285,16.0112554459307,0,263.007306616454,-177.477281850897,28.2501288455837,62.7193146784025,25.659255869979,2.50461621276432,283.91125851029,0,119.761636961352,-19.0631817189909,-42.3229819425008,-17.3148611143401,-1.69011455704285,-191.583264721823,0,3.03440155355042,6.73680417310783,2.75611082343732,0.269025722629499,30.495463174808,0,14.95666597379,6.11895906629607,0.597275468951427,67.7042770876927,0,2.50334266477699,0.244352862611297,27.6986663230121,0,0.023851437642339,2.70368435842804,0,306.476666925625,0,0
"4FGL J1841.8+3218",1,280.453002929688,32.3009986877441,61.4773330688477,15.9768733978271,17.7259578704834,4.81780504379969e-10,6.3662963789568e-11,6.89858717026204e-12,6.6607879151484e-13,"LogParabola",1.89767622947693,0.0685856863856316,3656.53491210938,1.55603289604187,0.18888983130455,0.24669586122036,0.104379400610924,0,"bll","RX J1841.7+3218",0.999706506729126,0.982823371887207,"bzcat",280.446009437,32.3108729806,2.60000007301642e-07,"RFC J1841+3218",NA,"HSP",7244359455997952,2.47834630422161e-12,41.090518951416,0.633464992046356,0.188260897994041,38.7071990966797,18.711878,"BLL",0,-9.31715077804358,-11.1612398436085,1.24860971277614,1.613741626205,15.8599999913222,-11.6058380088945,3.56306972436606,NA,86.8092986207981,103.990954492808,-11.633484956865,-15.0354740481572,-147.770011258919,108.133342634419,-17.6809355579458,-33.1976578546008,-14.4977931080179,-2.29850253530941,-174.341388666357,0,124.573274846554,-13.9360324753536,-18.0113573356888,-177.017263822776,129.535541603339,-21.1804195427067,-39.7682757731496,-17.367256357268,-2.753431675506,-208.847758282341,0,1.55902621483891,2.01493346839073,19.8029500337944,-14.4911620628122,2.3694569718293,4.44888346514207,1.94287778739706,0.308026848421416,23.3638326150822,0,2.60416203614676,25.5939421776076,-18.7288239019452,3.06235912456667,5.74987393128029,2.51103505608708,0.398103380263787,30.1961364330696,0,251.53959972474,-184.068590720354,30.0971449830365,56.5102857975261,24.6786817177211,3.91259635681413,296.770384917622,0,134.6954758887,-22.024122912639,-41.3524100353889,-18.0590657279729,-2.86311220278822,-217.167024910197,0,3.60117507192178,6.76155271989839,2.9528466391028,0.468148871748217,35.5090860894723,0,12.695465860694,5.54425370200443,0.878994554240676,66.6717259878313,0,2.42123837356445,0.38386687537626,29.1162977147222,0,0.0608588479432551,4.61614285826031,0,350.134378286884,0,0
"4FGL J1849.4+2745",1,282.354309082031,27.7541999816895,57.8386039733887,12.6671276092529,11.3465671539307,4.34602159815611e-10,4.84279352730432e-11,5.95126161892501e-12,6.73937956222753e-13,"PowerLaw",2.29955434799194,0.080142080783844,1544.07263183594,2.21803212165833,0.115003287792206,0.130886986851692,0.0719016194343567,0,"bll","MG2 J184929+2748",0.989638149738312,0,"bzcat",282.38222735,27.8002007167,1.59999999027605e-07,"RFC J1849+2748",NA,"LSP",39810718760960,1.94793747104738e-12,34.8003768920898,0.592081427574158,0.185666024684906,24.9057006835938,19.501932,"BLL",0,-9.36190811972357,-11.2253909576233,1.05486448781907,1.54158394743131,13.6000000186065,-11.7104249881222,3.18866772531556,NA,87.6453236421461,105.091078753245,-9.8755444137214,-14.4321672746927,-127.321950602433,109.631922781715,-21.5282165222114,-29.8520142687322,-20.7650129295608,-1.22535194497301,-182.575295541097,0,126.009402151491,-11.8412662830821,-17.3048825039127,-152.665317232542,131.454098771593,-25.8133965845121,-35.7940418506225,-24.8982777221814,-1.46925759867554,-218.916811128984,0,1.11273908766179,1.62616216113723,14.3461570539667,-12.3529114572392,2.42571821950663,3.3636123468902,2.33972331797936,0.138068034347491,20.5718955106623,0,2.3764810669779,20.9655417137493,-18.0526031792877,3.54495606911025,4.91559897903878,3.41928271363549,0.201773277858221,30.063865315097,0,184.960000506097,-159.261780056352,31.273939175477,43.3658811236216,30.1652368958231,1.78006302361836,265.226275562863,0,137.134053402437,-26.9287586982699,-37.3406542093541,-25.9740987819254,-1.53274224144808,-228.37591180946,0,5.28795019936864,7.33251473205096,5.1004854093452,0.300981739710372,44.8457525248431,0,10.1676018624691,7.07256744004511,0.417355110637792,62.1851811496987,0,4.91966649270815,0.290311541144124,43.2559116103965,0,0.017131403327115,2.55254911726659,0,380.325351732624,0,0
"4FGL J1849.4-4313",1,282.3623046875,-43.2214012145996,352.889282226562,-17.8567886352539,26.9043560028076,1.25463017752736e-09,7.24262663731601e-11,9.31820332700228e-12,8.47702008414941e-13,"LogParabola",2.19184994697571,0.0398435890674591,1357.30590820312,2.12251543998718,0.0567105636000633,0.114672876894474,0.033184465020895,0,"bll","PMN J1849-4314",0.999730050563812,0.945938110351562,"bzcat",282.358027488,-43.2370391306,1.50000005305628e-06,"RFC J1849-4314",NA,"LSP",20892960686080,3.70504104826863e-12,52.1507606506348,0.371889978647232,0.106083005666733,93.7979965209961,18.316616,"BLL",0,-8.90148427061983,-11.0306678173014,1.42982260099971,1.71726064725851,13.3199999870611,-11.4312069760955,3.13267773953312,NA,79.2364222200923,98.1893160701408,-12.7275433925757,-15.2861686401261,-118.567770369481,101.754709091914,-19.5107178265632,-27.885481623375,-18.8935378031936,-1.02075880994288,-163.045069214984,0,121.675632495649,-15.7718981492977,-18.9425317556326,-146.92849518373,126.093846904128,-24.1775686704587,-34.5555275234445,-23.4127627555919,-1.26491841267724,-202.044506633068,0,2.04439267032958,2.45537808525761,19.0452370268158,-16.3445980911269,3.13395659218589,4.47917343363314,3.03482054706451,0.163961871105376,26.1895115306329,0,2.94898413062272,22.8739117992639,-19.6303618907158,3.76397765863704,5.37962420264297,3.64491223828857,0.1969232187988,31.4544038477456,0,177.422399655308,-152.263676773685,29.1954412653563,41.7272674500478,28.2719056331662,1.52744271875065,243.977324883003,0,130.672492930334,-25.0554904044233,-35.8102876300101,-24.2629133044519,-1.31084939032505,-209.381028597662,0,4.80420619005742,6.86635953728766,4.65223535459103,0.251345739140705,40.1472738083744,0,9.81366981976634,6.64915687066318,0.359233168775541,57.3800552067762,0,4.50507179298397,0.24339495175627,38.8773002683162,0,0.0131498686952552,2.10041905169135,0,335.498421691456,0,0
"4FGL J1903.2+5540",1,285.807708740234,55.6772994995117,85.9678039550781,20.5347328186035,90.8132553100586,4.43501724234352e-09,1.01711153388528e-10,3.96375189615217e-11,1.35480016962009e-12,"LogParabola",1.94807100296021,0.0149692194536328,1262.71716308594,1.81669199466705,0.0245676208287477,0.0837554186582565,0.0108545133844018,0,"bll","TXS 1902+556",0.999946534633636,0.987998843193054,"bllac",285.798364138,55.677346975,1.30000003650821e-07,"RFC J1903+5540",NA,"LSP",42072660770816,4.99639782672312e-12,70.2398986816406,0.168828904628754,0.0454893708229065,144.391006469727,16.228697,"BLL",0,-8.3531046873903,-10.40189353721,1.95814924376186,1.84658387644537,13.6239999786569,-11.3013429892186,3.10130608351897,NA,69.7743579185018,86.8881056634037,-16.356625626677,-15.4247084339952,-113.802698082724,94.4013010970474,-16.2724410261961,-25.9055343832744,-15.1750184161978,-0.699617780188619,-135.560004980937,0,108.199389159451,-20.3684599635791,-19.2079688903133,-141.71539732894,117.555366601347,-20.263627175718,-32.259455707066,-18.8970367184283,-0.871214948047636,-168.809178441639,0,3.83434846084514,3.61588682120435,26.6778252552186,-22.1297162278318,3.81461376124094,6.07282016211673,3.55735405550551,0.164005609706623,31.7782107577904,0,3.40987201274801,25.1578586932799,-20.86887774607,3.59727650423708,5.72682180974807,3.35467414581955,0.154661405659268,29.9676502159173,0,185.613375418443,-153.969496643909,26.540519302752,42.252194015671,24.7506116965701,1.14108382201249,221.099767581629,0,127.72035335996,-22.0158185718044,-35.0489237643981,-20.5310593375,-0.946548713462556,-183.406071065103,0,3.7949806325744,6.0415644526074,3.53904499612082,0.163161502428942,31.6146540415274,0,9.61809942367177,5.63411793494113,0.259751189412529,50.3301567336861,0,3.30036980348734,0.152157798586442,29.4825439237772,0,0.00701497015461982,1.35924131151299,0,263.370606317809,0,0
"4FGL J1918.2-4111",1,289.564300537109,-41.1893005371094,356.780395507812,-22.2397956848145,56.3555450439453,3.04943847950767e-09,1.00509184308706e-10,2.75547969857959e-11,1.35592589673578e-12,"LogParabola",1.94810879230499,0.0220259260386229,1480.26245117188,1.78465032577515,0.036988340318203,0.107862301170826,0.017547681927681,0,"bll","PMN J1918-4111",0.99996280670166,0.986098349094391,"bzcat",289.566914246,-41.1919551528,4.79999982871959e-07,"RFC J1918-4111",NA,"LSP",79432819671040,1.35790695094534e-12,54.2585334777832,0.225152567028999,0.0635980516672134,106.315002441406,17.90862,"BLL",0,-8.51578012383435,-10.5598027843581,1.75093665442841,1.73446805129227,13.8999999792161,-11.8671299885795,3.17033872282109,NA,72.5185111174922,89.9249586626473,-14.9105915598745,-14.7703485566204,-118.369343544306,101.057869683704,-16.5896661325778,-26.9979074816222,-15.1976897722305,-0.918531640421555,-152.505870241302,0,111.509434844537,-18.4895457586678,-18.3156405574163,-146.781258483104,125.314552295741,-20.5716446492147,-33.4781516726044,-18.845555479226,-1.13900462823096,-189.111495340011,0,3.06577916782095,3.03694368694265,24.3380194601636,-20.7785928798704,3.41101509126107,5.5510622767412,3.12480967073731,0.188860056750996,31.3568591882297,0,3.0083794209536,24.1091058769135,-20.5831578257235,3.37893246069457,5.49885122650792,3.09541897278534,0.187083715319663,31.0619292327338,0,193.209999422208,-164.95310659461,27.0787121725501,44.0677081813212,24.8066394911826,1.49928598403268,248.929817627789,0,140.828774165843,-23.1184602701779,-37.622821731545,-21.1786774001345,-1.2800159488615,-212.523921456075,0,3.79512786665601,6.17616474051274,3.47669299083253,0.210127497269135,34.887940080049,0,10.0510476174189,5.65794603450023,0.34196003013446,56.7763914582882,0,3.18497678528935,0.192496490923372,31.9606245171834,0,0.011634276013866,1.93166496399388,0,320.7186703044,0,0
"4FGL J1921.8-1607",1,290.463287353516,-16.1231002807617,21.6946830749512,-13.8724336624146,24.7591323852539,9.83394254916448e-10,7.41368563761391e-11,1.04032876063753e-11,9.07637246611026e-13,"LogParabola",1.82656157016754,0.0471263714134693,3231.86083984375,1.70196294784546,0.0718259662389755,0.0915107578039169,0.0328454747796059,0,"bll","PMN J1921-1607",0.999918639659882,0.968384385108948,"bzcat",290.464690979,-16.1201567417,2.20000003992027e-07,"RFC J1921-1607",NA,"ISP",512861373726720,3.19503039476754e-12,42.1875267028809,0.442666620016098,0.131488770246506,197.608001708984,17.423355,"BLL",0,-9.00727233322846,-10.9828293949626,1.39373542197576,1.62518406506482,14.7099999913078,-11.4955250059823,3.50945265229156,NA,81.1309548849429,98.9253353498149,-12.5537545062028,-14.6384754656621,-132.496975943498,103.54332434232,-16.4523374959084,-31.610595779761,-15.3300437723084,-0.824262316959991,-156.936903443518,0,120.622541518855,-15.307158361276,-17.8491193220187,-161.557420304435,126.25338994623,-20.0608141045451,-38.5437197498172,-18.6923686927343,-1.00504704076416,-191.357735452869,0,1.94249842646995,2.2650765987114,20.5018480451488,-16.0217203950456,2.54574356076216,4.89124847324553,2.3720860473025,0.127541784643164,24.2835470331585,0,2.64122324534061,23.9064575829771,-18.6823440592766,2.96849875769606,5.70350652760371,2.76600306216919,0.148721825364932,28.3161589059675,0,216.384099744275,-169.099172738078,26.8687206812877,51.624048484704,25.0358749480129,1.34612324650019,256.297551898553,0,132.147095163164,-20.9972842048272,-40.3430007217285,-19.5649576262128,-1.05196420465132,-200.290613090607,0,3.33632716961291,6.41023134699831,3.10874011438358,0.167150033461544,31.8248306663865,0,12.3162579186763,5.97295838141821,0.321152671688167,61.1464394165674,0,2.89667787583881,0.155747919111526,29.6539046371579,0,0.00837421879384714,1.59442441953666,0,303.573299456025,0,0
"4FGL J1925.8-2220",1,291.466491699219,-22.3409996032715,16.1852340698242,-17.2488536834717,4.56474685668945,1.14493539649096e-10,3.83513186485995e-11,1.26674950910732e-12,4.23205632864299e-13,"PowerLaw",1.79430103302002,0.176329776644707,8658.0908203125,1.72822999954224,0.236738175153732,0.0770417600870132,0.110195338726044,0,"bll","TXS 1922-224",0.995753765106201,0.953725755214691,"bzcat",291.415792404,-22.3264202083,8.80000001757253e-08,"RFC J1925-2219",NA,"LSP",6760829550592,4.87013478590176e-13,9.57882022857666,0,10,104.797996520996,19.458649,"BLL",0,-9.94121901789967,-11.8973092553357,0.659416698235874,0.98131202267243,12.8299999869389,-12.3124590190804,3.93742213709664,NA,98.8278355618501,118.273757030977,-6.55540582122308,-9.75543774228475,-127.545839869809,122.400851757592,-17.8375395532956,-39.1427758308043,-17.1807129387541,-0.765889010549479,-193.442691501434,0,141.545967517096,-7.84528438704457,-11.6749726097129,-152.642477590565,146.485132643647,-21.3473542870075,-46.8447288338435,-20.5612867689027,-0.916589645330575,-231.505564844029,0,0.434830381912302,0.647093533929821,8.46031622975356,-8.11904107352651,1.18319206283528,2.59640190520511,1.13962372009033,0.0508026230628586,12.8313580757108,0,0.962973285841456,12.5902332380703,-12.0823640640852,1.76076917599611,3.86383968146951,1.69593287649397,0.075602005421231,19.0950062086629,0,164.608899664852,-157.968849053987,23.0208822302113,50.5171259675228,22.1731908715544,0.988445780910129,249.654466415849,0,151.596647096534,-22.0922579369526,-48.4793487038223,-21.2787610449092,-0.948573513829174,-239.58381837917,0,3.21951619709671,7.0649206080284,3.10096487347483,0.138236109709808,34.914674001874,0,15.5032930856987,6.80477105819213,0.303345931647494,76.6169153305934,0,2.98677893131777,0.133145880999912,33.6290209523626,0,0.0059354327973049,1.4991285678754,0,378.639020905201,0,0
"4FGL J1926.8+6154",1,291.709686279297,61.9146003723145,93.3123321533203,19.7445430755615,37.3142280578613,1.3076564275849e-09,6.80730055657719e-11,1.21150320678276e-11,9.110515076724e-13,"LogParabola",1.90598380565643,0.0353427827358246,2809.25341796875,1.78432250022888,0.0559923239052296,0.085399828851223,0.0245717763900757,0,"bll","87GB 192614.4+614823",0.999924600124359,0.988327264785767,"bzcat",291.707880837,61.9117628417,2.49999999368811e-07,"RFC J1926+6154",NA,"HSP",10000000272564224,4.56149267663575e-12,58.020881652832,0.379607260227203,0.105217836797237,78.2293014526367,17.396297,"BLL",0,-8.88350634714643,-10.9166754319712,1.57187446153516,1.76358432381257,16.0000000118373,-11.3408930180487,3.44859091793466,NA,78.9166850197909,96.9783554896536,-13.963756755965,-15.6668125343169,-142.1361016595,100.746895108144,-16.9318192351072,-30.6355793081841,-15.8510402561394,-0.758649921645058,-154.540114816344,0,119.173802487004,-17.1596433163838,-19.2524776599742,-174.666807040763,123.804848186746,-20.8070065849445,-37.6471477487363,-19.478869600962,-0.932282213514691,-189.909728067174,0,2.47078932282645,2.77213315936473,25.1499914031693,-17.8264601060732,2.99596726821094,5.42075199218359,2.80473096925234,0.134237809990711,27.3447949795807,0,3.11022966719744,28.2173492018772,-20.0006211446661,3.3613631610963,6.08188088211197,3.1468031900297,0.150609799418293,30.6798366815876,0,256.000000378794,-181.454288423025,30.4957409130646,55.1774547277766,28.5491600247836,1.36639726263047,278.340752205925,0,128.615854446826,-21.6155584340829,-39.1101006633113,-20.2358105847929,-0.968510322761389,-197.289543187202,0,3.63277426742457,6.5729584419173,3.40088978950464,0.162770690796262,33.1570603603895,0,11.8927793192614,6.15339836895578,0.294509074169502,59.992711839894,0,3.18380678482304,0.152380836134933,31.0406041577642,0,0.00729313076781818,1.48564078644504,0,302.631149312209,0,0
"4FGL J1927.5+6117",1,291.882202148438,61.2939987182617,92.7288513183594,19.4450263977051,29.039478302002,1.03252983940649e-09,5.85399714814194e-11,8.62178644450706e-12,7.77446629209727e-13,"LogParabola",2.17140245437622,0.0407705791294575,1575.79931640625,2.10839986801147,0.0555165819823742,0.0764695256948471,0.028771048411727,0,"bll","S4 1926+61",0.999931573867798,0.991764485836029,"bllac",291.876844038,61.2924664639,8.19999996792831e-08,"RFC J1927+6117",NA,"LSP",15848931590144,3.35091958521272e-12,38.0732460021973,0.324831634759903,0.0977568998932838,61.138801574707,17.734102,"BLL",0,-8.98609738867657,-11.0644027385131,1.46298880994139,1.5806199049401,13.1999999908349,-11.4748359941634,3.19750090774304,NA,80.7499462787799,99.4258005558185,-13.1465599246774,-14.2036044002724,-118.616485448172,103.113993762644,-19.512433925036,-28.7330545573607,-18.9462865482239,-0.687162605159801,-159.360367672724,0,122.421007960016,-16.1870973951295,-17.4886152047676,-146.050116046967,126.96220679781,-24.0252712626143,-35.3784378000302,-23.3281852735068,-0.846089629510864,-196.217246733871,0,2.14033625801372,2.31242923369799,19.3114522778179,-16.7875566553737,3.17673749263168,4.6779080478055,3.08456541378268,0.111874060393087,25.9447927803592,0,2.49835928389285,20.8641827307228,-18.1373541782978,3.43216194102284,5.05403358084269,3.33257879895201,0.120869254434604,28.030874617438,0,174.239999758041,-151.467835017789,28.662512377865,42.2070119529027,27.8308782384277,1.00939773847113,234.090146237465,0,131.671861092948,-24.916487041291,-36.69079850754,-24.1935426955474,-0.877475265899834,-203.495911953765,0,4.71498861887107,6.94306131894343,4.5781846482066,0.166046115778776,38.5078726089582,0,10.2240120550176,6.74161049185198,0.244511377823953,56.7048072430077,0,4.44535000343078,0.161228337881915,37.390578316102,0,0.00584758835999488,1.35611836856404,0,314.498373746404,0,0
"4FGL J1941.3-6210",1,295.346801757812,-62.1753005981445,334.521759033203,-29.5436172485352,72.7168426513672,2.94354740582037e-09,8.35036484403417e-11,2.78281512416934e-11,9.08812955446869e-13,"LogParabola",2.42784738540649,0.0174329429864883,499.290802001953,2.35039734840393,0.0232357047498226,0.0666912496089935,0.0130205759778619,0,"bll","PKS 1936-623",0.999867677688599,0.992977559566498,"bzcat",295.3407024,-62.1891824194,1.1999999571799e-07,"RFC J1941-6211",NA,"LSP",8963961651200,1.37968835575014e-12,1214.60314941406,0.705766916275024,0.167474702000618,28.6291007995605,20.771103,"BLL",0,-8.53112896548442,-10.5555156449847,1.86163501365647,3.08443440289504,12.9524999899081,-11.8602190010356,2.69835356550115,NA,72.7801614257273,90.0504652645529,-15.8818483881647,-26.3137076766745,-110.499447839342,101.181057856724,-20.7122791534169,-23.020002261765,-20.0515428993665,-0.568951651283636,-177.20095844836,0,111.418910531517,-19.6505175119022,-32.5577955956876,-136.720316285139,125.190727218376,-25.6271810602934,-28.4825132763476,-24.8096559830082,-0.703960528631311,-219.249702680089,0,3.46568492407173,5.74209108175599,24.112827495598,-22.0793989619616,4.51976570048704,5.02334947676172,4.37558199979408,0.124154765376606,38.6682126170649,0,9.51373558576248,39.9511365723702,-36.5820675126636,7.48853600052655,8.32289456860624,7.24964644189036,0.20570478466604,64.0671046792764,0,167.767255988569,-153.619486491221,31.446693234976,34.9504245299221,30.4435216314819,0.863818409887447,269.03771139788,0,140.664794752526,-28.7948016920127,-32.0030642290689,-27.876227291524,-0.790972825815393,-246.349830473068,0,5.89444292682513,6.55119064890425,5.70640605698883,0.161916175992686,50.4290681105589,0,7.28111196445277,6.34220306541019,0.179956571170155,56.0477798394416,0,5.52436769538423,0.156750936242723,48.8203454146249,0,0.00444772277440908,1.38525081482711,0,431.438719836609,0,0
"4FGL J1955.1-1604",1,298.777404785156,-16.0715007781982,25.154504776001,-21.1481971740723,16.4311866760254,6.45261011289477e-10,6.23138901589826e-11,8.13221798928732e-12,7.55816036927121e-13,"PowerLaw",2.02934598922729,0.0711897909641266,3292.8662109375,2.0275022983551,0.0731960386037827,0.00193114031571895,0.0285617746412754,0,"bll","1RXS J195500.6-160328",0.996807932853699,0.908014893531799,"bzcat",298.752768033,-16.0607890639,6.5000000404325e-07,"RFC J1955-1603",NA,"HSP",7079457944764416,3.88360437558743e-12,22.5164642333984,0.375571548938751,0.149281740188599,40.584098815918,18.111387,"BLL",0,-9.19026457554588,-11.0897909883375,1.2156689297308,1.35250019415075,15.8500000061912,-11.4107650182724,3.51757408569765,NA,84.4609629685335,101.918113270326,-11.1723191004967,-12.4298346227226,-145.665693579301,104.867949527307,-18.6502265563217,-32.3274365116453,-18.6332825494107,-0.0177476904339604,-166.448438360102,0,122.983464165012,-13.4815143417305,-14.9989444648177,-175.773187233808,126.542999069674,-22.5050228635516,-39.0091613963793,-22.484576717132,-0.0214159424704752,-200.851496338893,0,1.47785094671283,1.64419246348394,19.2683525437596,-13.8717124971729,2.46701286677743,4.27620552400886,2.46477154906808,0.00234762728077006,22.0174504502303,0,1.82925677517782,21.437128085663,-15.433061902622,2.74469084442896,4.75751963384572,2.74219725216636,0.00261186765194222,24.4956544338394,0,251.222500196261,-180.860625610264,32.1651339418166,55.7535492800858,32.135911441481,0.0306085740161014,287.065484062131,0,130.205558302229,-23.1563902238462,-40.1382113262603,-23.1353523005373,-0.0220357883599813,-206.664781211994,0,4.11824514399289,7.13837486262038,4.11450365731603,0.00391895185433937,36.7542705677933,0,12.3733274483717,7.13188954338632,0.00679292913041896,63.7081455672413,0,4.11076556983521,0.00391539142856636,36.7208787688987,0,3.72930291899509e-06,0.0349756296092881,0,328.022339063769,0,0
"4FGL J1959.7-4725",1,299.947509765625,-47.4325981140137,351.793518066406,-30.8456592559814,35.5377922058105,1.22607235475414e-09,6.64132082661695e-11,1.18012093153208e-11,9.65200250453713e-13,"LogParabola",1.7930052280426,0.0343094617128372,2519.2880859375,1.59253311157227,0.0602197274565697,0.128458917140961,0.0283675771206617,0,"bll","1RXS J195945.8-472531",0.999794781208038,0.96243143081665,"bzcat",299.940273887,-47.4220411833,7.49999981053406e-06,"RFC J1959-4725",NA,"HSP",2238721101398016,4.102730741945e-12,10.761323928833,0.0706957057118416,0.116869524121284,148.432006835938,16.80803,"BLL",0,-8.91148389984758,-10.9280734865871,1.55069044365451,1.03186570438024,15.3499999927892,-11.3869269844039,3.40127783283323,NA,79.4145452972426,97.3853509320722,-13.8189529222747,-9.19545461138939,-136.791277798401,101.474416490255,-15.9783372220442,-30.3104326462018,-14.1918331837505,-1.14475957189353,-149.784488733155,0,119.422790128248,-16.9460591232048,-11.2763042457562,-167.745927940312,124.437174871967,-19.5940928938844,-37.1694141055013,-17.403318873085,-1.40380848652383,-183.679387004761,0,2.40464085204142,1.60010428691727,23.803098298915,-17.6575988573068,2.78039607254824,5.27432903158841,2.4695258773185,0.199200015212695,26.0640514976583,0,1.06474683187613,15.8391385547961,-11.7497794334883,1.85014060259163,3.50966194676936,1.64328030092138,0.132552351019581,17.3436297151942,0,235.622499778628,-174.789329128491,27.5226302375249,52.2096147094641,24.4453832511509,1.97184437718746,258.003260378801,0,129.662106148146,-20.4168196143756,-38.7301023361435,-18.134058261719,-1.46275230997971,-191.39181036167,0,3.2148677477881,6.09850893629539,2.85542019488003,0.230327510022434,30.1368856630969,0,11.5686908961227,5.41664757044369,0.436924467301311,57.1687798525959,0,2.53616171145406,0.204575079023699,26.7673443153001,0,0.0165016933930283,2.15914133307279,0,282.5098724809,0,0
"4FGL J2005.1+7003",1,301.277587890625,70.0624008178711,102.867149353027,19.4369335174561,19.6553993225098,5.60176405262069e-10,5.51401389825568e-11,5.08061951884353e-12,6.61538315446797e-13,"LogParabola",1.85262048244476,0.0566164031624794,3788.53955078125,1.63951027393341,0.101970717310905,0.169379010796547,0.0573318153619766,0,"bll","1RXS J200504.0+700445",0.999320447444916,0.933416903018951,"bzcat",301.275058312,70.0776004611,3.49999993431993e-07,"RFC J2005+7004",NA,"HSP",57543993306644480,1.90950141983059e-12,37.232852935791,0.599853098392487,0.173458084464073,77.3526000976562,19.00939,"BLL",0,-9.25167518769433,-11.2940833276352,1.29348187144793,1.57092631493988,16.7599999967768,-11.7190800143661,3.57847182546334,NA,85.5934937785989,104.489190490035,-11.9668741358072,-14.5337000096254,-155.058076115937,108.421121791515,-17.1398429496485,-33.1068589975024,-15.1682165213197,-1.56703959150262,-175.868701796205,0,127.556318211567,-14.6086920389184,-17.7421727025059,-189.288836534763,132.356266205475,-20.9236501032148,-40.4155589823778,-18.5167656503179,-1.91298066188862,-214.693634667515,0,1.67309535176444,2.03196470975524,21.6787561612982,-15.1584175486303,2.39633100871542,4.62868843372401,2.1206768173855,0.219088679869117,24.5883013522836,0,2.46780948697059,26.328725033329,-18.4098111814537,2.91033026746909,5.62151555789131,2.57554983293628,0.266081945258782,29.862350981955,0,280.897599891958,-196.411781003003,31.0499192798028,59.9751877832314,27.4781921858395,2.83879222040418,318.597376338729,0,137.336836383115,-21.7110076700237,-41.9363976517596,-19.2135520846009,-1.98496618027891,-222.772562434291,0,3.43220265197386,6.62955019970487,3.03739031466765,0.313795024697915,35.2171852727806,0,12.8054606056349,5.86694132282839,0.606118017960294,68.0245665342446,0,2.6879939383332,0.277698628389617,31.166090206207,0,0.0286892492984168,3.21979167404577,0,361.3569081721,0,0
"4FGL J2010.0+7229",1,302.515899658203,72.4873962402344,105.360816955566,20.1673431396484,41.0546493530273,1.73333769559747e-09,7.02307587086004e-11,1.45689744990296e-11,8.7482554837412e-13,"LogParabola",2.29687833786011,0.0283129420131445,995.448303222656,2.19800448417664,0.0417987816035748,0.103627875447273,0.0230058636516333,0,"bll","4C +72.28",0.999747335910797,0.989405393600464,"bllac",302.467932688,72.488708475,1.1999999571799e-07,"RFC J2009+7229",NA,"LSP",9332543455232,2.03214181593303e-12,75.7997665405273,0.299389749765396,0.0801126807928085,23.3645992279053,18.224524,"BLL",0,-8.76111681810129,-10.8365710168702,1.61336234718081,1.87966786802893,12.9700000208136,-11.6920459874668,2.99801871066366,NA,76.7571679004173,94.9404645864505,-14.1348559935772,-16.4679897710329,-113.631685313124,102.435380738809,-20.1232194349587,-26.2659921469777,-19.256974052582,-0.907895922405209,-159.667183718291,0,117.431271403671,-17.4833156511692,-20.3691543400245,-140.550326314355,126.701686675696,-24.8902852253319,-32.4882426680124,-23.8188316881793,-1.12297083161175,-197.491348574655,0,2.60293806330077,3.0325853634835,20.925309676515,-18.8635067576854,3.70569702635874,4.83689050392831,3.54617767370517,0.167189312364973,29.402760816893,0,3.53315129410042,24.3792922874579,-21.9771631541579,4.31736840844735,5.635279438184,4.13151840269033,0.194785987710343,34.2560521729221,0,168.220900539905,-151.645836700798,29.7905120898519,38.8843027397072,28.5081182055194,1.344053546708,236.372076659318,0,136.703939373039,-26.8552071538767,-35.0529726363654,-25.6991695096515,-1.211621885313,-213.081972707692,0,5.27565009893102,6.88608423302266,5.04854888622471,0.238020622313307,41.8595143934117,0,8.98811618948939,6.58965856968419,0.310678309537248,54.6374639449389,0,4.83122371246062,0.227774534918804,40.0575854739848,0,0.0107387365697155,1.88856870315784,0,332.133275026576,0,0
"4FGL J2012.2-1646",1,303.071899414062,-16.7728996276855,26.2040939331055,-25.2138328552246,14.9156370162964,4.83643736171047e-10,5.96134253072478e-11,8.12158500174132e-12,1.01730071849077e-12,"LogParabola",2.69238352775574,0.0581155866384506,673.585021972656,2.71090626716614,0.112491145730019,0.388695627450943,0.0923316553235054,0,"bll","PMN J2012-1646",0.99205070734024,0.911058485507965,"at20g",303.125747721,-16.7806855667,2.3999999143598e-07,"RFC J2012-1646",NA,"LSP",10115794075648,1.98026355513123e-13,90.8645553588867,0.754739165306091,0.19307416677475,-Inf,20.09924,"BLL",0,-9.31547443254476,-11.0903592059391,1.17364180592166,1.95839450573015,13.0049999799527,-12.7032770052324,2.82839242150385,NA,86.7780639033951,103.311957630663,-10.9330302360289,-18.2433739469653,-121.147744808494,118.337052151776,-25.0808299154133,-26.3478172877225,-25.2533780208115,-3.6208841795612,-187.233956333581,0,122.996067316758,-13.0161092067783,-21.7192985354849,-144.230121250906,140.883905080574,-29.8595004429647,-31.3678879298336,-30.064924276504,-4.31077413020884,-222.907791366379,0,1.37743508860706,2.29845366441219,15.2632116624828,-14.909096965544,3.15989386574898,3.31951958942892,3.18163292708121,0.456189438155377,23.5893083312529,0,3.83530904007404,25.4689205077601,-24.8780278918153,5.2727491080752,5.53910817832193,5.3090239391676,0.76121938120126,39.3622411853517,0,169.13002447857,-165.206117198381,35.0144477244884,36.7832433849559,35.2553359501493,5.05498662720722,261.390615797065,0,161.373246671666,-34.202093757406,-35.9298524098634,-34.437393247032,-4.93770822623194,-255.326213314647,0,7.24892906053044,7.61511716568614,7.29879937900792,1.0465177046596,54.1148626964093,0,7.99980369002041,7.66750674146,1.09938376695393,56.848538093987,0,7.34901278936066,1.05371741247684,54.4871556812764,0,0.151084290799482,7.81248670308709,0,403.9794485776,0,0
"4FGL J2015.2-0137",1,303.807403564453,-1.62539994716644,41.3235893249512,-19.3290977478027,25.6165771484375,1.29033095319642e-09,7.83784842584012e-11,1.28476274757761e-11,9.71832748823676e-13,"LogParabola",2.23096513748169,0.0417627319693565,1435.67785644531,2.20014190673828,0.0569417178630829,0.0985575392842293,0.0319577977061272,0,"bll","PKS 2012-017",0.999949038028717,0.992595493793488,"bllac",303.813158171,-1.62571114722,1.1999999571799e-07,"RFC J2015-0137",NA,"LSP",63095732961280,3.16898373861618e-12,12.1938858032227,0.0907973498106003,0.10523310303688,28.3003005981445,17.630022,"BLL",0,-8.88929888449703,-10.8911770644969,1.40852109945803,1.0861421235002,13.7999999897666,-11.499079989351,3.15705700197921,NA,79.0196346579202,96.8149281302919,-12.5207650382028,-9.65504196683556,-122.672324515091,102.21875892208,-19.8317159079678,-28.0640232859873,-19.5577189973038,-0.876107424018072,-156.718534898258,0,118.617737850223,-15.3404526932773,-11.8293661842493,-150.298243378603,125.238516242835,-24.2978363370328,-34.3840668112653,-23.9621350733064,-1.07340761138565,-192.011691252976,0,1.98393168761846,1.52985409796018,19.4375911581069,-16.1966967893565,3.14236146829824,4.44678139947943,3.09894629744269,0.138820373592501,24.8322579709093,0,1.17970471244152,14.9887612931878,-12.4896351579324,2.42314521187928,3.42901259614087,2.38966680258649,0.107047495005127,19.1487095324352,0,190.439999717558,-158.687303735369,30.787318874417,43.5673865950057,30.3619582904733,1.36009404111379,243.294303419585,0,132.228840601493,-25.6540465693554,-36.3032509966996,-25.2996077735067,-1.13332102778296,-202.729033192018,0,4.9772054446587,7.04328410845808,4.90843989144559,0.219878434179098,39.3319644550352,0,9.96700891374596,6.94597341201598,0.311151769495117,55.6589844001475,0,4.84062440978595,0.216840572404237,38.7885502189178,0,0.0097135885497624,1.73757158584683,0,310.817675720484,0,0
"4FGL J2021.9+0629",1,305.492004394531,6.49410009384155,49.6244583129883,-16.7810287475586,13.3114528656006,5.44431666416045e-10,5.85615722581423e-11,5.57344535107029e-12,6.98164887447811e-13,"PowerLaw",2.08295202255249,0.0769942626357079,2572.24365234375,1.95123553276062,0.136561512947083,0.151110291481018,0.0762862712144852,0,"bll","PMN J2021+0628",0.999646723270416,0.898614943027496,"bzcat",305.481099013,6.48712910833,3.79999988808777e-07,"RFC J2021+0629",NA,"ISP",446683578105856,2.34628635964462e-12,16.5502529144287,0.332882046699524,0.173743188381195,73.625602722168,16.910109,"BLL",0,-9.26405662235594,-11.2538762528733,1.12422545871124,1.2188046348792,14.6499999863444,-11.6296189841966,3.41031210416531,NA,85.8227451022169,104.256546827605,-10.414888305795,-11.2910751491108,-135.718429391008,107.737448766023,-19.2965854785771,-31.5933244328933,-18.0763564590472,-1.39989429650086,-156.656207266211,0,126.649730714986,-12.651894192666,-13.7162765373589,-164.869286950915,130.878292916215,-23.4412843024779,-38.3792304039524,-21.9589632258973,-1.70057652086299,-190.304274108599,0,1.2638828820145,1.37021119972645,16.4699029547677,-13.0743137371454,2.34170769302758,3.83395968965374,2.19362866187148,0.169882036756237,19.0107750473821,0,1.48548473800302,17.8554878843368,-14.174233519818,2.53871157931798,4.15650419894132,2.37817491106963,0.184173923635012,20.6101192255125,0,214.622499599891,-170.373917959671,30.51524710195,49.9610722794519,28.5856005282978,2.21376576813341,247.733096619082,0,135.248037717586,-24.2239383846471,-39.6606303886363,-22.6921257944319,-1.75735511451513,-196.658124651234,0,4.33868912825551,7.10351649490637,4.06432999944002,0.314755487268883,35.2229457431331,0,11.6302286478164,6.65432215545099,0.515333256101664,57.6687494054547,0,3.80732010430762,0.294851770103577,32.9956055436552,0,0.0228343201914782,2.55529149996579,0,285.951786391881,0,0
"4FGL J2022.3-4513",1,305.591094970703,-45.2228012084961,354.926574707031,-34.4655456542969,24.2920322418213,8.98238927682371e-10,6.02353097955977e-11,8.35347069294556e-12,6.10031502309288e-13,"LogParabola",2.15224170684814,0.0449911430478096,1016.07543945312,2.02121591567993,0.0648641362786293,0.101511485874653,0.0375987626612186,0,"bll","PMN J2022-4513",0.999808251857758,0.94874370098114,"bzcat",305.610054288,-45.2248751222,3.70000009297655e-07,"RFC J2022-4513",NA,"ISP",451855960244224,6.86273130337534e-12,52.2792091369629,0.396713584661484,0.114674836397171,13.943699836731,17.005362,"BLL",0,-9.0466081275061,-11.078133046717,1.38546384887222,1.71832900909116,14.6550000152525,-11.163503004715,3.00692595373719,NA,81.8411186126594,100.219528458024,-12.5337485155733,-15.5450491793736,-132.578042246585,100.991837013894,-19.47048731753,-27.2024807718879,-18.2851483302347,-0.918334633148857,-153.840846080383,0,122.725031800763,-15.3483528492231,-19.0358773807453,-162.350039968607,123.670771553658,-23.842819977157,-33.311125777127,-22.3912988300442,-1.12455774628934,-188.387662743586,0,1.91951007653183,2.38068272256423,20.3039727263542,-15.466629839809,2.98185307887314,4.1659872051385,2.8003215819397,0.140640493924635,23.5603142879854,0,2.95265458348421,25.1821116544398,-19.1825710560781,3.69825935945303,5.16688809449572,3.47311394154958,0.174430130934364,29.2208068346965,0,214.769025447051,-163.60113670437,31.5411022466866,44.0664998978817,29.620919275118,1.48765082704134,249.213580369374,0,124.623799336281,-24.0265567612722,-33.5678269195006,-22.5638499478707,-1.13322377757477,-189.839409783266,0,4.63214436469659,6.4716314470373,4.3501451922716,0.218477253623554,36.5996493364505,0,9.04160369125831,6.07764659496466,0.30523752147892,51.1338643504962,0,4.08531377779786,0.205176630874167,34.3715083262987,0,0.0103045817644799,1.72623956445636,0,289.182336751044,0,0
"4FGL J2024.4-0847",1,306.114685058594,-8.79730033874512,35.5680160522461,-24.6450595855713,16.9207744598389,5.62818569527224e-10,5.43770549421563e-11,6.11468211134114e-12,6.60611810480299e-13,"PowerLaw",2.00867819786072,0.0752955675125122,3005.04028320312,1.94567441940308,0.100949473679066,0.0526258386671543,0.0490304529666901,0,"bll","1RXS J202428.9-084810",0.999830543994904,0.979305446147919,"whsp2",306.122368821,-8.80122741944,3.3000000598804e-07,"RFC J2024-0848",NA,"ISP",371535239970816,9.67947944019443e-13,12.1416082382202,0.162944555282593,0.169327095150948,28.6481990814209,18.019802,"BLL",0,-9.24963158197261,-11.2136261160404,1.22842023671348,1.08427621579405,14.5700000127104,-12.0141479983042,3.47785029818753,NA,85.5556844022251,103.72191027136,-11.3624346174393,-10.0291555291904,-134.767132266907,111.126442755608,-18.5795332969523,-32.1688339554882,-17.9967715579469,-0.486769619363506,-166.676529680093,0,125.745410670343,-13.7750452478828,-12.1586680904296,-163.382532653238,134.722163755758,-22.5245662982519,-38.9993129314346,-21.8180654827301,-0.59012647885653,-202.067322313077,0,1.5090162779672,1.33194684566852,17.8980828645291,-14.7584225279876,2.46750094729727,4.27226168655357,2.39010583085049,0.0646466451927511,22.13588943837,0,1.17565491213667,15.7979044779009,-13.0266549275909,2.17796199512443,3.77095036041698,2.10964849663766,0.0570609452030103,19.5384427219181,0,212.284900370381,-175.046136487997,29.2664413683618,50.6722788887972,28.3484763154332,0.766758470049334,262.548515369039,0,144.339752125157,-24.1325571500657,-41.7834081983714,-23.3756204312232,-0.632254614282072,-216.492568128138,0,4.03478810256099,6.9858820693927,3.90823378639028,0.105708374774848,36.195983407167,0,12.0954426966031,6.76676435969685,0.183024788700931,62.6701737589802,0,3.78564894631951,0.102392748094316,35.0606677941085,0,0.00276947889542135,0.948307192866064,0,324.713264119204,0,0
"4FGL J2030.9+1935",1,307.740692138672,19.5988006591797,62.2152328491211,-11.525652885437,22.9161930084229,8.2438256221451e-10,6.42687014718035e-11,7.46470246726361e-12,8.29831971367601e-13,"LogParabola",1.87056469917297,0.0499240942299366,2671.84033203125,1.65237200260162,0.0901429653167725,0.157619327306747,0.0465259812772274,0,"bll","RX J2030.8+1935",0.999954700469971,0.943125367164612,"bzcat",307.738057888,19.6035923333,3.79999988808777e-07,"RFC J2030+1936",NA,"HSP",6309573245796352,1.48364502107479e-12,20.5595684051514,0.2941714823246,0.11851754784584,106.846000671387,18.106335,"BLL",0,-9.08387120322726,-11.1269874979725,1.36014247137737,1.31301399353197,15.7999999863022,-11.8286699965165,3.42681050133731,NA,82.5167160368214,101.076121311502,-12.3553590280312,-11.9272500052795,-143.525164886562,107.450114753835,-16.9919688045908,-31.1287052320148,-15.0099344514518,-1.43179366839381,-164.475615102486,0,123.809850780036,-15.1342882744774,-14.6098902906932,-175.80640231555,131.617463168881,-20.8137500218463,-38.1300776063011,-18.385922614948,-1.75382828438101,-201.468963179102,0,1.84998754244454,1.78588609811564,21.4902510291315,-16.0886764421693,2.54423449280439,4.66095050423085,2.24746133925334,0.214384741379837,24.6271952344866,0,1.72400574721077,20.7456210798197,-15.5312092302979,2.45607762582103,4.49945014143819,2.16958756193637,0.206956382404855,23.7738712265777,0,249.63999956715,-186.892985782934,29.5549222213103,54.1436058741897,26.1074776184717,2.49038536928756,286.080092751983,0,139.91743388649,-22.1262925336502,-40.5346105609163,-19.5453631302577,-1.86442700778443,-214.173861561377,0,3.49901229379206,6.4100707545568,3.09086873796834,0.294837149567391,33.8690710824,0,11.7430302120757,5.66236573063099,0.540131566028483,62.0469789187313,0,2.73033323498169,0.26044576351057,29.9184010237258,0,0.0248438523406314,2.85390834269061,0,327.839367132225,0,0
"4FGL J2034.8-4200",1,308.707885742188,-42.0008010864258,359.12744140625,-36.4039535522461,13.1626358032227,3.40625500028224e-10,4.10875083955986e-11,4.46319457086952e-12,5.42979832103552e-13,"PowerLaw",1.91212427616119,0.0840030759572983,3534.05395507812,1.77813911437988,0.138086348772049,0.137114480137825,0.0758893638849258,0,"bll","2MASS J20345108-4200386",0.999531030654907,0,"rfc",308.712869704,-42.0106757278,2.70000000455184e-05,"RFC J2034-4200",NA,"HSP",4623810393276416,1.90985335185578e-12,18.615909576416,0.431378811597824,0.187275901436806,38.515998840332,18.206867,"BLL",0,-9.46772284284728,-11.350354179883,1.119342864975,1.26988426077293,15.6650000168394,-11.7189999787863,3.54827317567834,NA,89.6377758289722,107.462007543285,-10.5976280117019,-12.0229122234921,-148.311878492633,110.952243794482,-18.1034626877741,-33.5940669980321,-16.8349283109746,-1.29816189568602,-172.377570592582,0,128.830540008787,-12.7049379661912,-14.4136361272317,-177.803298419,133.014800393266,-21.7032877703819,-40.2741572709274,-20.1825087293151,-1.55629791275485,-206.654388956024,0,1.25292844937044,1.42143588664023,17.5345059986824,-13.1175790108966,2.14032266546651,3.97173426217773,1.99034733061408,0.153478115027031,20.3797266699988,0,1.61260603575881,19.892736966392,-14.881773625059,2.42817652293893,4.5058962587167,2.25803087481573,0.174119520251087,23.1206138412861,0,245.392225527578,-183.578134865028,29.9534268182641,55.583699356752,27.8545492567036,2.14789833366795,285.210571861593,0,137.334960502793,-22.4081843517698,-41.5822132705025,-20.8380122436969,-1.60684458982647,-213.366273986765,0,3.65621924748495,6.78473927766611,3.40002296699753,0.262179926084757,34.8137923835381,0,12.5902425292385,6.30932332217857,0.486519631870125,64.6029377892432,0,3.16177871008766,0.24380862028093,32.3743423630123,0,0.018800380663466,2.49642510364352,0,331.490005955689,0,0
"4FGL J2036.4+6553",1,309.103210449219,65.8833999633789,100.657272338867,14.7963094711304,18.5463771820068,6.71027011733827e-10,5.58219061252974e-11,5.67558413461233e-12,6.77275943661293e-13,"LogParabola",2.04957747459412,0.057275015860796,2258.22924804688,1.92052960395813,0.0873928889632225,0.148989647626877,0.0526587106287479,0,"bll","87GB 203539.4+654245",0.999765574932098,0.95941150188446,"bzcat",309.083896775,65.8873785778,2.69999986812763e-07,"RFC J2036+6553",NA,"ISP",266072502566912,1.5723201820389e-12,26.3504543304443,0.374897956848145,0.135577723383904,38.3569984436035,18.439812,"BLL",0,-9.17325999725153,-11.2459894339791,1.26825908788513,1.42078810765118,14.4249999944292,-11.8034590110106,3.35376802798222,NA,84.1486989771751,103.162385004234,-11.6340703570474,-13.0332587124873,-132.324275409251,108.276198374902,-18.8013070589621,-30.7649860911504,-17.6175173895264,-1.36672077458023,-169.153189776439,0,126.47227834917,-14.2628283019041,-15.9781680465683,-162.223397522499,132.741575322231,-23.049526623407,-37.716439806705,-21.5982556337572,-1.67553600298413,-207.373930916561,0,1.60848111400322,1.80192742948773,18.2946373356778,-14.9698441591938,2.59939525847865,4.25344678014704,2.43572912377233,0.18895747460359,23.3864591478933,0,2.01863884684302,20.4948684449533,-16.770214191992,2.91201530161306,4.76499372997789,2.72866562169574,0.211682719511407,26.1990655969235,0,208.080624839282,-170.264896168073,29.5651550596024,48.3781037849604,27.7036395263971,2.14917566618771,265.994287997275,0,139.321644624607,-24.1921037112623,-39.586063450726,-22.6688924597522,-1.75859319882876,-217.653565112741,0,4.20076782436361,6.8738074051663,3.93627421556375,0.305365825723762,37.7938233109504,0,11.2477599855157,6.44101078254813,0.499676716711357,61.8428519276029,0,3.68843395967957,0.286139028950707,35.4142048374224,0,0.022197915099981,2.74734109218586,0,340.026666595344,0,0
"4FGL J2039.0-1046",1,309.758087158203,-10.773099899292,35.3045921325684,-28.7362518310547,46.3249549865723,2.12246997755017e-09,8.66782270958488e-11,1.92396099052417e-11,1.06611876445062e-12,"LogParabola",2.08483743667603,0.0271638818085194,1018.52679443359,1.95596385002136,0.0435310415923595,0.0932005941867828,0.0213417336344719,0,"bll","TXS 2036-109",0.999885261058807,0.977928340435028,"bzcat",309.752960133,-10.77829515,1.1999999571799e-07,"RFC J2039-1046",NA,"LSP",35277678575616,3.34489901054891e-12,32.5000305175781,0.192896738648415,0.0611216574907303,38.4538993835449,17.847797,"BLL",0,-8.67315844415893,-10.7158037377929,1.66581500599217,1.51188376878225,13.5474999989379,-11.475616989951,3.00797245849238,NA,75.2236773974853,92.9398636743883,-14.4478774856276,-13.1128074758006,-117.499614013031,99.5298443983272,-18.0821254186054,-26.0886217281707,-16.9643843822824,-0.808343520471725,-154.796771260184,0,114.828449746896,-17.8505466676824,-16.2010497406253,-145.172351126368,122.970459434397,-22.3407087966236,-32.2328425138907,-20.9597247350467,-0.998719275551246,-191.253489803969,0,2.77493963418869,2.51851866935347,22.5676287919097,-19.1162549848791,3.47295348706918,5.01072565896777,3.2582739325438,0.155254948363729,29.731128066502,0,2.28579253030722,20.4822453559718,-17.3497990638687,3.15203188106008,4.54770473693867,2.95718999717213,0.140908465591858,26.9837945928205,0,183.534756221222,-155.465921159173,28.2443351711542,40.7505068782308,26.4984202560869,1.26263504964645,241.793029838544,0,131.689785300052,-23.9247959096053,-34.5183398499798,-22.4458919890351,-1.06953432212337,-204.814482486396,0,4.34654713736588,6.27113358995535,4.07786665930951,0.194308087881055,37.2097553477941,0,9.04789831104869,5.88348539067097,0.280344820428968,53.6856818207629,0,3.82579458259038,0.182296993029858,34.9096457345197,0,0.00868635075676937,1.66342528532508,0,318.543857753209,0,0
"4FGL J2041.8-7319",1,310.460693359375,-73.3254013061523,320.73291015625,-33.7193984985352,11.0936050415039,2.18956630604339e-10,3.47576585568721e-11,3.12206727484665e-12,4.44250105452459e-13,"PowerLaw",1.87152683734894,0.10804982483387,4789.16796875,1.71904075145721,0.188217416405678,0.106713458895683,0.0901835337281227,0,"bll","SUMSS J204201-731911",0.999543428421021,0,"whsp2",310.508169937,-73.3204502,7.39999995857943e-06,"RFC J2042-7319",NA,"HSP",6456542194827264,1.73084832057191e-12,4.96984481811523,0,10,52.975700378418,17.958818,"BLL",0,-9.65964189865055,-11.50555774292,1.04507269991051,0.696342828232643,15.809999993575,-11.7617409889847,3.68026006916247,NA,93.3086816101652,111.139567640853,-10.0950280391914,-6.72642235942086,-152.718938355602,113.614206058272,-18.0782790525048,-35.5499943620124,-16.6053180682638,-1.03081379869866,-173.47575080304,0,132.377858975666,-12.0241442943697,-8.0118126190989,-181.902867841642,135.325390106032,-21.5329600945427,-42.3434447347116,-19.7785226283235,-1.227797863271,-206.626217493591,0,1.09217694809824,0.727728879564409,16.5225993788706,-12.2918744110064,1.95588160486323,3.84613932685246,1.79652255938158,0.111523322604901,18.7682704144615,0,0.484893334431036,11.0091801098841,-8.19020398520941,1.30322429103285,2.56272270519226,1.19704169871688,0.0743091517779078,12.5054941178353,0,249.956099796841,-185.953124960279,29.5888392864622,58.184911669813,27.1780342694937,1.68713978445511,283.928912464615,0,138.338551091963,-22.0124139148319,-43.2862657055919,-20.2189120681493,-1.25513606356969,-211.226965784316,0,3.50261270291733,6.88770548786123,3.21723090084866,0.199717102229604,33.6104098540652,0,13.5443141766717,6.32651703485102,0.392733281615993,66.0931207747562,0,2.95510110517057,0.183444784570633,30.8719399900033,0,0.0113877623094806,1.91644758645805,0,322.519143957124,0,0
"4FGL J2046.6-1012",1,311.671997070312,-10.2003002166748,36.8245506286621,-30.1917991638184,7.33793878555298,2.12145231937022e-10,3.89060866856639e-11,2.15202139962345e-12,4.59011734871284e-13,"PowerLaw",1.94857835769653,0.1296706199646,3294.46533203125,1.90790164470673,0.165073871612549,0.0743035152554512,0.0928756222128868,256,"bll","PMN J2046-1010",0.98426878452301,0,"crates",311.726372146,-10.1778254778,3.09999990122378e-07,"RFC J2046-1010",NA,"HSP",999999986991104,2.01158772798748e-12,6.40777015686035,0,10,27.1935997009277,17.26513,"BLL",0,-9.6733667247586,-11.6671534143755,0.865574084469882,0.806706925454853,14.9999999943503,-11.6964610225259,3.51778494178589,NA,93.5740237916669,112.860653611274,-8.37301554652435,-7.80357192932729,-145.100500816727,113.144156852738,-18.8493130459264,-34.0288238007285,-18.4558322840183,-0.718765152004675,-167.011934040631,0,136.122468794574,-10.0987856350177,-9.41197345972095,-175.007301149717,136.464405155073,-22.7343626391773,-41.042536594596,-22.2597811883328,-0.86691051171274,-201.434920429137,0,0.749218495705875,0.698264608436098,12.983611262158,-10.1241535411105,1.686638927981,3.04490348034826,1.65143021937561,0.0643151971901311,14.9442490930035,0,0.650776063576822,12.1006038772651,-9.43561611018439,1.57193165594523,2.83782147479947,1.53911746987162,0.0599411603422128,13.9278999398783,0,224.999999830509,-175.446915271807,29.2286753544391,52.7667741069139,28.6185246598219,1.11455272841198,258.976949902457,0,136.807200451468,-22.791470810135,-41.1456344572272,-22.3156972221253,-0.869088170022044,-201.940920093843,0,3.79695761608331,6.85467960459473,3.71769585348915,0.144786221727546,33.6424586608171,0,12.3748108966556,6.71158767615787,0.261383787087384,60.7350143319758,0,3.64008868587465,0.141763798963367,32.9401699230755,0,0.00552101237931707,1.28285985034235,0,298.0847139169,0,0
"4FGL J2050.0+0408",1,312.518096923828,4.14010000228882,51.3901977539062,-23.9741630554199,20.3841686248779,7.39089678347682e-10,5.55775078736609e-11,8.76313865222356e-12,6.7245449660025e-13,"PowerLaw",2.28590226173401,0.0540040247142315,1200.7099609375,2.28261661529541,0.0566428191959858,0.00416098861023784,0.0264188963919878,0,"bll","PKS 2047+039",0.999670267105103,0.983976066112518,"bllac",312.526002504,4.13024710278,1.1999999571799e-07,"RFC J2050+0407",NA,"LSP",20417379041280,1.99247562893134e-12,14.3559608459473,0.162386670708656,0.107066757977009,72.831298828125,18.348112,"BLL",0,-9.13130286275725,-11.0573403167538,1.30929300330396,1.15703226517999,13.3099999913765,-11.7006069819948,3.07943811350061,NA,83.3806919713988,100.967923288855,-11.9555509492575,-10.5652120353405,-121.537641024555,106.841786030687,-20.873265866555,-28.1192820614919,-20.8432636338242,-0.0379952472085651,-167.542167631791,0,122.264774880509,-14.4772983118765,-12.7936995135597,-147.17319952064,129.377593312502,-25.2759992388302,-34.0503952053586,-25.239668727998,-0.0460094671175362,-202.881318553914,0,1.7142481685007,1.51489424939709,17.426689862685,-15.3195228559353,2.99291583752504,4.03188677611389,2.98861396363165,0.00544795327421187,24.0230546654374,0,1.33872366266754,15.400099439568,-13.5379798003583,2.64486267187416,3.56300925594521,2.64106107293273,0.00481439807709163,21.2293575891362,0,177.156099770442,-155.735078829451,30.4253590839672,40.9873212641376,30.3816271298978,0.0553827583663834,244.213370561775,0,136.904203747105,-26.7464439638027,-36.0312950914461,-26.7079999061428,-0.0486860923849497,-214.684047373623,0,5.22534915020066,7.03929454852096,5.21783848357541,0.00951161327519214,41.9419907193489,0,9.4829390948802,7.02917660365045,0.0128135069162083,56.5018754035779,0,5.21033861242267,0.00949794173778385,41.8817053105011,0,1.7313826214529e-05,0.0763462850513682,0,336.653213964544,0,0
"4FGL J2056.7-3209",1,314.178009033203,-32.1612014770508,12.2444648742676,-39.3715858459473,5.17840242385864,1.62208593779134e-10,3.72391770198099e-11,2.66413497165829e-12,5.81205114418004e-13,"PowerLaw",2.60686850547791,0.137204051017761,680.220947265625,2.58049035072327,0.171741113066673,0.0775523632764816,0.147003695368767,0,"bll","PKS 2053-323",0.994235336780548,0.954028725624084,"bzcat",314.104459308,-32.1466113278,1.50000005305628e-07,"RFC J2056-3208",NA,"LSP",4786301173760,1.77735430539894e-12,6.3836145401001,0,10,-Inf,18.813822,"BLL",0,-9.78992614067981,-11.5744437765132,0.71419579729046,0.805066655259724,12.6800000227327,-11.7502259894475,2.83265000181281,NA,95.8426538399659,113.312949691515,-6.99192410545753,-7.88154309331683,-124.136263686371,115.033844572987,-25.5210501270931,-27.7314343001439,-25.2628099403178,-0.759231908511924,-184.185927803897,0,133.967748735665,-8.26641910116045,-9.31819873764921,-146.763947349306,136.002330076184,-30.1730529494171,-32.7863481845224,-29.8677404802813,-0.897625468479363,-217.759524960327,0,0.510075636867356,0.574975221725182,9.05600272587863,-8.39196201887654,1.86181453070119,2.02306672648952,1.84297536343514,0.0553875719220062,13.4367526033708,0,0.648132319411079,10.2082452069946,-9.45971513587038,2.09870290840702,2.28047206248089,2.07746673558678,0.0624348217104841,15.1463807501918,0,160.782400576501,-148.992865813309,33.0550927087211,35.9180020873802,32.7206177058326,0.983363968108761,238.559263387689,0,138.067810803087,-30.6312940641387,-33.2842776703094,-30.3213447845871,-0.911257794514388,-221.066660225239,0,6.79576340485263,7.38434607676776,6.72699902399014,0.202168813350842,49.0451600394674,0,8.02390603277011,7.30962599665421,0.219678701975713,53.2929729224059,0,6.65893045017591,0.200123125110746,48.5488861312252,0,0.00601436904976737,1.45905635836306,0,353.959898247684,0,0
"4FGL J2103.8-6233",1,315.954711914062,-62.5563011169434,332.698852539062,-38.9496994018555,47.6014022827148,1.74774106298514e-09,6.96732185834215e-11,1.45318123853655e-11,8.46172687040542e-13,"LogParabola",2.00543403625488,0.0264945346862078,1231.86315917969,1.85792791843414,0.0442060418426991,0.107954569160938,0.0209721587598324,0,"bll","PMN J2103-6232",0.97534716129303,0.950423657894135,"whsp2",315.909974288,-62.5405325694,1.01986518075137e-06,"RFC J2103-6232",NA,"ISP",851138031124480,3.26487838500644e-12,39.8529396057129,0.217006117105484,0.0657188221812248,93.4588012695312,16.192255,"BLL",0,-8.75752290994343,-10.837680217782,1.67761974672627,1.60046036105095,14.9299999963885,-11.4861329913274,3.09056246715157,NA,76.6942075181841,94.9112327978666,-14.6917933661288,-14.01606827836,-130.749817013828,100.590072818207,-17.5626345168824,-27.0656716106912,-16.2708463107105,-0.945414612659987,-141.804044126146,0,117.455312502903,-18.1815063420557,-17.3452775943061,-161.806565612345,124.483036298922,-21.7342527827862,-33.4945277120681,-20.1356286476786,-1.16997709861468,-175.486481694782,0,2.81440801460591,2.68496390555173,25.0468628125645,-19.2693635197749,3.36435573997815,5.18478862338453,3.11689656395915,0.181106716973716,27.1644467320272,0,2.56147336729534,23.8948731847106,-18.3831005543791,3.20961768172835,4.94632272202792,2.97353998714374,0.172777008736415,25.915062283529,0,222.904899892161,-171.487965519036,29.9411301540427,46.1420976234114,27.7388638155118,1.61176171718293,241.750367091522,0,131.93125109446,-23.034682045758,-35.4986115157079,-21.3404071594346,-1.23998053840399,-185.986394359486,0,4.02176567376954,6.19791916279761,3.72595188453601,0.216495767364577,32.4724993007183,0,9.551576363366,5.7420422913856,0.333640339606313,50.0431755615473,0,3.45189615009702,0.200571807966636,30.0840426269048,0,0.0116541890027237,1.74802791226904,0,262.189121985025,0,0
"4FGL J2104.3-0212",1,316.078704833984,-2.20880007743835,47.3758430480957,-30.3171768188477,10.09743309021,1.85256227025477e-10,3.6555050653142e-11,2.61011156264812e-12,5.15368021695994e-13,"PowerLaw",1.66219830513,0.111939176917076,7777.89208984375,1.57459104061127,0.154581442475319,0.0890820324420929,0.0792787671089172,0,"bll","NVSS J210421-021239",0.999418020248413,0.94307404756546,"bzcat",316.091373921,-2.21083865833,4.59999995428007e-07,"RFC J2104-0212",NA,"HSP",3548133954945024,1.64862546357669e-12,10.5143003463745,0.160213619470596,0.639433681964874,113.861999511719,18.096605,"BLL",0,-9.73222718514431,-11.5833409294407,1.00421098403575,1.02178037870391,15.5500000076634,-11.7828779966157,3.89086191346939,NA,94.716245983262,112.731705488298,-9.77320943845325,-9.94419877886924,-151.336132803576,114.673645557902,-16.176891532287,-37.8667520879094,-15.3242777309217,-0.866966577840844,-176.120271139818,0,134.173787087656,-11.6321181931752,-11.8356304815404,-180.120951541571,136.485092964805,-19.2538096606593,-45.0691800530919,-18.2390248478431,-1.03186755246426,-209.619145380421,0,1.00843970045805,1.02608307956667,15.6154808094516,-11.8324955077546,1.66919779565715,3.90724627087232,1.58122161834612,0.0894571554585787,18.1728095147563,0,1.04403514230431,15.8886848966761,-12.039513541604,1.69840161369673,3.97560635942937,1.60888622977957,0.0910222728443957,18.4907559101551,0,241.802500238332,-183.223752937671,25.8471836575096,60.5029027842662,24.484890693572,1.38522560515722,281.402207888682,0,138.83621388313,-19.5854798355282,-45.8455512280885,-18.5532141260868,-1.04964271995574,-213.230088867946,0,2.76290320557704,6.46738407806369,2.61728255897694,0.148072003342782,30.0801461596071,0,15.1388064296867,6.12651630920452,0.346605887203384,70.4113911575997,0,2.47933694517328,0.140267770162762,28.4947520984811,0,0.00793560850401409,1.61208235370174,0,327.487112526025,0,0
"4FGL J2108.9-6638",1,317.243804931641,-66.6414031982422,327.523864746094,-38.1622352600098,26.1716136932373,7.22661486207699e-10,4.52167261966174e-11,7.44675068137246e-12,5.37855513165625e-13,"PowerLaw",2.11656475067139,0.0484812892973423,1607.78405761719,2.11124491691589,0.0539821796119213,0.00625423062592745,0.0251977015286684,0,"bll","PKS 2104-668",0.99946790933609,0.945272445678711,"bzcat",317.215919925,-66.6229845694,7.50000026528141e-07,"RFC J2108-6637",NA,"ISP",109647822323712,1.59670247943527e-12,9.72802639007568,0.0281621515750885,0.310106664896011,57.0984001159668,18.295465,"BLL",0,-9.14106509011827,-11.128033186175,1.417830501259,0.988024740079225,14.0400000107314,-11.7967760003155,3.20622771799267,NA,83.5590709817789,101.722075679822,-12.9604808987635,-9.03159845971138,-128.340553963357,107.835097272429,-19.3476561533371,-29.3083362639124,-19.2990272067095,-0.0571703292402139,-167.240036418981,0,123.833122592612,-15.7776648703813,-10.9947720963635,-156.237586053316,131.274914821384,-23.5532027861594,-35.6790084482566,-23.4940034995833,-0.0695972859593127,-203.592541676503,0,2.01024333030035,1.40085161248282,19.9063402528917,-16.7258288297675,3.00093006139155,4.54588745255205,2.99338743883137,0.00886743894334811,25.9398683117165,0,0.97619288700862,13.8718673613152,-11.6555065414846,2.09121833764295,3.16783230770451,2.08596221027941,0.0061793345885775,18.0763720512536,0,197.121600301338,-165.626735171026,29.71656912214,45.0154371950244,29.6418786561557,0.0878093980551381,256.868328796336,0,139.16392400162,-24.968640253834,-37.8231501951623,-24.9058833666615,-0.0737797577483791,-215.827502426612,0,4.47984634378464,6.78618857052885,4.46858657117832,0.0132374840854075,38.7235363161421,0,10.2798961796245,6.76913197208686,0.0200524875875672,58.6594269965648,0,4.45735509920318,0.013204212618209,38.6262074838626,0,3.91154007222889e-05,0.114424057518584,0,334.724039566225,0,0
"4FGL J2112.7+0819",1,318.185211181641,8.31949996948242,58.697437286377,-26.3094635009766,15.8536834716797,4.78078965304718e-10,5.30891580696746e-11,6.03756974970615e-12,6.89950375477866e-13,"PowerLaw",1.90694236755371,0.0771121010184288,3971.91967773438,1.75478422641754,0.132708862423897,0.136828973889351,0.0698482468724251,0,"bll","1RXS J211242.5+081831",0.999375283718109,0.981298804283142,"whsp2",318.179194788,8.30979141667,6.70000019908912e-07,"RFC J2112+0818",NA,"HSP",10000000272564224,2.29045623613422e-12,26.3623561859131,0.502522647380829,0.174640342593193,66.8641967773438,18.4368,"BLL",0,-9.32050036413323,-11.2191378389754,1.20013018299355,1.42098422355514,16.0000000118373,-11.6400780018958,3.59900045737887,NA,86.8717270378077,104.567978313431,-11.1858138075987,-13.2442839730733,-149.128005936461,108.491351255209,-17.7736570311654,-33.5444850735154,-16.3554670212999,-1.27531450095967,-171.840201113452,0,125.86905384993,-13.4644259477194,-15.9422178710745,-179.506205556411,130.591639559694,-21.3942492725672,-40.3776822138691,-19.6871661138382,-1.53510311843019,-206.845000509622,0,1.44031245613213,1.70536605624618,19.2020829421031,-13.9696089424744,2.28857909253039,4.31926907750797,2.10596951476468,0.164212581472647,22.1265601578155,0,2.0191961635926,22.7357475937029,-16.5403672016452,2.70973501952271,5.11412287050311,2.49352070148273,0.194431813222006,26.1984019328414,0,256.000000378794,-186.24124816812,30.5110779034324,57.5840073606644,28.0765476434525,2.1892635838493,294.988800218242,0,135.491415890219,-22.196957903445,-41.8926460527487,-20.4258252719965,-1.59269992899141,-214.605790105352,0,3.63642919317135,6.86308645302095,3.34627238727057,0.260924967418504,35.1579150421142,0,12.9528042922133,6.31546923347795,0.492447539610456,66.3540516326028,0,3.0792676812838,0.240105325097931,32.3526058256149,0,0.0187221680956127,2.52268842580319,0,339.91559424,0,0
"4FGL J2115.2+1218",1,318.81689453125,12.3027000427246,62.6391181945801,-24.4202518463135,11.9151172637939,3.5307751167224e-10,4.52776774406694e-11,3.85257017260221e-12,5.46710246518423e-13,"PowerLaw",2.00991630554199,0.0965118482708931,3190.12744140625,2.03253436088562,0.090893417596817,-0.023672079667449,0.0350746959447861,0,"bll","NVSS J211522+121802",-Inf,0,"rfc",318.841663042,12.3007799667,1.99999999495049e-06,"RFC J2115+1218",NA,"ISP",758577593581568,5.0804125446488e-13,21.294361114502,0.541329622268677,0.21143713593483,119.158996582031,18.085812,"BLL",0,-9.45212994278149,-11.4142494420849,1.0760983208552,1.3282646146559,14.8800000106215,-12.2941010202771,3.50380803289855,NA,89.3427604552264,107.888968925908,-10.1714211599323,-12.5549297361261,-140.647693648984,116.205440373342,-18.9979900940982,-33.1184488215187,-19.2117788922592,0.223751573032604,-170.949445144717,0,130.285090326135,-12.28285465845,-15.1611436367772,-169.84403181946,140.327935711633,-22.94168606917,-39.9933388846849,-23.1998541947571,0.270199022137169,-206.435969530652,0,1.15798759614738,1.42934332148259,16.0123430257552,-13.2296614643444,2.16286756145322,3.77044194080109,2.18720681282951,-0.0254734851812924,19.4621119245028,0,1.76428688654699,19.764577480188,-16.3298193542391,2.66970070707134,4.65398422664624,2.69974346963661,-0.0314427857775879,24.0227441069191,0,221.414400316096,-182.936223312305,29.9075546478131,52.1366635667461,30.2441113115666,-0.352240545703074,269.116882752098,0,151.144919896778,-24.7101141026354,-43.0761699121132,-24.9881827599122,0.291026938791666,-222.34879976174,0,4.03976355528356,7.0423608968118,4.08522395351838,-0.0475788989096948,36.350968437767,0,12.2766707314044,7.12161022081336,-0.0829424228942222,63.369213367093,0,4.13119592818072,-0.0481143153177119,36.7600343345175,0,0.000560367355782052,-0.428128782514505,0,327.096595699344,0,0
"4FGL J2127.7+3612",1,321.931091308594,36.2125015258789,83.3504180908203,-10.5565929412842,26.9552574157715,1.24524879296928e-09,7.6458714359795e-11,1.08937138823539e-11,9.67737175117112e-13,"LogParabola",1.99067211151123,0.0416945703327656,1863.234375,1.8121030330658,0.0703335553407669,0.12740121781826,0.0364690981805325,0,"bll","B2 2125+35",0.999971866607666,0.977681696414948,"bzcat",321.929285483,36.2182592694,2.60000007301642e-07,"RFC J2127+3613",NA,"HSP",3801894044565504,3.7213196933672e-12,49.3550682067871,0.417404234409332,0.118708722293377,37.6450996398926,17.69793,"BLL",0,-8.90474387056087,-10.9628240354285,1.430643483585,1.69333175642254,15.5800000092938,-11.4293030187446,3.27026748794349,NA,79.2944634002914,97.6211401335193,-12.7395137914114,-15.0786855788297,-138.735909586097,101.775016000949,-17.7264252832761,-29.1208943683593,-16.1363133765174,-1.13447521346914,-157.595533689115,0,120.183510831769,-15.6838927679748,-18.5636980792634,-170.800798573862,125.297437842089,-21.8233880707325,-35.8513670191073,-19.8657666855666,-1.39667713284088,-194.019292381331,0,2.04674077712422,2.42255404287345,22.2894254875504,-16.3512578856853,2.84794208428793,4.67858687120624,2.5924733958402,0.182265722072487,25.3194282274435,0,2.86737243730904,26.3821087808007,-19.3536017554162,3.37086830304668,5.53764778933088,3.06849161179992,0.215732527938565,29.9684668919432,0,242.736400289595,-178.068541138263,31.0146715158459,50.9507674925528,28.2325652720065,1.98491097479253,275.733749564481,0,130.628967494284,-22.751994773426,-37.3768780720549,-20.7110746660952,-1.45610712340198,-202.275004774531,0,3.96277545554858,6.51003028543099,3.607302971109,0.253614051283378,35.2307756824779,0,10.6946494427002,5.92606163383887,0.416636060555463,57.8769650828997,0,3.28371740244627,0.230864133224746,32.0704726319862,0,0.0162310703015757,2.25473783486232,0,313.2167262849,0,0
"4FGL J2133.9+6646",1,323.479309082031,66.7776031494141,105.180938720703,10.9864311218262,19.9752998352051,8.85693296481804e-10,6.48486819798677e-11,1.08313601143717e-11,8.4910957388537e-13,"PowerLaw",2.08924460411072,0.0543475784361362,2905.56127929688,2.01020979881287,0.0786469727754593,0.083013691008091,0.0394889041781425,0,"bll","NVSS J213349+664706",0.998295485973358,0.891423463821411,"rfc",323.454819921,66.7845500889,2.3999999143598e-07,"RFC J2133+6647",NA,"HSP",2454708832698368,1.27032835205848e-12,52.8542175292969,0.537562310695648,0.151556089520454,65.2133026123047,19.78981,"BLL",0,-9.05271664234036,-10.965317004771,1.30049330692459,1.72307964777628,15.3899999853178,-11.8960840089213,3.46323003929289,NA,81.9516786065061,99.2659077376282,-11.7729974028485,-15.5985518035023,-139.321308992704,107.691877686241,-18.9133393975529,-31.3516402129598,-18.1978597003089,-0.751499422131046,-179.151542335754,0,120.23817701512,-14.2603213730111,-18.8941145623361,-168.756228542431,130.444332273209,-22.9092293845813,-37.9754152412921,-22.0425876900801,-0.910271437639826,-217.001540114187,0,1.69128284135566,2.24085354923103,20.0145919744753,-15.4707776322148,2.71704862417431,4.50390748644059,2.61426438887036,0.107958749539128,25.7365154503093,0,2.96900347258083,26.5181957539784,-20.4979002440091,3.59993485656959,5.96742119627303,3.46375159209491,0.14303920146283,34.0994188443595,0,236.852099548082,-183.080732722638,32.1534744265893,53.2991102538697,30.9371287742158,1.2775807033957,304.565175609442,0,141.516814747313,-24.8538293256866,-41.198875489648,-23.9136246422347,-0.987537842122885,-235.421242280591,0,4.36494301580576,7.23553467238683,4.19981997530028,0.173435906005969,41.3457537588764,0,11.9939623050606,6.96181896052965,0.287495508371799,68.5366644638988,0,4.04094343524328,0.166874935100088,39.7816699786449,0,0.00689127289478681,1.64282517244883,0,391.6365798361,0,0
"4FGL J2134.5-2130",1,323.641387939453,-21.5028991699219,28.9440612792969,-45.0726890563965,23.8087215423584,7.76856357020961e-10,5.33109771605478e-11,9.86397682284368e-12,7.00247422980721e-13,"PowerLaw",1.99624645709991,0.0496108755469322,2061.34741210938,1.92814838886261,0.0656696036458015,0.0714050829410553,0.0338290520012379,0,"bll","NVSS J213430-213032",0.999559760093689,0.821180105209351,"bzcat",323.625749008,-21.5091111639,4.49999987495175e-07,"RFC J2134-2130",NA,"ISP",144543970230272,8.19726556598732e-13,43.384952545166,0.430388957262039,0.126573011279106,152.287994384766,18.868101,"BLL",0,-9.10965927607712,-11.0059479568627,1.37673607570703,1.63733912675305,14.1599999794357,-12.0863309948909,3.31415119238427,NA,82.9858921262179,100.260435897256,-12.5415965627746,-14.9156015641099,-128.992775161918,110.102357261346,-18.1851250552563,-30.1907881520254,-17.5647748562554,-0.65047597617304,-171.88197129661,0,121.13089042917,-15.152285599567,-18.0204692167791,-155.844222842846,133.021529919186,-21.9705846159132,-36.4753755445557,-21.2211008209306,-0.785880626704719,-207.661337650829,0,1.89540222215319,2.25418384396757,19.4945828036999,-16.6396879036023,2.74830451349179,4.56271150690289,2.65455144626354,0.0983059536738035,25.9763953267839,0,2.68087941599644,23.1847220011525,-19.789422636823,3.26853243085184,5.42638941926604,3.15703279927061,0.116914336148437,30.8934800148283,0,200.505599417619,-171.142446639108,28.2668497914833,46.9283808160081,27.3025811466435,1.01109597297695,267.172309771991,0,146.07939691806,-24.1272954278878,-40.0559282782686,-23.3042396350591,-0.863025467143232,-228.046113931032,0,3.98499991748394,6.61586257609054,3.84905939002989,0.142542143840007,37.6653797734533,0,10.9835981259821,6.39017528204283,0.236647240771396,62.5317394271768,0,3.71775620947348,0.137679595629397,36.380498544047,0,0.00509868586981899,1.34727831684521,0,356.005235346201,0,0
"4FGL J2139.4-4235",1,324.854614257812,-42.5895004272461,358.316223144531,-48.3289833068848,96.85205078125,5.6190003761003e-09,1.25089300029302e-10,4.24327205317265e-11,1.44800209149476e-12,"LogParabola",2.01223564147949,0.0138141168281436,854.709289550781,1.92922282218933,0.0207424871623516,0.0491406656801701,0.00863565877079964,0,"bll","MH 2136-428",0.999986588954926,0.961798906326294,"bllac",324.850722792,-42.5890182306,7.59999977617554e-07,"RFC J2139-4235",NA,"ISP",251188645724160,6.77296760343005e-12,807.389587402344,0.557047843933105,0.132611468434334,152.074005126953,15.36574,"BLL",0,-8.25034093883618,-10.3722991229814,1.98610882106495,2.907083144179,14.400000004449,-11.1692210017132,2.93181842418696,NA,68.0681256070363,85.575004084188,-16.3860749154158,-23.9844270770206,-118.804909555947,92.1498812853433,-16.6016300914835,-24.1885015703039,-15.9167460300457,-0.405427245822769,-126.772593777513,0,107.584589096601,-20.6005147828776,-30.1531359468019,-149.361107417079,115.850501200455,-20.8715099793496,-30.4096976699351,-20.0104761866301,-0.509701683537151,-159.37805152596,0,3.94462824911201,5.77378347622314,28.5999670321715,-22.1832883559265,3.9965189576037,5.82291043403846,3.83164646495005,0.0975987095803895,30.5180317561905,0,8.45113240716966,41.8619972891112,-32.4698541076905,5.84973631546124,8.52303992274735,5.60841114775204,0.142856000892558,44.669483751837,0,207.360000128131,-160.836782474362,28.9761932462571,42.2181853213359,27.7808086481095,0.707625586013076,221.266656068362,0,124.751497785111,-22.4751045872086,-32.7461279166387,-21.5479160625815,-0.548862955153123,-171.623345914865,0,4.04909227684037,5.89950952749524,3.88205092316502,0.0988825989276662,30.9194896857071,0,8.59555927240211,5.65613101445664,0.144071509017935,45.0495596332665,0,3.72190069765616,0.0948032937277601,29.6439362878275,0,0.00241480502349025,0.755082692268417,0,236.1059657476,0,0
"4FGL J2144.2+3132",1,326.064605712891,31.5457000732422,82.6002044677734,-16.3017406463623,18.6299915313721,6.48405718006728e-10,5.28070330518826e-11,6.46884629196265e-12,6.31597042461546e-13,"PowerLaw",2.11227440834045,0.0607408136129379,1961.05578613281,2.0643253326416,0.0777959376573563,0.0573211573064327,0.0401166900992393,0,"bll","MG3 J214415+3132",0.99813312292099,0.92147296667099,"wise",326.063383754,31.5608677528,2.90000002678426e-07,"RFC J2144+3133",NA,"ISP",245470886625280,1.51716215545522e-12,26.5636920928955,0.39779269695282,0.137267202138901,85.0098037719727,17.94947,"BLL",0,-9.18815316395335,-11.1891731681276,1.27021265747922,1.42428843756848,14.3899999912543,-11.8189679990051,3.29248994821396,NA,84.422158564266,102.807836846754,-11.6709084477113,-13.086580314027,-132.217523948932,108.594488214722,-19.407900788131,-30.2519019349667,-18.96733733654,-0.526675572866567,-164.922479571786,0,125.197596186347,-14.2126293848825,-15.9366099693156,-161.012201791499,132.244479609427,-23.6346041335256,-36.8402401848855,-23.0980936222795,-0.641376355299158,-200.839728106111,0,1.61344019522042,1.80914920130079,18.2783601300171,-15.0126027506781,2.68303768954347,4.18216240684447,2.62213216667636,0.0728100595519883,22.7996439890435,0,2.02859755339126,20.495510604154,-16.8336194649748,3.0084880167711,4.68945536405159,2.94019470266114,0.0816418615795961,25.5652225814823,0,207.072099748299,-170.074949402318,30.3956287175458,47.3789303260038,29.7056415186586,0.824851453138253,258.292873143019,0,139.688004561507,-24.9649036372932,-38.9138333349867,-24.3981950460266,-0.677476923870665,-212.144211529102,0,4.46170317613,6.95464225733052,4.36042157062774,0.121078013634835,37.9142061242747,0,10.84049005909,6.79677040756591,0.188729334251421,59.098449550768,0,4.26143907898585,0.118329517124003,37.0535456284904,0,0.0032857150749488,1.02888439343709,0,322.1834732809,0,0
"4FGL J2149.6+0323",1,327.423614501953,3.39590001106262,60.5515022277832,-36.61279296875,16.2834091186523,5.19980836166667e-10,4.74872779987479e-11,7.11509887466044e-12,5.98311168404503e-13,"PowerLaw",2.15655207633972,0.073180690407753,1798.42016601562,2.11440944671631,0.0949456915259361,0.0527608692646027,0.0523646771907806,0,"bll","PKS B2147+031",0.99902755022049,0.947704613208771,"bzcat",327.4244575,3.38095382778,1.80000000682412e-07,"RFC J2149+0322",NA,"LSP",57543992803328,3.13267250681704e-12,43.2850761413574,0.657516837120056,0.192674860358238,21.343900680542,18.089148,"BLL",0,-9.28401266194296,-11.1478190603835,1.21174533460857,1.63633818580716,13.7599999929782,-11.5040850043894,3.25489116374006,NA,86.1928911071172,103.496493309649,-11.2498590295563,-15.1917844362544,-127.748014163145,106.804070844819,-20.0214567828773,-30.218450777409,-19.630204075846,-0.489832578307689,-167.93987907576,0,124.27386980305,-13.5083177374802,-18.2416020169744,-153.393990192599,128.245458084204,-24.0408523413295,-36.2849377546153,-23.571053931559,-0.58816862403034,-201.654548860498,0,1.46832675594564,1.98282516249368,16.6736157957053,-13.9400213330093,2.61319191734508,3.94409918232068,2.56212578251078,0.063932737181275,21.9194406960439,0,2.67760265833067,22.5160134252165,-18.8245735854539,3.5288485121964,5.32610270187417,3.45988891809329,0.0863346250940487,29.5999636211172,0,189.33759980676,-158.296209579619,29.6741565552917,44.787302390208,29.0942739719695,0.725989560710457,248.906676352982,0,132.343971788217,-24.8091584026046,-37.4445446277016,-24.3243460091084,-0.606965524925466,-208.099096248981,0,4.65071685796516,7.01934229742343,4.55983408254838,0.113781562162067,39.0101896786165,0,10.5943164877931,6.88217262464543,0.1717308871606,58.8782079847862,0,4.47072730836317,0.11155808039004,38.2478654142494,0,0.0027837093255565,0.95439917273605,0,327.217275365904,0,0
"4FGL J2200.1+2138",1,330.030700683594,21.6382007598877,78.2529602050781,-26.0126667022705,14.1341724395752,4.34955294004169e-10,4.62381834209769e-11,3.35504562500033e-12,5.1704842664313e-13,"PowerLaw",2.04395699501038,0.0778423473238945,2429.052734375,1.97681152820587,0.112668342888355,0.0637538805603981,0.0547401495277882,0,"bll","TXS 2157+213",0.999457538127899,0.919032156467438,"bllac",330.059155833,21.6325108333,1.80000000682412e-07,"RFC J2200+2137",NA,"LSP",39810718760960,1.06431703728038e-12,43.3922004699707,0.618644237518311,0.182836651802063,27.8957004547119,17.775606,"BLL",0,-9.36155537882711,-11.4743015695185,1.15027038548579,1.63741167427612,13.6000000186065,-11.9729289857324,3.38543694337634,NA,87.6387191108468,107.41730957641,-10.76831991435,-15.3287200666739,-127.317153326234,112.085237746698,-19.1346166007307,-31.6929554269448,-18.5060305948031,-0.596835483481296,-166.407319961211,0,131.659596508255,-13.1985492895503,-18.7881553440944,-156.050501558948,137.380997852723,-23.4529789558759,-38.8455244328891,-22.6825316207349,-0.731531251777071,-203.962663824942,0,1.32312195972563,1.88346615776853,15.6436772640093,-13.7721056398124,2.35110320056697,3.89416785789534,2.27386775858212,0.0733342007684241,20.4467531658635,0,2.68111699105573,22.2687988006217,-19.6046136965172,3.34679904534833,5.54335397361008,3.23685427412791,0.104391348310001,29.1059847817326,0,184.960000506097,-162.831834428735,27.7978151701721,46.0419424929094,26.8846368203814,0.867052776807651,241.748241930742,0,143.351028497391,-24.4721519511503,-40.5335961087199,-23.668224045386,-0.763320684514512,-212.826068316359,0,4.17776019745186,6.91968752158063,4.04051775089355,0.130310190130482,36.3325742242485,0,11.4611832975773,6.69237077768039,0.215834742532774,60.1781932433021,0,3.90778381804763,0.126029406059655,35.1390228616454,0,0.00406455728650951,1.1332638618127,0,315.972168667236,0,0
"4FGL J2212.6+2800",1,333.168792724609,28.0084991455078,85.1633148193359,-22.9860382080078,15.4166784286499,4.89129459158022e-10,4.62162808023692e-11,5.37573804915148e-12,5.6525107944988e-13,"PowerLaw",2.16579079627991,0.0667422711849213,1636.55883789062,2.11131429672241,0.0877184420824051,0.0775734111666679,0.047583993524313,0,"bll","MG3 J221240+2759",0.997087836265564,0.943672597408295,"crates",333.162929671,27.9940137333,1.39999997372797e-07,"RFC J2212+2759",NA,"LSP",70794575085568,4.35126977851863e-13,9.49861240386963,0.0286180302500725,0.711827099323273,51.2056007385254,19.123985,"BLL",0,-9.31057617981931,-11.2695619018924,1.18799081369566,0.977660166409124,13.8499999794317,-12.3613839896354,3.21393162376677,NA,86.6868288002187,104.926114600759,-11.060878971839,-9.10257945732697,-128.951479898995,115.091607323499,-20.1647601983156,-29.9235552198109,-19.6575525991756,-0.722253154195707,-178.055319204222,0,127.003025460585,-13.3881360138228,-11.017801764362,-156.083432109414,139.307382064258,-24.4075134452253,-36.2196013824892,-23.7935871612636,-0.874218359083715,-215.518932768362,0,1.41132217342528,1.16145129661021,16.4536727452499,-14.6852106242515,2.57293957036714,3.8181212448809,2.50822198933054,0.0921564998530378,22.7191185012536,0,0.955819400983116,13.5405932846576,-12.085232728354,2.11740739029837,3.14213292611937,2.06414788667559,0.0758404340701279,18.6967583575056,0,191.822499430258,-171.205168002198,29.9962024839301,44.5129529230647,29.2417029661792,1.0743917430628,264.867191856652,0,152.803814139214,-26.7721716740342,-39.7286429178135,-26.0987667445927,-0.958914722817052,-236.398921997028,0,4.69064977325077,6.96070353062702,4.57266507189559,0.168007779940807,41.4185507011951,0,10.3293564822481,6.78561978594705,0.249315639312016,61.4631801639414,0,4.45764805954444,0.163781852041712,40.3767429408049,0,0.00601763412003292,1.48351275155019,0,365.726802280225,0,0
"4FGL J2223.3+0102",1,335.847595214844,1.04760003089905,65.220085144043,-44.6045379638672,6.48081970214844,1.6153776927208e-10,3.62130013475959e-11,1.79713177932833e-12,4.33208969998627e-13,"PowerLaw",1.89925336837769,0.152613773941994,4374.87060546875,1.7880539894104,0.27161169052124,0.123042471706867,0.151530832052231,0,"bll","SDSS J222329.56+010226.6",0.995817005634308,0,"bzcat",335.873212313,1.04073617778,5.39999973625527e-07,"RFC J2223+0102",NA,"LSP",15135612600320,7.03320051937545e-13,12.2715253829956,0.180405959486961,1.01588082313538,12.0228996276855,19.226076,"BLL",0,-9.79172591872791,-11.745420075959,0.811629939451729,1.08889855003287,13.1800000033272,-12.1528470004997,3.64096521252132,NA,95.8778964674879,115.007934184115,-7.94725791454506,-10.6621961552221,-129.054947641413,118.997346961128,-18.5969684333751,-35.6513334406317,-17.5081345921947,-1.20479815931647,-188.256466684633,0,137.954892760741,-9.53293458508572,-12.7895708902387,-154.804636640219,142.740293139727,-22.3075286422761,-42.7646659030162,-21.0014452241195,-1.44518551738145,-225.818339032314,0,0.658743158614417,0.883782664232254,10.6972826046742,-9.8636144751817,1.54149089637988,2.95511637498453,1.45123815116159,0.0998649538614355,15.6044588997743,0,1.18570005226369,14.3516828930562,-13.2332174776154,2.06809423897151,3.96464174063459,1.94700939644947,0.133980769034068,20.9352462792218,0,173.712400087705,-160.174523507021,25.0321594015372,47.9879215131452,23.5665515863783,1.62169977750589,253.399681743969,0,147.691690217555,-23.0813356010778,-44.2480931619135,-21.7299465619377,-1.49531633321687,-233.651560047979,0,3.607163357294,6.91511544402711,3.39596756222887,0.233688828842784,36.5151896036855,0,13.2566276787904,6.51024237355323,0.447993359147342,70.001473889291,0,3.19713706904645,0.22000658240238,34.3772618925075,0,0.0151394498437352,2.36562391226407,0,369.641998357776,0,0
"4FGL J2234.1-2656",1,338.542510986328,-26.9375,25.2904815673828,-59.5287666320801,32.8686637878418,1.16345599820988e-09,6.49555964571391e-11,9.90434383812966e-12,6.42174085175445e-13,"LogParabola",2.05328965187073,0.0377716086804867,1165.63708496094,1.95464241504669,0.0561038330197334,0.0715772286057472,0.0269284807145596,0,"bll","PMN J2234-2656",0.999633073806763,0.9451944231987,"cgrabs",338.53499715,-26.9457159667,9.99999997475243e-07,"RFC J2234-2656",NA,"LSP",39810718760960,1.51511984382291e-12,208.475296020508,0.75392097234726,0.185492217540741,53.9608001708984,17.85021,"BLL",0,-8.93425003704077,-11.004174291142,1.51678204903561,2.3190545991773,13.6000000186065,-11.8195530137277,3.06656335614156,NA,79.820823724363,98.3140445682385,-13.5513100777792,-20.7190136385994,-121.50580066999,105.598841950702,-18.3446031482815,-27.3974437781956,-17.4632640690323,-0.639488857322173,-159.478239353686,0,121.091851829831,-16.6909340292633,-25.5192810000215,-149.65677056428,130.064421406452,-22.5947571993838,-33.7449976458111,-21.5092258120325,-0.787648298854557,-196.426821973486,0,2.30062778427666,3.5175003867656,20.6282358951063,-17.9276858388469,3.1143928854281,4.65130825082591,2.96476652742643,0.108567055468916,27.0748780995159,0,5.37801423396539,31.5391425919608,-27.4101887767051,4.76169081061397,7.11152785472866,4.53292248236105,0.165991501194523,41.3956115967806,0,184.960000506097,-160.745921206617,27.9247393036465,41.7052617005832,26.583136881004,0.973450310369964,242.76285633213,0,139.70183344432,-24.2689658928246,-36.2454081578699,-23.1029996475251,-0.846010848081336,-210.981503401172,0,4.21599839447942,6.29654280597144,4.01344704392298,0.146968782805766,36.6516514767194,0,9.40381081723019,5.99403480434222,0.219496106376552,54.7387998854316,0,3.82062697069956,0.139907886984287,34.8907775834906,0,0.00512329965487939,1.27766856183059,0,318.6299970441,0,0
"4FGL J2235.3+1818",1,338.835601806641,18.3110008239746,83.1682891845703,-33.8498153686523,10.0614433288574,2.98753494165638e-10,4.08146953734256e-11,2.66183039152046e-12,4.95691703829293e-13,"PowerLaw",2.1761999130249,0.100495301187038,1836.09899902344,1.93786907196045,0.247125804424286,0.25939279794693,0.150536462664604,0,"bll","2MASS J22352860+1816356",-Inf,0,"rfc",338.869201037,18.2765307806,2.90000002678426e-07,"RFC J2235+1816",NA,"ISP",101157947047936,9.06325090931775e-13,18.2352466583252,0.436614692211151,0.219557702541351,-Inf,17.82455,"BLL",0,-9.52468700658613,-11.5748196206771,1.00266028537163,1.26091164215625,14.0050000069634,-12.042715996723,3.26389609384261,NA,90.7196625734307,110.246534044641,-9.55002539209911,-12.0097887344988,-133.393241593563,114.703100577995,-20.7276230353221,-31.0875887158699,-18.4575963701668,-2.47063521220715,-169.773259783245,0,133.976449251212,-11.6056119439932,-14.5948248155703,-162.105348868183,139.392265405111,-25.1891214517964,-37.7790085468608,-22.4304849564311,-3.00242484713846,-206.31595106974,0,1.00532764786152,1.2642660269528,14.0422573036116,-12.0747530579238,2.18198922581926,3.27257898887558,1.94302435670472,0.260082856812814,17.8719683896209,0,1.58989816932517,17.6590675571785,-15.1848008034493,2.74399580599252,4.11548458351446,2.44348167380946,0.327071398822768,22.4751826111962,0,196.140025195045,-168.658237617964,30.4776797970675,45.7108648169936,27.1398563663003,3.63279613705301,249.632822874119,0,145.027008577728,-26.2073575046522,-39.3061737009601,-23.3372068724529,-3.12379379727023,-214.655993419389,0,4.73584606144958,7.1028903955426,4.21719050585398,0.564490584331395,38.789784159708,0,10.653017711401,6.32500329435012,0.84663113998989,58.1774791195023,0,3.75533654006086,0.502669280630642,34.5416441666126,0,0.0672846236267368,4.62355989664495,0,317.7145827025,0,0
"4FGL J2235.8-3627",1,338.970794677734,-36.4604988098145,6.34265804290771,-59.9019317626953,26.6938285827637,7.32339522357961e-10,4.80491826881924e-11,8.97304106017849e-12,5.47886009564374e-13,"PowerLaw",2.22932744026184,0.0446264035999775,1006.13433837891,2.16498970985413,0.0597980134189129,0.0767984390258789,0.0332970358431339,0,"bll","NVSS J223554-362901",0.998903751373291,0.963823199272156,"bzcat",338.978468454,-36.4841329111,2.90000002678426e-07,"RFC J2235-3629",NA,"ISP",100000000376832,1.28372800670823e-12,38.774715423584,0.318807572126389,0.0971419140696526,14.5769996643066,18.601652,"BLL",0,-9.13528752754715,-11.0470603449351,1.42641086727281,1.5885486191118,14.0000000016366,-11.8915269838208,3.00265597129801,NA,83.4534782109585,100.918072585146,-13.030673404955,-14.5118483870743,-127.894025400611,108.632518138789,-20.3655471598426,-27.4301256441137,-19.7778034936984,-0.701575822168202,-169.931439507373,0,122.037542264638,-15.7576469274339,-17.5487924561914,-154.658844847171,131.366416183692,-24.6275147611922,-33.1705217100088,-23.9167719709221,-0.848396990315703,-205.493572159483,0,2.03464796227397,2.26592301349229,19.9697521441538,-16.9622033181899,3.17993688749896,4.28302110814108,3.08816484966974,0.109546128016102,26.533598562027,0,2.52348671528201,22.239680670165,-18.8902687692792,3.54139502677599,4.76986499687325,3.43919141398003,0.121998054264502,29.5496285977983,0,196.000000045825,-166.481377792953,31.2105841673143,42.0371836030863,30.309855941501,1.07517814648799,260.423128030443,0,141.408414006938,-26.5101074116458,-35.7061645058209,-25.7450335544248,-0.913250709991555,-221.202046701644,0,4.96990083590441,6.69390335048072,4.82647096806233,0.171208867489668,41.4691732378015,0,9.0159428819716,6.50071928009225,0.230599291527421,55.8543614538076,0,4.68718044377427,0.166267830223888,40.2723851662875,0,0.00589800023681164,1.42857783690262,0,346.021457129104,0,0
"4FGL J2243.9+2021",1,340.989501953125,20.3565006256104,86.5817413330078,-33.3669128417969,78.9977645874023,4.24374757557189e-09,1.15460363492303e-10,4.16745978004673e-11,1.71646637875389e-12,"LogParabola",1.85589945316315,0.0176674854010344,1517.40869140625,1.71551597118378,0.0292911510914564,0.0822857841849327,0.0122184101492167,0,"bll","RGB J2243+203",0.999518752098083,0.9159294962883,"bllac",340.978097954,20.3510493194,1.59999999027605e-07,"RFC J2243+2021",NA,"HSP",1119437860110336,6.87506822305561e-12,120.927993774414,0.296463817358017,0.0750837922096252,133.552993774414,16.215754,"BLL",0,-8.37225045648524,-10.3801285828348,1.8976148021627,2.08252684787868,15.0489999909385,-11.1627229878614,3.18110256728503,NA,70.0945777061173,86.9050362660141,-15.8873063936398,-17.435436352795,-125.993997043781,93.4571126307409,-15.5380550439359,-26.6329874210785,-14.3627293728511,-0.688917194204549,-135.762353828752,0,107.747069396184,-19.6974856471394,-21.6168964581863,-156.210554949021,115.870499948567,-19.2644749606463,-33.0202536836045,-17.8072763667944,-0.854137020378996,-168.321611587618,0,3.60094193738698,3.95183377243581,28.5572051405512,-21.1825483742076,3.52178227364805,6.03650731887784,3.25538850026486,0.156146722076894,30.771254818629,0,4.33691807213551,31.3399465148554,-23.2466703176539,3.86496043817562,6.62473150222687,3.57260806795489,0.171362354763873,33.7697430635961,0,226.472400727267,-167.987818143175,27.929430853835,47.8724125062469,25.8167998347996,1.23831876545342,244.030881799061,0,124.606384503729,-20.7168914889837,-35.5097667545775,-19.1498295675766,-0.91853341469535,-181.011969941305,0,3.44436278025128,5.90380651508018,3.18382515281263,0.152714141871918,30.0948089812282,0,10.1194135435874,5.45723226015119,0.261759519321751,51.5839766798625,0,2.94299504738663,0.141162576970634,27.8183849717873,0,0.00677095027892932,1.33432603403996,0,262.950677788516,0,0
"4FGL J2247.8+4413",1,341.973999023438,44.225700378418,100.727363586426,-13.2548561096191,18.0069408416748,5.16418019458342e-10,5.35434439841165e-11,6.22199210556507e-12,7.06379778888516e-13,"PowerLaw",1.78927803039551,0.0656947568058968,5376.72412109375,1.77410447597504,0.0748968869447708,0.0137160075828433,0.0310418996959925,0,"bll","RGB J2247+442",0.999900937080383,0.987039804458618,"bzcat",341.971689813,44.2209427583,2.49999999368811e-07,"RFC J2247+4413",NA,"HSP",14454397828333568,5.23749967007436e-12,12.8232221603394,0.226518824696541,0.160628080368042,169.86799621582,17.72743,"BLL",0,-9.2869986122329,-11.2060705442578,1.2554399377819,1.10799716641738,16.1600000036318,-11.2808759913831,3.73051775346421,NA,86.2483432236158,104.070761593106,-11.6592689599223,-10.2899681468762,-150.077897607412,104.765479676746,-16.6170225851819,-34.6453131993323,-16.4761058063364,-0.127380543387242,-164.634617808456,0,125.576017042882,-14.0685485068626,-12.4162944097109,-181.090100035904,126.414292160463,-20.0507758319027,-41.8044451119261,-19.8807399106598,-0.153702548558917,-198.654831148392,0,1.57612943737782,1.39102389366956,20.287909399115,-14.1624622527473,2.24633109915426,4.68344097630338,2.22728161293669,0.0172196237064209,22.255723616233,0,1.22765772078894,17.9052342133289,-12.4991786331583,1.9825149876111,4.13340310010808,1.96570273230874,0.0151972975363497,19.6419422078625,0,261.14560011738,-182.298956061721,28.9147329776897,60.2851669095301,28.6695283381998,0.221650682588562,286.475268864382,0,127.258163132964,-20.1846235749979,-42.0835081604828,-20.0134525892321,-0.154728580638926,-199.980939475924,0,3.20151587005604,6.67493345827392,3.17436616248848,0.0245417510327197,31.7193010343743,0,13.9167627089117,6.61832824412521,0.0511678097944467,66.132492338294,0,3.14744669167467,0.0243336304452299,31.4503129105342,0,0.000188128864012615,0.243149564304324,0,314.2617744049,0,0
"4FGL J2251.5-4928",1,342.87890625,-49.4691009521484,340.658111572266,-57.9462509155273,23.0860958099365,5.45607614643728e-10,4.09666467415803e-11,6.31464281905525e-12,6.84098394251875e-13,"PowerLaw",1.8511209487915,0.0525645986199379,2716.47094726562,1.73368728160858,0.0786884799599648,0.102014057338238,0.0395044460892677,0,"bll","SUMSS J225128-492912",0.998975336551666,0,"rfc",342.869576221,-49.4864251778,8.09999983175658e-06,"RFC J2251-4929",NA,"ISP",114815364235264,5.64279146412355e-13,81.0920257568359,0.716200530529022,0.187659502029419,53.5139007568359,18.3707,"BLL",0,-9.26311957718098,-11.1996512098118,1.36335049369824,1.90897814964797,14.0600000078888,-12.2485059992876,3.43400506460269,NA,85.8053843011535,103.743708379206,-12.6288786487355,-17.6830928704148,-130.239461328239,113.45937571322,-17.1471547004804,-31.8095995420598,-16.0593525989781,-0.944968411677495,-170.169990816519,0,125.432187221439,-15.269050006145,-21.3798894432092,-157.467096098306,137.178995033308,-20.7319089736407,-38.4596589762774,-19.4166928609029,-1.14252186068601,-205.74543248009,0,1.85872456866723,2.60260630278171,19.1687079521525,-16.6990067011946,2.52372665943005,4.68175250018833,2.36362341129942,0.139080915436247,25.0457029145823,0,3.64419757583339,26.84023279911,-23.3821303184721,3.53374944359859,6.555440634107,3.30957113891337,0.194742606415631,35.069264893738,0,197.683600221833,-172.21399444661,26.0267605546116,48.282111235404,24.3756431930933,1.43431764698039,258.292042144923,0,150.025899214584,-22.6734660466796,-42.06143163537,-21.2350790696713,-1.24951979331908,-225.013629161113,0,3.42664876705474,6.35675871334215,3.20926484563903,0.18884035861003,34.006387613964,0,11.7923907837169,5.95349090548113,0.350316789560178,63.0850768402966,0,3.00567159041135,0.176860473752592,31.8490489442467,0,0.0104068678946093,1.87406964314357,0,337.48261849,0,0
"4FGL J2256.6-2011",1,344.172790527344,-20.198600769043,41.5309867858887,-62.8951148986816,26.9972858428955,8.42097891418092e-10,5.34701900811729e-11,9.67451466160618e-12,6.39388824004439e-13,"PowerLaw",2.11928415298462,0.0454924516379833,1339.54296875,2.09404945373535,0.0558538399636745,0.0254913549870253,0.0269012544304132,0,"bll","PKS 2254-204",0.999876439571381,0.982006132602692,"bllac",344.171698771,-20.1945859222,1.30000003650821e-07,"RFC J2256-2011",NA,"LSP",12022644211712,2.9058821321426e-12,8.65579986572266,0,10,65.7085037231445,18.101728,"BLL",0,-9.07463742010182,-11.0143708128799,1.43132010479959,0.937307206378818,13.0799999951428,-11.5367220054538,3.12695664910639,NA,82.3490443063122,99.9514215374372,-12.9887109831584,-8.50572304913632,-118.696257410854,104.691569216003,-19.231735278503,-28.375997819017,-19.0027395324106,-0.231324803854359,-164.266618277305,0,121.316364403621,-15.7650903861928,-10.3238491366409,-144.06797017897,127.06973413318,-23.3425815188327,-34.4414600490582,-23.0646371839497,-0.280771236349852,-199.379144545891,0,2.04867724240351,1.34158664886354,18.7216669638264,-16.5127421498899,3.03337401595006,4.47567591870273,2.99725508357601,0.0364862888915126,25.9093672180137,0,0.878544799129664,12.2599782548823,-10.8134526737009,1.98642030895691,2.93091900124158,1.96276764349977,0.0238932307296994,16.9668801023092,0,171.086399872936,-150.9003237753,27.720236710745,40.9005929551233,27.3901668446872,0.333426923106474,236.770602152076,0,133.095954631122,-24.4495921235472,-36.0748295838458,-24.1584664134171,-0.294086676027649,-208.834603754339,0,4.49136532109174,6.62690967352106,4.43788582286743,0.0540234246621082,38.362705292038,0,9.77785788539066,6.54800186291536,0.0797103619714101,56.6033187299153,0,4.38504311468932,0.0533801579855542,37.9059136300659,0,0.00064980917907454,0.461437574326576,0,327.672556585984,0,0
"4FGL J2256.7+1307",1,344.177703857422,13.1206998825073,84.6211166381836,-41.0633087158203,6.04119300842285,1.63634106264965e-10,3.6381384016515e-11,1.96040818127574e-12,4.57506699625548e-13,"PowerLaw",2.01041531562805,0.156620979309082,3509.1943359375,1.88565349578857,0.254626572132111,0.13289138674736,0.142209008336067,0,"bll","NVSS J225624+130541",0.958284795284271,0,"bllac",344.101135246,13.0949025917,1.21095510507985e-07,"RFC J2256+1305",NA,"ISP",298538277797888,7.18533468401644e-13,13.1625890731812,0.307917684316635,0.532446622848511,14.6036996841431,18.788769,"BLL",0,-9.78612617120922,-11.7076534937357,0.781122711106718,1.11934132313829,14.4750000231392,-12.143552998158,3.54520741970822,NA,95.768265438826,114.572574258496,-7.64416540608735,-10.9540154168796,-141.654176554697,118.83834180674,-19.6741779352675,-34.6938471123717,-18.4532430249687,-1.30049187777663,-183.869264035704,0,137.069150329382,-9.14511403772487,-13.1048603525227,-169.46828459273,142.172510685249,-23.5372458938725,-41.5060600333647,-22.076577737944,-1.55584630834011,-219.972397025843,0,0.610152689806709,0.874342928983562,11.3067512613443,-9.48560504038929,1.57038106179385,2.76924203111814,1.47292677083823,0.103804480298829,14.6763341796379,0,1.25292499768498,16.2024656783274,-13.5927806805581,2.25034093945258,3.96829716397588,2.11068987895632,0.148750820675472,21.0310455525997,0,209.52562566988,-175.777929929329,29.1007617402354,51.3168774823097,27.2948343951721,1.92360282624304,271.967431709757,0,147.465879419072,-24.4135849336378,-43.0514141906897,-22.8985331622704,-1.61377359796528,-228.162412121648,0,4.04176974131183,7.12733929365961,3.79094666790091,0.267166879231943,37.7732289593975,0,12.5684956487542,6.68503276426838,0.471127530312055,66.6100832659838,0,3.55568910617965,0.25058710798035,35.4291079464139,0,0.0176601206716364,2.49686556768581,0,353.017840535361,0,0
"4FGL J2258.3-3643",1,344.575714111328,-36.7276992797852,3.94594025611877,-64.2682037353516,11.1133689880371,2.54173543323688e-10,3.27951381329239e-11,2.85587092169193e-12,4.10307774085031e-13,"PowerLaw",2.11834859848022,0.101882711052895,1967.76733398438,2.07547569274902,0.128309532999992,0.0380012355744839,0.0635464042425156,0,"bll","MRSS 406-025483",0.998712956905365,0,"bzcat",344.562561467,-36.7428777028,7.39999995857943e-06,"RFC J2258-3644",NA,"ISP",602559618220032,7.46777097625217e-13,20.1762046813965,0.472720354795456,0.194033607840538,29.3290996551514,18.100555,"BLL",0,-9.59486965671868,-11.5442614254896,1.04584573410912,1.30483947503542,14.780000023169,-12.1268090095868,3.29397374676798,NA,92.0615237294208,110.765683660658,-10.0347534998123,-12.5197646859061,-141.812173748606,116.355151798907,-20.3252786899104,-31.605248752892,-19.9139187476148,-0.364616902131434,-173.672465939268,0,133.269971860047,-12.0735165652888,-15.0634080181075,-170.624184136205,139.995053463653,-24.4547700111752,-38.026494061389,-23.9598339793438,-0.438696197963458,-208.957538866453,0,1.09379329955424,1.36466079866298,15.457599974364,-12.6827714710324,2.21546584507657,3.44498839132473,2.17062739950873,0.0397434301164497,18.9303882317575,0,1.70260605561071,19.2855274712553,-15.823539101924,2.76410487318295,4.29810697451319,2.70816261337541,0.0495855122777069,23.6183186840497,0,218.448400684876,-179.234237442659,31.3091923346177,48.6849320535488,30.6755307869172,0.561658262671323,267.526203319372,0,147.059496754996,-25.6888088694955,-39.9453905096483,-25.1688973300072,-0.460833725940082,-219.501973452521,0,4.48740078468311,6.97778466989659,4.39658102491465,0.0804998641197247,38.3432853159641,0,10.8502630443967,6.83656244397036,0.125175072327095,59.6227529719299,0,4.30759935119202,0.0788706407292707,37.5672619277667,0,0.00144409390518742,0.687843454583902,0,327.630091308025,0,0
"4FGL J2300.3+3136",1,345.087890625,31.6121006011963,96.8349075317383,-25.5699768066406,27.6535568237305,9.55794887680383e-10,6.23307516711691e-11,7.92508940417047e-12,8.13904011461725e-13,"LogParabola",1.89639139175415,0.0430256649851799,1993.99877929688,1.6923223733902,0.078748345375061,0.155735537409782,0.0415256321430206,0,"bll","NVSS J230022+313703",0.999828696250916,0.947504281997681,"bzcat",345.095155646,31.6178902028,2.3999999143598e-07,"RFC J2300+3137",NA,"ISP",234422888562688,2.05459867869129e-12,7.6904993057251,0,10,45.5317993164062,17.739347,"BLL",0,-9.01963529674694,-11.1009958297387,1.44175099855479,0.885954537289297,14.3700000130251,-11.6872729955158,3.29972488810563,NA,81.3538208863233,100.126933814952,-13.0040681956849,-7.99098681584765,-129.612159331735,105.414940033072,-17.1047587335128,-29.7623150703119,-15.2641306125048,-1.40467775017912,-160.002440342442,0,123.232108411876,-16.0048718224783,-9.83497762378657,-159.521310217937,129.740368784239,-21.0518329314152,-36.6302322221456,-18.7864636095781,-1.72881955132811,-196.924417069288,0,2.07864594183373,1.27732583881099,20.7179618680113,-16.8501375116673,2.73412418271225,4.75738165238239,2.43990747171193,0.22453186657102,25.5757212509599,0,0.784915442143492,12.7311667123868,-10.3543925389159,1.68011655800095,2.9234062364236,1.49932068526124,0.137974605985383,15.7162549631993,0,206.496900374341,-167.94611309779,27.2511443242078,47.4170466850571,24.3186725276598,2.23791967460704,254.914416621057,0,136.592350071713,-22.1636439017769,-38.5647855773883,-19.7786335742305,-1.82012374081149,-207.324591151184,0,3.59630031071924,6.25756987296044,3.20930558097013,0.295335532534117,33.6407449461398,0,10.8881843371837,5.58419825417363,0.513884428753563,58.5349647946419,0,2.86395501547704,0.263554734290521,30.0206938174323,0,0.0242535576123136,2.7626467383436,0,314.684431986409,0,0
"4FGL J2304.6+3704",1,346.172607421875,37.0825996398926,100.353553771973,-21.0650081634521,21.611909866333,6.51853293565097e-10,5.40687182526423e-11,7.75271860598004e-12,7.36393693419324e-13,"PowerLaw",1.84893751144409,0.0575905926525593,3822.62280273438,1.83994996547699,0.0667662620544434,0.00726836128160357,0.0275309588760138,0,"bll","1RXS J230437.1+370506",0.999046385288239,0.987903594970703,"bllac",346.152977708,37.0853953056,2.79999994745594e-07,"RFC J2304+3705",NA,"HSP",26001594571030528,4.52994586286337e-12,37.7118263244629,0.44129341840744,0.136278063058853,153.539001464844,17.354015,"BLL",0,-9.18585013580846,-11.1105459789723,1.33469314762175,1.57647756511393,16.4149999822848,-11.3439069881859,3.58236144612968,NA,84.3798427175323,102.059810289849,-12.2602912313439,-14.4812866556008,-150.785729816567,104.203429548026,-16.9840628906001,-32.9070353764453,-16.9015046402576,-0.0667660774657231,-159.411381044572,0,123.444231950858,-14.8291695844707,-17.5155264720166,-182.379612048005,126.037000173425,-20.5427052331462,-39.8019915605215,-20.4428486904406,-0.0807554622110385,-192.812581577275,0,1.78140579830845,2.10411380353698,21.9089879945667,-15.1406349243902,2.46776422690524,4.78135327445363,2.45576861088901,0.00970103199699553,23.1622849042251,0,2.48528151330755,25.8778792034175,-17.8834148676142,2.91480850608919,5.64751244995253,2.90063984150662,0.0114584084955908,27.3582153121506,0,269.45222441841,-186.210233010112,30.3503092176004,58.8044630747564,30.2027786507097,0.119310150308762,284.86615591757,0,128.684225756613,-20.9741751567897,-40.6379750429582,-20.8722212712868,-0.0824516143350426,-196.862332031583,0,3.41856992122506,6.62356245730026,3.40195251035067,0.0134387458202847,32.0864893076634,0,12.8333135307163,6.5913658191324,0.0260378972317583,62.1683542715562,0,3.38541587545878,0.0133734210891608,31.9305193001372,0,5.28290757199139e-05,0.126135250706368,0,301.161836620225,0,0
"4FGL J2311.0+0205",1,347.76611328125,2.09949994087219,79.3467102050781,-52.0681991577148,22.7043323516846,7.92105880886851e-10,5.63686909649252e-11,9.12244585427047e-12,6.55282631541881e-13,"PowerLaw",2.18612885475159,0.0488625541329384,1185.39111328125,2.10788059234619,0.0686444342136383,0.0950522348284721,0.0404203496873379,0,"bll","NVSS J231101+020504",0.999348700046539,0.885014951229095,"bzcat",347.755387071,2.08481312778,1.89999994404388e-07,"RFC J2311+0205",NA,"LSP",87096358338560,3.2598828150765e-12,133.230712890625,0.815064609050751,0.204195335507393,28.1177997589111,17.114466,"BLL",0,-9.10121676233544,-11.0398887056845,1.35610873547097,2.12460435172158,13.9399999967237,-11.4867980114905,3.07386166706752,NA,82.8321465550156,100.476420142493,-12.3422395548179,-19.3364847392193,-126.870961637138,104.543838607739,-19.8964325774904,-27.9758813294153,-19.1842781800627,-0.865090992918335,-155.76246483762,0,121.8791426339,-14.9712895124061,-23.4553955866192,-153.896048521072,126.812971631533,-24.1346192527431,-33.9350907010952,-23.2707671443743,-1.04936609373292,-188.941799897221,0,1.83903090242067,2.88119452078927,18.9041557680223,-15.5773471259728,2.96462843679378,4.16849065833962,2.85851528461039,0.128901165976929,23.2090768455209,0,4.51394365135428,29.616984656038,-24.4049010425595,4.64465887822934,6.5307398744418,4.47841227940818,0.201948391757433,36.361468940991,0,194.323599908657,-160.125964242543,30.4746362280748,42.8496316288503,29.3838554503998,1.32502815319748,238.575655983928,0,131.946528556782,-25.1116205816226,-35.3088280848681,-24.2127985966216,-1.09184582201542,-196.590414016522,0,4.7791593695775,6.71985768589113,4.60809858529888,0.207796433267147,37.414427956265,0,9.44862554826711,6.47933335156853,0.292177421008341,52.6075009897304,0,4.44316059158973,0.200358761054069,36.0752507297687,0,0.009034927345887,1.6267682411959,0,292.904946465156,0,0
"4FGL J2319.7+1609",1,349.944793701172,16.1637001037598,93.0624771118164,-41.3313446044922,5.73025417327881,1.33325697704301e-10,3.19962771555549e-11,1.51539035226494e-12,4.23628038030699e-13,"PowerLaw",1.87762653827667,0.149721845984459,4201.41845703125,1.58774924278259,0.295130670070648,0.321569055318832,0.206581115722656,0,"bll","RX J2319.6+1611",0.995694816112518,0,"bllac",349.930983975,16.1972693667,5.200000032346e-06,"RFC J2319+1611",NA,"HSP",7328245535997952,2.6002314450907e-12,7.76254034042358,0,10,28.7581996917725,18.370773,"BLL",0,-9.87508613494053,-11.8194754820143,0.758173886121707,0.890003870135082,15.8650000121258,-11.5849879940091,3.62339593898361,NA,97.5173261724947,116.718338454709,-7.48703243071445,-8.78886487801436,-156.668241650575,114.402754313092,-18.5417237947323,-35.7813469984569,-15.6791605331647,-3.17552211960492,-181.41296574044,0,139.700000669937,-8.96121765811902,-10.5193789219594,-187.515978665477,136.928481554621,-22.1925608335405,-42.826639462447,-18.7663632466556,-3.80077756511543,-217.13290105915,0,0.574827641596891,0.674777692883674,12.0284287125143,-8.7834353680912,1.42356740921047,2.74716418001681,1.20379001358727,0.243805260327565,13.9282403564697,0,0.792106888855424,14.1199114104851,-10.3106841501366,1.67109488573457,3.22483640872715,1.41310297088055,0.286197703749443,16.3500590673731,0,251.698225384752,-183.795834665432,29.7885450525271,57.4851766159115,25.1896417559985,5.10169306653255,291.45231386776,0,134.211946821335,-21.7522809031681,-41.9769984506664,-18.3940559151333,-3.72537364511352,-212.825184645667,0,3.52548141724083,6.80338437371954,2.98120011437728,0.603786592155197,34.4934509134565,0,13.1289981306429,5.75304415842274,1.16517200914505,66.5645842841897,0,2.52094765795669,0.510571024084788,29.1681809200809,0,0.103406657338646,5.90747211908671,0,337.485300617529,0,0
"4FGL J2324.7+0801",1,351.189605712891,8.02820014953613,89.0208129882812,-49.0516700744629,19.6896266937256,6.75216271783796e-10,5.36959331165487e-11,7.80130907790388e-12,6.65518421621991e-13,"PowerLaw",2.22791528701782,0.0644911751151085,1539.20361328125,2.18978500366211,0.0810256451368332,0.0457395538687706,0.0436878688633442,0,"bll","PMN J2324+0801",0.999569952487946,0.92841511964798,"bzcat",351.188854758,8.03504819444,3.09999990122378e-07,"RFC J2324+0802",NA,"ISP",100000000376832,1.13816963666358e-12,22.7637767791748,0.304824531078339,0.119141891598701,47.6535987854004,17.843899,"BLL",0,-9.17055710035639,-11.107832515565,1.29423748219236,1.35724431828017,14.0000000016366,-11.943793004394,3.18729607420145,NA,84.099117530897,101.865012345184,-11.8688787318665,-12.4466865199226,-128.387799419998,109.531235741632,-20.4312243543538,-29.2292806442062,-20.0815484135875,-0.419457190498388,-163.638494672492,0,123.383943193843,-14.3761731875593,-15.0760425701583,-155.509655236089,132.669652293385,-24.7473098670609,-35.4039509697475,-24.3237650657746,-0.508067303710967,-198.207041516658,0,1.67505066031162,1.75659646921081,18.1193247528112,-15.4581045858336,2.88345147160781,4.12511804607608,2.83410182968224,0.0591978450357195,23.0942429142548,0,1.8421121395038,19.0014204581436,-16.2106451939282,3.02382536491447,4.32593948738661,2.97207325447552,0.0620797496090587,24.2185305337152,0,196.000000045825,-167.213102081063,31.1908140218957,44.6221450440366,30.6569900548533,0.640353754237646,249.814586029203,0,142.654191331811,-26.6097590194659,-38.0684045539797,-26.1543388078664,-0.546303763521925,-213.123836047313,0,4.9636065261277,7.10102564796529,4.87865548494119,0.101903851285609,39.754695362102,0,10.15885626462,6.97949314551745,0.145785500481658,56.8737892311472,0,4.79515836226347,0.100159789136029,39.0743024370613,0,0.00209210678811417,0.816171979539402,0,318.404731522201,0,0
"4FGL J2325.2+3957",1,351.315399169922,39.9542007446289,105.502754211426,-19.9830703735352,36.8595886230469,1.61774282858573e-09,7.58612964113503e-11,1.42685793735886e-11,9.19377204575134e-13,"LogParabola",2.11605596542358,0.0319670364260674,1202.25158691406,1.99302077293396,0.0484096482396126,0.115580409765244,0.0257754344493151,0,"bll","B3 2322+396",0.999789476394653,0.962682485580444,"bllac",351.324457704,39.9601412806,1.10000001996013e-07,"RFC J2325+3957",NA,"LSP",34276779229184,1.46517672126867e-12,75.1625518798828,0.38076713681221,0.101512588560581,34.8352012634277,18.37077,"BLL",0,-8.79109051671827,-10.8456192645114,1.56655048390157,1.87600151661925,13.5350000072795,-11.8341099900245,3.07999535899398,NA,77.2832724731339,95.3448206641832,-13.7716871029875,-16.4920991421006,-118.987410207777,104.034732107105,-18.6024395304804,-27.0765179919883,-17.5208260165623,-1.01607784420565,-161.499101931813,0,117.627457230741,-16.9902101070325,-20.3463981888983,-146.795456824112,128.348251286157,-22.9499373433822,-33.4044570001108,-21.615544489504,-1.25354111875005,-199.242377015908,0,2.45408041861224,2.93885108365997,21.2032608110115,-18.5387307314173,3.31490849659711,4.82496822004661,3.12216765626558,0.181062546847285,28.7787386331444,0,3.51938169035773,25.3916805410979,-22.200808289125,3.96972420038585,5.77807596465296,3.73890999267778,0.216829024011072,34.4635923814634,0,183.196225197056,-160.174678801128,28.640817507412,41.6877372064043,26.9755361761693,1.56438084701395,248.64837208373,0,140.046159255998,-25.0416390398701,-36.4490038470998,-23.5856270393041,-1.367791281854,-217.401712781442,0,4.47769284880472,6.51744255287615,4.21734349578002,0.244574615569846,38.8735774479245,0,9.48637141142446,6.13849473101519,0.355987125667574,56.5818863411458,0,3.97213180134628,0.23035415760635,36.613326224792,0,0.0133588311215017,2.12330112430305,0,337.4851903929,0,0
"4FGL J2325.6+1644",1,351.4248046875,16.746000289917,95.101692199707,-41.4462356567383,8.57038688659668,2.18964055220816e-10,3.68871357070422e-11,2.53912754537289e-12,4.65076870244385e-13,"PowerLaw",1.96467041969299,0.122193671762943,3244.28784179688,1.9273054599762,0.15193809568882,0.0527452230453491,0.0814937502145767,0,"bll","NVSS J232538+164641",0.997614443302155,0,"whsp2",351.408827679,16.7785344417,3.49999993431993e-07,"RFC J2325+1646",NA,"HSP",2511886390132736,2.00008282505437e-12,16.5770740509033,0.423577129840851,0.260038584470749,27.3104000091553,18.38761,"BLL",0,-9.65962717237673,-11.5953154831119,0.93300042739829,1.21950787749981,15.3999999928461,-11.6989520194764,3.51111937900347,NA,93.3083971093189,112.006424512948,-9.01243628033563,-11.7799914304246,-148.758258385498,113.007514815666,-18.9779837708312,-33.9161041588804,-18.6170521906561,-0.509499189741925,-177.617457191066,0,134.451341152895,-10.8184343015614,-14.1405785737505,-178.567858356972,135.653039487618,-22.7809733366781,-40.7125368984132,-22.3477148407481,-0.611597501437927,-213.210138930423,0,0.870489797525392,1.1378013709229,14.3682065752591,-10.9151272342836,1.83303834127034,3.27587588125666,1.79817681788485,0.0492113156445288,17.1556479888331,0,1.48719946328409,18.7804213047728,-14.2669641462438,2.39593105350646,4.28183774153697,2.35036419078937,0.0643232150042878,22.4238352433943,0,237.15999977966,-180.163861016243,30.255924449217,54.0712384115352,29.6805040698457,0.812276434521042,283.169193868457,0,136.865478354011,-22.9845849740729,-41.0764171496154,-22.5474541031365,-0.61706383366412,-215.115767142844,0,3.85992985801663,6.89819238393894,3.78652002692803,0.103626979497306,36.125593455851,0,12.3279592936137,6.76699954978163,0.185194774784386,64.561093804558,0,3.71450633605407,0.101656156362964,35.438541148913,0,0.00278205855410363,0.969858590720892,0,338.1042015121,0,0
"4FGL J2346.7+8008",1,356.686706542969,80.1365966796875,120.062286376953,17.6271991729736,9.22373104095459,4.99732089043192e-10,6.15799980452358e-11,7.3650165827166e-12,1.02757884666571e-12,"PowerLaw",2.41430306434631,0.0708761587738991,1289.90307617188,2.44028377532959,0.106079928576946,0.142935112118721,0.0579597987234592,16,"bll","WN B2344.2+7951",0.999689996242523,0.938150823116302,"bllac",356.6067044,80.1320109917,1.89999994404388e-07,"RFC J2346+8007",NA,"LSP",1428893990912,6.66243536034949e-13,15.6028394699097,0.263654291629791,0.148642122745514,18.7616004943848,18.66666,"BLL",0,-9.30126276253071,-11.1328262709837,0.964906630677332,1.19320364027101,12.1550000098478,-12.1763669915158,3.11055707846581,NA,86.5134889776404,103.549342436024,-8.97485011323804,-11.0983005873688,-113.056848970158,113.255588881094,-22.4560671898681,-28.9321087246604,-22.697720609481,-1.32947703580801,-173.623509558821,0,123.939820779905,-10.742137887051,-13.2837288330425,-135.319503433441,135.557378328286,-26.878016580871,-34.6292915605385,-27.1672553226445,-1.5912717712413,-207.812682839521,0,0.931044805925081,1.15133010424583,11.7284401053852,-11.7490572476742,2.32957703525236,3.00139715011197,2.35464599554983,0.137919037439962,18.0115840065993,0,1.42373492715599,14.5033902592446,-14.5288854195524,2.88075520509547,3.71152802929616,2.91175548401755,0.170550696102603,22.2731266637013,0,147.7440252394,-148.003740901785,29.345853770905,37.8088213193841,29.6616493131626,1.73737628921065,226.893252483826,0,148.263913112076,-29.3974401402219,-37.8752845354569,-29.7137908118548,-1.740430381131,-227.292102665848,0,5.82885928651198,7.50982748636411,5.89158459665281,0.345088679190912,45.0669744391107,0,9.67556533839375,7.59064197081673,0.444607824762192,58.0637113943146,0,5.95498490413684,0.348802235028231,45.5519475375938,0,0.0204304462763913,2.66812113998204,0,348.4441955556,0,0
"4FGL J2351.3-7559",1,357.832611083984,-75.9865036010742,307.673858642578,-40.5834312438965,18.1584568023682,4.31852470450522e-10,3.90216678414212e-11,5.1261898371957e-12,5.14994730888008e-13,"PowerLaw",1.91444277763367,0.0657100901007652,2983.36547851562,1.79427480697632,0.0968256369233131,0.105970837175846,0.0515686683356762,0,"bll","SUMSS J235115-760012",0.999165594577789,0.848779916763306,"rfc",357.817208267,-76.0043211528,1.50000005305628e-06,"RFC J2351-7600",NA,"HSP",3019951761784832,1.56968318551498e-12,19.6979427337646,0.326117664575577,0.143313273787498,134.720993041992,18.146832,"BLL",0,-9.36466459163887,-11.2902053147105,1.25907893720854,1.29442087052561,15.4800000059512,-11.8041879938754,3.47470646005996,NA,87.6969429138948,105.728985943002,-11.7908519413551,-12.1218172928895,-144.965007934301,110.542261339294,-17.9281144924248,-32.5394605528624,-16.8027817525608,-0.992381346646973,-169.938995080819,0,127.468736048317,-14.2152597085119,-14.6142773918804,-174.772378338909,133.271706024294,-21.6144520227488,-39.2301493424279,-20.2577309617752,-1.19643250908706,-204.881459091559,0,1.58527977012219,1.62977805396194,19.4905419554812,-14.8624044739384,2.41043457780957,4.37492971684394,2.2591336170278,0.133425649046463,22.8482939482619,0,1.67552539005228,20.0376350834398,-15.2795872988801,2.47809468679604,4.49773256085177,2.32254675760846,0.137170863307486,23.489638074722,0,239.630400184249,-182.72883021544,29.6355742091624,53.7884560224069,27.7753740226715,1.64042856011275,280.912959467995,0,139.338854194752,-22.5984424507048,-41.0160882780811,-21.179957134223,-1.25089968389205,-214.208616421274,0,3.66509114883372,6.65212668685885,3.43503644530586,0.202875103871092,34.7410714593316,0,12.0735849835824,6.23457826292346,0.368217552512874,63.0549143800228,0,3.21942208294991,0.19014080341881,32.5604034840317,0,0.0112298183317497,1.92303497912943,0,329.307511636224,0,0
"4FGL J2352.0+1750",1,358.013214111328,17.8393993377686,103.521690368652,-42.7830123901367,15.8183126449585,4.56999216247311e-10,4.34632364820775e-11,3.93139774207407e-12,5.94983209836059e-13,"PowerLaw",2.06591391563416,0.0701816231012344,1963.02319335938,1.95168137550354,0.111358672380447,0.131654933094978,0.0685419663786888,0,"bll","CLASS J2352+1749",0.998677551746368,0.829336404800415,"bzcat",358.024322129,17.8204851722,2.90000002678426e-07,"RFC J2352+1749",NA,"ISP",272270123597824,1.104498220314e-12,34.2391204833984,0.478295296430588,0.155757308006287,21.6937007904053,17.76779,"BLL",0,-9.34008454474363,-11.4054530161011,1.19916015501078,1.53452260021911,14.4349999884995,-11.9568349795738,3.2929254308728,NA,87.2371793029588,106.527895441486,-11.2002572304886,-14.3325708218663,-134.824120295959,111.677849596767,-19.2958106341854,-30.7562019238883,-18.2288690516046,-1.22966820583966,-165.95266077325,0,130.08435850249,-13.676964806756,-17.5019254189443,-164.637714156251,136.373119580803,-23.5626841000749,-37.5573062873442,-22.2598102307052,-1.50158415375271,-202.649694044951,0,1.43798507736548,1.84013835914629,17.3098768237897,-14.338160087544,2.47736165131079,3.94874497012437,2.34037854078048,0.157875349978108,21.306425810599,0,2.35475961058322,22.1508337165151,-18.3480335032464,3.17019159364777,5.05306849451056,2.9948991791369,0.202027470264579,27.2650753109471,0,208.369224667981,-172.596912792638,29.8214673484201,47.5333785567786,28.1725206329483,1.90043895771191,256.478048445662,0,142.96590272876,-24.7017917712428,-39.372965976988,-23.3359321396034,-1.57417630926348,-212.446532981722,0,4.26800030681087,6.80290047078573,4.03200571253678,0.271987758342799,36.7067246110655,0,10.8433578932888,6.42674123435641,0.43352987728831,58.5080075414074,0,3.80906019148739,0.256948480914633,34.6770648268581,0,0.0173330214082431,2.33921720369562,0,315.6943614841,0,0
