Source_Name,W1mag,W2mag,W3mag,W4mag,S1.4,CR0,sdss_u,sdss_g,sdss_r,sdss_i,sdss_z,ps1_g,ps1_r,ps1_i,ps1_z,ps1_y
4FGL J0802.0+1006,11.83199977874756,11.819000244140623,11.140999794006348,8.588000297546387,36.7,,,,,,,,,,,
4FGL J0231.2-5754,10.54599952697754,10.515000343322754,9.038999557495115,7.343999862670898,,,,,,,,,,,,
4FGL J2221.5-5225,12.892000198364258,12.170000076293944,10.032999992370604,8.076000213623047,,0.2380000054836273,,,,,,,,,,
4FGL J1023.8-4335,12.36400032043457,11.630000114440918,9.623000144958496,7.830999851226807,,0.2599999904632568,,,,,,,,,,
4FGL J2322.8-4916,13.809000015258787,13.086000442504885,10.897000312805176,8.755999565124512,,0.0513999983668327,,,,,,,,,,
4FGL J0021.9-5140,12.765000343322754,11.95199966430664,9.597999572753906,7.646999835968018,,0.0445999987423419,,,,,,,,,,
4FGL J1219.0-4827,12.314000129699709,11.413999557495115,9.06999969482422,7.110000133514404,,0.0156999994069337,,,,,,,,,,
4FGL J0353.0-6831,12.105999946594238,11.859000205993652,10.416999816894531,8.621999740600586,,0.8560000061988831,,,,,,,,,,
4FGL J2130.2-7320,11.73900032043457,11.677000045776367,10.222999572753906,8.357000350952148,,,,,,,,,,,,
4FGL J1445.0-0326,13.28600025177002,12.592000007629396,10.618000030517578,8.559000015258789,21.1,0.6240000128746033,,,,,,,,,,
4FGL J1315.0-4236,13.166999816894531,12.854999542236328,11.468000411987305,8.751999855041504,,1.0700000524520874,,,,,,,,,,
4FGL J1442.6-4623,12.53600025177002,12.187999725341797,10.494999885559082,8.413000106811523,,,,,,,,,,,,
4FGL J0146.9-5202,12.039999961853027,11.694000244140623,9.897000312805176,7.734000205993652,,0.0265999995172023,,,,,,,,,,
4FGL J0537.7-5717,13.366000175476074,12.527999877929688,10.22599983215332,8.081000328063965,,0.0478000007569789,,,,,,,,,,
4FGL J0156.8-4744,13.838000297546388,12.944000244140623,10.590999603271484,8.263999938964844,,0.0090899998322129,,,,,,,,,,
4FGL J0506.9-5435,13.437999725341797,12.711000442504885,10.743000030517578,8.708000183105469,,0.2870000004768371,,,,,,,,,,
4FGL J1440.6-3846,13.767999649047852,13.175000190734863,11.45300006866455,9.027999877929688,23.2,0.5509999990463257,,,,,,,,,,
4FGL J1717.5-8114,12.253000259399414,11.98799991607666,10.28600025177002,8.128000259399414,,,,,,,,,,,,
4FGL J0604.1-4816,13.803999900817873,13.175000190734863,11.23900032043457,8.803000450134277,,0.2300000041723251,,,,,,,,,,
4FGL J1535.0+5320,14.722999572753906,14.197999954223633,12.272000312805176,9.269000053405762,16.9,0.3770000040531158,,,,,,,,,,
4FGL J2143.1-3929,13.715999603271484,12.96399974822998,10.611000061035156,8.267000198364258,139.0,0.0118000004440546,,,,,,,,,,
4FGL J2036.9-3329,14.26200008392334,13.51099967956543,11.253999710083008,8.881999969482422,3.0,0.1389999985694885,,,,,,,,,,
4FGL J1404.8+6554,14.234000205993652,13.699000358581545,11.527000427246094,9.64799976348877,13.8,0.0727000012993812,,,,,,,,,,
4FGL J1257.6+2413,13.595000267028809,13.253999710083008,12.032999992370604,8.79699993133545,14.0,0.2460000067949295,,,,,,,,,,
4FGL J1138.2+4115,14.550000190734863,13.692999839782717,11.085000038146973,8.331000328063965,23.0,,,,,,,,,,,
4FGL J1226.7+0637,14.16800022125244,13.52400016784668,11.770999908447266,8.871000289916992,16.3,0.0577999986708164,,,,,,,,,,
4FGL J1406.9+1643,14.72599983215332,14.18299961090088,12.16800022125244,8.654999732971191,8.0,0.1449999958276748,,,,,,,,,,
4FGL J1606.2+1346,13.378999710083008,12.80799961090088,10.977999687194824,8.628999710083008,55.8,,,,,,,,,,,
4FGL J1247.0+4421,14.309000015258787,13.78600025177002,12.08199977874756,8.326000213623047,9.4,0.0869999974966049,,,,,,,,,,
4FGL J1652.7+4024,14.467000007629396,13.694000244140623,11.659000396728516,9.269000053405762,18.5,,,,,,,,,,,
4FGL J0200.3-4109,14.906000137329102,14.343999862670898,12.11400032043457,8.704000473022461,,0.0185000002384185,,,,,,,,,,
4FGL J1112.4+1751,14.10099983215332,13.467000007629396,11.932000160217283,8.73900032043457,14.0,,,,,,,,,,,
4FGL J0014.1-5022,14.781000137329102,14.37600040435791,12.720000267028809,8.638999938964844,,0.2649999856948852,,,,,,,,,,
4FGL J1145.5-0340,13.831000328063965,13.489999771118164,12.512999534606934,8.651000022888184,18.0,0.1040000021457672,,,,,,,,,,
4FGL J1149.4+2441,14.133000373840332,13.560999870300291,11.677000045776367,8.965999603271484,27.8,,,,,,,,,,,
4FGL J0304.4-2833,15.032999992370604,14.434000015258787,12.428000450134276,9.189000129699709,7.9,0.2809999883174896,,,,,,,,,,
4FGL J1130.5-3137,13.517000198364258,13.123000144958496,11.33199977874756,8.28499984741211,25.7,0.0952999964356422,,,,,,,,,,
4FGL J1535.4+3919,13.14799976348877,12.383999824523926,9.836000442504885,7.823999881744385,18.2,,,,,,,,,,,
4FGL J1341.6+5515,13.85200023651123,13.315999984741213,11.486000061035156,8.821999549865723,37.1,0.0175000000745058,,,,,,,,,,
4FGL J0956.5-0958,13.388999938964844,13.041999816894531,11.35200023651123,9.131999969482422,93.9,0.1879999935626983,,,,,,,,,,
4FGL J2232.8+1334,14.234999656677246,13.668999671936035,11.843999862670898,8.954999923706055,24.7,,,,,,,,,,,
4FGL J0201.1+0036,14.177000045776367,13.690999984741213,11.769000053405762,9.10099983215332,12.7,0.1539999991655349,,,,,,,,,,
4FGL J0952.2+7503,13.788999557495115,13.434000015258787,12.093000411987305,9.086000442504885,11.6,0.1070000007748603,,,,,,,,,,
4FGL J1253.5-3934,13.70400047302246,13.288999557495115,11.819000244140623,9.31999969482422,47.9,0.2479999959468841,,,,,,,,,,
4FGL J1336.2+2320,13.95699977874756,13.392999649047852,11.47700023651123,8.638999938964844,13.6,0.050900001078844,,,,,,,,,,
4FGL J1348.9+0756,13.432000160217283,13.031000137329102,11.505000114440918,8.774999618530273,51.9,,,,,,,,,,,
4FGL J1109.6+3735,14.522000312805176,13.883000373840332,11.536999702453612,8.645999908447266,3.8,,,,,,,,,,,
4FGL J1152.1+2837,14.112000465393066,13.642999649047852,11.940999984741213,8.958000183105469,23.2,,,,,,,,,,,
4FGL J1153.7+3822,14.133000373840332,13.42099952697754,11.027000427246094,8.876999855041504,148.5,0.0143999997526407,,,,,,,,,,
4FGL J1353.4+5600,14.46399974822998,13.92199993133545,11.765000343322754,8.977999687194824,14.6,0.0417999997735023,,,,,,,,,,
4FGL J0235.6-2939,15.196000099182127,14.468000411987305,12.791999816894531,9.277000427246094,5.0,0.0350000001490116,,,,,,,,,,
4FGL J1419.3+0444,14.414999961853027,13.505000114440918,11.270999908447266,8.835000038146973,26.0,0.034400001168251,,,,,,,,,,
4FGL J0359.0-3053,15.196999549865724,14.744000434875488,12.383999824523926,8.970000267028809,8.2,0.0961999967694282,,,,,,,,,,
4FGL J1642.4+2211,14.447999954223633,13.96399974822998,12.548999786376951,8.630000114440918,15.0,,,,,,,,,,,
4FGL J0429.3-3238,14.847999572753906,14.149999618530272,12.685999870300291,9.30500030517578,9.2,0.0741999968886375,,,,,,,,,,
4FGL J2150.8+1118,14.75,14.239999771118164,12.354999542236328,8.42300033569336,9.6,,,,,,,,,,,
4FGL J1033.5+4221,13.847000122070312,13.47700023651123,11.597000122070312,8.704000473022461,44.8,,,,,,,,,,,
4FGL J1451.4+6355,14.576000213623049,13.993000030517578,12.168999671936035,9.57699966430664,9.6,,,,,,,,,,,
4FGL J0925.7+5959,15.156000137329102,14.38700008392334,12.680999755859377,9.187000274658203,8.6,0.0333000011742115,,,,,,,,,,
4FGL J1400.2-4010,14.12399959564209,13.651000022888184,12.326000213623049,8.78600025177002,6.6,0.0733999982476234,,,,,,,,,,
4FGL J1258.3+6121,14.451000213623049,13.850000381469728,11.711000442504885,8.843000411987305,9.7,,,,,,,,,,,
4FGL J1354.7+0623,14.435999870300291,13.770000457763672,11.70300006866455,8.661999702453613,28.9,,,,,,,,,,,
4FGL J1155.8+6137,15.140999794006348,14.442999839782717,11.937000274658203,9.298999786376951,3.3,,,,,,,,,,,
4FGL J0920.9-2256,14.234000205993652,13.713000297546388,12.43000030517578,8.699000358581543,14.3,0.1889999955892563,,,,,,,,,,
4FGL J1637.6+4548,13.11299991607666,12.732000350952148,10.505999565124512,8.163000106811523,,,,,,,,,,,,
4FGL J1212.0+2242,14.61400032043457,14.133000373840332,12.032999992370604,8.805999755859375,19.7,0.2849999964237213,,,,,,,,,,
4FGL J1021.1+1626,14.581000328063965,13.875,11.744000434875488,8.857999801635742,16.4,0.0504000000655651,,,,,,,,,,
4FGL J1637.2+4327,13.904000282287598,13.331000328063965,11.09000015258789,8.623000144958496,48.7,,,,,,,,,,,
4FGL J1046.8-2534,14.470999717712402,13.986000061035156,11.982000350952148,8.890000343322754,12.9,0.2840000092983246,,,,,,,,,,
4FGL J1443.6+2515,14.914999961853027,14.394000053405762,12.69499969482422,8.960000038146973,6.3,,,,,,,,,,,
4FGL J0015.2+3537,14.763999938964844,13.96399974822998,11.465999603271484,8.602999687194824,11.0,,,,,,,,,,,
4FGL J2244.9-0007,14.93299961090088,14.35200023651123,11.937999725341797,8.866999626159668,6.4,0.0359000004827976,,,,,,,,,,
4FGL J0621.7-3411,14.970000267028809,14.366000175476074,12.222000122070312,9.38599967956543,8.3,0.1689999997615814,,,,,,,,,,
4FGL J1021.9+5123,14.310999870300291,14.06700038909912,12.180999755859377,9.137999534606934,4.8,0.1120000034570694,,,,,,,,,,
4FGL J1438.6+1205,14.168999671936035,13.637999534606934,11.623000144958496,8.690999984741211,31.1,,,,,,,,,,,
4FGL J1839.6-7107,13.949999809265137,12.565999984741213,9.473999977111816,7.051000118255615,,0.0285999998450279,,,,,,,,,,
4FGL J1706.9+4543,13.456000328063965,12.404999732971191,9.852999687194824,7.281000137329102,794.5,,,,,,,,,,,
4FGL J1242.4-2948,13.454999923706056,12.18299961090088,9.395999908447266,6.986999988555908,390.6,0.1260000020265579,,,,,,,,,,
4FGL J1417.9+4613,14.444000244140623,13.166000366210938,10.003999710083008,7.822999954223633,1028.4,,,,,,,,,,,
4FGL J2325.4-3559,13.144000053405762,12.220999717712402,9.074000358581545,6.577000141143799,85.9,,,,,,,,,,,
4FGL J2120.6-6114,14.748000144958496,13.510000228881836,10.536999702453612,7.97100019454956,,,,,,,,,,,,
4FGL J2047.1-7400,12.715999603271484,11.475000381469728,8.741000175476074,6.519999980926514,,,,,,,,,,,,
4FGL J1251.3-1719,14.20300006866455,13.189000129699709,10.66100025177002,8.263999938964844,162.1,,,,,,,,,,,
4FGL J1509.6-4334,14.065999984741213,12.991999626159668,10.447999954223633,7.816999912261963,,,,,,,,,,,,
4FGL J1036.6-3741,14.600000381469728,13.401000022888184,10.07800006866455,7.546000003814697,327.9,0.0166999995708465,,,,,,,,,,
4FGL J2151.7-2749,13.050999641418455,11.890999794006348,9.536999702453612,7.083000183105469,314.7,,,,,,,,,,,
4FGL J2359.2-3134,14.583000183105469,13.54599952697754,10.586999893188477,7.97599983215332,347.4,,,,,,,,,,,
4FGL J2247.5-3700,15.694000244140623,14.54300022125244,10.947999954223633,8.288000106811523,1260.7,0.0137000000104308,,,,,,,,,,
4FGL J1428.3+5635,16.062999725341797,14.970000267028809,11.78499984741211,8.968999862670898,134.0,,,,,,,,,,,
4FGL J1631.2+4926,13.574000358581545,12.616999626159668,9.68000030517578,7.202000141143799,311.6,,,,,,,,,,,
4FGL J1925.1-3358,14.597000122070312,13.395000457763672,10.777000427246094,8.63700008392334,256.7,0.0100999996066093,,,,,,,,,,
4FGL J2333.4-0133,15.223999977111816,14.041000366210938,11.04699993133545,8.243000030517578,258.3,,,,,,,,,,,
4FGL J0059.5-3338,14.932000160217283,14.484999656677246,11.85200023651123,8.718999862670898,70.4,,,,,,,,,,,
4FGL J2300.7-2645,15.21500015258789,14.045000076293944,11.14900016784668,8.869999885559082,711.9,,,,,,,,,,,
4FGL J1743.9+3747,15.833999633789062,14.913999557495115,11.744000434875488,8.489999771118164,212.2,0.0124000003561377,,,,,,,,,,
4FGL J0022.0+0006,14.741999626159668,14.402000427246094,12.432000160217283,8.890999794006348,,,,,,,,,,,,
4FGL J0030.6-0212,15.583999633789062,14.550999641418455,11.425999641418455,8.057000160217285,150.6,,,,,,,,,,,
4FGL J0041.9-4702,13.57699966430664,13.220999717712402,11.784000396728516,8.923999786376953,,,,,,,,,,,,
4FGL J0056.6-4452,13.6850004196167,12.618000030517578,9.744999885559082,7.455999851226807,,,,,,,,,,,,
4FGL J0058.3+1723,15.064000129699709,14.628999710083008,12.277999877929688,8.756999969482422,8.9,,,,,,,,,,,
4FGL J0058.4+3315,15.192999839782717,14.032999992370604,10.6850004196167,8.291999816894531,160.1,,,,,,,,,,,
4FGL J0107.3-1210,14.020999908447266,13.472000122070312,11.04800033569336,8.491000175476074,59.5,,,,,,,,,,,
4FGL J0114.9-3400,14.744000434875488,14.37600040435791,12.444000244140623,9.019000053405762,6.0,,,,,,,,,,,
4FGL J0127.1+3310,15.177000045776367,14.621000289916992,12.333000183105469,9.347999572753906,6.6,,,,,,,,,,,
4FGL J0129.7+3436,14.604999542236328,13.645999908447266,11.131999969482422,9.105999946594238,89.2,,,,,,,,,,,
4FGL J0132.7-0804,12.579999923706056,12.13599967956543,10.23799991607666,8.156000137329102,306.8,,,,,,,,,,,
4FGL J0143.5-3156,13.612000465393066,12.550999641418455,9.548999786376951,7.109000205993652,75.8,,,,,,,,,,,
4FGL J0146.0-6746,12.961000442504885,12.1899995803833,9.690999984741213,7.506999969482422,,,,,,,,,,,,
4FGL J0154.3-0236,12.142999649047852,11.902000427246094,9.914999961853027,7.619999885559082,193.6,,,,,,,,,,,
4FGL J0156.5+3914,13.218999862670898,12.015000343322754,10.10099983215332,7.755000114440918,159.4,,,,,,,,,,,
4FGL J0156.9-5301,13.904000282287598,13.20400047302246,11.107999801635742,8.821999549865723,,,,,,,,,,,,
4FGL J0207.4-3855,12.312999725341797,11.368000030517578,8.395000457763672,6.175000190734863,274.2,,,,,,,,,,,
4FGL J0212.2-0219,14.156000137329102,13.678000450134276,12.687999725341797,8.852999687194824,24.8,,,,,,,,,,,
4FGL J0214.1-4733,14.17199993133545,13.779999732971191,12.270999908447266,8.786999702453613,,,,,,,,,,,,
4FGL J0224.0-7941,13.173999786376951,12.239999771118164,9.95400047302246,7.664999961853027,,,,,,,,,,,,
4FGL J0232.5-1118,13.064000129699709,12.626999855041504,11.04699993133545,8.454000473022461,242.8,,,,,,,,,,,
4FGL J0242.9+0045,14.689000129699709,14.218000411987305,12.67300033569336,8.812999725341797,29.9,,,,,,,,,,,
4FGL J0301.4-3124,13.541999816894531,12.677000045776367,9.888999938964844,7.414999961853027,273.5,,,,,,,,,,,
4FGL J0309.4-4000,13.0649995803833,12.628000259399414,11.151000022888184,8.927000045776367,,,,,,,,,,,,
4FGL J0317.8-4414,11.85099983215332,11.748000144958496,10.416000366210938,8.232999801635742,,,,,,,,,,,,
4FGL J0328.8-5715,14.92199993133545,14.407999992370604,11.984999656677246,8.937999725341797,,,,,,,,,,,,
4FGL J0331.3-6156,13.02299976348877,12.368000030517578,10.260000228881836,8.336000442504883,,,,,,,,,,,,
4FGL J0338.7-5706,14.79599952697754,14.359000205993652,12.39900016784668,8.911999702453613,,,,,,,,,,,,
4FGL J0343.2-6444,13.18000030517578,12.380999565124512,10.060999870300291,8.043000221252441,,,,,,,,,,,,
4FGL J0350.8-2814,15.291999816894531,14.83199977874756,12.739999771118164,8.711000442504883,3.0,,,,,,,,,,,
4FGL J0352.9-3623,14.133000373840332,13.479000091552734,11.3149995803833,9.232000350952148,6.2,,,,,,,,,,,
4FGL J0355.1-1841,14.253999710083008,13.597000122070312,11.38599967956543,8.770999908447266,39.9,,,,,,,,,,,
4FGL J0357.6-4625,12.409000396728516,11.875,9.597000122070312,7.511000156402588,,,,,,,,,,,,
4FGL J0414.8-5338,14.463000297546388,14.013999938964844,11.946000099182127,9.236000061035156,,,,,,,,,,,,
4FGL J0422.3+1951,14.449999809265137,13.793999671936035,11.791999816894531,8.444999694824219,8.8,,,,,,,,,,,
4FGL J0429.9-3101,13.699999809265137,13.121999740600586,11.628999710083008,8.885000228881836,34.9,,,,,,,,,,,
4FGL J0435.4-2623,14.496999740600586,13.892000198364258,11.906999588012695,8.670999526977539,16.0,,,,,,,,,,,
4FGL J0441.5+1505,14.300000190734863,13.677000045776367,11.970999717712402,8.545999526977539,13.6,,,,,,,,,,,
4FGL J0443.3-6652,14.109999656677246,13.208999633789062,9.82699966430664,7.460999965667725,,,,,,,,,,,,
4FGL J0502.9+6533,13.708999633789062,13.279999732971191,11.534000396728516,9.20199966430664,75.7,,,,,,,,,,,
4FGL J0513.9-3746,15.175000190734863,14.109999656677246,11.104000091552734,8.390999794006348,62.0,,,,,,,,,,,
4FGL J0525.6-2008,,,,,229.7,,,,,,,,,,,
4FGL J0626.4-1712,15.052000045776367,14.508000373840332,12.399999618530272,9.361000061035156,11.3,,,,,,,,,,,
4FGL J0647.0-5138,13.519000053405762,12.991000175476074,11.140999794006348,9.06700038909912,,,,,,,,,,,,
4FGL J0648.4-6941,14.189000129699709,13.6850004196167,12.196999549865724,9.321999549865724,,,,,,,,,,,,
4FGL J0651.0+4013,12.982999801635742,12.17099952697754,9.866000175476074,7.808000087738037,31.6,,,,,,,,,,,
4FGL J0651.4+6525,14.883999824523926,13.866999626159668,11.229000091552734,9.190999984741213,20.0,,,,,,,,,,,
4FGL J0652.1-4813,14.437999725341797,13.74899959564209,11.791000366210938,9.319000244140623,,,,,,,,,,,,
4FGL J0715.6-4528,13.35200023651123,12.623000144958496,9.78600025177002,7.730000019073486,,,,,,,,,,,,
4FGL J0741.0+3226,14.133000373840332,13.437999725341797,11.446999549865724,8.315999984741211,14.5,,,,,,,,,,,
4FGL J0746.3-0225,13.251999855041504,12.623000144958496,10.295000076293944,8.204000473022461,12.8,,,,,,,,,,,
4FGL J0746.6-4754,12.734999656677246,11.901000022888184,9.541000366210938,7.605999946594238,,,,,,,,,,,,
4FGL J0749.4+1058,13.175000190734863,12.187999725341797,9.57699966430664,7.229000091552734,198.5,,,,,,,,,,,
4FGL J0801.1+1335,14.619999885559082,14.029000282287598,11.803000450134276,8.565999984741211,16.7,,,,,,,,,,,
4FGL J0803.0+2439,14.456000328063965,13.72700023651123,12.208000183105469,8.307000160217285,23.9,,,,,,,,,,,
4FGL J0814.4+2941,14.876999855041504,13.769000053405762,10.949999809265137,8.187000274658203,4.4,,,,,,,,,,,
4FGL J0830.0+5231,14.166999816894531,13.692999839782717,12.371999740600586,9.017000198364258,4.8,,,,,,,,,,,
4FGL J0848.9+0205,14.281999588012695,13.27299976348877,10.46500015258789,8.008000373840332,52.4,,,,,,,,,,,
4FGL J0859.4+8345,15.032999992370604,14.48799991607666,12.381999969482422,9.383000373840332,9.1,,,,,,,,,,,
4FGL J0927.2+2454,14.031999588012695,12.939000129699709,9.91100025177002,7.557000160217285,102.5,,,,,,,,,,,
4FGL J0928.5+4048,14.397000312805176,13.611000061035156,12.196999549865724,8.866000175476074,6.7,,,,,,,,,,,
4FGL J0929.6+4621,14.35099983215332,13.63599967956543,11.02299976348877,8.647000312805176,95.0,,,,,,,,,,,
4FGL J0942.3+2842,14.71500015258789,14.07699966430664,12.111000061035156,8.880000114440918,21.5,,,,,,,,,,,
4FGL J0949.2+1749,14.798999786376951,13.70300006866455,10.647000312805176,8.418000221252441,258.7,,,,,,,,,,,
4FGL J0953.4-7659,14.041999816894531,13.576000213623049,11.45199966430664,9.312000274658203,,,,,,,,,,,,
4FGL J0954.2+4913,15.17300033569336,14.53600025177002,12.407999992370604,8.366000175476074,2.6,,,,,,,,,,,
4FGL J1008.0+0028,12.460000038146973,11.930999755859377,9.715999603271484,7.532999992370605,484.1,,,,,,,,,,,
4FGL J1012.7+4228,13.803999900817873,13.284000396728516,11.305999755859377,8.755999565124512,79.0,,,,,,,,,,,
4FGL J1018.1+1905,14.536999702453612,13.868000030517578,11.357999801635742,8.644000053405762,14.3,,,,,,,,,,,
4FGL J1027.0-8542,12.46500015258789,11.57699966430664,9.17199993133545,7.224999904632568,,,,,,,,,,,,
4FGL J1038.5+3926,14.50100040435791,13.612000465393066,11.114999771118164,8.815999984741211,10.7,,,,,,,,,,,
4FGL J1042.9+0054,14.590999603271484,14.32699966430664,12.06700038909912,8.517000198364258,31.5,,,,,,,,,,,
4FGL J1043.6+0654,15.031999588012695,14.3100004196167,11.746000289916992,8.918999671936035,7.4,,,,,,,,,,,
4FGL J1045.3+2751,15.437000274658203,14.798999786376951,11.798999786376951,8.758999824523926,3.0,,,,,,,,,,,
4FGL J1049.7+5011,14.789999961853027,14.425999641418455,12.496999740600586,8.890999794006348,7.5,,,,,,,,,,,
4FGL J1057.2+5510,15.17099952697754,14.411999702453612,12.630999565124512,9.059000015258787,5.5,,,,,,,,,,,
4FGL J1111.0+3542,14.45400047302246,13.657999992370604,10.984999656677246,8.694000244140625,4.7,,,,,,,,,,,
4FGL J1111.5+3455,15.46500015258789,14.656999588012695,12.053999900817873,8.939000129699707,6.6,,,,,,,,,,,
4FGL J1123.1-3233,14.595000267028809,14.232999801635742,12.326000213623049,9.013999938964844,19.6,,,,,,,,,,,
4FGL J1123.8+7230,14.79599952697754,14.248000144958496,12.118000030517578,8.746999740600586,11.9,,,,,,,,,,,
4FGL J1124.0+2045,14.630000114440918,13.758000373840332,11.357999801635742,9.038999557495115,8.7,,,,,,,,,,,
4FGL J1124.9+2143,14.855999946594238,14.08199977874756,12.126999855041504,8.694999694824219,7.9,,,,,,,,,,,
4FGL J1128.8+3757,14.583000183105469,13.638999938964844,11.163000106811523,8.281999588012695,26.5,,,,,,,,,,,
4FGL J1130.5-7801,13.053999900817873,12.67199993133545,10.642000198364258,8.597999572753906,,,,,,,,,,,,
4FGL J1133.8-2048,12.904000282287598,12.657999992370604,10.95300006866455,9.071000099182127,65.0,,,,,,,,,,,
4FGL J1139.0+5530,15.91800022125244,15.357999801635742,11.994999885559082,9.086999893188477,,,,,,,,,,,,
4FGL J1149.2+6246,14.532999992370604,13.855999946594238,11.41800022125244,8.767000198364258,18.4,,,,,,,,,,,
4FGL J1151.3+0957,14.461999893188477,13.626999855041504,11.331000328063965,8.741999626159668,33.3,,,,,,,,,,,
4FGL J1204.8+0407,15.491999626159668,14.312000274658203,11.05500030517578,8.494000434875488,133.0,,,,,,,,,,,
4FGL J1207.7-2229,13.668999671936035,12.864999771118164,10.387999534606934,8.140999794006348,120.0,,,,,,,,,,,
4FGL J1213.7+6423,14.701000213623049,13.928000450134276,11.770999908447266,8.781000137329102,10.5,,,,,,,,,,,
4FGL J1219.0+4827,15.645999908447266,14.41800022125244,11.211999893188477,8.164999961853027,618.5,,,,,,,,,,,
4FGL J1219.0+3653,15.310999870300291,14.25,11.550999641418455,8.604999542236328,28.5,,,,,,,,,,,
4FGL J1223.8+4649,14.093000411987305,13.699000358581545,12.401000022888184,9.30500030517578,12.8,,,,,,,,,,,
4FGL J1232.5+4821,16.160999298095703,15.092000007629396,12.33199977874756,9.04699993133545,325.9,,,,,,,,,,,
4FGL J1242.9+7315,11.90999984741211,11.809000015258787,10.342000007629396,8.123000144958496,293.8,,,,,,,,,,,
4FGL J1305.9+3858,14.479999542236328,14.104000091552734,12.692999839782717,9.104000091552734,42.6,,,,,,,,,,,
4FGL J1311.8+3954,14.722000122070312,13.973999977111816,11.708999633789062,8.524999618530273,15.2,,,,,,,,,,,
4FGL J1353.7-3936,14.406999588012695,14.012999534606934,11.70400047302246,8.715999603271484,34.2,,,,,,,,,,,
4FGL J1406.6-3934,15.107999801635742,14.640000343322754,12.532999992370604,9.234000205993652,8.3,,,,,,,,,,,
4FGL J1410.3+6058,14.911999702453612,14.585000038146973,12.286999702453612,9.444000244140623,10.5,,,,,,,,,,,
4FGL J1425.4-0119,15.166000366210938,14.449999809265137,12.274999618530272,8.51200008392334,9.6,,,,,,,,,,,
4FGL J1434.8+6640,14.35099983215332,13.722000122070312,11.522000312805176,9.303000450134276,9.3,,,,,,,,,,,
4FGL J1449.6-2137,15.600000381469728,14.850000381469728,12.279000282287598,8.493000030517578,166.2,,,,,,,,,,,
4FGL J1455.8-7601,14.463000297546388,13.817999839782717,11.6899995803833,8.513999938964844,,,,,,,,,,,,
4FGL J1507.3+3341,14.482000350952148,13.9350004196167,11.63599967956543,8.876999855041504,39.4,,,,,,,,,,,
4FGL J1513.4-0753,14.696999549865724,14.31700038909912,12.182000160217283,8.479000091552734,10.7,,,,,,,,,,,
4FGL J1514.8-0949,14.968999862670898,13.85099983215332,10.83199977874756,7.822999954223633,347.8,,,,,,,,,,,
4FGL J1516.1+4351,14.937999725341797,14.026000022888184,11.406000137329102,9.468999862670898,23.5,,,,,,,,,,,
4FGL J1520.4+5546,13.631999969482422,12.791999816894531,10.093000411987305,7.8979997634887695,58.3,,,,,,,,,,,
4FGL J1531.7+4710,14.736000061035156,13.90999984741211,11.968999862670898,9.017000198364258,3.2,,,,,,,,,,,
4FGL J1541.9-2915,14.630999565124512,14.019000053405762,11.27400016784668,8.222999572753906,17.2,,,,,,,,,,,
4FGL J1548.3+1456,14.27299976348877,13.496000289916992,11.40999984741211,8.79800033569336,23.9,,,,,,,,,,,
4FGL J1549.6+1710,14.970000267028809,13.836000442504885,11.04800033569336,8.406000137329102,79.3,,,,,,,,,,,
4FGL J1549.8-3044,14.847000122070312,14.161999702453612,11.697999954223633,8.784000396728516,16.3,,,,,,,,,,,
4FGL J1553.3+0600,14.333999633789062,13.718999862670898,11.539999961853027,8.682999610900879,10.4,,,,,,,,,,,
4FGL J1604.7+1734,14.527999877929688,13.57900047302246,11.3100004196167,8.838000297546387,10.9,,,,,,,,,,,
4FGL J1605.1-1140,14.401000022888184,13.338000297546388,10.218999862670898,7.559999942779541,258.0,,,,,,,,,,,
4FGL J1627.3+3148,14.984999656677246,14.401000022888184,12.515999794006348,8.871000289916992,6.6,,,,,,,,,,,
4FGL J1640.2+0629,14.616000175476074,13.890000343322754,11.93299961090088,9.072999954223633,39.3,,,,,,,,,,,
4FGL J1647.4-6438,12.55500030517578,11.67300033569336,8.986000061035156,6.4670000076293945,,,,,,,,,,,,
4FGL J1651.6+7219,13.866000175476074,13.13599967956543,11.739999771118164,9.121999740600586,19.8,,,,,,,,,,,
4FGL J1744.4+1851,14.680999755859377,14.031000137329102,12.196999549865724,8.616000175476074,12.2,,,,,,,,,,,
4FGL J1744.6-5713,13.482999801635742,12.803999900817873,10.65999984741211,8.788999557495117,,,,,,,,,,,,
4FGL J1747.2+4937,14.996999740600586,14.63599967956543,12.711000442504885,9.491000175476074,7.3,,,,,,,,,,,
4FGL J1800.1+7037,15.192999839782717,14.392000198364258,11.906999588012695,9.821999549865724,9.9,,,,,,,,,,,
4FGL J1807.2+6429,13.644000053405762,13.10099983215332,11.24899959564209,9.131999969482422,58.7,,,,,,,,,,,
4FGL J1814.0+3828,14.859000205993652,14.449999809265137,12.649999618530272,9.119999885559082,6.3,,,,,,,,,,,
4FGL J1814.2+4114,15.128999710083008,14.005999565124512,11.501999855041504,8.951000213623047,723.9,,,,,,,,,,,
4FGL J1830.0-5225,13.42099952697754,12.458000183105469,9.913999557495115,7.931000232696533,,,,,,,,,,,,
4FGL J1838.0-5959,13.906999588012695,13.012999534606934,10.829999923706056,8.315999984741211,,,,,,,,,,,,
4FGL J1848.9+4247,14.491000175476074,13.937999725341797,12.050999641418455,9.0649995803833,20.5,,,,,,,,,,,
4FGL J1853.8+6714,14.675000190734863,14.180999755859377,12.27400016784668,9.272000312805176,10.6,,,,,,,,,,,
4FGL J1912.4+3738,14.281999588012695,13.241999626159668,10.538999557495115,7.90500020980835,417.1,,,,,,,,,,,
4FGL J1913.9+4439,13.979999542236328,13.267999649047852,11.031999588012695,9.45300006866455,15.0,,,,,,,,,,,
4FGL J1934.3-2419,13.986000061035156,13.357000350952148,11.038000106811523,8.178999900817871,18.4,,,,,,,,,,,
4FGL J1934.5+6139,15.04699993133545,13.937999725341797,10.770000457763672,8.468000411987305,192.2,,,,,,,,,,,
4FGL J1942.8-3512,12.48799991607666,12.196000099182127,10.29300022125244,8.003000259399414,66.6,,,,,,,,,,,
4FGL J2002.6+6302,15.309000015258787,14.592000007629396,12.06700038909912,9.40999984741211,10.4,,,,,,,,,,,
4FGL J2023.8-4828,13.958000183105469,13.44499969482422,11.557000160217283,8.656999588012695,,,,,,,,,,,,
4FGL J2048.6-6804,13.027999877929688,12.199000358581545,9.376999855041504,7.36299991607666,,,,,,,,,,,,
4FGL J2110.2-1021,15.24899959564209,14.402999877929688,10.769000053405762,8.645000457763672,1193.3,,,,,,,,,,,
4FGL J2148.0-0733,14.07699966430664,13.595000267028809,11.916000366210938,8.041999816894531,7.8,,,,,,,,,,,
4FGL J2211.2-1325,11.961999893188477,10.937000274658203,8.572999954223633,6.330999851226807,1330.0,,,,,,,,,,,
4FGL J2211.4-7040,13.64799976348877,12.843000411987305,10.414999961853027,8.197999954223633,,,,,,,,,,,,
4FGL J2230.9-7815,14.095000267028809,13.267000198364258,10.883000373840332,8.420000076293945,,,,,,,,,,,,
4FGL J2236.5-1433,11.527999877929688,10.447999954223633,7.484000205993652,5.136000156402588,541.9,,,,,,,,,,,
4FGL J2246.7-5207,13.670000076293944,13.204999923706056,11.57699966430664,8.875,,,,,,,,,,,,
4FGL J2300.1+4053,14.670000076293944,14.192999839782717,12.097000122070312,9.262999534606934,13.5,,,,,,,,,,,
4FGL J2309.7-3632,13.503000259399414,12.722999572753906,10.51099967956543,8.579999923706055,,,,,,,,,,,,
4FGL J2317.4-4533,13.246000289916992,12.496999740600586,10.513999938964844,8.744999885559082,,,,,,,,,,,,
4FGL J2320.8-0823,,,,,319.7,,,,,,,,,,,
4FGL J2321.7-6438,13.505000114440918,12.58899974822998,9.970000267028809,8.217000007629395,,,,,,,,,,,,
4FGL J2322.1+4440,15.170000076293944,14.123000144958496,11.53600025177002,8.720999717712402,364.0,,,,,,,,,,,
4FGL J2327.4+0444,13.699000358581545,12.826000213623049,10.39799976348877,8.253000259399414,165.7,,,,,,,,,,,
4FGL J2338.1+0325,13.699999809265137,12.753000259399414,10.211000442504885,8.057999610900879,1485.8,,,,,,,,,,,
4FGL J2339.2-7403,13.512999534606934,12.94200038909912,11.149999618530272,9.130999565124512,,,,,,,,,,,,
4FGL J2343.9+0546,13.36299991607666,12.604999542236328,10.498000144958496,8.177000045776367,19.0,,,,,,,,,,,
4FGL J0001.5+2113,13.98799991607666,13.12600040435791,9.71500015258789,7.439000129699707,217.3,,19.402000427246094,19.20800018310547,18.89699935913086,18.7450008392334,18.6200008392334,18.7608,18.8757,18.294,18.741,18.3444
4FGL J0003.9-1149,14.258000373840332,13.217000007629395,10.348999977111816,8.479000091552734,459.2,0.012199999764561653,,,,,,20.0,19.4021,19.1299,18.7762,18.7504
4FGL J0004.0+0840,15.222999572753906,14.272000312805176,11.90999984741211,8.633000373840332,24.1,,20.61199951171875,20.14699935913086,19.739999771118164,19.45400047302246,19.270000457763672,19.7942,19.741,19.2158,19.0717,18.8105
4FGL J0004.3+4614,15.597000122070312,14.430999755859375,11.685999870300293,8.482999801635742,120.2,0.004019999876618385,,,,,,20.5687,20.3356,19.8635,19.9377,19.7444
4FGL J0004.4-4737,13.20199966430664,12.107999801635742,8.779999732971191,6.473999977111816,,0.014000000432133675,,,,,,,,,,
4FGL J0005.9+3824,12.15999984741211,11.050000190734863,7.764999866485596,5.085999965667725,572.2,0.05079999938607216,,,,,,19.2858,18.2761,17.615,17.4282,17.3141
4FGL J0006.3-0620,12.151000022888184,11.008999824523926,8.022000312805176,5.519999980926514,2050.7,0.05570000037550926,19.177000045776367,18.566999435424805,17.874000549316406,17.437000274658203,16.976999282836914,18.4349,18.0688,17.3262,17.038,17.479
4FGL J0006.4+0135,14.982000350952148,14.532999992370605,12.178999900817871,8.354000091552734,7.0,0.0017300000181421638,20.552000045776367,20.33099937438965,19.941999435424805,19.566999435424805,19.201000213623047,19.5379,19.7082,18.9552,18.434,18.5292
4FGL J0008.0+4711,13.456000328063965,12.520999908447266,10.097999572753906,7.901000022888184,60.3,,,,,,,19.6749,18.7214,18.2776,17.7556,17.4113
4FGL J0009.1+0628,13.038000106811523,12.097999572753906,9.342000007629395,7.139999866485596,246.1,0.01600000075995922,19.95199966430664,19.408000946044922,18.884000778198242,18.458999633789062,18.167999267578125,18.3076,17.7011,17.5362,17.4634,17.1749
4FGL J0010.6+2043,15.145999908447266,14.147000312805176,11.49899959564209,8.711000442504883,158.4,,19.791000366210938,19.395000457763672,19.334999084472656,19.07200050354004,19.069000244140625,18.9368,18.8619,18.7866,18.8477,18.6857
4FGL J0010.6-3025,14.795000076293945,13.777999877929688,10.748000144958496,8.059000015258789,315.3,0.014299999922513962,,,,,,18.808,19.395,19.4609,18.8608,18.973
4FGL J0011.4+0057,13.942000389099121,12.869000434875488,9.696000099182129,7.3429999351501465,167.0,0.004000000189989805,18.4060001373291,17.900999069213867,17.47599983215332,17.142000198364258,16.916000366210938,19.8397,19.4354,19.7461,19.0571,18.8849
4FGL J0013.6-0424,15.652000427246094,14.63599967956543,11.057000160217285,8.46500015258789,303.1,,20.701000213623047,20.15999984741211,19.67799949645996,19.395999908447266,19.177000045776367,20.4749,20.0726,20.3866,19.376,19.1216
4FGL J0013.9-1854,12.524999618530273,12.298999786376953,10.980999946594238,7.9039998054504395,29.2,0.4819999933242798,,,,,,17.4062,16.7983,16.3615,16.1837,16.0645
4FGL J0014.1+1910,13.404000282287598,12.411999702453613,9.677000045776367,7.480999946594238,160.9,,18.760000228881836,18.14900016784668,17.684999465942383,17.329999923706055,17.03700065612793,18.967,18.2262,17.9817,17.6544,17.3973
4FGL J0016.2-0016,15.647000312805176,14.437000274658203,11.503000259399414,7.888999938964844,1085.1,0.014000000432133675,20.51799964904785,20.23699951171875,19.909000396728516,19.476999282836914,19.36199951171875,20.351,19.8944,19.2912,19.4859,19.1789
4FGL J0017.5-0514,12.994999885559082,11.918999671936035,9.213000297546387,6.736000061035156,173.5,0.06419999897480011,18.235000610351562,18.179000854492188,17.83099937438965,17.3799991607666,17.386999130249023,18.2876,17.8741,17.1976,17.5765,17.381
4FGL J0017.8+1455,13.048999786376953,12.232999801635742,9.9399995803833,7.849999904632568,58.7,,18.875999450683594,18.391000747680664,17.906999588012695,17.575000762939453,17.344999313354492,18.5931,17.476,17.5788,17.3715,17.1546
4FGL J0019.6+7327,13.814000129699707,12.73799991607666,10.142000198364258,7.651000022888184,1136.1,0.05490000173449516,,,,,,18.8606,18.5263,18.1518,18.0564,17.978
4FGL J0023.7-6820,12.585000038146973,11.493000030517578,8.442000389099121,5.75,,0.06889999657869339,,,,,,,,,,
4FGL J0025.2-2231,14.527000427246094,13.550000190734863,11.079999923706055,8.338000297546387,201.2,,,,,,,18.8514,18.8774,19.02,18.3393,18.9175
4FGL J0028.4+2001,15.267000198364258,14.13599967956543,11.392999649047852,8.732000350952148,286.5,,21.607999801635742,20.634000778198242,20.066999435424805,19.579999923706055,19.32900047302246,20.2631,20.3611,19.8014,20.1892,19.3726
4FGL J0028.8-0112,11.581000328063965,11.437999725341797,9.79800033569336,7.440000057220459,284.8,,17.351999282836914,15.574000358581543,14.588000297546387,14.14900016784668,13.822999954223633,17.3509,16.4155,16.2876,15.9135,15.5997
4FGL J0030.2-1647,14.039999961853027,13.302000045776367,11.385000228881836,8.241000175476074,9.4,,18.048999786376953,17.770000457763672,17.57900047302246,17.410999298095703,17.246000289916992,17.786,17.7931,17.6332,17.3181,17.2396
4FGL J0030.3-4224,13.3149995803833,12.151000022888184,9.286999702453613,7.046999931335449,,0.05460000038146973,,,,,,,,,,
4FGL J0032.4-2849,12.949000358581543,12.206000328063965,9.756999969482422,7.489999771118164,159.9,,,,,,,18.7213,18.1632,17.7296,17.2583,17.3202
4FGL J0033.5-1921,12.293999671936035,11.491999626159668,9.197999954223633,7.406000137329102,18.5,0.33899998664855957,16.90399932861328,16.58300018310547,16.32200050354004,16.11199951171875,15.944999694824219,16.696,16.3838,16.2469,16.3128,15.9442
4FGL J0035.2+1514,12.979000091552734,12.199000358581543,9.842000007629395,7.9070000648498535,17.5,0.066600002348423,17.641000747680664,17.197999954223633,16.844999313354492,16.600000381469727,16.375999450683594,17.4526,17.2022,17.0098,16.6949,16.5753
4FGL J0035.8-0837,14.621000289916992,13.54800033569336,11.397000312805176,8.539999961853027,120.1,,21.645000457763672,21.256999969482422,20.718000411987305,20.66200065612793,20.139999389648438,21.4308,21.1904,20.8201,20.1042,19.8188
4FGL J0037.6+3653,13.354000091552734,12.517000198364258,10.116000175476074,7.72599983215332,843.6,,20.106000900268555,19.309999465942383,18.47599983215332,17.996999740600586,17.621999740600586,19.0585,18.4648,18.0295,17.8294,17.5888
4FGL J0037.8+1239,12.194999694824219,11.562000274658203,9.354999542236328,7.464000225067139,75.1,0.07940000295639038,17.433000564575195,16.70800018310547,16.02400016784668,15.640000343322754,15.321999549865723,17.729,17.1557,16.668,16.2951,16.2987
4FGL J0038.1+0012,14.357000350952148,13.427000045776367,10.633999824523926,8.32800006866455,95.6,,20.219999313354492,19.736000061035156,19.316999435424805,18.95599937438965,18.624000549316406,19.918,19.5777,19.247,18.9586,18.6735
4FGL J0038.2-2459,13.819000244140625,12.72599983215332,9.663000106811523,7.14900016784668,412.5,0.1120000034570694,,,,,,19.6614,19.9069,19.1867,19.322,18.0223
4FGL J0040.4-2340,13.16100025177002,12.479000091552734,9.991000175476074,7.807000160217285,52.9,,19.738000869750977,18.360000610351562,17.336999893188477,16.86400032043457,16.469999313354492,18.3615,17.8978,17.4168,17.1607,16.9229
4FGL J0041.4+3800,14.338000297546387,13.527999877929688,10.847999572753906,8.27299976348877,106.5,,19.024999618530273,18.680999755859375,18.284000396728516,18.124000549316406,17.761999130249023,17.9435,17.6988,17.4744,17.2395,17.4026
4FGL J0042.2+2319,15.21399974822998,14.055999755859375,10.940999984741211,8.677000045776367,1269.3,,21.47599983215332,21.02899932861328,20.632999420166016,20.31800079345703,20.059999465942383,21.0191,20.5759,20.1831,19.7959,19.4971
4FGL J0043.7-1116,14.034000396728516,13.295000076293945,11.262999534606934,8.692000389099121,24.6,0.07639999687671661,,,,,,18.0496,17.8302,17.672,17.4174,17.3651
4FGL J0043.8+3425,14.95300006866455,14.069000244140625,11.404999732971191,8.633000373840332,92.8,,21.215999603271484,20.520999908447266,19.910999298095703,19.570999145507812,19.216999053955078,20.3781,19.0571,19.3218,18.4466,19.0668
4FGL J0044.2-8424,14.03499984741211,12.99899959564209,9.82699966430664,7.386000156402588,,,,,,,,,,,,
4FGL J0047.9+2233,15.16100025177002,14.152999877929688,11.312999725341797,8.708999633789062,83.3,0.024000000208616257,19.417999267578125,19.013999938964844,18.58300018310547,18.288000106811523,18.03700065612793,20.2993,20.1886,19.736,19.8367,18.7342
4FGL J0049.0+2252,13.428000450134277,12.956000328063965,11.189000129699707,8.930999755859375,316.4,,19.593000411987305,18.406999588012695,17.174999237060547,16.638999938964844,16.277000427246094,19.3191,18.5069,18.1001,17.7305,17.5334
4FGL J0049.6-4500,12.668999671936035,11.784000396728516,8.73900032043457,6.3520002365112305,,,,,,,,,,,,
4FGL J0049.7+0237,12.722000122070312,11.366999626159668,9.717000007629395,7.2230000495910645,425.3,0.015699999406933784,19.48699951171875,18.989999771118164,18.548999786376953,18.209999084472656,17.916000366210938,17.7189,18.5482,18.5325,17.2497,16.7905
4FGL J0050.0-5736,13.619000434875488,12.631999969482422,9.821000099182129,7.341000080108643,,0.03929999843239784,,,,,,,,,,
4FGL J0050.4-0452,14.668000221252441,13.52400016784668,10.555999755859375,8.331999778747559,253.7,0.008179999887943268,20.079999923706055,19.674999237060547,19.288000106811523,19.066999435424805,18.802000045776367,19.4014,19.5229,19.4101,17.8836,18.7362
4FGL J0050.7-0929,11.321999549865723,10.427000045776367,9.72700023651123,7.552999973297119,814.0,0.34599998593330383,16.6200008392334,16.238000869750977,15.833000183105469,15.57800006866455,15.340999603271484,15.7822,15.6862,15.7009,15.1976,15.2291
4FGL J0051.1-0648,14.050000190734863,12.940999984741211,10.763999938964844,8.472999572753906,903.9,0.0210999995470047,20.461000442504883,20.003000259399414,19.549999237060547,19.094999313354492,18.851999282836914,19.8765,19.7415,19.5014,18.9826,18.3913
4FGL J0051.2-6242,13.161999702453613,12.456000328063965,10.276000022888184,8.4399995803833,,0.17100000381469727,,,,,,,,,,
4FGL J0051.5-4220,15.036999702453613,13.871999740600586,10.437000274658203,8.152000427246094,,,,,,,,,,,,
4FGL J0054.7-2455,13.164999961853027,12.414999961853027,10.456000328063965,9.043000221252441,24.1,0.11100000143051147,,,,,,17.2963,17.0883,16.7034,16.7632,16.6484
4FGL J0056.3-0935,11.838000297546387,11.458000183105469,9.802000045776367,8.253000259399414,199.2,0.15600000321865082,16.986000061035156,15.791000366210938,14.906000137329102,14.48900032043457,14.119999885559082,17.2191,16.5923,16.4679,16.1966,16.0213
4FGL J0056.8+1626,15.241000175476074,14.114999771118164,11.298999786376953,8.668000221252441,124.7,,21.93400001525879,21.558000564575195,20.885000228881836,20.53499984741211,20.145000457763672,20.8388,20.571,19.7622,20.0243,18.8951
4FGL J0058.0-0539,15.090999603271484,13.904000282287598,10.906000137329102,8.029000282287598,741.7,0.016300000250339508,19.121000289916992,19.01099967956543,18.54800033569336,18.493000030517578,18.54199981689453,18.7303,18.4155,18.3902,18.3118,18.4142
4FGL J0059.2+0006,13.312000274658203,12.144000053405762,9.326000213623047,6.7729997634887695,2508.8,,17.801000595092773,17.548999786376953,17.500999450683594,17.591999053955078,17.441999435424805,17.8347,17.7367,17.4735,17.5751,17.8504
4FGL J0059.3-0152,13.567999839782715,13.180000305175781,11.277999877929688,8.682000160217285,17.5,0.23999999463558197,18.83799934387207,17.940000534057617,17.100000381469727,16.697999954223633,16.361000061035156,18.4724,17.8129,17.5313,17.2024,16.8994
4FGL J0101.0-0059,13.947999954223633,13.071000099182129,10.581000328063965,8.420999526977539,32.9,,19.874000549316406,19.284000396728516,18.823999404907227,18.43400001525879,18.14299964904785,19.2294,18.8466,18.5096,18.3194,18.1295
4FGL J0102.4+4214,14.010000228881836,12.954000473022461,9.854000091552734,7.4029998779296875,42.3,0.006839999929070473,19.937000274658203,19.090999603271484,18.634000778198242,18.25200080871582,17.94499969482422,19.7116,19.7628,19.8551,18.3479,19.3411
4FGL J0104.8-2416,14.48900032043457,13.307000160217285,10.409000396728516,7.590000152587891,233.9,0.007240000180900097,,,,,,18.5449,18.9701,18.7633,18.5994,18.6971
4FGL J0105.1+3929,12.312999725341797,11.28600025177002,8.380000114440918,6.216000080108643,91.0,,,,,,,18.8084,17.7685,17.5328,17.7955,16.7401
4FGL J0108.1-0039,13.902999877929688,12.70199966430664,9.553999900817871,7.303999900817871,932.2,0.019099999219179153,17.94300079345703,17.69099998474121,17.461999893188477,17.31100082397461,17.222000122070312,17.6362,17.5636,17.3156,17.27,17.3047
4FGL J0108.6+0134,13.241000175476074,12.081000328063965,8.85099983215332,6.190000057220459,2620.7,0.04960000142455101,18.746000289916992,18.545000076293945,18.420000076293945,18.084999084472656,17.820999145507812,18.5221,18.1353,17.9184,17.8338,17.923
4FGL J0109.1+1815,12.83899974822998,12.010000228881836,9.656999588012695,7.798999786376953,90.3,0.011900000274181366,17.701000213623047,17.277000427246094,16.863000869750977,16.57900047302246,16.364999771118164,17.5605,17.2004,16.9808,16.6043,16.8721
4FGL J0110.0-4019,13.902999877929688,13.248000144958496,11.381999969482422,9.154999732971191,,0.09470000118017197,,,,,,,,,,
4FGL J0110.2+4151,12.949999809265137,12.687999725341797,11.312999725341797,9.253000259399414,85.4,0.0471000000834465,18.27400016784668,16.66699981689453,15.73900032043457,15.208000183105469,14.791000366210938,18.1588,17.7358,17.1258,16.881,16.8447
4FGL J0110.7-1254,14.010000228881836,13.572999954223633,11.61400032043457,8.64799976348877,17.1,0.2160000056028366,,,,,,19.0188,18.3449,17.9619,17.7525,17.6555
4FGL J0111.4+0534,14.496999740600586,14.093999862670898,12.116999626159668,8.350000381469727,16.4,0.1120000034570694,19.93000030517578,19.4060001373291,18.69099998474121,18.236000061035156,18.010000228881836,19.7686,19.0805,18.5839,18.5894,18.3561
4FGL J0112.0-6634,14.553000450134277,13.305999755859375,10.300000190734863,7.658999919891357,,,,,,,,,,,,
4FGL J0112.1+2245,10.361000061035156,9.413999557495117,6.921000003814697,4.879000186920166,385.3,0.19900000095367432,15.854999542236328,15.38599967956543,14.956000328063965,14.595000267028809,14.303999900817871,15.4838,14.795,14.7344,14.7483,14.6374
4FGL J0112.1-0321,14.508000373840332,13.550999641418457,10.991000175476074,8.585000038146973,141.8,,19.090999603271484,18.583999633789062,18.466999053955078,18.430999755859375,18.18899917602539,19.2895,19.2259,19.1121,18.6552,18.6928
4FGL J0112.8+3208,12.057000160217285,11.026000022888184,8.156999588012695,5.784999847412109,684.2,0.14000000059604645,17.259000778198242,16.784000396728516,16.44499969482422,16.19099998474121,15.975000381469727,17.6241,17.9689,17.7282,17.2905,17.6439
4FGL J0113.1-3553,13.746000289916992,12.62399959564209,9.722000122070312,7.27400016784668,179.6,0.02250000089406967,,,,,,,,,,
4FGL J0113.4+4948,12.640999794006348,11.543999671936035,8.513999938964844,6.144999980926514,666.8,0.0674000009894371,,,,,,17.7205,17.8439,17.6176,17.5879,16.727
4FGL J0113.7+0225,11.67199993133545,11.229999542236328,8.847000122070312,6.64300012588501,490.5,0.031199999153614044,17.018999099731445,15.395000457763672,14.550000190734863,14.140999794006348,13.791999816894531,17.2806,16.4983,16.083,15.8017,15.5702
4FGL J0114.8+1326,12.72599983215332,11.916000366210938,9.616999626159668,7.677999973297119,63.4,0.021900000050663948,17.80699920654297,17.374000549316406,17.020999908447266,16.756999969482422,16.54599952697754,17.3518,17.2271,16.6526,16.4323,16.2236
4FGL J0115.1-0129,14.661999702453613,13.253999710083008,10.182000160217285,7.9070000648498535,1076.2,,18.236000061035156,18.108999252319336,17.87299919128418,17.849000930786133,17.934999465942383,18.3288,18.0036,18.0003,18.1436,18.1812
4FGL J0115.8+2519,13.407999992370605,12.6850004196167,10.531000137329102,8.131999969482422,37.7,0.22200000286102295,18.145999908447266,17.67799949645996,17.260000228881836,16.944000244140625,16.68899917602539,17.6862,17.5528,17.477,17.1856,17.1166
4FGL J0116.0-1136,12.678000450134277,11.550000190734863,8.692000389099121,6.267000198364258,1785.0,0.09239999949932098,,,,,,18.0168,17.8518,17.9198,17.8661,17.9697
4FGL J0117.8-2109,13.331000328063965,12.192000389099121,9.52299976348877,6.931000232696533,254.3,,18.23200035095215,17.677000045776367,17.187000274658203,16.839000701904297,16.517000198364258,19.6906,18.9327,18.6373,18.4283,17.5638
4FGL J0118.9-2141,12.920999526977539,11.769000053405762,8.99899959564209,6.701000213623047,447.4,0.019999999552965164,18.356000900268555,17.957000732421875,17.551000595092773,17.27199935913086,17.042999267578125,18.1875,18.1912,17.7161,17.9792,17.7099
4FGL J0119.0-1458,14.220999717712402,13.696000099182129,11.859000205993652,8.887999534606934,5.2,0.1589999943971634,,,,,,18.563,18.1859,17.865,17.9498,17.8098
4FGL J0121.8-3916,14.159000396728516,13.741000175476074,11.819000244140625,8.58899974822998,12.0,0.11299999803304672,,,,,,,,,,
4FGL J0123.1+3421,13.90999984741211,13.267000198364258,11.345000267028809,8.791999816894531,43.6,0.9869999885559082,18.356000900268555,18.069000244140625,17.663000106811523,17.405000686645508,17.218000411987305,18.2486,17.9351,17.7068,17.5395,17.3613
4FGL J0123.7-2311,14.071000099182129,13.494000434875488,11.473999977111816,8.760000228881836,27.2,0.4410000145435333,,,,,,18.6669,18.2453,17.954,17.8719,17.6919
4FGL J0124.8-0625,14.317999839782715,13.246999740600586,10.298999786376953,7.921000003814697,40.9,0.0021100000012665987,19.648000717163086,18.851999282836914,18.371999740600586,18.038000106811523,17.749000549316406,19.8876,19.262,19.4604,18.6417,19.0794
4FGL J0126.0-2221,13.876999855041504,12.843999862670898,10.201000213623047,7.570000171661377,611.5,,18.60700035095215,18.274999618530273,18.197999954223633,18.243999481201172,18.01300048828125,18.1877,18.1697,17.937,17.8972,18.0274
4FGL J0127.2-0819,13.465999603271484,12.45199966430664,9.991000175476074,7.679999828338623,111.9,0.005609999876469374,20.288999557495117,19.704999923706055,19.16200065612793,18.829999923706055,18.566999435424805,19.0486,18.6703,18.4354,18.0987,17.8614
4FGL J0129.8+1440,15.366999626159668,14.22599983215332,11.345000267028809,8.352999687194824,774.7,,20.13599967956543,19.82900047302246,19.58799934387207,19.195999145507812,19.12299919128418,19.4376,19.2476,18.7749,18.7244,18.6012
4FGL J0132.7-1654,12.309000015258789,11.157999992370605,8.112000465393066,5.7779998779296875,830.3,0.04899999871850014,,,,,,17.7368,17.4396,18.0209,17.9016,16.7284
4FGL J0133.1-5201,14.614999771118164,13.472999572753906,10.508999824523926,8.111000061035156,,0.05389999970793724,,,,,,,,,,
4FGL J0134.3-3842,13.947999954223633,12.838000297546387,10.08899974822998,7.651000022888184,569.1,0.032600000500679016,,,,,,,,,,
4FGL J0134.5+2637,13.553999900817871,12.743000030517578,10.602999687194824,8.57699966430664,30.1,0.08739999681711197,17.729000091552734,17.31100082397461,16.957000732421875,16.68400001525879,16.468000411987305,18.2354,17.7424,17.4499,17.2077,16.8906
4FGL J0137.0+4751,11.880999565124512,10.805999755859375,8.104000091552734,5.605000019073486,1137.5,0.065700002014637,19.41900062561035,18.698999404907227,18.128000259399414,17.68899917602539,17.256000518798828,18.275,17.7655,17.1692,16.4604,16.76
4FGL J0137.6-2430,12.920000076293945,11.744000434875488,8.649999618530273,6.057000160217285,1181.2,0.08609999716281891,,,,,,17.1107,17.1769,17.4981,17.2421,17.2674
4FGL J0140.6-0758,14.5649995803833,14.071999549865723,12.04800033569336,9.229000091552734,25.1,0.052299998700618744,19.11400032043457,18.861000061035156,18.58300018310547,18.344999313354492,18.166000366210938,19.1222,18.9108,18.6368,18.4876,18.3809
4FGL J0141.4-0928,12.253000259399414,11.25100040435791,8.307999610900879,5.980000019073486,656.7,0.06800000369548798,18.09600067138672,17.614999771118164,17.23900032043457,16.9689998626709,16.71299934387207,17.6956,17.296,17.2116,17.0248,16.8653
4FGL J0145.0-2732,13.78499984741211,12.576000213623047,9.263999938964844,6.6570000648498535,922.8,0.047200001776218414,,,,,,18.4143,18.1181,18.1476,18.2218,18.155
4FGL J0148.6+0127,14.295999526977539,13.432999610900879,11.156000137329102,9.194999694824219,87.7,0.019300000742077827,20.378999710083008,19.948999404907227,19.55299949645996,19.211000442504883,18.93600082397461,19.324,18.8957,18.8667,18.259,18.2969
4FGL J0152.2+2206,13.689000129699707,12.5,9.432000160217285,6.940000057220459,1041.1,0.020400000736117363,19.836000442504883,19.51099967956543,18.881000518798828,18.59000015258789,18.35099983215332,19.3669,18.7859,18.3745,18.2519,18.0935
4FGL J0152.6+0147,11.876999855041504,11.491000175476074,9.734000205993652,7.9679999351501465,61.4,0.2800000011920929,17.018999099731445,15.791000366210938,14.97700023651123,14.588000297546387,14.29699993133545,16.4859,16.2071,15.6574,15.5573,15.5057
4FGL J0153.5-5107,14.597999572753906,13.447999954223633,10.746999740600586,8.130999565124512,,,,,,,,,,,,
4FGL J0153.9+0823,12.059000015258789,11.163000106811523,8.77400016784668,6.673999786376953,206.6,0.15299999713897705,18.111000061035156,17.575000762939453,17.121999740600586,16.79599952697754,16.51799964904785,17.0238,16.8247,17.2475,16.2624,16.1824
4FGL J0158.8+0101,14.942999839782715,14.088000297546387,11.673999786376953,8.543000221252441,81.5,0.005080000031739473,21.80699920654297,21.094999313354492,20.547000885009766,20.12700080871582,19.753999710083008,20.8487,20.3834,19.8491,19.7724,19.5091
4FGL J0159.5+1046,13.223999977111816,12.486000061035156,10.17300033569336,8.192999839782715,47.0,0.11299999803304672,18.381999969482422,17.854000091552734,17.37700080871582,17.062000274658203,16.81599998474121,17.8858,17.4297,16.8842,17.009,16.8663
4FGL J0202.4+0849,14.25,13.770999908447266,11.637999534606934,8.519000053405762,134.3,0.0430000014603138,19.847000122070312,19.566999435424805,19.149999618530273,18.757999420166016,18.454999923706055,19.1458,19.162,18.7754,18.5069,18.4112
4FGL J0202.6-0258,15.51099967956543,14.263999938964844,11.083000183105469,8.281000137329102,158.7,,19.027000427246094,18.934999465942383,18.88800048828125,18.926000595092773,18.917999267578125,19.0308,18.9331,18.9269,18.9594,18.9481
4FGL J0203.7+3042,12.128999710083008,11.182000160217285,9.878000259399414,7.413000106811523,174.5,,20.211000442504883,19.534000396728516,19.099000930786133,18.767000198364258,18.35300064086914,18.8281,17.6522,17.6069,17.236,17.3749
4FGL J0205.0-1700,14.045999526977539,12.939000129699707,9.958999633789062,7.581999778747559,1219.5,0.10999999940395355,17.45400047302246,17.381000518798828,17.361000061035156,17.20400047302246,17.131000518798828,17.4583,17.3861,17.1469,17.0894,17.0647
4FGL J0205.2+3212,14.520999908447266,13.008999824523926,9.66100025177002,7.438000202178955,657.0,0.03009999915957451,18.2810001373291,18.094999313354492,17.858999252319336,17.700000762939453,17.788000106811523,18.1767,17.7278,17.7086,17.8745,17.961
4FGL J0206.4-1151,13.314000129699707,12.218000411987305,9.524999618530273,7.085000038146973,168.2,,20.236000061035156,19.865999221801758,19.847999572753906,19.55900001525879,19.334999084472656,19.0789,17.9895,18.8182,18.9219,17.9968
4FGL J0208.5-0046,14.401000022888184,13.333999633789062,10.473999977111816,7.849999904632568,578.8,,21.091999053955078,20.63599967956543,20.106000900268555,19.701000213623047,19.305999755859375,20.7531,20.2449,19.9199,19.5668,19.2821
4FGL J0208.6+3523,14.836999893188477,14.390999794006348,12.663999557495117,9.029999732971191,4.7,0.041600000113248825,,,,,,19.678,19.7137,19.2797,18.9551,18.8752
4FGL J0209.3-5228,12.711999893188477,12.085000038146973,10.074999809265137,8.42199993133545,,0.33399999141693115,,,,,,,,,,
4FGL J0209.9+7229,13.62600040435791,12.715999603271484,10.0,7.51800012588501,669.3,0.011900000274181366,22.030000686645508,19.408000946044922,18.0310001373291,17.43199920654297,17.009000778198242,21.0614,18.8322,19.8071,18.4305,18.3243
4FGL J0210.7-5101,11.989999771118164,10.850000381469727,7.993000030517578,5.605999946594238,,0.08489999920129776,,,,,,,,,,
4FGL J0211.2+1051,9.329000473022461,8.407999992370605,6.131999969482422,4.01800012588501,318.3,0.23800000548362732,,,,,,14.7656,14.8699,14.3776,13.6027,13.7175
4FGL J0212.4-3502,14.496000289916992,13.777999877929688,11.72700023651123,8.875,17.7,0.024399999529123306,,,,,,,,,,
4FGL J0212.9+2244,12.701000213623047,12.020000457763672,9.836000442504883,7.933000087738037,66.9,0.011500000022351742,17.673999786376953,17.15399932861328,16.709999084472656,16.392000198364258,16.145999908447266,18.0876,17.8294,17.2229,16.6467,16.9547
4FGL J0216.5+2313,14.121999740600586,13.612000465393066,11.96500015258789,8.390999794006348,,0.08060000091791153,19.143999099731445,18.70599937438965,18.3799991607666,18.048999786376953,17.77899932861328,18.7104,18.2963,18.2412,18.1664,17.9837
4FGL J0216.8-6635,13.107999801635742,12.37600040435791,10.109000205993652,7.882999897003174,,0.06830000132322311,,,,,,,,,,
4FGL J0217.0-0821,13.895999908447266,12.817999839782715,9.720999717712402,7.1570000648498535,417.2,0.0340999998152256,20.858999252319336,20.363000869750977,19.743999481201172,19.236000061035156,18.91699981689453,19.7183,19.4858,18.9119,19.0024,18.4509
4FGL J0217.2+0837,11.28499984741211,10.413999557495117,7.72599983215332,5.626999855041504,314.9,0.06560000032186508,,,,,,16.9187,16.2926,15.9105,15.7911,15.6071
4FGL J0217.4+7352,14.02400016784668,12.987000465393066,9.565999984741211,7.126999855041504,2271.0,0.13199999928474426,21.19499969482422,19.792999267578125,18.93000030517578,18.43400001525879,17.954999923706055,19.7517,18.9303,18.4793,18.0929,17.7827
4FGL J0217.8+0144,12.267999649047852,11.154000282287598,7.968999862670898,5.560999870300293,750.2,1.3200000524520874,17.398000717163086,16.714000701904297,16.216999053955078,15.819999694824219,15.505999565124512,19.9361,18.1317,18.1684,18.3966,18.293
4FGL J0219.1-1724,13.539999961853027,13.069999694824219,11.428000450134277,9.093000411987305,62.2,0.15299999713897705,18.575000762939453,17.805999755859375,17.08799934387207,16.700000762939453,16.389999389648438,18.1716,17.5877,17.2043,17.0866,16.9494
4FGL J0220.2+3246,14.494000434875488,13.364999771118164,10.378999710083008,7.793000221252441,921.6,,,,,,,18.3206,18.035,17.7419,17.5736,17.5066
4FGL J0220.8-0841,13.932999610900879,13.244000434875488,11.177000045776367,8.460000038146973,64.9,0.015399999916553497,18.930999755859375,18.575000762939453,18.24799919128418,17.992000579833984,17.738000869750977,18.4448,18.164,17.7729,17.7227,17.5682
4FGL J0221.1+3556,12.654000282287598,11.517000198364258,8.803000450134277,6.546000003814697,1707.2,0.03060000017285347,,,,,,20.6247,19.6697,18.9899,18.6812,18.2184
4FGL J0221.5+2513,14.444000244140625,13.678999900817871,11.118000030517578,8.63700008392334,8.8,,20.038000106811523,19.496999740600586,19.041000366210938,18.691999435424805,18.35700035095215,20.215,19.7121,19.4047,19.0157,18.7384
4FGL J0222.0-1616,13.991000175476074,12.972999572753906,9.989999771118164,7.553999900817871,589.8,0.02250000089406967,,,,,,20.2336,19.4849,19.4495,18.6578,18.7681
4FGL J0222.6+4302,9.60200023651123,8.729999542236328,6.445000171661377,4.51200008392334,2303.1,0.16699999570846558,,,,,,15.0532,14.6061,14.3797,14.0751,13.8939
4FGL J0223.0-3447,14.92199993133545,13.729999542236328,10.751999855041504,8.109999656677246,682.7,0.011599999852478504,,,,,,,,,,
4FGL J0223.1-1117,14.053000450134277,13.262999534606934,10.87399959564209,9.095999717712402,14.0,0.049800001084804535,,,,,,18.0445,17.9096,17.7948,17.4781,17.4985
4FGL J0223.2-1653,14.944000244140625,13.79800033569336,11.107999801635742,8.3100004196167,240.7,,,,,,,18.6997,18.4999,18.431,18.4808,18.3476
4FGL J0224.2+0700,13.175000190734863,12.116999626159668,9.324000358581543,6.697999954223633,771.7,0.0835999995470047,20.264999389648438,19.591999053955078,18.93899917602539,18.367000579833984,18.30299949645996,18.6627,18.7469,17.64,17.9049,17.4722
4FGL J0224.9+1843,15.347999572753906,14.256999969482422,10.640999794006348,8.248000144958496,460.8,0.2070000022649765,,,,,,19.4058,18.975,18.8198,18.6123,18.4576
4FGL J0226.5+0938,13.638999938964844,12.532999992370605,10.545000076293945,8.16100025177002,54.0,0.005919999908655882,,,,,,19.9238,19.8101,19.4588,19.5561,19.0358
4FGL J0227.2+3928,15.397000312805176,14.168000221252441,11.762999534606934,8.737000465393066,431.1,,,,,,,19.6688,19.4585,19.3262,19.3155,19.3426
4FGL J0228.0-3026,,,,,293.6,,,,,,,19.6178,19.0032,17.4883,18.3134,18.225
4FGL J0228.3-5547,13.128000259399414,12.088000297546387,10.97700023651123,8.470000267028809,,0.006709999870508909,,,,,,,,,,
4FGL J0229.5-3644,14.920000076293945,13.821999549865723,10.390999794006348,7.949999809265137,116.9,0.032499998807907104,,,,,,,,,,
4FGL J0230.8+4032,13.984000205993652,12.845999717712402,9.6899995803833,7.374000072479248,451.0,,,,,,,18.763,18.5746,18.5775,18.5092,18.4326
4FGL J0231.2-4745,13.968000411987305,12.83899974822998,10.241000175476074,7.796999931335449,,0.015599999576807022,,,,,,,,,,
4FGL J0231.8+1322,14.27400016784668,13.3100004196167,10.255999565124512,7.77400016784668,1559.7,0.03660000115633011,,,,,,17.91,17.7635,17.5764,17.3089,17.2977
4FGL J0232.8+2018,12.710000038146973,12.375,10.928000450134277,8.263999938964844,82.4,0.5360000133514404,18.364999771118164,17.173999786376953,16.142000198364258,15.663999557495117,15.260000228881836,17.9774,17.4337,17.2054,16.7583,16.7007
4FGL J0236.8-6136,11.90999984741211,10.876999855041504,7.414999961853027,5.1539998054504395,,0.12700000405311584,,,,,,,,,,
4FGL J0237.6-3602,13.354000091552734,12.682000160217285,10.668000221252441,8.90999984741211,25.6,0.15700000524520874,,,,,,,,,,
4FGL J0237.8+2848,12.449000358581543,11.262999534606934,8.449999809265137,6.046000003814697,2196.9,0.07259999960660934,18.674999237060547,18.18600082397461,17.523000717163086,17.177000045776367,16.86400032043457,18.369,17.8452,17.2357,16.2464,16.3141
4FGL J0238.1-3905,13.562999725341797,12.902000427246094,10.555000305175781,8.468000411987305,64.6,0.06769999861717224,,,,,,,,,,
4FGL J0238.4-3116,12.53499984741211,11.88599967956543,9.869999885559082,8.118000030517578,71.0,0.6890000104904175,,,,,,16.7455,16.501,16.5449,16.179,16.061
4FGL J0238.6+1637,12.41100025177002,11.277000427246094,7.954999923706055,5.534999847412109,1941.4,0.10400000214576721,,,,,,19.7111,18.5068,18.1704,18.4912,17.5544
4FGL J0238.7+2555,14.498000144958496,13.89799976348877,11.875,8.690999984741211,9.5,0.04740000143647194,,,,,,19.6797,19.1981,18.9596,18.6664,18.5141
4FGL J0239.7+0415,13.562999725341797,12.345000267028809,9.675000190734863,7.232999801635742,889.8,,18.26799964904785,18.020000457763672,17.795000076293945,17.733999252319336,17.51099967956543,17.9538,17.6943,17.6149,17.5859,17.4516
4FGL J0242.3+1102,14.300000190734863,13.25100040435791,10.371000289916992,7.822999954223633,1664.3,0.01209999993443489,,,,,,20.9879,20.4657,20.2762,19.6057,19.3313
4FGL J0243.2-0550,14.907999992370605,13.543999671936035,10.293000221252441,7.672999858856201,562.4,,18.937999725341797,18.79800033569336,18.716999053955078,18.41699981689453,18.381999969482422,18.8487,18.65,18.4354,18.3091,18.3148
4FGL J0244.6-5819,13.170999526977539,12.569999694824219,10.781999588012695,9.090999603271484,,2.190000057220459,,,,,,,,,,
4FGL J0245.4+2408,15.454999923706055,14.362000465393066,11.086000442504883,8.307999610900879,457.0,0.015699999406933784,,,,,,20.1237,19.9349,19.5663,19.3491,19.1366
4FGL J0245.5-4502,11.993000030517578,11.131999969482422,8.479000091552734,5.815999984741211,,0.10700000077486038,,,,,,,,,,
4FGL J0245.9-4650,12.774999618530273,11.70199966430664,9.079000473022461,6.63100004196167,,0.06069999933242798,,,,,,,,,,
4FGL J0250.6+1712,13.055999755859375,12.470000267028809,10.265999794006348,8.4350004196167,62.8,0.17499999701976776,,,,,,17.7853,17.5261,17.1164,17.1148,16.9185
4FGL J0251.5-5958,15.711999893188477,14.576000213623047,11.600000381469727,8.97599983215332,,,,,,,,,,,,
4FGL J0252.8-2219,14.133000373840332,13.00100040435791,10.019000053405762,7.491000175476074,443.1,0.018799999728798866,,,,,,19.8818,19.4652,18.8117,19.0189,18.7013
4FGL J0252.9+3834,14.708000183105469,13.597000122070312,10.67199993133545,7.89900016784668,662.7,,,,,,,18.9614,18.7647,18.7108,18.6771,18.4875
4FGL J0253.2-5441,12.875,11.711999893188477,8.696999549865723,6.2820000648498535,,0.08110000193119049,,,,,,,,,,
4FGL J0253.2-0124,14.555000305175781,13.645000457763672,11.175999641418457,8.694999694824219,32.8,,19.573999404907227,19.09000015258789,18.766000747680664,18.538000106811523,18.305999755859375,19.5932,19.3204,19.0045,18.7104,18.5322
4FGL J0253.5+3216,13.949000358581543,12.835000038146973,9.894000053405762,7.203999996185303,80.0,0.011699999682605267,22.658000946044922,21.433000564575195,20.67799949645996,20.26099967956543,19.7810001373291,21.8157,21.2027,20.4434,20.5205,18.6515
4FGL J0255.8+0534,13.4399995803833,12.494999885559082,10.20300006866455,7.875999927520752,103.3,,21.441999435424805,20.743000030517578,20.172000885009766,19.73200035095215,19.354000091552734,20.5588,19.847,20.3005,18.7771,18.0981
4FGL J0256.3+0334,12.807999610900879,12.130000114440918,9.996999740600586,8.163000106811523,313.3,,18.117000579833984,17.584999084472656,17.030000686645508,16.638999938964844,16.02199935913086,18.6141,17.8576,17.3315,17.3645,17.1405
4FGL J0257.9-1215,14.524999618530273,13.276000022888184,10.357000350952148,8.545000076293945,217.5,0.01209999993443489,,,,,,18.9372,18.6683,18.6207,18.6279,18.6545
4FGL J0259.4+0746,13.958999633789062,12.909000396728516,9.871000289916992,7.294000148773193,834.3,0.012000000104308128,,,,,,19.7015,18.7303,17.6744,18.7147,17.8561
4FGL J0301.0-1652,12.031000137329102,11.069999694824219,8.562999725341797,6.349999904632568,170.0,,,,,,,17.7636,17.1581,16.969,16.8802,16.5573
4FGL J0301.6-7155,14.229999542236328,13.307000160217285,10.116000175476074,7.49399995803833,,0.012900000438094139,,,,,,,,,,
4FGL J0303.3-7913,14.32699966430664,13.159000396728516,10.029999732971191,7.4710001945495605,,,,,,,,,,,,
4FGL J0303.3+0555,13.47599983215332,12.954000473022461,11.201000213623047,8.052000045776367,28.0,0.12600000202655792,19.070999145507812,18.31599998474121,17.360000610351562,16.902000427246094,16.513999938964844,18.5737,17.7866,17.6134,17.352,17.2883
4FGL J0303.4-2407,11.201000213623047,10.348999977111816,8.008000373840332,6.015999794006348,700.2,0.4059999883174896,,,,,,15.6774,15.4242,15.2383,15.1972,14.9555
4FGL J0303.6-6211,13.47599983215332,12.258000373840332,9.083000183105469,6.73199987411499,,0.030799999833106995,,,,,,,,,,
4FGL J0304.5-0054,13.881999969482422,13.329999923706055,10.973999977111816,8.118000030517578,27.7,0.3070000112056732,19.16699981689453,18.82900047302246,18.434999465942383,18.099000930786133,17.84600067138672,18.8086,18.5327,18.2931,17.9032,17.8289
4FGL J0305.1-1608,14.234999656677246,13.682000160217285,11.902000427246094,9.234999656677246,916.7,0.10300000011920929,19.253000259399414,18.79800033569336,18.14900016784668,17.763999938964844,17.490999221801758,19.0812,18.458,18.1351,18.0959,17.9477
4FGL J0309.0+1029,12.42199993133545,11.291000366210938,8.145999908447266,5.742000102996826,505.4,0.05640000104904175,,,,,,19.2854,19.1451,19.0571,18.3909,17.0479
4FGL J0309.9-6058,13.850000381469727,12.718999862670898,9.072999954223633,6.585000038146973,,0.019099999219179153,,,,,,,,,,
4FGL J0310.9+3815,12.873000144958496,11.82800006866455,9.835000038146973,7.271999835968018,236.4,0.05169999971985817,19.81399917602539,19.06599998474121,18.43199920654297,17.98900032043457,17.632999420166016,19.0554,19.6295,18.5631,18.422,18.7155
4FGL J0312.8+0134,14.013999938964844,12.979999542236328,9.642000198364258,7.074999809265137,459.0,0.019200000911951065,19.249000549316406,18.757999420166016,18.694000244140625,18.64299964904785,18.533000946044922,19.1554,19.1473,18.9355,18.9648,18.8131
4FGL J0312.9+3614,12.13700008392334,12.08899974822998,10.432000160217285,8.272000312805176,117.1,,,,,,,18.0618,17.3763,16.8473,16.4938,16.2961
4FGL J0314.3+0620,13.503999710083008,12.84000015258789,10.815999984741211,8.58899974822998,28.8,0.16699999570846558,18.558000564575195,18.058000564575195,17.520000457763672,17.195999145507812,16.95199966430664,18.4737,17.8451,16.8965,17.3772,17.0869
4FGL J0314.6-6549,14.392999649047852,13.378000259399414,10.468000411987305,8.126999855041504,,0.22300000488758087,,,,,,,,,,
4FGL J0315.9-1033,15.901000022888184,14.715999603271484,11.468999862670898,9.088000297546387,334.4,0.00773000018671155,,,,,,19.6015,19.4246,19.0785,19.0873,18.9087
4FGL J0316.2+0905,11.567000389099121,10.744999885559082,8.505000114440918,6.559999942779541,54.9,0.15299999713897705,,,,,,17.4148,16.7905,16.1828,15.8227,15.5411
4FGL J0316.2-2608,13.126999855041504,12.383999824523926,10.13599967956543,8.267999649047852,21.3,0.1979999989271164,,,,,,17.3775,17.2221,16.9267,16.8344,16.683
4FGL J0317.7-2804,16.13599967956543,14.946000099182129,11.880999565124512,8.925999641418457,496.2,,,,,,,21.1115,20.7684,20.6349,20.2042,19.5295
4FGL J0319.8+1845,13.420999526977539,12.769000053405762,10.505999565124512,8.272000312805176,20.9,0.42899999022483826,20.39900016784668,19.17300033569336,18.05699920654297,17.5049991607666,17.05500030517578,18.3407,17.6899,17.4709,17.5602,17.3675
4FGL J0323.7-0111,13.458000183105469,12.611000061035156,10.425000190734863,8.27299976348877,29.8,0.013199999928474426,17.981000900268555,17.577999114990234,17.23699951171875,16.98900032043457,16.775999069213867,17.6978,17.368,17.183,16.3572,16.7586
4FGL J0325.0-2416,15.772000312805176,14.810999870300293,12.00100040435791,9.036999702453613,182.1,,,,,,,21.2683,20.9102,20.8648,20.3525,19.9726
4FGL J0325.5-5635,12.119999885559082,11.887999534606934,10.322999954223633,8.454000473022461,,0.1679999977350235,,,,,,,,,,
4FGL J0325.6-1646,13.104000091552734,12.425999641418457,10.41100025177002,8.218999862670898,27.1,0.05909999832510948,,,,,,17.1859,16.6353,16.3673,16.399,16.2285
4FGL J0325.7+2225,13.970000267028809,12.753000259399414,9.194000244140625,6.659999847412109,524.7,0.04780000075697899,,,,,,19.791,19.3229,19.0158,18.6809,18.5986
4FGL J0326.2+0225,12.98799991607666,12.380999565124512,10.262999534606934,8.241999626159668,67.7,0.07090000063180923,,,,,,17.7463,17.1299,16.8147,16.6114,16.5145
4FGL J0332.1-1123,12.666000366210938,11.758999824523926,8.319999694824219,6.086999893188477,44.6,0.01549999974668026,,,,,,18.4385,18.3731,18.0927,17.9792,17.8191
4FGL J0333.7+7851,12.812999725341797,11.932000160217285,9.661999702453613,7.735000133514404,101.9,0.010099999606609344,18.92799949645996,18.174999237060547,17.61199951171875,17.23699951171875,16.874000549316406,18.2894,17.5835,17.4639,17.1515,17.1787
4FGL J0334.2-4008,11.840999603271484,10.77400016784668,7.827000141143799,5.49399995803833,,0.2759999930858612,,,,,,,,,,
4FGL J0336.4+3224,12.571999549865723,11.274999618530273,8.661999702453613,6.354000091552734,2676.6,0.3050000071525574,,,,,,17.4065,17.022,16.6202,16.5261,16.3702
4FGL J0336.5-0348,13.532999992370605,13.152000427246094,11.6850004196167,8.319000244140625,53.8,0.13300000131130219,,,,,,18.704,17.9419,17.5917,17.2123,17.2273
4FGL J0336.8-3612,14.470000267028809,13.239999771118164,10.116000175476074,7.820000171661377,500.9,,,,,,,,,,,
4FGL J0337.8-1157,16.62299919128418,15.83899974822998,12.253999710083008,8.803999900817871,475.3,0.0015899999998509884,,,,,,20.5699,20.1647,20.0909,20.0855,19.7129
4FGL J0339.2-1736,11.71500015258789,11.413999557495117,9.57699966430664,7.525000095367432,170.0,0.08139999955892563,,,,,,16.9394,16.3831,16.1856,15.8884,15.7255
4FGL J0339.5-0146,12.588000297546387,11.40999984741211,8.593999862670898,6.138999938964844,2423.6,0.054099999368190765,,,,,,17.3345,17.6219,16.7164,16.471,16.4844
4FGL J0340.5-2118,11.875,10.894000053405762,8.244999885559082,5.995999813079834,1075.2,0.016300000250339508,,,,,,17.4088,16.8756,16.065,16.3781,16.1708
4FGL J0342.2+3858,13.038000106811523,11.994999885559082,10.062000274658203,7.690000057220459,61.3,,21.709999084472656,21.270000457763672,20.8799991607666,20.586000442504883,20.29800033569336,19.4326,20.3924,19.4903,19.5672,18.5366
4FGL J0343.2-2529,14.744000434875488,13.753000259399414,10.725000381469727,7.9670000076293945,503.3,0.007449999917298555,,,,,,18.94,18.6851,18.4511,18.455,18.54
4FGL J0343.4+3621,15.751999855041504,14.604000091552734,11.36299991607666,8.149999618530273,513.2,,21.722000122070312,20.993999481201172,20.222000122070312,19.738000869750977,19.347000122070312,21.6521,20.9356,20.1615,20.1536,19.5196
4FGL J0345.2-2353,14.35099983215332,13.376999855041504,10.380000114440918,8.067999839782715,29.2,0.005510000046342611,,,,,,18.6284,18.1952,18.3874,18.3215,17.9179
4FGL J0348.5-2749,14.1850004196167,13.052000045776367,9.822999954223633,7.421000003814697,839.6,0.07909999787807465,,,,,,19.8404,19.5019,18.875,18.7681,18.4378
4FGL J0349.4-1159,14.144000053405762,13.670000076293945,11.97599983215332,8.878000259399414,,1.159999966621399,18.29599952697754,17.875,17.375999450683594,17.08799934387207,16.850000381469727,18.542,18.0292,17.7317,17.5033,17.4139
4FGL J0349.8-2103,15.47700023651123,14.291999816894531,11.29699993133545,8.40999984741211,304.8,0.011500000022351742,,,,,,20.3884,20.0077,19.8575,19.9892,19.7076
4FGL J0353.7+8257,12.515999794006348,12.336999893188477,11.085000038146973,8.803999900817871,22.5,,,,,,,17.5186,16.7817,16.371,16.3013,15.9456
4FGL J0354.7-1617,14.699000358581543,13.449000358581543,10.812000274658203,8.312999725341797,244.3,,,,,,,18.8991,18.6721,18.6643,18.7581,18.6075
4FGL J0357.0-4955,12.545000076293945,11.626999855041504,8.92199993133545,6.9039998054504395,,0.007400000002235174,,,,,,,,,,
4FGL J0401.7+2112,14.126999855041504,13.11299991607666,10.14799976348877,7.760000228881836,246.3,,,,,,,20.51,19.9829,19.4889,19.2942,18.4249
4FGL J0402.0-2616,13.635000228881836,12.5649995803833,9.718000411987305,7.585000038146973,144.9,0.005520000122487545,,,,,,18.9684,18.6699,18.4111,18.1969,18.1106
4FGL J0402.1-3147,14.130999565124512,13.057000160217285,10.062999725341797,7.7829999923706055,681.3,0.014499999582767487,,,,,,,,19.7425,,
4FGL J0403.3+2601,14.836000442504883,13.84000015258789,10.51099967956543,7.693999767303467,936.0,0.007420000154525042,,,,,,20.0203,19.9943,19.854,19.3685,19.2076
4FGL J0403.5-2437,14.003999710083008,12.854999542236328,9.904999732971191,7.3470001220703125,167.0,,,,,,,20.3403,20.2263,19.644,18.9487,19.0372
4FGL J0403.9-3605,11.961999893188477,10.756999969482422,7.020999908447266,4.492000102996826,1150.7,0.23199999332427979,,,,,,,,,,
4FGL J0405.6-1308,12.319999694824219,11.204999923706055,8.776000022888184,6.63100004196167,4217.8,0.11900000274181366,,,,,,16.8749,16.7599,16.6163,16.7673,16.5915
4FGL J0407.0-3826,13.447999954223633,12.27400016784668,9.708999633789062,7.071000099182129,861.0,0.02669999934732914,,,,,,,,,,
4FGL J0407.5+0741,14.069999694824219,13.076000213623047,10.005999565124512,7.48799991607666,295.6,0.015699999406933784,,,,,,20.4836,19.7725,19.3551,18.9224,18.7685
4FGL J0413.1-5332,15.218000411987305,14.187999725341797,11.156999588012695,8.494000434875488,,0.009569999761879444,,,,,,,,,,
4FGL J0416.5-1852,14.01099967956543,12.782999992370605,10.376999855041504,7.9679999351501465,1248.0,0.012500000186264515,,,,,,20.181,19.855,19.5684,19.7148,18.8953
4FGL J0416.9+0105,12.71399974822998,12.029000282287598,10.045000076293945,8.059000015258789,119.6,0.7720000147819519,17.812000274658203,17.47100067138672,17.082000732421875,16.801000595092773,16.576000213623047,16.7858,16.5632,16.3067,16.0515,16.0741
4FGL J0422.1-0644,12.649999618530273,11.670999526977539,8.8100004196167,6.51200008392334,149.5,0.03150000050663948,,,,,,18.7887,17.2601,17.6253,17.6241,17.623
4FGL J0422.8+0225,15.517999649047852,14.317999839782715,11.130000114440918,8.510000228881836,676.8,0.007019999902695417,,,,,,19.7957,19.5397,19.3107,19.027,18.8871
4FGL J0423.3-0120,11.505999565124512,10.362000465393066,6.659999847412109,4.230000019073486,2725.8,0.10499999672174454,,,,,,18.2585,18.2022,17.8257,16.7363,16.914
4FGL J0424.7+0036,11.067000389099121,10.095000267028809,7.500999927520752,5.34499979019165,492.9,0.03790000081062317,15.574000358581543,15.366999626159668,14.26200008392334,14.496000289916992,13.956999778747559,16.5381,15.4907,15.5359,15.2574,14.9305
4FGL J0424.9-5331,12.184000015258789,11.21500015258789,8.623000144958496,6.497000217437744,,0.04100000113248825,,,,,,,,,,
4FGL J0428.6-3756,11.298999786376953,10.206000328063965,7.1519999504089355,4.859000205993652,753.4,0.06780000030994415,,,,,,,,,,
4FGL J0429.3-4326,15.692999839782715,14.425000190734863,11.385000228881836,9.097000122070312,,0.007379999849945307,,,,,,,,,,
4FGL J0430.3-2507,13.338000297546387,12.51099967956543,10.352999687194824,8.295999526977539,106.8,0.0044200001284480095,,,,,,18.1578,17.3988,17.0741,17.4092,17.0541
4FGL J0433.6-6030,13.359999656677246,12.956999778747559,10.112000465393066,7.291999816894531,,0.023900000378489494,,,,,,,,,,
4FGL J0433.6+2905,13.413000106811523,12.395000457763672,11.300999641418457,8.317000389099121,402.0,0.007400000002235174,,,,,,21.0791,20.0008,18.989,19.3765,18.1707
4FGL J0434.1-2014,13.420999526977539,12.432999610900879,9.857000350952148,7.375,165.3,0.007019999902695417,,,,,,19.9613,18.767,18.2197,17.8372,18.4118
4FGL J0438.4-1254,14.343999862670898,13.192999839782715,10.142000198364258,7.748000144958496,367.1,0.012000000104308128,,,,,,19.3879,19.1134,19.0218,18.9058,18.7911
4FGL J0438.9-4521,14.145999908447266,13.003999710083008,9.758999824523926,7.291999816894531,,0.028300000354647636,,,,,,,,,,
4FGL J0440.2-2458,13.737000465393066,13.329999923706055,11.208999633789062,8.61400032043457,12.3,0.0649000033736229,,,,,,18.5138,18.2858,18.4276,17.8427,17.7483
4FGL J0442.6-0017,13.357999801635742,12.282999992370605,8.937999725341797,6.561999797821045,1772.9,0.06700000166893005,18.648000717163086,18.29400062561035,18.086999893188477,17.990999221801758,17.781999588012695,18.7559,18.6334,18.5305,18.298,18.2159
4FGL J0448.6-1632,13.928000450134277,13.142999649047852,10.940999984741211,9.029000282287598,58.7,0.4749999940395355,,,,,,17.8971,18.0697,18.7606,17.329,17.2814
4FGL J0449.1+1121,13.272000312805176,12.095999717712402,8.897000312805176,6.493000030517578,846.6,0.01489999983459711,21.715999603271484,20.841999053955078,19.947999954223633,19.322999954223633,18.64699935913086,21.2108,19.4429,18.9659,18.7912,19.1339
4FGL J0449.4-4350,10.531000137329102,9.696999549865723,7.307000160217285,5.39900016784668,,1.4700000286102295,,,,,,,,,,
4FGL J0451.8-4651,15.446999549865723,14.456000328063965,11.718000411987305,8.774999618530273,,0.06560000032186508,,,,,,,,,,
4FGL J0453.1-2806,13.291999816894531,12.241000175476074,9.164999961853027,6.568999767303467,2541.3,0.11400000005960464,,,,,,17.7152,17.6523,17.4811,17.5938,17.4062
4FGL J0455.7-4617,13.112000465393066,11.942999839782715,9.109000205993652,6.60699987411499,,0.07410000264644623,,,,,,,,,,
4FGL J0456.6-3136,14.041999816894531,12.968999862670898,10.340999603271484,7.730000019073486,87.6,0.0142000000923872,,,,,,19.419,18.8708,17.5478,17.552,17.368
4FGL J0457.0+0646,12.972999572753906,11.906000137329102,9.085000038146973,6.552000045776367,517.8,0.03700000047683716,,,,,,18.6671,18.5776,18.3579,17.7605,17.4966
4FGL J0457.0-2324,12.427000045776367,11.29699993133545,8.180999755859375,5.776000022888184,1726.6,0.04179999977350235,,,,,,16.6573,16.5952,16.422,17.1109,15.6071
4FGL J0501.2-0158,12.76200008392334,11.654000282287598,8.911999702453613,6.408999919891357,2264.3,0.056299999356269836,,,,,,18.5459,18.0818,17.6863,17.6484,17.4805
4FGL J0502.4+0609,14.420999526977539,13.279999732971191,10.291999816894531,7.750999927520752,914.8,,,,,,,19.0309,18.602,18.4509,18.3407,18.1891
4FGL J0505.3+0459,13.107999801635742,11.934000015258789,8.347000122070312,5.857999801635742,986.4,0.11299999803304672,,,,,,18.2416,17.9524,17.6371,17.6769,17.2971
4FGL J0505.6+0415,13.140000343322754,12.555000305175781,10.538000106811523,8.449000358581543,167.2,0.07559999823570251,,,,,,18.2113,17.8181,17.5292,17.2665,17.1528
4FGL J0505.8-0419,15.22700023651123,14.194999694824219,10.581000328063965,8.532999992370605,212.4,0.003229999914765358,21.89900016784668,21.656999588012695,21.094999313354492,20.820999145507812,20.708999633789062,21.4789,20.8738,20.9151,19.4608,18.4146
4FGL J0507.7-6104,14.3100004196167,13.244000434875488,10.357000350952148,7.835000038146973,,0.03689999878406525,,,,,,,,,,
4FGL J0507.9+6737,12.73799991607666,12.03499984741211,9.86400032043457,8.262999534606934,25.4,1.4500000476837158,,,,,,17.3411,17.0128,16.6194,16.6351,16.5049
4FGL J0508.2-1937,15.253999710083008,14.192999839782715,11.461999893188477,8.390999794006348,65.3,0.0015800000401213765,,,,,,20.6648,20.4317,20.1251,19.704,19.5145
4FGL J0509.4+1012,13.847999572753906,12.791999816894531,10.550999641418457,7.822999954223633,464.8,0.013500000350177288,,,,,,19.8255,19.4576,18.8202,19.3485,18.4876
4FGL J0509.4+0542,10.616000175476074,9.730999946594238,7.308000087738037,5.232999801635742,535.9,0.08609999716281891,,,,,,15.3172,14.943,14.9605,14.4974,14.4414
4FGL J0509.6-0402,13.88599967956543,13.37600040435791,11.265999794006348,8.961999893188477,70.5,0.3970000147819519,,,,,,18.6635,18.1242,18.1473,17.8062,17.6497
4FGL J0510.0+1800,12.274999618530273,11.159000396728516,7.929999828338623,5.5920000076293945,704.3,0.09399999678134918,,,,,,18.6766,17.756,16.8027,17.0322,16.4632
4FGL J0515.6-4556,12.765999794006348,11.812000274658203,8.954000473022461,6.507999897003174,,0.10100000351667404,,,,,,,,,,
4FGL J0516.4+7350,13.954000473022461,13.22700023651123,11.399999618530273,9.071000099182129,55.5,0.05400000140070915,,,,,,19.1941,18.5636,18.0991,17.6356,17.453
4FGL J0516.7-6207,13.10200023651123,12.036999702453613,9.111000061035156,6.73199987411499,,0.029200000688433647,,,,,,,,,,
4FGL J0521.3-1734,13.343000411987305,12.461999893188477,9.871000289916992,7.526000022888184,458.6,,,,,,,19.1553,18.6745,18.1198,17.8396,17.6008
4FGL J0521.6+0103,13.451000213623047,12.520000457763672,9.640999794006348,7.668000221252441,24.1,0.004009999800473452,20.608999252319336,19.841999053955078,20.856000900268555,19.975000381469727,19.736000061035156,19.416,19.0333,18.6125,18.0849,17.5379
4FGL J0525.4-4600,13.187000274658203,11.994999885559082,8.947999954223633,6.718999862670898,,0.03460000082850456,,,,,,,,,,
4FGL J0525.8-0052,13.32800006866455,12.37399959564209,9.72599983215332,7.431000232696533,93.6,,20.65999984741211,19.996999740600586,19.211999893188477,18.67300033569336,18.277000427246094,18.8568,18.3025,17.8033,18.0129,17.7787
4FGL J0526.2-4830,13.864999771118164,12.756999969482422,9.508000373840332,7.14900016784668,,0.02199999988079071,,,,,,,,,,
4FGL J0528.7-5920,13.97599983215332,13.126999855041504,10.812000274658203,8.701000213623047,,,,,,,,,,,,
4FGL J0530.9+1332,14.446000099182129,13.446000099182129,10.486000061035156,7.74399995803833,1556.2,0.06030000001192093,,,,,,20.7041,19.968,19.0309,18.4932,18.4211
4FGL J0532.6+0732,13.25100040435791,12.097000122070312,9.263999938964844,6.644999980926514,2728.7,0.04740000143647194,,,,,,19.1775,17.9327,18.3372,17.7394,17.6252
4FGL J0532.9-8325,13.42300033569336,12.34000015258789,9.99899959564209,7.614999771118164,,0.007470000069588423,,,,,,,,,,
4FGL J0533.8-3749,15.255999565124512,14.116999626159668,10.984000205993652,8.482999801635742,736.0,0.007890000008046627,,,,,,,,,,
4FGL J0536.4-3401,13.704999923706055,12.598999977111816,9.881999969482422,7.453000068664551,652.1,0.04390000179409981,,,,,,17.76,17.145,17.6495,16.863,16.795
4FGL J0536.4-3343,12.986000061035156,12.284000396728516,10.232999801635742,7.994999885559082,94.3,0.25,,,,,,17.416,16.888,16.7062,16.666,16.618
4FGL J0538.2-3910,14.142999649047852,13.559000015258789,11.484000205993652,8.60099983215332,23.0,0.1469999998807907,,,,,,,,,,
4FGL J0538.8-4405,9.237000465393066,8.161999702453613,5.24399995803833,3.003000020980835,,0.21799999475479126,,,,,,,,,,
4FGL J0539.9-2839,14.928000450134277,13.76099967956543,11.381999969482422,8.595000267028809,862.2,0.07859999686479568,,,,,,19.1779,18.7985,18.7738,18.8643,18.8109
4FGL J0540.8-5415,13.364999771118164,12.263999938964844,9.234999656677246,6.933000087738037,,0.04899999871850014,,,,,,,,,,
4FGL J0541.6-0541,14.137999534606934,12.934000015258789,10.357999801635742,7.831999778747559,860.4,0.017500000074505806,,,,,,21.1146,20.5732,20.0971,19.8652,19.414
4FGL J0543.9-5531,12.795999526977539,12.09000015258789,10.038000106811523,8.152000427246094,,0.6790000200271606,,,,,,,,,,
4FGL J0550.3-5733,13.01200008392334,11.838000297546387,8.652000427246094,6.203000068664551,,0.01759999990463257,,,,,,,,,,
4FGL J0550.5-3216,12.144000053405762,11.880999565124512,10.220999717712402,8.640000343322754,343.7,2.119999885559082,,,,,,14.524,14.402,16.2161,14.484,14.526
4FGL J0558.0-3837,13.307000160217285,12.633999824523926,10.54699993133545,8.961999893188477,104.6,0.6690000295639038,,,,,,,,,,
4FGL J0600.6-3939,15.079999923706055,13.800999641418457,10.661999702453613,7.806000232696533,461.2,0.13300000131130219,,,,,,,,,,
4FGL J0601.1-7035,13.281999588012695,12.133000373840332,9.652999877929688,7.210999965667725,,0.019999999552965164,,,,,,,,,,
4FGL J0601.8-2003,15.182999610900879,13.736000061035156,10.517999649047852,7.755000114440918,62.3,0.006889999844133854,,,,,,19.4475,19.4313,19.3832,19.2437,19.4192
4FGL J0608.0+6721,13.67199993133545,12.607999801635742,9.737000465393066,7.5269999504089355,423.4,,,,,,,20.1708,19.8806,19.9012,19.0833,18.3611
4FGL J0608.0-0835,11.991999626159668,11.526000022888184,9.279999732971191,7.0920000076293945,1905.1,0.05959999933838844,,,,,,18.8102,18.1295,17.9956,16.8431,17.4022
4FGL J0608.1-6028,14.428999900817871,13.267999649047852,10.543000221252441,7.9120001792907715,,,,,,,,,,,,
4FGL J0608.1-1521,14.41100025177002,13.255000114440918,10.350000381469727,7.931000232696533,278.7,0.010200000368058681,,,,,,20.529,20.1973,19.9006,19.9644,19.1824
4FGL J0609.0-2219,14.95199966430664,13.772000312805176,10.380999565124512,7.697000026702881,678.3,0.00803999975323677,,,,,,20.6177,20.4498,20.7746,20.1707,18.8034
4FGL J0610.9-6054,16.187999725341797,15.043999671936035,12.116999626159668,9.154000282287598,,,,,,,,,,,,
4FGL J0612.5-3138,13.899999618530273,12.789999961853027,9.86299991607666,7.294000148773193,613.1,,,,,,,,,18.4526,,
4FGL J0617.7-1715,12.312999725341797,12.027000427246094,10.38700008392334,8.392000198364258,363.6,0.006060000043362379,,,,,,18.0478,17.4971,16.9006,17.1395,16.5912
4FGL J0618.1-2428,13.270999908447266,12.50100040435791,10.053999900817871,7.793000221252441,551.9,,,,,,,18.8351,18.1678,17.9308,17.5762,17.3433
4FGL J0622.3-2605,13.015000343322754,12.168999671936035,9.833999633789062,7.723999977111816,106.1,0.7170000076293945,,,,,,17.8565,17.2731,16.8597,16.7661,16.6055
4FGL J0622.4-6433,10.430000305175781,9.527000427246094,7.144999980926514,5.235000133514404,,0.2150000035762787,,,,,,,,,,
4FGL J0625.8-5441,16.406999588012695,14.935999870300293,11.248000144958496,9.069999694824219,,0.017899999395012856,,,,,,,,,,
4FGL J0629.3-1959,12.699999809265137,11.456000328063965,8.449999809265137,6.125999927520752,676.6,0.02669999934732914,,,,,,19.5839,18.8307,19.7204,18.1346,17.7977
4FGL J0630.9-2406,11.814000129699707,10.949000358581543,8.664999961853027,6.684000015258789,105.4,0.06930000334978104,,,,,,16.6809,16.0021,15.7579,16.0533,15.9384
4FGL J0633.4-2222,,,,,357.9,,,,,,,19.5017,19.2202,18.9184,18.9675,18.7814
4FGL J0634.9-2335,14.734000205993652,13.58899974822998,9.970000267028809,7.234000205993652,566.2,0.009639999829232693,,,,,,21.2159,20.9577,20.4298,20.5068,19.619
4FGL J0635.6-7518,11.696000099182129,10.605999946594238,7.677999973297119,5.316999912261963,,0.19200000166893005,,,,,,,,,,
4FGL J0638.6+7320,14.446999549865723,13.220999717712402,10.015000343322754,7.489999771118164,903.0,0.029200000688433647,,,,,,18.27,18.1176,17.8416,17.8216,17.6983
4FGL J0644.6+6039,14.324000358581543,13.720000267028809,11.574999809265137,8.784000396728516,33.5,0.02199999988079071,,,,,,19.0692,18.4871,18.2003,18.1201,18.0143
4FGL J0646.7-3913,13.906999588012695,12.763999938964844,9.755999565124512,7.093999862670898,314.4,,,,,,,,,,,
4FGL J0648.0-3045,15.15999984741211,13.965999603271484,11.22700023651123,8.470999717712402,898.1,0.04769999906420708,,,,,,17.3999,19.1579,19.1663,19.0603,16.7222
4FGL J0650.7+2503,12.095999717712402,11.366999626159668,9.390999794006348,7.74399995803833,96.2,1.4299999475479126,,,,,,16.3129,16.0323,15.8425,15.7519,15.502
4FGL J0654.3+5042,12.980999946594238,12.256999969482422,9.170000076293945,6.914999961853027,197.4,0.010900000110268593,,,,,,15.7798,15.4666,15.3667,15.3555,15.3233
4FGL J0654.4+4514,13.96500015258789,12.850000381469727,9.223999977111816,6.632999897003174,382.4,0.025599999353289604,,,,,,19.083,19.9522,19.715,18.994,18.8295
4FGL J0654.7+4246,12.437000274658203,11.892000198364258,9.748000144958496,7.669000148773193,202.2,,,,,,,17.6499,17.0109,16.7567,16.5064,16.303
4FGL J0656.3+4235,11.524999618530273,11.36400032043457,9.883999824523926,7.771999835968018,932.4,0.10400000214576721,,,,,,17.1188,16.4909,16.2138,15.9709,15.3735
4FGL J0659.6-2742,15.279000282287598,14.145000457763672,11.279000282287598,8.729999542236328,541.3,,,,,,,20.6178,20.2506,19.5369,19.5082,19.1942
4FGL J0701.5-4634,13.37600040435791,12.1850004196167,8.711000442504883,6.2179999351501465,,0.031700000166893005,,,,,,,,,,
4FGL J0710.4+5908,12.612000465393066,12.116999626159668,10.223999977111816,8.230999946594238,158.4,1.1799999475479126,,,,,,17.2279,16.8451,16.4955,16.3759,16.298
4FGL J0710.8-3851,12.439000129699707,11.645000457763672,9.0649995803833,6.309000015258789,881.7,,,,,,,,,,,
4FGL J0710.9+4733,12.277000427246094,12.081000328063965,10.10099983215332,7.75,1018.9,0.03370000049471855,,,,,,14.2158,13.8444,13.75,13.6966,13.6442
4FGL J0712.7+5033,12.336999893188477,11.272000312805176,8.480999946594238,6.247000217437744,188.9,0.01720000058412552,,,,,,18.1702,17.8517,17.2225,17.3931,16.9898
4FGL J0713.8+1935,12.343000411987305,11.361000061035156,8.12399959564209,5.843999862670898,218.7,0.007829999551177025,,,,,,19.3091,19.6286,19.1917,17.8495,17.644
4FGL J0718.0+4536,14.883999824523926,13.711999893188477,10.920000076293945,8.668000221252441,382.7,0.0210999995470047,,,,,,19.3154,19.6867,18.6956,19.2287,18.7341
4FGL J0719.3+3307,11.371000289916992,10.309000015258789,7.133999824523926,4.895999908447266,225.5,0.024000000208616257,,,,,,18.266,18.3532,18.9338,18.2378,17.7126
4FGL J0721.9+7120,8.743000030517578,7.742000102996826,5.468999862670898,3.3559999465942383,726.6,0.5960000157356262,,,,,,14.6469,14.0766,13.4309,13.2762,13.038
4FGL J0723.5+2900,14.390000343322754,13.055999755859375,9.604999542236328,7.190000057220459,36.3,0.0063299997709691525,,,,,,19.3888,19.2129,19.2739,19.3523,19.0478
4FGL J0725.2+1425,13.361000061035156,12.255999565124512,9.430000305175781,6.919000148773193,1066.7,0.02500000037252903,18.976999282836914,18.60300064086914,18.222999572753906,18.05699920654297,17.871999740600586,18.2646,17.8802,17.6762,17.7074,17.5376
4FGL J0726.4-4727,14.246000289916992,13.079000473022461,9.765000343322754,7.178999900817871,,0.01940000057220459,,,,,,,,,,
4FGL J0729.1+5703,12.869000434875488,12.013999938964844,9.345000267028809,6.770999908447266,484.2,0.04600000008940697,,,,,,17.8573,17.9544,17.8263,17.522,16.9605
4FGL J0730.4+3308,13.02400016784668,12.180999755859375,9.684000015258789,8.03600025177002,8.7,0.08760000020265579,18.270000457763672,17.81599998474121,17.52899932861328,17.301000595092773,17.118000030517578,17.6449,17.3111,17.0287,17.0019,16.9048
4FGL J0731.9+2805,13.472000122070312,12.96500015258789,11.151000022888184,8.869999885559082,71.3,,18.884000778198242,18.31999969482422,17.575000762939453,17.187000274658203,16.893999099731445,18.7064,17.9999,17.747,17.4523,17.3826
4FGL J0733.7+4110,13.302000045776367,12.680999755859375,10.520999908447266,8.512999534606934,23.8,,19.441999435424805,18.656999588012695,18.30500030517578,24.363000869750977,17.736000061035156,18.6375,18.3503,18.0137,17.9198,17.6877
4FGL J0733.8+0455,16.66699981689453,16.204999923706055,12.010000228881836,8.48799991607666,218.8,0.004370000213384628,,,,,,19.8208,19.7351,19.6237,19.8351,19.258
4FGL J0734.0+5021,13.76099967956543,12.722999572753906,9.975000381469727,7.380000114440918,769.6,0.02710000053048134,,,,,,18.6971,18.6487,18.698,18.3565,18.2791
4FGL J0738.1+1742,11.229999542236328,10.286999702453613,7.764999866485596,5.693999767303467,2257.7,0.030799999833106995,16.45199966430664,15.92300033569336,15.494000434875488,15.170000076293945,14.876999855041504,16.664,16.0533,15.6559,14.7924,15.2112
4FGL J0739.2+0137,11.079999923706055,10.069000244140625,7.26800012588501,5.011000156402588,1964.3,0.1599999964237213,,,,,,17.5985,16.9766,16.4141,16.559,16.3258
4FGL J0740.9+3203,13.187000274658203,12.78499984741211,11.28600025177002,8.663000106811523,75.9,0.010599999688565731,19.31100082397461,17.948999404907227,16.84000015258789,16.3439998626709,16.01300048828125,18.6335,17.9849,17.5838,17.2315,17.0649
4FGL J0742.1+4902,14.79699993133545,13.753999710083008,10.89900016784668,8.800999641418457,398.1,,23.124000549316406,22.246000289916992,21.81999969482422,21.285999298095703,20.841999053955078,21.2091,20.0562,20.3677,19.693,19.2165
4FGL J0742.6+5443,12.99899959564209,11.956999778747559,9.876999855041504,7.427999973297119,281.1,0.009499999694526196,,,,,,18.1738,18.9827,19.0894,18.2213,18.0991
4FGL J0743.0-5622,14.895000457763672,13.930000305175781,10.713000297546387,8.277000427246094,,,,,,,,,,,,
4FGL J0744.1+7434,13.32699966430664,12.694999694824219,10.779999732971191,8.685999870300293,22.6,0.32899999618530273,,,,,,17.8065,17.5147,17.1232,17.1405,16.9739
4FGL J0746.4+2546,15.998000144958496,15.053000450134277,11.236000061035156,8.758000373840332,416.7,0.10199999809265137,20.649999618530273,19.572999954223633,19.420000076293945,19.365999221801758,19.323999404907227,19.6659,19.3879,19.3653,19.4815,19.3156
4FGL J0746.5+2730,14.89900016784668,13.777000427246094,10.687000274658203,7.942999839782715,260.2,,22.398000717163086,21.79400062561035,21.38599967956543,20.815000534057617,20.733999252319336,20.6695,20.4657,19.8484,19.682,19.7029
4FGL J0748.6+2400,12.800999641418457,11.722000122070312,8.718999862670898,6.390999794006348,957.5,0.08089999854564667,19.766000747680664,19.152000427246094,18.517000198364258,18.104999542236328,18.084999084472656,17.8134,18.2703,16.7078,18.0408,16.9338
4FGL J0749.2+2314,13.51099967956543,13.144000053405762,11.581000328063965,8.814000129699707,52.9,,19.038999557495117,17.893999099731445,16.860000610351562,16.496999740600586,16.011999130249023,18.8949,18.1998,17.6541,17.5083,17.2677
4FGL J0749.7+7450,14.196000099182129,13.593999862670898,11.633999824523926,8.970999717712402,44.5,,,,,,,18.6643,18.1911,18.1761,18.0737,17.9523
4FGL J0749.9+1823,13.701000213623047,12.515000343322754,9.3100004196167,6.688000202178955,179.1,0.02419999986886978,21.238000869750977,21.33099937438965,20.68600082397461,20.854999542236328,21.038000106811523,19.3059,17.9031,18.9055,19.0187,18.928
4FGL J0753.0+5353,13.690999984741211,12.614999771118164,9.885000228881836,7.4019999504089355,803.3,0.027899999171495438,18.91900062561035,18.378000259399414,17.89699935913086,17.542999267578125,17.232999801635742,18.8722,18.0956,18.3149,17.4074,17.6327
4FGL J0754.7+4823,11.987000465393066,10.9399995803833,8.177000045776367,5.896999835968018,264.5,0.03060000017285347,18.003000259399414,17.450000762939453,16.993999481201172,16.663999557495117,16.374000549316406,17.4268,17.1395,16.6254,16.4421,16.004
4FGL J0757.1+0956,11.791999816894531,10.694000244140625,8.057000160217285,5.620999813079834,956.2,0.1469999998807907,17.261999130249023,16.73200035095215,16.277000427246094,15.949000358581543,15.666000366210938,17.0328,16.4152,16.3887,16.0912,15.8241
4FGL J0758.9+2703,12.876999855041504,12.22599983215332,9.548999786376953,7.4720001220703125,53.7,0.012799999676644802,18.763999938964844,17.57200050354004,16.69499969482422,16.259000778198242,15.901000022888184,17.4617,17.2577,16.8091,16.4745,16.3829
4FGL J0800.9+4401,14.298999786376953,13.22599983215332,10.42199993133545,8.3149995803833,228.2,,20.937999725341797,20.336000442504883,19.875,19.43400001525879,19.267000198364258,18.973,18.7815,19.1262,18.6549,18.4111
4FGL J0803.2-0337,14.378000259399414,13.70300006866455,11.178999900817871,8.076000213623047,231.1,0.02239999920129776,,,,,,18.9608,18.5013,18.1287,18.3871,18.1293
4FGL J0805.2-0110,14.604999542236328,13.46399974822998,11.251999855041504,8.621999740600586,,0.03310000151395798,17.802000045776367,17.618999481201172,17.250999450683594,16.999000549316406,16.733999252319336,19.1183,18.8312,18.2197,18.0585,18.426
4FGL J0805.4+6147,15.786999702453613,14.583999633789062,10.993000030517578,8.414999961853027,828.2,0.05739999935030937,,,,,,20.1472,19.9181,19.6993,19.4194,19.2218
4FGL J0805.4+7534,12.512999534606934,11.977999687194824,9.817000389099121,7.9720001220703125,52.0,0.75,,,,,,17.1152,16.9487,16.3909,16.2526,16.071
4FGL J0806.5+4503,15.390000343322754,14.22700023651123,11.062999725341797,9.1850004196167,412.2,0.008799999952316284,19.92300033569336,19.76099967956543,19.631999969482422,19.45800018310547,19.25200080871582,19.4227,19.3525,19.3063,18.9607,18.959
4FGL J0806.5+5930,13.277000427246094,12.598999977111816,10.482999801635742,8.612000465393066,60.5,0.008969999849796295,,,,,,18.2777,17.5009,17.2875,17.1192,17.0249
4FGL J0808.2-0751,11.803999900817871,10.800999641418457,7.7210001945495605,5.394000053405762,1594.9,0.04010000079870224,19.025999069213867,18.62299919128418,18.187999725341797,17.775999069213867,17.52199935913086,18.659,17.5021,17.4735,17.0629,16.7633
4FGL J0808.5+4950,,,,,1114.5,0.0478999987244606,19.086000442504883,18.868000030517578,18.600000381469727,18.344999313354492,18.240999221801758,18.9721,18.6632,18.5618,18.4448,18.0087
4FGL J0809.3+4053,14.5649995803833,13.369999885559082,10.427000045776367,7.802000045776367,584.0,0.026900000870227814,19.356000900268555,19.452999114990234,18.922000885009766,18.899999618530273,18.67099952697754,19.2873,18.8342,18.5975,18.6845,18.7678
4FGL J0809.5+5341,15.196999549865723,14.076000213623047,11.526000022888184,8.800000190734863,140.4,0.010599999688565731,21.78700065612793,20.926000595092773,20.375,20.02400016784668,19.655000686645508,20.1713,20.1489,19.9593,18.9407,18.4896
4FGL J0809.6+3455,12.47700023651123,12.175999641418457,10.34000015258789,8.218000411987305,222.5,0.1340000033378601,17.716999053955078,16.378999710083008,15.49899959564209,15.07800006866455,14.744000434875488,17.572,16.9362,16.6023,16.425,16.119
4FGL J0809.8+5218,11.57699966430664,10.857999801635742,8.98900032043457,7.054999828338623,182.4,0.656000018119812,16.1200008392334,15.6899995803833,15.336000442504883,15.119000434875488,14.925999641418457,15.606,15.3911,15.113,14.9401,14.7962
4FGL J0811.4+0146,12.975000381469727,11.92300033569336,9.677000045776367,7.144000053405762,598.3,0.015799999237060547,20.128999710083008,19.634000778198242,19.209999084472656,18.92300033569336,18.61400032043457,18.7196,18.0728,17.8941,17.8615,18.15
4FGL J0812.9+5555,13.90999984741211,13.197999954223633,11.154000282287598,8.687999725341797,26.4,0.02810000069439411,19.281999588012695,18.809999465942383,18.320999145507812,18.011999130249023,17.73900032043457,18.4467,18.2233,18.0158,17.6154,17.6807
4FGL J0814.6+6430,11.487000465393066,10.576000213623047,7.873000144958496,5.822000026702881,88.2,0.017999999225139618,,,,,,17.1378,16.4871,15.6563,16.0854,15.6919
4FGL J0816.1+4909,13.482000350952148,12.576000213623047,10.081000328063965,7.843999862670898,48.1,,18.961999893188477,18.42300033569336,17.92099952697754,17.569000244140625,17.257999420166016,18.578,18.0943,17.5517,17.7182,16.6892
4FGL J0816.3+5739,12.769000053405762,11.92199993133545,9.529999732971191,7.438000202178955,99.5,0.015300000086426735,18.246000289916992,17.739999771118164,17.295000076293945,16.957000732421875,16.695999145507812,17.5818,17.2726,16.8826,16.8319,16.4947
4FGL J0816.4-1311,12.934000015258789,12.17199993133545,10.116000175476074,8.180999755859375,69.9,0.7820000052452087,,,,,,17.1325,16.6888,16.4384,16.5286,16.4318
4FGL J0816.9+2050,13.628000259399414,12.706999778747559,10.388999938964844,7.954999923706055,38.0,0.008840000256896019,18.711000442504883,18.292999267578125,17.95800018310547,17.722999572753906,17.50200080871582,17.953,17.5393,17.6224,17.4198,17.6159
4FGL J0818.2+4222,12.654000282287598,11.574000358581543,8.605999946594238,6.24399995803833,1090.7,0.019500000402331352,19.06599998474121,18.43000030517578,17.933000564575195,17.554000854492188,17.249000549316406,18.8659,18.3207,17.8481,17.8369,17.4171
4FGL J0818.4+2816,13.803999900817871,13.10200023651123,10.977999687194824,8.565999984741211,63.5,0.0066200001165270805,,,,,,17.9156,17.5956,17.5121,17.2496,17.1927
4FGL J0818.8+3229,13.380000114440918,12.310999870300293,9.657999992370605,7.507999897003174,194.4,,21.593000411987305,20.865999221801758,20.30699920654297,19.690000534057617,19.29199981689453,19.8618,19.0764,19.3065,18.9284,18.2838
4FGL J0819.0+2746,13.487000465393066,12.42300033569336,9.470000267028809,6.936999797821045,233.9,,19.792999267578125,19.218000411987305,18.72599983215332,18.365999221801758,18.051000595092773,19.4437,18.8531,18.7593,18.3861,18.1512
4FGL J0819.4-0756,14.199999809265137,13.670000076293945,11.5649995803833,8.083999633789062,6.7,0.2460000067949295,,,,,,19.2349,18.8112,18.4847,18.3148,18.1851
4FGL J0819.4+4035,13.831999778747559,12.961000442504883,10.338000297546387,7.669000148773193,78.9,,20.031999588012695,19.37700080871582,18.729999542236328,18.316999435424805,17.940000534057617,19.6089,18.9441,18.5845,18.1808,18.0744
4FGL J0820.3+3639,13.685999870300293,12.715999603271484,10.222999572753906,7.993000030517578,93.8,,19.652999877929688,19.190000534057617,18.808000564575195,18.483999252319336,18.219999313354492,18.5599,17.9847,18.049,17.8083,17.3133
4FGL J0820.9+2353,14.182999610900879,13.552000045776367,11.461000442504883,8.390000343322754,48.0,0.03269999846816063,18.964000701904297,18.572999954223633,18.118999481201172,17.77400016784668,17.5939998626709,18.8801,18.5746,18.1869,18.1024,17.978
4FGL J0823.1+4042,13.567000389099121,12.430000305175781,8.996999740600586,6.684999942779541,344.4,0.029200000688433647,19.55299949645996,19.062000274658203,18.882999420166016,18.913000106811523,18.79599952697754,18.4986,18.3223,18.5884,18.445,18.3308
4FGL J0824.4+2440,14.982999801635742,13.791000366210938,10.447999954223633,8.159000396728516,261.5,,19.7189998626709,19.670000076293945,19.334999084472656,19.18899917602539,19.104999542236328,19.8047,19.5127,19.3406,19.1838,19.027
4FGL J0824.7+5552,14.666999816894531,13.40999984741211,10.340999603271484,7.626999855041504,1449.4,0.032999999821186066,18.500999450683594,18.360000610351562,18.090999603271484,17.93000030517578,17.89699935913086,18.5233,18.1538,18.0591,18.1532,18.0923
4FGL J0824.9+3915,14.02400016784668,12.805000305175781,9.756999969482422,7.210000038146973,1480.8,0.026000000536441803,18.513999938964844,18.238000869750977,17.90399932861328,17.648000717163086,17.36400032043457,18.6986,18.33,18.3097,18.1469,17.9766
4FGL J0825.8+0309,11.895000457763672,10.904999732971191,7.5929999351501465,5.290999889373779,1400.1,0.06210000067949295,18.202999114990234,17.617000579833984,17.159000396728516,16.79800033569336,16.511999130249023,19.1287,18.1717,18.0252,18.363,17.5409
4FGL J0827.0-0708,12.3100004196167,11.666000366210938,9.668000221252441,8.013999938964844,173.0,0.23499999940395355,,,,,,17.3995,17.1099,16.762,16.0318,16.2758
4FGL J0829.4+0857,14.781999588012695,13.87399959564209,11.130000114440918,8.0649995803833,333.9,0.00865000020712614,22.26300048828125,21.503999710083008,21.139999389648438,20.672000885009766,20.125999450683594,21.2081,21.0154,20.7403,20.3153,19.1856
4FGL J0830.8+2410,12.767000198364258,11.529000282287598,8.807999610900879,6.427000045776367,738.7,0.1289999932050705,17.621000289916992,17.368999481201172,17.1200008392334,17.05900001525879,16.923999786376953,17.3973,17.0437,17.2485,17.1953,17.212
4FGL J0831.8+0429,10.772000312805176,9.782999992370605,7.228000164031982,5.074999809265137,1240.9,0.07940000295639038,16.33099937438965,15.791999816894531,15.345000267028809,15.038999557495117,14.770999908447266,16.5404,15.7375,15.7993,15.1943,15.4415
4FGL J0832.4+4912,12.98799991607666,11.954000473022461,9.194999694824219,6.814000129699707,344.0,0.025299999862909317,20.57699966430664,19.986000061035156,19.363000869750977,18.82900047302246,18.389999389648438,18.1319,18.1736,17.5069,17.6216,16.9435
4FGL J0833.4-0458,15.758999824523926,15.086000442504883,11.75100040435791,9.012999534606934,356.5,0.011900000274181366,25.816999435424805,19.20599937438965,18.527000427246094,18.41900062561035,18.371999740600586,19.2311,18.7121,18.6948,18.5772,18.61
4FGL J0833.9+4223,12.397000312805176,11.375,8.5,6.230000019073486,248.6,0.027000000700354576,17.847000122070312,17.302000045776367,16.834999084472656,16.503999710083008,16.229000091552734,17.2067,16.9793,16.3147,15.907,15.6525
4FGL J0835.7+0936,13.45300006866455,12.59000015258789,10.350000381469727,8.227999687194824,78.5,,19.645999908447266,19.166000366210938,18.724000930786133,18.371000289916992,18.10300064086914,18.9518,18.5865,18.1938,18.2657,17.9832
4FGL J0836.5-2026,15.151000022888184,14.178999900817871,10.543999671936035,7.811999797821045,1970.7,0.03779999911785126,,,,,,19.0737,18.762,18.6389,18.532,18.2884
4FGL J0836.9+5833,14.39799976348877,13.717000007629395,11.732000350952148,9.105999946594238,17.3,0.00406000018119812,18.930999755859375,18.55299949645996,18.22599983215332,17.979999542236328,17.69499969482422,19.7282,19.1088,18.77,18.7345,18.5787
4FGL J0837.3+1458,13.020000457763672,12.62600040435791,11.010000228881836,8.015999794006348,53.7,0.6069999933242798,17.875,17.503999710083008,16.88599967956543,16.570999145507812,16.268999099731445,18.1527,17.7146,17.5198,17.4488,17.2857
4FGL J0839.7+3540,13.529999732971191,12.623000144958496,10.34000015258789,8.288999557495117,75.6,,19.577999114990234,19.115999221801758,18.687999725341797,18.336000442504883,18.128999710083008,18.2053,17.9877,17.8509,17.5144,17.3892
4FGL J0839.8+0105,15.105999946594238,13.95199966430664,10.612000465393066,8.244000434875488,421.7,,19.538999557495117,19.44300079345703,19.05299949645996,19.05900001525879,19.32900047302246,18.8452,18.3601,18.496,18.5782,18.5829
4FGL J0841.3+7053,13.789999961853027,12.654999732971191,9.199000358581543,6.633999824523926,3823.1,0.6629999876022339,,,,,,16.9767,16.8496,16.8214,16.6586,16.6525
4FGL J0842.5+0251,14.48799991607666,14.152000427246094,12.027000427246094,8.821000099182129,16.7,0.020999999716877937,19.847999572753906,19.378999710083008,18.80299949645996,18.408000946044922,18.097999572753906,19.776,19.1353,18.8172,18.6348,18.4866
4FGL J0842.7+6656,13.873000144958496,13.21500015258789,10.710000038146973,8.020999908447266,115.5,,,,,,,18.8971,18.3401,17.819,17.6835,17.4589
4FGL J0844.2+5312,13.696999549865723,12.812000274658203,10.28600025177002,8.11299991607666,46.4,0.012500000186264515,19.163000106811523,18.648000717163086,18.302000045776367,18.017000198364258,17.750999450683594,18.8143,18.4806,17.805,17.9859,17.8377
4FGL J0846.9+4608,15.083000183105469,13.729000091552734,10.934000015258789,8.404000282287598,289.6,,19.452999114990234,19.392000198364258,19.0,18.927000045776367,19.011999130249023,19.5579,19.2326,19.2004,19.1915,18.941
4FGL J0847.2+1134,13.524999618530273,12.946999549865723,10.907999992370605,8.03600025177002,32.8,0.6380000114440918,18.58300018310547,17.990999221801758,17.416000366210938,17.072999954223633,16.84600067138672,17.9323,17.5556,16.9758,17.1496,17.0443
4FGL J0848.0-0524,15.059000015258789,13.871000289916992,10.553000450134277,7.7129998207092285,368.2,,,,,,,19.1003,19.0601,19.0581,18.966,18.9675
4FGL J0849.5+0456,13.800000190734863,12.970999717712402,10.512999534606934,8.14900016784668,183.3,,18.61400032043457,18.17099952697754,17.777000427246094,17.472999572753906,17.201000213623047,19.0137,17.8883,17.8229,17.3465,17.6676
4FGL J0850.1-1212,11.380999565124512,10.29800033569336,7.019000053405762,4.739999771118164,323.3,0.033900000154972076,,,,,,17.883,17.7305,17.5364,17.2434,17.6011
4FGL J0850.5+3455,12.914999961853027,12.539999961853027,10.819000244140625,8.685999870300293,34.9,0.01759999990463257,18.315000534057617,17.163999557495117,16.232999801635742,15.793999671936035,15.473999977111816,18.1423,17.4313,17.2381,16.8564,16.8585
4FGL J0852.2+2834,15.241000175476074,14.378000259399414,11.640000343322754,8.802000045776367,232.1,0.014399999752640724,19.48699951171875,19.329999923706055,18.969999313354492,18.85700035095215,18.7549991607666,19.746,19.3773,19.2704,19.2358,19.1381
4FGL J0854.3+4408,13.503000259399414,12.887999534606934,10.82699966430664,8.520000457763672,79.1,,17.503000259399414,17.180999755859375,16.94499969482422,16.743000030517578,16.608999252319336,17.746,17.4171,17.1883,17.1543,17.0485
4FGL J0854.8+2006,10.276000022888184,9.22700023651123,6.622000217437744,4.3420000076293945,1511.8,0.2370000034570694,16.56800079345703,15.932999610900879,15.414999961853027,15.041000366210938,14.713000297546387,15.3135,14.6828,14.2929,13.8523,13.9535
4FGL J0855.9+7144,13.701000213623047,12.619000434875488,9.223999977111816,6.703000068664551,62.3,0.02370000071823597,,,,,,20.1838,19.7788,19.5016,19.3614,19.1029
4FGL J0856.8+2056,13.572999954223633,12.621999740600586,10.079999923706055,7.796999931335449,205.0,0.0025500000920146704,19.06999969482422,18.607999801635742,18.177000045776367,17.875999450683594,17.599000930786133,18.5455,18.323,17.9407,17.55,17.6449
4FGL J0857.7+0137,13.321000099182129,12.729000091552734,10.628000259399414,8.418000221252441,88.5,,18.558000564575195,18.017000198364258,17.42799949645996,17.117000579833984,16.863000869750977,18.7541,18.155,17.7796,17.5754,17.4854
4FGL J0857.9-1949,13.541000366210938,12.331000328063965,9.284000396728516,6.946000099182129,1226.0,0.04749999940395355,,,,,,18.3655,18.1035,17.8245,17.6683,17.5768
4FGL J0902.4+2051,12.053000450134277,11.168000221252441,8.72700023651123,6.638999938964844,58.6,0.007160000037401915,17.02400016784668,16.628000259399414,16.29800033569336,16.062000274658203,15.859000205993652,16.1142,16.3781,15.7892,15.6421,15.7018
4FGL J0903.1+4652,14.517999649047852,13.284000396728516,10.005999565124512,7.603000164031982,1754.9,0.02019999921321869,19.48900032043457,19.3799991607666,19.0310001373291,18.840999603271484,18.83300018310547,19.0461,18.7804,18.8941,18.5125,18.5873
4FGL J0904.6+4238,15.230999946594238,14.211000442504883,11.875,8.42300033569336,1247.4,0.02710000053048134,21.187999725341797,21.05299949645996,20.60300064086914,20.53499984741211,20.041000366210938,19.9867,19.6968,19.4969,19.4708,19.4019
4FGL J0908.9+2311,13.399999618530273,12.663000106811523,10.394000053405762,8.057000160217285,46.6,0.035999998450279236,18.613000869750977,18.177000045776367,17.910999298095703,17.67799949645996,17.48900032043457,17.7939,17.3935,17.4007,17.185,17.0864
4FGL J0909.1+0121,12.27400016784668,11.187000274658203,8.824999809265137,6.406000137329102,759.7,0.07970000058412552,17.66200065612793,17.363000869750977,17.020000457763672,16.850000381469727,16.649999618530273,17.4371,17.1317,17.3705,17.209,17.0029
4FGL J0909.7-0230,13.829000473022461,12.970999717712402,10.475000381469727,7.885000228881836,624.8,0.00848000030964613,18.795000076293945,18.618000030517578,18.47100067138672,17.447999954223633,16.8799991607666,18.7297,18.6398,18.7256,18.6225,18.5736
4FGL J0910.6+3329,12.109000205993652,11.244000434875488,8.906000137329102,6.994999885559082,104.8,0.04569999873638153,16.222000122070312,15.836999893188477,15.550000190734863,15.317999839782715,15.128999710083008,16.3507,16.053,15.7294,15.6944,15.4715
4FGL J0910.6+2247,15.74899959564209,14.803999900817871,11.069999694824219,8.362000465393066,108.3,0.005640000104904175,21.802000045776367,21.093000411987305,20.972000122070312,21.226999282836914,20.52400016784668,20.618,20.1178,20.7825,20.1125,18.9943
4FGL J0910.8+3859,13.027999877929688,12.239999771118164,9.670000076293945,7.860000133514404,8.8,,18.726999282836914,18.14299964904785,17.617000579833984,17.336999893188477,17.118999481201172,18.1333,17.5256,17.0521,17.0501,17.1066
4FGL J0911.7+3349,13.678000450134277,12.895000457763672,10.241999626159668,7.872000217437744,380.2,,19.628000259399414,19.10300064086914,18.4950008392334,18.040000915527344,17.65999984741211,19.2079,18.6823,18.2842,18.0995,18.0702
4FGL J0912.2+4127,15.722999572753906,14.53499984741211,10.934000015258789,8.10099983215332,345.6,0.007809999864548445,21.570999145507812,20.709999084472656,20.31599998474121,20.1560001373291,19.96299934387207,20.3084,19.9358,20.2678,20.039,19.7069
4FGL J0912.5+1556,,,,,28.5,0.11900000274181366,19.224000930786133,18.323999404907227,17.363000869750977,16.89900016784668,16.52899932861328,18.9707,18.1498,17.6879,17.5621,17.4598
4FGL J0912.9-2102,12.229999542236328,11.626999855041504,9.496000289916992,7.367000102996826,328.4,0.5210000276565552,,,,,,17.1962,16.8759,16.471,16.2814,16.0417
4FGL J0915.9+2933,12.083999633789062,11.35200023651123,9.07699966430664,7.123000144958496,341.5,0.19300000369548798,16.576000213623047,16.214000701904297,15.963000297546387,15.75,15.571999549865723,16.2237,15.9095,15.7134,15.4414,15.4253
4FGL J0916.7+3856,14.776000022888184,13.65999984741211,10.501999855041504,8.305999755859375,1004.9,,19.552000045776367,19.3439998626709,18.844999313354492,18.60300064086914,18.316999435424805,19.8825,19.53,19.0731,18.9687,18.9041
4FGL J0916.7+5238,13.28600025177002,12.831000328063965,11.277000427246094,8.638999938964844,,0.0966000035405159,18.4060001373291,17.496999740600586,16.57200050354004,16.194000244140625,15.85200023651123,18.3244,17.7679,17.3266,17.4144,17.0102
4FGL J0917.1-2131,,,,,650.7,,,,,,,18.2048,18.1871,18.2064,18.1386,18.1092
4FGL J0917.3-0342,13.692999839782715,13.163000106811523,11.456999778747559,9.211999893188477,31.1,,,,,,,18.5978,18.4347,18.0634,17.8786,17.7834
4FGL J0920.9+4441,13.52400016784668,12.317000389099121,9.109000205993652,6.556000232696533,1017.2,0.08959999680519104,18.68199920654297,18.04199981689453,17.902000427246094,17.69700050354004,17.413000106811523,18.1307,17.9788,17.5498,17.5362,17.6284
4FGL J0921.6+6216,14.086000442504883,12.942999839782715,10.052000045776367,7.4070000648498535,945.7,0.033900000154972076,19.607999801635742,19.222000122070312,18.67300033569336,18.34000015258789,18.2549991607666,19.2382,18.6889,18.3155,18.2888,18.205
4FGL J0921.7+2336,13.154999732971191,12.359000205993652,9.793999671936035,7.771999835968018,23.0,0.00786999985575676,18.895999908447266,18.531999588012695,18.202999114990234,17.940000534057617,17.725000381469727,18.0583,17.7017,17.5396,17.4672,17.1516
4FGL J0922.4-0528,12.623000144958496,11.786999702453613,9.178000450134277,6.811999797821045,489.5,0.006990000139921904,,,,,,19.4183,18.7089,18.52,17.8088,18.2955
4FGL J0923.5+4125,14.510000228881836,13.437999725341797,10.619000434875488,7.913000106811523,199.2,,21.131000518798828,20.476999282836914,19.941999435424805,19.614999771118164,19.33099937438965,20.2431,20.097,18.581,19.4925,19.3581
4FGL J0924.0+2816,14.105999946594238,13.027000427246094,9.904000282287598,7.735000133514404,272.0,0.03660000115633011,19.68600082397461,19.19099998474121,19.07900047302246,18.9950008392334,18.795000076293945,18.8081,18.607,18.2952,18.5986,18.3851
4FGL J0925.7+3126,14.104000091552734,13.095999717712402,10.265999794006348,8.034000396728516,382.7,,19.479000091552734,18.945999145507812,18.52400016784668,18.194000244140625,17.92799949645996,20.1047,19.5419,18.8105,18.7784,18.7319
4FGL J0926.4+5412,14.102999687194824,13.314000129699707,11.079000473022461,8.380999565124512,37.7,,19.170000076293945,18.79400062561035,18.454999923706055,18.253000259399414,17.957000732421875,19.3732,18.9184,18.8984,18.3857,18.1667
4FGL J0928.1-2035,12.072999954223633,11.03499984741211,8.109999656677246,5.817999839782715,842.1,0.18000000715255737,,,,,,16.576,16.5754,16.6251,16.0802,16.5216
4FGL J0930.5+4951,14.083999633789062,13.545000076293945,12.164999961853027,8.781000137329102,21.0,0.5410000085830688,18.843000411987305,18.277999877929688,17.667999267578125,17.327999114990234,17.08300018310547,18.4906,18.0378,17.6799,17.6286,17.4884
4FGL J0930.9+0033,14.805999755859375,13.692000389099121,10.494000434875488,8.09000015258789,297.4,0.026200000196695328,19.493000030517578,19.43400001525879,19.378000259399414,19.049999237060547,18.968000411987305,19.3601,19.1522,19.0199,18.7999,18.7098
4FGL J0932.6+5306,14.545000076293945,13.52400016784668,10.753999710083008,7.919000148773193,481.6,0.03180000185966492,19.25,18.874000549316406,18.805999755859375,18.56399917602539,18.617000579833984,18.8126,18.9021,18.1284,18.746,18.6913
4FGL J0932.7+1041,13.791000366210938,13.265000343322754,10.895999908447266,8.277000427246094,32.1,0.10599999874830246,19.13800048828125,18.715999603271484,18.04199981689453,17.639999389648438,17.336000442504883,18.8951,18.4062,18.0096,17.7233,17.6917
4FGL J0934.3+3926,14.788999557495117,13.678000450134277,11.164999961853027,8.23799991607666,118.1,,20.582000732421875,19.982999801635742,19.52199935913086,19.15399932861328,18.798999786376953,20.8241,20.0042,20.2133,19.4507,19.6335
4FGL J0934.5-1720,13.994000434875488,13.541000366210938,11.39900016784668,8.704999923706055,28.7,0.2540000081062317,,,,,,18.9764,18.4203,18.1425,17.9516,17.7495
4FGL J0936.5+1847,13.40999984741211,12.496999740600586,10.135000228881836,8.321000099182129,58.7,,19.60700035095215,19.242000579833984,18.833999633789062,18.575000762939453,18.301000595092773,18.9584,18.5291,18.2047,18.0363,17.6837
4FGL J0937.1+5008,13.144000053405762,11.970999717712402,8.949999809265137,6.386000156402588,166.6,0.08240000158548355,20.052000045776367,19.447999954223633,18.67099952697754,18.257999420166016,17.777000427246094,19.039,17.6499,18.0122,17.1914,17.6699
4FGL J0937.9-1434,13.402999877929688,12.682999610900879,10.539999961853027,8.29800033569336,4.7,0.010200000368058681,,,,,,17.9698,18.0017,17.6012,17.4914,17.2627
4FGL J0940.4+6148,13.883000373840332,13.402000427246094,11.484999656677246,8.798999786376953,11.5,0.07109999656677246,19.299999237060547,18.55500030517578,17.63599967956543,17.194000244140625,16.888999938964844,18.5271,17.8781,17.5135,17.5912,17.3808
4FGL J0940.9-1335,13.24899959564209,12.331999778747559,10.291000366210938,7.640999794006348,289.6,,,,,,,18.9967,18.8924,18.8116,17.8737,18.1958
4FGL J0945.2+5200,13.723999977111816,13.067000389099121,10.315999984741211,7.85099983215332,614.9,,21.10300064086914,20.562999725341797,20.665000915527344,22.291000366210938,19.804000854492188,19.3125,19.4942,19.1667,18.8516,17.963
4FGL J0945.7+5759,12.574999809265137,11.82699966430664,9.411999702453613,7.39300012588501,111.1,0.006779999937862158,18.14900016784668,17.538999557495117,16.801000595092773,16.399999618530273,16.09600067138672,17.8613,17.3094,17.1451,16.969,16.8492
4FGL J0946.0+4735,14.840999603271484,14.07800006866455,11.779999732971191,8.96500015258789,24.6,,20.30500030517578,20.007999420166016,19.576000213623047,19.209999084472656,18.917999267578125,18.8993,19.5004,19.0517,18.775,18.6793
4FGL J0946.2+0104,14.649999618530273,14.347999572753906,12.104000091552734,8.890999794006348,14.5,0.14900000393390656,20.395999908447266,19.916000366210938,19.448999404907227,18.950000762939453,18.86199951171875,20.1035,19.7055,19.1574,18.9793,18.7268
4FGL J0946.6+1016,14.331999778747559,13.222999572753906,10.513999938964844,8.291999816894531,410.3,,19.94700050354004,19.506999969482422,19.21299934387207,19.239999771118164,18.972999572753906,18.9854,18.6115,18.879,18.533,18.6176
4FGL J0947.6+2215,13.9350004196167,13.003999710083008,10.487000465393066,8.286999702453613,89.5,,20.069000244140625,19.56800079345703,19.09000015258789,18.77400016784668,18.49799919128418,19.4732,19.0918,18.4562,18.074,18.5997
4FGL J0949.0+4038,14.35099983215332,13.079000473022461,9.956000328063965,7.892000198364258,1599.5,0.035599999129772186,17.75,17.84000015258789,17.604999542236328,17.51799964904785,17.538999557495117,18.2628,17.9722,18.1517,18.0696,18.1419
4FGL J0950.2+0615,13.854000091552734,12.781999588012695,10.133999824523926,7.7789998054504395,121.7,,19.836999893188477,19.280000686645508,18.86199951171875,18.509000778198242,18.229000091552734,19.1225,18.9629,18.4033,18.2522,18.1455
4FGL J0950.2+4553,13.744999885559082,12.845999717712402,10.159000396728516,8.017000198364258,47.7,,19.749000549316406,19.243999481201172,18.749000549316406,18.39699935913086,18.150999069213867,17.7437,18.1236,17.6721,17.5771,17.3882
4FGL J0952.8+0712,14.303000450134277,13.5649995803833,11.35200023651123,8.906000137329102,28.0,0.023099999874830246,19.391000747680664,18.926000595092773,18.541000366210938,18.208999633789062,17.959999084472656,19.3557,18.9219,18.6003,18.4225,18.2945
4FGL J0955.1+3551,14.862000465393066,14.359000205993652,12.027000427246094,8.47599983215332,7.4,0.16599999368190765,20.48200035095215,20.250999450683594,19.643999099731445,18.981000900268555,18.542999267578125,19.7127,19.3123,19.1786,18.784,18.7579
4FGL J0956.0+3936,15.340999603271484,14.013999938964844,11.001999855041504,8.232000350952148,292.1,,19.235000610351562,19.424999237060547,19.06999969482422,19.0310001373291,19.198999404907227,19.931,19.633,20.0638,19.8559,19.6995
4FGL J0956.7+2516,12.868000030517578,11.708000183105469,8.819000244140625,6.382999897003174,1080.1,0.0575999990105629,18.37700080871582,17.94499969482422,17.93199920654297,18.041000366210938,17.840999603271484,17.8862,17.8446,17.8279,17.5539,17.6221
4FGL J0957.3-1348,14.428999900817871,13.302000045776367,10.017000198364258,7.603000164031982,362.3,0.011900000274181366,,,,,,18.8275,18.4064,18.3671,18.1301,18.2587
4FGL J0957.6+5523,12.913000106811523,11.888999938964844,8.95199966430664,6.578999996185303,3079.2,0.02410000003874302,18.281999588012695,17.900999069213867,17.57699966430664,17.375,17.18899917602539,17.6046,17.2841,17.2432,17.1365,16.9291
4FGL J0958.0+4728,14.687999725341797,13.579999923706055,10.454999923706055,8.13599967956543,603.8,0.016599999740719795,18.545000076293945,18.523000717163086,18.485000610351562,18.18199920654297,18.118000030517578,18.7217,18.596,18.3223,18.2758,18.1873
4FGL J0958.0+3222,12.72599983215332,11.861000061035156,9.210000038146973,6.7129998207092285,1247.1,0.01759999990463257,16.368999481201172,16.01300048828125,15.996999740600586,15.82800006866455,15.835000038146973,15.5141,15.5265,15.4568,15.5046,15.3461
4FGL J0958.4+5042,14.70300006866455,13.626999855041504,10.95300006866455,8.772000312805176,135.6,,19.58799934387207,19.51300048828125,19.198999404907227,19.141000747680664,19.309999465942383,19.2788,18.9025,19.8582,20.3907,
4FGL J0958.7+6534,11.463000297546387,10.432000160217285,7.25600004196167,5.03000020980835,729.4,0.20499999821186066,,,,,,17.826,17.414,16.9416,16.4251,16.1514
4FGL J0959.4+2120,13.987000465393066,13.340999603271484,11.333999633789062,8.371999740600586,40.1,,19.104999542236328,18.680999755859375,18.143999099731445,17.788000106811523,17.54800033569336,18.8628,18.4099,18.0827,17.9384,17.7127
4FGL J1001.1+2911,12.064000129699707,10.98799991607666,8.76099967956543,6.484000205993652,196.9,0.05090000107884407,19.07200050354004,18.547000885009766,18.104999542236328,17.739999771118164,17.405000686645508,19.3703,17.4318,17.4603,17.8089,18.3461
4FGL J1002.5+2215,14.776000022888184,14.166000366210938,12.444000244140625,8.982000350952148,12.7,0.32499998807907104,19.240999221801758,18.972000122070312,18.788999557495117,18.590999603271484,18.42799949645996,19.2374,18.7611,18.5932,18.3543,18.2832
4FGL J1003.6+2605,14.918000221252441,14.114999771118164,11.378999710083008,8.409000396728516,439.7,,21.332000732421875,20.93899917602539,20.511999130249023,20.16699981689453,19.618999481201172,20.4602,20.136,19.3559,19.5906,19.3712
4FGL J1006.5+6440,14.543999671936035,13.829999923706055,11.538999557495117,8.444000244140625,43.6,0.03779999911785126,19.415000915527344,19.1299991607666,18.868000030517578,18.670000076293945,18.527999877929688,18.9348,18.708,18.5282,18.2248,18.1126
4FGL J1006.7-2159,12.256999969482422,11.29800033569336,8.630999565124512,6.304999828338623,230.1,0.03009999915957451,,,,,,17.0609,16.8601,16.8364,16.3098,16.6546
4FGL J1007.0+3455,14.126999855041504,13.28600025177002,11.107000350952148,8.368000030517578,6.1,0.05299999937415123,19.420000076293945,19.163999557495117,18.937000274658203,18.761999130249023,18.58099937438965,18.3559,18.1908,17.8355,17.6755,17.7449
4FGL J1007.6-3332,14.317000389099121,13.281999588012695,11.053000450134277,8.57800006866455,389.8,0.007009999826550484,,,,,,24.399,21.707,18.4736,18.561,17.923
4FGL J1008.0+0620,11.675999641418457,10.687999725341797,7.952000141143799,5.75600004196167,506.9,0.02459999918937683,18.628999710083008,18.111000061035156,17.645000457763672,17.29199981689453,17.020999908447266,17.0091,16.7031,16.8722,16.2046,15.8303
4FGL J1008.8-3139,13.37399959564209,12.461000442504883,10.008999824523926,7.7769999504089355,236.4,,,,,,,,,,,
4FGL J1010.2-3119,12.710000038146973,12.201000213623047,10.539999961853027,8.770000457763672,73.5,0.47699999809265137,,,,,,,,,,
4FGL J1010.8-0158,12.991999626159668,11.684000015258789,10.213000297546387,7.896999835968018,685.4,0.029100000858306885,19.520000457763672,19.12700080871582,18.97100067138672,19.0049991607666,18.832000732421875,18.9816,19.2064,19.2108,18.9399,18.3421
4FGL J1011.3-0427,15.317999839782715,14.218999862670898,11.630999565124512,8.100000381469727,158.4,,,,,,,18.3555,18.358,18.2445,18.1918,18.2426
4FGL J1012.3+0629,13.163999557495117,12.206000328063965,9.529000282287598,7.381999969482422,535.2,0.01679999940097332,18.006000518798828,17.562999725341797,17.26099967956543,16.9689998626709,16.726999282836914,18.6364,17.6223,17.4493,17.5806,17.2144
4FGL J1012.7+2439,15.77299976348877,14.668000221252441,11.805999755859375,8.803999900817871,102.0,0.0073899999260902405,19.55299949645996,19.624000549316406,19.576000213623047,19.385000228881836,19.32699966430664,19.6151,19.5878,19.3445,19.319,19.1956
4FGL J1013.7+3444,14.142999649047852,13.015999794006348,9.557000160217285,7.349999904632568,355.5,0.015300000086426735,19.26099967956543,19.145999908447266,18.809999465942383,18.697999954223633,18.673999786376953,18.7239,18.476,18.4426,18.3973,18.4754
4FGL J1014.8+2257,12.956000328063965,12.008999824523926,9.329999923706055,6.7769999504089355,1095.5,0.05950000137090683,17.652999877929688,17.395000457763672,17.518999099731445,17.427000045776367,17.481000900268555,17.7069,17.5205,17.4087,17.4723,17.5519
4FGL J1015.0+4926,11.484000205993652,10.673999786376953,8.352999687194824,6.307000160217285,377.7,1.7100000381469727,16.027999877929688,15.729000091552734,15.461000442504883,15.305000305175781,15.163999557495117,16.0612,15.6393,15.537,15.4754,15.2803
4FGL J1015.6+5553,14.70199966430664,13.628999710083008,10.90999984741211,8.354000091552734,132.5,,21.520000457763672,20.871000289916992,20.76799964904785,20.716999053955078,20.090999603271484,19.9548,19.7752,19.794,19.2275,18.7292
4FGL J1018.3-3124,13.713000297546387,12.53600025177002,9.407999992370605,6.849999904632568,379.0,0.03020000085234642,,,,,,,,,,
4FGL J1018.4+3540,14.503999710083008,13.192000389099121,10.340999603271484,7.9670000076293945,615.2,0.033399999141693115,18.347999572753906,18.24799919128418,17.909000396728516,17.84000015258789,17.951000213623047,17.8964,17.7184,17.8535,17.893,17.9001
4FGL J1018.4+0528,14.78600025177002,13.454999923706055,11.192999839782715,8.359999656677246,277.8,,19.95199966430664,19.816999435424805,19.676000595092773,19.393999099731445,19.211000442504883,19.9493,20.0071,19.7007,19.6973,19.5186
4FGL J1022.7-0112,13.642999649047852,12.991999626159668,10.87600040435791,8.505999565124512,35.8,0.49000000953674316,18.031999588012695,17.742000579833984,17.4950008392334,17.270000457763672,17.06399917602539,17.7317,17.6888,17.5156,17.2667,17.3655
4FGL J1023.1+3949,14.645000457763672,13.428999900817871,10.185999870300293,7.7230000495910645,1122.6,0.07829999923706055,18.545000076293945,18.31100082397461,17.9950008392334,18.249000549316406,18.06599998474121,18.2638,17.8381,17.5557,18.0163,17.8481
4FGL J1023.2+2859,14.593000411987305,13.604999542236328,11.13599967956543,8.904999732971191,139.1,,21.68600082397461,21.08799934387207,20.708999633789062,20.136999130249023,19.812999725341797,20.6087,19.9898,19.6444,19.051,19.1864
4FGL J1023.8+3002,13.812999725341797,13.164999961853027,11.288999557495117,8.755999565124512,8.7,0.051600001752376556,19.430999755859375,19.01300048828125,18.554000854492188,18.215999603271484,17.986000061035156,17.9827,17.7465,17.8358,17.364,17.2867
4FGL J1023.9-3236,14.335000038146973,13.185999870300293,10.211000442504883,7.744999885559082,468.1,,,,,,,,,18.9866,,
4FGL J1024.8+2332,12.199999809265137,11.215999603271484,8.444999694824219,6.2179999351501465,108.7,0.01080000028014183,18.604999542236328,17.827999114990234,17.117000579833984,16.722999572753906,16.3700008392334,18.0902,17.2655,17.0466,16.8006,16.5312
4FGL J1026.9-1749,12.690999984741211,12.039999961853027,10.027999877929688,8.09000015258789,11.2,0.10999999940395355,,,,,,16.4021,16.1996,15.964,15.8082,15.6848
4FGL J1027.6+6317,14.32800006866455,13.505000114440918,11.220999717712402,8.652999877929688,25.2,,19.886999130249023,18.94300079345703,18.659000396728516,18.440000534057617,18.308000564575195,18.4205,18.1708,17.9884,18.0475,17.9274
4FGL J1028.3+3108,14.25,13.468000411987305,10.690999984741211,8.840999603271484,110.2,,19.99799919128418,19.18400001525879,18.32699966430664,17.874000549316406,17.5310001373291,19.8796,19.166,18.7263,18.4383,18.1937
4FGL J1028.4-0234,11.225000381469727,10.194000244140625,6.961999893188477,4.797999858856201,86.6,,22.899999618530273,20.24799919128418,19.53499984741211,18.958999633789062,18.549999237060547,18.6164,17.7331,17.1437,18.6634,17.8903
4FGL J1031.1+7442,12.348999977111816,11.560999870300293,9.005999565124512,6.666999816894531,208.3,0.12999999523162842,,,,,,17.5464,17.2532,16.6245,16.841,16.485
4FGL J1031.3+5053,13.357000350952148,12.723999977111816,10.814000129699707,8.642999649047852,37.5,1.0199999809265137,17.360000610351562,17.1200008392334,16.900999069213867,16.656999588012695,16.488000869750977,17.6653,17.1844,17.2174,17.0226,16.9052
4FGL J1031.6+6019,14.305999755859375,13.116000175476074,10.395999908447266,8.034000396728516,320.8,,18.371999740600586,18.22599983215332,18.003999710083008,18.006000518798828,18.003000259399414,18.5633,18.2683,18.2461,18.2633,18.27
4FGL J1032.6+3737,13.380000114440918,12.444999694824219,9.871999740600586,8.01200008392334,84.0,,18.719999313354492,18.24799919128418,17.92099952697754,17.6560001373291,17.43899917602539,18.8148,18.6685,18.2478,18.0323,17.9124
4FGL J1033.1+4115,12.88599967956543,11.678999900817871,8.4350004196167,5.826000213623047,473.2,0.027300000190734863,19.451000213623047,19.486000061035156,19.13599967956543,19.055999755859375,19.204999923706055,18.1384,17.892,18.02,17.6449,17.4857
4FGL J1033.9+6050,11.277999877929688,10.270000457763672,7.541999816894531,5.425000190734863,461.9,0.056699998676776886,19.450000762939453,18.954999923706055,18.51300048828125,18.340999603271484,18.097999572753906,18.1684,18.0926,17.5248,17.7552,17.0191
4FGL J1035.6+4409,15.131999969482422,14.588000297546387,11.920000076293945,9.029999732971191,41.0,,21.947999954223633,20.8799991607666,19.96299934387207,19.339000701904297,19.04400062561035,20.8861,20.0859,19.5681,19.2379,19.0964
4FGL J1036.2+2202,13.84000015258789,12.694999694824219,10.621999740600586,8.619000434875488,260.5,,19.30699920654297,18.82900047302246,18.89699935913086,18.659000396728516,18.56599998474121,18.7607,18.3283,18.0548,18.2888,18.1067
4FGL J1037.4-2933,12.15999984741211,11.048999786376953,8.170999526977539,5.638999938964844,1112.8,0.0786999985575676,,,,,,18.8113,18.1302,18.3949,17.8023,18.1454
4FGL J1037.7-2822,13.909000396728516,12.869000434875488,9.682999610900879,7.264999866485596,409.0,0.02410000003874302,,,,,,18.917,18.706,18.8743,18.8473,18.7156
4FGL J1037.7+5711,12.218000411987305,11.32800006866455,9.144000053405762,7.14900016784668,71.3,0.453000009059906,17.104000091552734,16.715999603271484,16.393999099731445,16.152000427246094,15.958999633789062,16.3716,16.3401,16.0769,15.9832,15.6701
4FGL J1043.2+2408,12.270999908447266,11.3100004196167,9.630000114440918,7.260000228881836,324.6,0.03680000081658363,18.66900062561035,18.048999786376953,17.54599952697754,17.13800048828125,16.84000015258789,18.4,18.4813,17.7816,17.4768,17.2716
4FGL J1044.6+8053,12.241000175476074,11.177000045776367,8.440999984741211,6.071000099182129,828.0,0.0925000011920929,18.524999618530273,18.29199981689453,17.937999725341797,17.795000076293945,17.749000549316406,18.2319,17.8888,17.7964,17.7411,17.6948
4FGL J1045.8-2928,14.616999626159668,13.532999992370605,10.23900032043457,7.769999980926514,959.8,0.012500000186264515,,,,,,19.043,18.9234,18.7269,18.4681,18.576
4FGL J1048.0-1912,13.940999984741211,12.805000305175781,9.529999732971191,6.894999980926514,1155.1,0.031700000166893005,,,,,,19.9187,19.4168,18.9423,18.8833,18.5777
4FGL J1048.4+7143,13.050000190734863,11.92199993133545,8.913999557495117,6.515999794006348,736.3,0.05249999836087227,,,,,,18.92,16.9416,18.4058,18.2511,17.6477
4FGL J1050.1+0432,14.576000213623047,13.380999565124512,10.347999572753906,7.7270002365112305,101.2,,18.61199951171875,18.558000564575195,18.163000106811523,18.14299964904785,17.766000747680664,18.6535,18.176,18.1688,18.194,18.1772
4FGL J1051.4+3942,14.37399959564209,13.85099983215332,11.586999893188477,8.694999694824219,10.3,0.15800000727176666,19.160999298095703,18.863000869750977,18.554000854492188,18.246999740600586,18.030000686645508,18.9173,18.6661,18.3471,18.2386,17.9746
4FGL J1051.9+0103,13.621999740600586,12.861000061035156,11.010000228881836,8.48900032043457,15.8,0.004100000020116568,19.996999740600586,19.33099937438965,18.756000518798828,18.39900016784668,18.160999298095703,18.1015,17.9246,18.1676,17.4533,17.385
4FGL J1053.7+4930,12.663000106811523,12.232999801635742,10.368000030517578,8.630999565124512,64.1,0.7419999837875366,17.945999145507812,16.8439998626709,15.904000282287598,15.472999572753906,15.098999977111816,17.5831,17.2423,16.9105,16.5624,16.4862
4FGL J1054.5+2211,13.03600025177002,12.25100040435791,10.119999885559082,7.734000205993652,64.9,0.014999999664723873,18.215999603271484,17.878000259399414,17.590999603271484,17.336999893188477,17.111000061035156,17.8234,17.8245,17.5436,17.0467,17.1497
4FGL J1056.8+7012,14.98900032043457,13.777000427246094,10.25100040435791,7.6519999504089355,310.3,0.01600000075995922,,,,,,19.167,19.1073,18.7276,19.0927,18.9866
4FGL J1057.3-2341,14.409000396728516,13.276000022888184,11.175999641418457,8.73900032043457,140.9,,,,,,,21.3,20.5395,20.1144,18.6189,18.8016
4FGL J1057.8-2754,12.317000389099121,11.829999923706055,9.887999534606934,7.982999801635742,63.5,,,,,,,17.5086,16.8578,16.6142,16.2651,15.9736
4FGL J1058.4+0133,11.260000228881836,10.161999702453613,7.440999984741211,5.039999961853027,3220.2,0.12399999797344208,18.83099937438965,18.298999786376953,17.847999572753906,17.485000610351562,17.145000457763672,17.042,16.7874,16.4403,16.3648,15.8855
4FGL J1058.5+8115,13.310999870300293,12.154999732971191,9.057999610900879,6.610000133514404,240.0,0.04349999874830246,,,,,,19.2109,19.2638,18.3455,18.1711,18.2649
4FGL J1058.6+2817,14.180999755859375,13.175999641418457,10.442999839782715,8.182000160217285,87.7,,19.434999465942383,18.898000717163086,18.47100067138672,18.14699935913086,17.83300018310547,19.6184,18.4492,18.2213,18.2034,17.7337
4FGL J1058.6-8003,11.876999855041504,10.805999755859375,7.624000072479248,5.375,,0.05999999865889549,,,,,,,,,,
4FGL J1058.6+5627,11.475000381469727,10.6899995803833,8.380999565124512,6.401000022888184,228.0,0.3009999990463257,16.922000885009766,16.445999145507812,15.996000289916992,15.725000381469727,15.467000007629395,15.9172,15.543,15.6771,15.4307,15.0832
4FGL J1101.4+4108,14.878000259399414,14.163000106811523,12.236000061035156,8.555000305175781,21.0,,19.378000259399414,19.06800079345703,18.788999557495117,18.540000915527344,18.35700035095215,18.6279,18.1513,18.0267,18.0074,17.9052
4FGL J1102.6+5251,15.432999610900879,14.734999656677246,11.782999992370605,8.559000015258789,23.6,,20.391000747680664,20.02899932861328,20.01799964904785,19.9060001373291,19.69300079345703,20.207,19.9796,19.8242,19.4658,19.1736
4FGL J1102.9+3014,13.614999771118164,12.520000457763672,9.881999969482422,7.47599983215332,165.3,,18.381999969482422,18.25200080871582,18.304000854492188,18.158000946044922,17.58099937438965,17.6477,17.7713,17.6715,17.2407,17.3361
4FGL J1103.0+1157,14.468000411987305,13.369999885559082,10.951000213623047,8.484000205993652,262.6,0.05649999901652336,19.114999771118164,18.844999313354492,18.70199966430664,18.707000732421875,18.423999786376953,19.2937,18.9674,19.0792,18.8682,18.6975
4FGL J1103.6-2329,12.859000205993652,12.310999870300293,10.440999984741211,8.593999862670898,120.3,2.3499999046325684,,,,,,17.3011,17.0743,16.8117,16.528,16.4167
4FGL J1104.0+0020,13.753000259399414,13.236000061035156,11.0600004196167,8.902000427246094,61.8,0.0284000001847744,19.25,18.49799919128418,17.548999786376953,17.07699966430664,16.694000244140625,19.3162,18.6736,18.0706,18.0208,17.7927
4FGL J1104.4+0730,13.036999702453613,12.137999534606934,9.508999824523926,7.61299991607666,77.8,0.016300000250339508,17.808000564575195,17.388999938964844,17.01099967956543,16.766000747680664,16.547000885009766,17.9023,17.5931,17.8087,17.1082,17.4319
4FGL J1104.4+3812,9.409000396728516,8.763999938964844,7.004000186920166,5.1570000648498535,767.4,38.79999923706055,14.616999626159668,13.600000381469727,13.085000038146973,13.621999740600586,12.553999900817871,12.958,12.63,12.55,12.553,12.4582
4FGL J1105.8+3944,13.184000015258789,12.774999618530273,10.51099967956543,8.170000076293945,43.2,,19.381999969482422,17.42300033569336,16.452999114990234,16.003999710083008,15.673999786376953,18.3501,17.7888,17.2974,17.0071,16.8983
4FGL J1106.0+2813,13.467000007629395,12.307999610900879,8.743000030517578,6.322999954223633,224.7,0.03269999846816063,19.165000915527344,18.55900001525879,18.143999099731445,17.822999954223633,17.53499984741211,18.7227,18.3642,19.7304,18.5664,18.861
4FGL J1107.0-4449,12.812000274658203,11.621000289916992,8.142000198364258,5.751999855041504,,0.09279999881982803,,,,,,,,,,
4FGL J1107.7-3042,15.42300033569336,14.496000289916992,11.25,8.430999755859375,351.0,,,,,,,,20.5592,20.6801,20.1948,
4FGL J1107.8+1501,13.897000312805176,13.222999572753906,11.352999687194824,8.256999969482422,43.3,0.04690000042319298,18.645999908447266,18.31100082397461,18.084999084472656,17.884000778198242,17.690000534057617,17.9374,17.7113,17.151,17.0572,17.3145
4FGL J1112.5+3448,14.151000022888184,12.946999549865723,9.560999870300293,7.1519999504089355,165.4,0.014399999752640724,19.218000411987305,19.386999130249023,19.275999069213867,18.979000091552734,18.81800079345703,19.0722,19.0768,18.9292,18.8218,18.7025
4FGL J1114.7-0248,14.543000221252441,13.444000244140625,11.347000122070312,8.866999626159668,182.0,,24.277000427246094,19.5,19.15999984741211,19.118000030517578,18.999000549316406,19.2119,18.8993,19.1518,19.0021,18.4004
4FGL J1117.0+2013,12.394000053405762,11.784000396728516,9.784000396728516,7.783999919891357,102.7,0.26600000262260437,17.268999099731445,16.780000686645508,16.26300048828125,15.949999809265137,15.687000274658203,17.0238,16.6811,16.5137,16.154,16.2064
4FGL J1117.2+0008,14.468000411987305,13.97599983215332,11.758999824523926,8.788000106811523,13.6,0.17299999296665192,19.96500015258789,19.461000442504883,19.09000015258789,18.697999954223633,18.367000579833984,19.3738,19.0325,18.6698,18.4175,18.3991
4FGL J1117.6+2550,13.470000267028809,12.770999908447266,11.029000282287598,8.383999824523926,12.0,,17.308000564575195,16.96299934387207,16.648000717163086,16.413999557495117,16.216999053955078,18.058,18.0728,17.3395,17.4186,17.3314
4FGL J1118.2-4634,12.82699966430664,11.625,8.619000434875488,5.982999801635742,,,,,,,,,,,,
4FGL J1119.0+1235,15.255999565124512,14.204999923706055,10.812000274658203,8.57800006866455,1112.2,0.01850000023841858,18.865999221801758,18.493000030517578,18.48699951171875,18.32200050354004,18.135000228881836,18.8383,18.8767,18.5874,18.3708,18.3479
4FGL J1120.8+4212,13.03600025177002,12.321000099182129,10.329000473022461,8.71399974822998,23.6,0.35899999737739563,17.680999755859375,17.469999313354492,17.288000106811523,17.134000778198242,17.016000747680664,16.5209,16.3959,16.5017,16.2183,16.1781
4FGL J1121.4-0553,14.654000282287598,13.491999626159668,10.055999755859375,7.603000164031982,587.7,0.05290000140666962,,,,,,19.2647,19.0149,18.2168,18.8645,18.884
4FGL J1124.0+2336,14.425000190734863,13.232999801635742,10.012999534606934,7.539999961853027,525.2,0.00913000013679266,20.697999954223633,20.386999130249023,20.134000778198242,19.773000717163086,19.583999633789062,19.6917,19.6418,19.2352,18.8735,18.8052
4FGL J1125.5-3557,12.4399995803833,11.562999725341797,9.348999977111816,7.264999866485596,207.4,0.01209999993443489,,,,,,,,,,
4FGL J1125.9-0742,13.454000473022461,12.868000030517578,11.07699966430664,8.678000450134277,37.3,0.03590000048279762,18.53700065612793,18.08099937438965,17.441999435424805,17.08099937438965,16.82699966430664,18.1867,17.6941,17.4284,17.4005,17.2459
4FGL J1125.9+2005,12.447999954223633,11.67199993133545,9.11400032043457,6.958000183105469,688.2,,18.378000259399414,17.363000869750977,16.617000579833984,16.202999114990234,15.909000396728516,17.7506,17.2673,16.7867,16.6756,16.3614
4FGL J1127.0-1857,11.595000267028809,10.612000465393066,8.027999877929688,5.605000019073486,536.3,0.08250000327825546,,,,,,17.9598,17.5284,17.6735,16.457,16.2707
4FGL J1127.4+5648,16.57900047302246,15.704999923706055,12.741000175476074,9.286999702453613,474.9,0.010900000110268593,20.74799919128418,19.804000854492188,19.570999145507812,19.514999389648438,19.32900047302246,19.6304,19.4682,19.5891,19.5524,19.4802
4FGL J1127.8+3618,15.085000038146973,14.017000198364258,11.208999633789062,8.736000061035156,168.0,,21.19099998474121,20.559999465942383,20.42099952697754,20.381999969482422,20.22100067138672,20.1843,19.4705,19.6435,19.4044,19.5116
4FGL J1128.0+5924,,,,,301.0,0.02199999988079071,19.895999908447266,19.60099983215332,19.604000091552734,19.302000045776367,19.232999801635742,19.7975,20.0231,19.4268,19.5728,19.319
4FGL J1129.1+3703,14.027999877929688,13.00100040435791,10.32699966430664,8.154000282287598,60.3,,20.033000946044922,19.509000778198242,19.082000732421875,18.687000274658203,18.44499969482422,19.7129,19.5547,18.5992,18.4758,18.1255
4FGL J1129.8-1447,13.03499984741211,11.694999694824219,8.779999732971191,6.173999786376953,5622.2,0.16699999570846558,,,,,,17.0642,16.8075,16.7491,16.899,16.8466
4FGL J1131.0+3815,14.394000053405762,13.10200023651123,10.234000205993652,7.651000022888184,702.0,0.016499999910593033,18.976999282836914,18.80299949645996,18.729000091552734,18.43600082397461,18.426000595092773,18.9149,18.6055,18.4533,18.5511,18.1648
4FGL J1131.4+5809,12.741999626159668,11.918999671936035,9.555000305175781,7.567999839782715,42.6,0.0064500002190470695,17.391000747680664,16.934999465942383,16.53700065612793,16.236000061035156,16.04400062561035,18.0067,17.3952,17.0971,16.8307,17.0483
4FGL J1132.7+0034,13.20199966430664,12.269000053405762,9.706999778747559,7.9029998779296875,469.0,0.01360000018030405,18.413000106811523,17.959999084472656,17.469999313354492,17.16900062561035,16.792999267578125,18.5834,18.1083,17.716,17.4362,17.3909
4FGL J1135.7-0427,12.847000122070312,11.781999588012695,9.684000015258789,7.01800012588501,200.2,,19.17300033569336,18.492000579833984,17.756999969482422,17.301000595092773,16.900999069213867,19.394,18.0708,18.2454,17.8471,17.4621
4FGL J1136.2+3407,16.167999267578125,14.937000274658203,11.949999809265137,8.621000289916992,136.0,,20.375,20.219999313354492,19.777000427246094,19.56100082397461,19.28700065612793,20.6884,20.1964,20.2842,19.9779,19.754
4FGL J1136.4+6736,12.947999954223633,12.510000228881836,10.46500015258789,8.670000076293945,45.3,0.9480000138282776,17.881999969482422,17.047000885009766,16.29599952697754,15.913999557495117,15.616999626159668,17.7364,17.102,16.8116,16.7163,16.5274
4FGL J1136.4+7009,11.126999855041504,10.734000205993652,8.711999893188477,6.705999851226807,327.1,1.2000000476837158,,,,,,15.6527,15.2174,14.8162,14.7743,14.8401
4FGL J1136.8+2550,13.41100025177002,13.039999961853027,10.53600025177002,8.508000373840332,15.8,0.042100001126527786,19.016000747680664,17.7189998626709,16.764999389648438,16.341999053955078,15.968999862670898,18.2748,17.7624,17.0951,17.281,16.7385
4FGL J1138.4+4857,14.96399974822998,13.916000366210938,10.928000450134277,8.319999694824219,42.5,,21.746000289916992,21.547000885009766,21.09000015258789,20.84600067138672,20.55699920654297,20.9727,20.6379,20.8075,20.373,20.1885
4FGL J1140.5+1528,13.42300033569336,12.913000106811523,10.762999534606934,8.61400032043457,69.5,0.14900000393390656,18.267000198364258,17.868000030517578,17.240999221801758,16.906999588012695,16.663999557495117,18.2501,17.7806,17.54,17.3474,17.1316
4FGL J1142.0+1548,14.480999946594238,13.47599983215332,10.638999938964844,8.119000434875488,333.6,0.00215999991632998,20.972999572753906,20.621000289916992,20.19499969482422,19.768999099731445,19.527999877929688,20.0894,19.7165,19.6238,19.1866,18.8918
4FGL J1143.1+6122,12.543000221252441,11.717000007629395,9.348999977111816,7.323999881744385,83.4,,18.888999938964844,18.371000289916992,17.948999404907227,17.636999130249023,17.36400032043457,17.2659,17.1764,17.1586,16.6455,16.781
4FGL J1145.5+4423,13.645000457763672,12.8100004196167,10.026000022888184,7.691999912261963,362.2,,19.27199935913086,18.582000732421875,17.785999298095703,17.364999771118164,16.993000030517578,19.437,18.4072,18.0836,17.7614,17.5116
4FGL J1146.6-2902,13.847000122070312,12.795000076293945,9.572999954223633,7.093999862670898,288.1,,,,,,,19.5637,19.568,19.4288,18.9883,18.7726
4FGL J1146.9+3958,12.482999801635742,11.381999969482422,8.54699993133545,6.136000156402588,330.9,0.045899998396635056,18.906999588012695,18.64900016784668,18.29400062561035,18.28499984741211,18.291000366210938,18.123,17.757,17.7857,17.5388,17.3233
4FGL J1147.0-3812,12.736000061035156,11.611000061035156,8.690999984741211,6.198999881744385,1803.7,0.04600000008940697,,,,,,,,,,
4FGL J1147.8-0724,14.130000114440918,13.041000366210938,10.177000045776367,7.427000045776367,739.8,0.019700000062584877,,,,,,18.2257,17.875,17.8191,17.7626,17.8499
4FGL J1148.5+2629,13.692999839782715,12.451000213623047,9.49899959564209,7.271999835968018,341.5,,18.68899917602539,18.249000549316406,18.190000534057617,18.176000595092773,18.020000457763672,17.7564,17.701,17.6909,17.5903,17.6181
4FGL J1148.6+1841,14.175000190734863,13.199000358581543,10.413000106811523,7.933000087738037,459.4,,20.32900047302246,19.906999588012695,19.42099952697754,19.124000549316406,18.83300018310547,19.8461,19.4233,19.1843,18.7875,18.6559
4FGL J1150.4+2418,11.116999626159668,10.104999542236328,7.401000022888184,5.197000026702881,797.7,,16.979000091552734,16.503999710083008,16.118000030517578,15.82699966430664,15.565999984741211,16.4783,16.0764,15.6604,15.3656,15.4381
4FGL J1150.6+4154,12.795000076293945,12.008000373840332,9.685999870300293,7.960000038146973,24.0,,17.558000564575195,17.256000518798828,17.033000946044922,16.84600067138672,16.698999404907227,17.2875,17.0012,17.0044,16.648,16.5204
4FGL J1151.5-1347,13.637999534606934,12.79699993133545,10.170999526977539,8.156000137329102,34.8,,,,,,,19.9831,19.7645,19.1337,18.6176,18.5063
4FGL J1151.5+5859,12.751999855041504,11.95300006866455,9.746000289916992,7.815999984741211,184.6,0.03290000185370445,16.763999938964844,16.406999588012695,16.197999954223633,15.996000289916992,15.85099983215332,16.7842,16.3294,16.2935,16.3719,16.0988
4FGL J1152.3-0839,14.253999710083008,13.074999809265137,9.675999641418457,7.0970001220703125,697.2,0.005080000031739473,,,,,,19.6218,19.2983,19.2733,19.1617,18.8194
4FGL J1152.8+3308,13.380999565124512,12.074000358581543,9.15999984741211,6.7170000076293945,206.1,0.07190000265836716,16.347000122070312,16.1299991607666,16.062000274658203,16.079999923706055,16.104999542236328,16.2619,16.091,16.134,16.1849,16.2147
4FGL J1153.0+8056,14.281999588012695,12.99899959564209,10.121999740600586,7.76200008392334,1343.1,0.023399999365210533,,,,,,18.7661,18.1026,18.1679,18.1793,18.1954
4FGL J1153.4+4931,11.744000434875488,10.638999938964844,7.552999973297119,5.209000110626221,1572.2,0.2590000033378601,17.295000076293945,17.389999389648438,17.312999725341797,17.32200050354004,16.684999465942383,17.2102,17.4049,17.2653,16.7555,17.2239
4FGL J1154.0-0010,14.178999900817871,13.59000015258789,12.029999732971191,8.326000213623047,8.9,0.1080000028014183,19.11400032043457,18.600000381469727,17.95199966430664,17.613000869750977,17.35099983215332,18.7386,18.2537,17.7691,17.7774,17.6648
4FGL J1154.0+4037,14.619000434875488,13.673999786376953,10.831000328063965,8.232000350952148,1135.6,,19.802000045776367,19.531999588012695,19.24799919128418,19.19300079345703,19.003999710083008,19.561,19.1668,18.9983,19.0954,18.8063
4FGL J1154.0+6018,14.602999687194824,13.373000144958496,10.61400032043457,7.671999931335449,96.1,0.014399999752640724,21.37700080871582,20.402999877929688,19.72800064086914,19.600000381469727,19.35700035095215,20.3305,19.6604,19.4235,19.459,19.0746
4FGL J1158.5+4824,16.618000030517578,15.597999572753906,12.47599983215332,8.668000221252441,275.3,,20.540000915527344,20.43400001525879,20.493999481201172,20.388999938964844,20.0939998626709,20.7304,20.8039,19.033,20.3583,18.9548
4FGL J1159.3-2142,13.288999557495117,12.243000030517578,9.496999740600586,7.0229997634887695,320.6,0.0210999995470047,,,,,,18.8293,18.2806,18.9443,18.6372,18.1313
4FGL J1159.5+2914,11.515000343322754,10.437000274658203,7.517000198364258,5.078000068664551,2030.8,0.09690000116825104,18.73900032043457,18.219999313354492,18.08300018310547,17.9689998626709,17.711999893188477,17.2612,16.8901,16.5316,16.3951,16.3046
4FGL J1202.4+4442,13.616000175476074,12.9350004196167,10.604000091552734,8.347000122070312,105.0,0.006719999946653843,18.82200050354004,18.332000732421875,17.68199920654297,17.301000595092773,16.975000381469727,19.1756,18.5546,18.1202,17.9825,17.6349
4FGL J1202.5-0528,12.472000122070312,11.315999984741211,8.350000381469727,6.005000114440918,529.8,0.18000000715255737,,,,,,16.7231,16.6174,16.6575,16.2922,16.5642
4FGL J1202.5+3852,14.008000373840332,13.104000091552734,10.50100040435791,8.406999588012695,23.4,,19.600000381469727,19.04199981689453,18.65999984741211,18.340999603271484,18.13599967956543,19.3504,18.8856,18.2757,18.1773,18.0184
4FGL J1203.1+6031,11.305000305175781,10.651000022888184,8.15999984741211,6.184999942779541,190.3,0.017899999395012856,17.2810001373291,15.998000144958496,15.237000465393066,14.815999984741211,14.531000137329102,16.2873,15.8559,15.8822,15.617,15.3773
4FGL J1203.4-3925,13.909000396728516,13.293000221252441,11.083000183105469,8.791000366210938,64.1,,,,,,,,,,,
4FGL J1204.2-0709,12.206000328063965,11.61299991607666,9.581000328063965,7.383999824523926,167.7,0.039400000125169754,,,,,,17.2218,16.7959,16.2999,16.2623,16.1031
4FGL J1205.7-2635,13.109999656677246,11.96399974822998,9.593999862670898,7.431000232696533,1653.6,0.07429999858140945,,,,,,18.2202,18.6167,18.4302,18.2991,18.2148
4FGL J1207.7-0106,14.991999626159668,13.986000061035156,11.14799976348877,8.541000366210938,132.0,,19.253999710083008,19.086999893188477,18.724000930786133,18.617000579833984,18.530000686645508,18.7791,18.5716,18.3745,18.6824,18.5806
4FGL J1208.4+6121,13.513999938964844,12.904000282287598,10.901000022888184,8.824999809265137,,0.0340999998152256,19.070999145507812,18.441999435424805,17.631000518798828,17.179000854492188,16.76300048828125,18.7271,18.0538,17.7048,17.4922,17.4445
4FGL J1208.9+5441,14.097999572753906,12.970000267028809,9.972000122070312,7.376999855041504,301.5,0.014299999922513962,,,,,,19.67,19.4537,18.8735,18.5568,18.8409
4FGL J1209.4+4118,12.795999526977539,11.866999626159668,9.309000015258789,7.177000045776367,273.7,0.01140000019222498,18.392000198364258,17.98699951171875,17.635000228881836,17.35300064086914,17.099000930786133,17.8416,17.0912,17.2498,16.8752,16.7588
4FGL J1209.7+2548,15.312000274658203,14.088000297546387,11.074999809265137,8.440999984741211,400.9,,19.43199920654297,19.53700065612793,19.187000274658203,19.003000259399414,18.982999801635742,19.8576,19.3547,19.328,19.3475,19.3006
4FGL J1209.8+1810,14.395999908447266,13.387999534606934,10.84000015258789,8.032999992370605,72.6,,19.350000381469727,18.94099998474121,18.62299919128418,18.454999923706055,18.183000564575195,18.9102,18.8725,18.9768,18.3244,18.3708
4FGL J1213.0+5129,14.008000373840332,13.317999839782715,11.071999549865723,8.829000473022461,35.8,,19.19099998474121,18.777000427246094,18.45199966430664,18.222000122070312,17.93400001525879,18.2285,18.1744,17.8673,17.7592,17.6226
4FGL J1213.3-2618,13.718000411987305,13.152000427246094,11.23799991607666,8.812999725341797,7.3,0.5299999713897705,,,,,,17.9522,17.5834,17.3499,17.1667,17.1612
4FGL J1213.6+1306,14.321000099182129,13.368000030517578,10.482999801635742,7.860000133514404,1344.2,,18.57900047302246,18.243000030517578,17.893999099731445,17.801000595092773,17.621999740600586,18.2229,18.0987,18.0418,17.9326,17.7384
4FGL J1215.0+1656,13.753999710083008,12.571999549865723,10.571999549865723,7.914999961853027,298.3,,,,,,,20.4418,19.9722,19.5319,19.9827,18.9366
4FGL J1215.1+5002,13.493000030517578,12.616999626159668,10.11400032043457,7.941999912261963,86.1,,18.12299919128418,17.700000762939453,17.360000610351562,17.118999481201172,16.941999435424805,18.2732,18.0004,17.6846,17.4491,17.3718
4FGL J1215.1+0731,12.835000038146973,12.416999816894531,10.616000175476074,8.67300033569336,136.6,0.23399999737739563,17.90399932861328,17.19700050354004,16.409000396728516,15.998000144958496,15.701000213623047,17.7769,17.0579,16.6501,16.5532,16.4926
4FGL J1216.1+0930,12.32699966430664,12.019000053405762,10.241999626159668,8.41100025177002,142.7,,17.569000244140625,16.18199920654297,15.267999649047852,14.836999893188477,14.531999588012695,17.4588,16.5963,16.3914,16.4858,16.1737
4FGL J1217.9+3007,10.927000045776367,10.095999717712402,7.85099983215332,5.835999965667725,571.6,0.2809999883174896,15.89900016784668,15.473999977111816,15.147000312805176,14.914999961853027,14.722999572753906,15.3602,15.0719,14.4895,14.6429,14.6578
4FGL J1218.0-0028,12.029000282287598,10.998000144958496,7.940000057220459,5.61299991607666,451.5,0.06769999861717224,18.101999282836914,17.63599967956543,17.268999099731445,16.975000381469727,16.70199966430664,17.7288,17.8741,17.4092,17.4743,17.1929
4FGL J1219.7-0313,13.251999855041504,12.61400032043457,10.64900016784668,8.230999946594238,28.4,0.03519999980926514,18.472999572753906,18.110000610351562,17.673999786376953,17.405000686645508,17.167999267578125,17.3488,17.1929,16.8777,17.2807,17.0953
4FGL J1220.1+7105,15.4350004196167,14.317000389099121,11.152999877929688,8.729000091552734,251.9,0.00877000018954277,,,,,,20.017,19.1109,17.9801,19.2764,17.6434
4FGL J1221.3+3010,12.064000129699707,11.404000282287598,9.48799991607666,7.4629998207092285,71.0,1.399999976158142,16.398000717163086,16.07699966430664,15.795000076293945,15.607000350952148,15.45199966430664,16.5797,16.489,16.1819,16.3013,15.9105
4FGL J1221.5+2814,10.661999702453613,9.791000366210938,7.480999946594238,5.46999979019165,731.6,0.1340000033378601,15.82800006866455,15.371000289916992,15.031999588012695,14.758999824523926,14.553999900817871,15.3724,15.4517,15.1804,15.3741,14.4903
4FGL J1222.5+0414,12.802000045776367,11.633999824523926,8.901000022888184,6.513000011444092,800.3,0.1080000028014183,17.291000366210938,17.018999099731445,16.79800033569336,16.631000518798828,16.424999237060547,18.1029,17.8326,17.7185,17.4676,17.6236
4FGL J1223.9+5000,14.213000297546387,12.982000350952148,10.182000160217285,7.619999885559082,46.6,0.004040000028908253,17.378000259399414,17.159000396728516,17.12700080871582,17.226999282836914,17.341999053955078,17.1951,17.1388,17.2638,17.3466,17.3697
4FGL J1224.1+2239,14.696999549865723,14.04800033569336,11.565999984741211,8.838000297546387,110.3,,20.05299949645996,19.628000259399414,19.148000717163086,18.76799964904785,18.492000579833984,19.9176,19.4426,18.8742,18.6721,18.5098
4FGL J1224.4+2436,13.361000061035156,12.635000228881836,10.553999900817871,8.32699966430664,24.5,0.7689999938011169,17.27899932861328,16.964000701904297,16.70199966430664,16.524999618530273,16.368000030517578,17.3462,17.0449,16.8293,16.51,16.5227
4FGL J1224.9+2122,10.70199966430664,9.638999938964844,6.864999771118164,4.729000091552734,2094.4,0.14800000190734863,16.038000106811523,15.880999565124512,16.073999404907227,16.059999465942383,15.850000381469727,15.7256,15.7306,15.5867,15.549,14.6387
4FGL J1224.9+4334,14.647000312805176,13.661999702453613,10.781999588012695,8.185999870300293,366.0,,21.110000610351562,20.5939998626709,20.073999404907227,19.67300033569336,19.2810001373291,21.0162,20.632,20.3112,19.9394,19.523
4FGL J1225.0+0330,14.75,13.585000038146973,10.543999671936035,7.8480000495910645,1280.3,,19.101999282836914,18.708999633789062,18.53499984741211,18.520999908447266,18.42799949645996,19.0346,19.0642,18.5905,19.038,18.8339
4FGL J1226.8-1329,13.496000289916992,12.46500015258789,9.449999809265137,7.188000202178955,145.8,0.008510000072419643,,,,,,18.8331,18.6157,18.3763,17.8382,18.1596
4FGL J1227.1-4437,14.352999687194824,13.406999588012695,10.383999824523926,7.989999771118164,,,,,,,,,,,,
4FGL J1228.7+4858,15.552000045776367,14.395000457763672,10.92300033569336,8.211000442504883,387.0,0.00913000013679266,19.329999923706055,18.924999237060547,18.613000869750977,18.312000274658203,18.12700080871582,20.2249,19.9287,19.8988,19.768,19.3087
4FGL J1229.0+0202,8.395000457763672,7.425000190734863,5.146999835968018,2.941999912261963,54991.2,4.730000019073486,14.010000228881836,12.99899959564209,12.890000343322754,12.637999534606934,13.24899959564209,12.9237,12.8107,13.5809,12.8539,12.7664
4FGL J1230.2+2517,10.739999771118164,9.779999732971191,7.376999855041504,5.2779998779296875,243.5,0.4970000088214874,15.442999839782715,15.029000282287598,14.692999839782715,18.51099967956543,14.229000091552734,15.2878,15.0937,14.8424,15.1303,15.0656
4FGL J1230.9+3711,14.057999610900879,13.645000457763672,11.970999717712402,8.85200023651123,,,19.788000106811523,18.6299991607666,17.50200080871582,17.03499984741211,16.719999313354492,19.2794,18.6014,18.2038,17.9657,17.6926
4FGL J1231.5+1421,13.317000389099121,12.635000228881836,10.406000137329102,8.53499984741211,54.7,0.01679999940097332,18.160999298095703,17.729000091552734,17.208999633789062,16.888999938964844,16.6299991607666,17.8373,17.4164,17.1516,16.957,16.7587
4FGL J1231.6+6415,12.954000473022461,12.567000389099121,10.829000473022461,8.904999732971191,58.0,0.257999986410141,18.076000213623047,17.172000885009766,16.24799919128418,15.829000473022461,15.498000144958496,17.9552,17.0992,17.1006,16.9802,16.7794
4FGL J1231.7+2847,11.333999633789062,10.5,8.277999877929688,6.334000110626221,140.5,,17.96500015258789,17.59000015258789,17.23200035095215,16.976999282836914,16.78700065612793,16.7247,16.5058,16.1922,16.372,15.9667
4FGL J1233.6+5027,13.666999816894531,12.95199966430664,10.729000091552734,8.458000183105469,282.6,,19.07900047302246,18.315000534057617,17.490999221801758,17.086000442504883,16.770999908447266,18.8568,18.1784,17.6919,17.4443,17.3311
4FGL J1236.3+3858,14.095999717712402,13.53499984741211,11.423999786376953,9.260000228881836,36.2,0.01080000028014183,19.22599983215332,18.76300048828125,18.21299934387207,17.885000228881836,17.57900047302246,19.0252,18.4617,18.2826,18.0662,17.8231
4FGL J1239.4+0728,13.050000190734863,11.961000442504883,8.954999923706055,6.591000080108643,567.1,,19.08799934387207,18.518999099731445,17.98699951171875,17.577999114990234,17.21299934387207,18.28,17.8631,17.6865,17.62,17.1889
4FGL J1239.5+0443,14.29699993133545,13.14799976348877,9.821000099182129,7.795000076293945,353.8,0.030500000342726707,20.57900047302246,20.472999572753906,20.343000411987305,19.988000869750977,20.2189998626709,19.8485,19.6106,19.017,18.5894,18.612
4FGL J1241.8-1456,12.842000007629395,12.125,10.019000053405762,8.019000053405762,17.2,0.03920000046491623,17.18600082397461,16.884000778198242,16.636999130249023,16.44099998474121,16.283000946044922,17.0383,16.7804,16.5935,16.5011,16.2671
4FGL J1243.2+3627,11.934000015258789,11.152000427246094,8.904000282287598,7.004000186920166,147.4,0.5009999871253967,16.39699935913086,16.107999801635742,15.930000305175781,15.758999824523926,15.630999565124512,15.9647,15.805,15.7208,15.3447,15.3569
4FGL J1245.1+5709,13.081000328063965,12.178999900817871,9.616000175476074,7.368000030517578,83.3,,17.841999053955078,17.40399932861328,17.04599952697754,16.788000106811523,16.51799964904785,17.9814,17.6428,17.6159,17.2381,17.0429
4FGL J1246.3+0112,14.545999526977539,13.694000244140625,10.968000411987305,8.288000106811523,71.9,,17.913000106811523,17.389999389648438,16.958999633789062,16.66699981689453,16.378000259399414,20.1906,19.177,18.6953,18.7202,18.5
4FGL J1246.7-2548,12.38599967956543,11.234000205993652,8.204999923706055,5.796000003814697,1165.2,0.06499999761581421,,,,,,17.3504,17.1625,17.3439,16.0472,17.2301
4FGL J1248.7+5127,12.881999969482422,11.979999542236328,9.58899974822998,7.464000225067139,114.1,0.01769999973475933,18.61400032043457,18.156999588012695,17.636999130249023,17.297000885009766,17.042999267578125,18.7091,18.1532,17.8087,17.4147,17.4646
4FGL J1250.6+0217,14.45300006866455,13.340999603271484,10.38599967956543,7.953999996185303,340.2,,20.187999725341797,19.643999099731445,19.21299934387207,18.933000564575195,18.62299919128418,20.1949,19.8105,19.9189,19.247,19.0378
4FGL J1251.2+1039,13.373000144958496,12.611000061035156,10.345000267028809,8.829999923706055,4.8,0.05079999938607216,19.30299949645996,18.805999755859375,18.191999435424805,17.84600067138672,17.570999145507812,18.1982,17.8255,17.6004,17.5722,17.3693
4FGL J1253.8+0327,11.937000274658203,11.723999977111816,10.222000122070312,7.848999977111816,106.5,0.10499999672174454,16.82699966430664,15.567000389099121,14.776000022888184,14.38599967956543,14.097000122070312,16.8928,16.1871,15.892,15.6936,15.4979
4FGL J1253.8+6242,13.845999717712402,12.996000289916992,10.595999717712402,8.47599983215332,11.9,0.03799999877810478,20.0049991607666,19.2810001373291,18.757999420166016,18.427000045776367,18.118000030517578,18.7211,18.1779,18.0637,17.7462,17.3909
4FGL J1254.5+2210,13.067000389099121,12.281999588012695,10.11400032043457,8.083000183105469,100.7,0.020099999383091927,18.048999786376953,17.625999450683594,17.27199935913086,16.95800018310547,16.719999313354492,17.8087,17.3277,17.3333,17.0004,16.8768
4FGL J1254.9-4426,10.90999984741211,10.838000297546387,9.354999542236328,7.120999813079834,,,,,,,,,,,,
4FGL J1254.9+1138,12.904999732971191,11.704000473022461,8.970000267028809,6.638000011444092,792.8,,17.062999725341797,16.820999145507812,16.742000579833984,16.764999389648438,16.673999786376953,17.0301,16.9466,16.9976,16.8464,16.8172
4FGL J1256.1-0547,11.02299976348877,9.66100025177002,7.190999984741211,4.491000175476074,9711.2,0.4620000123977661,,,,,,16.1251,16.138,15.8546,14.9197,15.5249
4FGL J1256.2-1146,11.758999824523926,11.420999526977539,9.560999870300293,7.658999919891357,54.4,0.1589999943971634,,,,,,16.7016,15.9875,15.7177,15.5245,15.2841
4FGL J1257.2+3646,13.20199966430664,12.418000221252441,10.012999534606934,7.868000030517578,72.1,,18.417999267578125,18.06599998474121,17.746999740600586,17.481000900268555,17.28499984741211,17.8283,17.8686,17.3934,16.9304,16.8172
4FGL J1257.8+3228,12.187000274658203,11.133999824523926,8.404999732971191,6.138999938964844,652.0,,19.459999084472656,18.937000274658203,18.788999557495117,18.677000045776367,18.38800048828125,18.9964,18.7295,18.1096,18.0639,18.4178
4FGL J1258.6-1759,14.744000434875488,13.755000114440918,10.76099967956543,8.085000038146973,358.9,,,,,,,20.2781,20.1609,20.0684,19.3304,19.0197
4FGL J1258.8-2219,13.399999618530273,12.194000244140625,9.029999732971191,6.624000072479248,792.6,0.011099999770522118,19.4060001373291,19.239999771118164,18.783000946044922,18.575000762939453,18.378999710083008,19.2218,18.5236,18.3036,18.3412,18.2614
4FGL J1259.1-2311,12.04699993133545,11.121999740600586,8.395000457763672,6.215000152587891,482.2,,19.579999923706055,18.884000778198242,18.142000198364258,17.621000289916992,17.260000228881836,17.4079,18.4584,16.8191,16.4962,16.4189
4FGL J1259.7-3223,13.182000160217285,12.204000473022461,9.206000328063965,6.936999797821045,64.4,,,,,,,,,18.0448,,
4FGL J1300.4+1416,14.618000030517578,13.41100025177002,10.597000122070312,8.281999588012695,559.1,,19.201000213623047,19.020000457763672,18.711000442504883,18.617000579833984,18.534000396728516,18.64,18.415,18.4121,18.3035,18.2195
4FGL J1301.5+4413,14.213000297546387,13.336999893188477,10.791000366210938,8.539999961853027,58.0,,19.437999725341797,19.0049991607666,18.604999542236328,18.309999465942383,18.047000885009766,19.2669,18.9401,18.6595,18.4849,18.2966
4FGL J1301.6+4056,14.11299991607666,13.430999755859375,11.368000030517578,8.89799976348877,27.5,0.04839999973773956,18.579999923706055,18.31999969482422,18.101999282836914,17.934999465942383,17.781999588012695,18.5962,18.3961,17.846,17.914,17.8478
4FGL J1301.6+3336,15.894000053405762,14.946999549865723,11.864999771118164,8.289999961853027,100.0,0.0053400001488626,20.44499969482422,20.05299949645996,19.68000030517578,19.475000381469727,19.28499984741211,20.2412,19.7948,19.8534,19.7186,18.8129
4FGL J1302.8+5748,15.42300033569336,14.354999542236328,11.569000244140625,8.791999816894531,320.5,,20.57699966430664,20.027999877929688,19.499000549316406,19.077999114990234,18.72800064086914,20.3406,19.3871,19.6472,19.1669,19.8033
4FGL J1303.0+2434,13.904000282287598,12.79699993133545,9.359999656677246,7.01800012588501,122.1,0.013700000010430813,20.01799964904785,19.763999938964844,19.384000778198242,19.158000946044922,18.88599967956543,18.0982,17.7299,17.2943,18.2273,18.2862
4FGL J1303.6-4622,13.866999626159668,12.793000221252441,9.67199993133545,7.439000129699707,,0.0034600000362843275,,,,,,,,,,
4FGL J1304.0+3704,13.720000267028809,12.72700023651123,9.96399974822998,7.71999979019165,319.6,,20.552000045776367,19.899999618530273,19.43199920654297,19.091999053955078,18.781999588012695,19.8589,19.5684,18.5131,18.5085,18.4079
4FGL J1304.6-0348,15.003000259399414,13.866999626159668,11.0649995803833,8.375,826.0,,,,,,,19.2759,18.7975,18.8263,18.671,18.8678
4FGL J1308.5+3547,14.517000198364258,13.465999603271484,10.369000434875488,7.744999885559082,239.2,0.022199999541044235,21.197999954223633,20.511999130249023,19.983999252319336,19.57200050354004,19.283000946044922,19.6452,20.6419,20.3567,19.6778,19.2703
4FGL J1309.4+4305,12.590999603271484,11.704999923706055,9.291999816894531,7.383999824523926,59.5,0.00901000015437603,17.80299949645996,17.386999130249023,17.099000930786133,16.812000274658203,16.632999420166016,17.02,16.7707,16.7837,16.6776,16.4197
4FGL J1310.2-1158,13.064000129699707,12.588000297546387,10.767000198364258,8.303999900817871,83.0,0.06080000102519989,,,,,,17.8326,17.1457,16.9408,16.9661,16.6121
4FGL J1310.5+3221,12.586000442504883,11.460000038146973,8.380999565124512,5.9019999504089355,1686.6,0.0794999971985817,18.393999099731445,18.03499984741211,17.621000289916992,17.35099983215332,17.12700080871582,18.2282,18.5294,18.006,17.6593,17.378
4FGL J1311.0+0034,13.87600040435791,13.086000442504883,10.819999694824219,8.729000091552734,17.2,,18.492000579833984,18.155000686645508,17.81800079345703,17.57699966430664,17.329999923706055,18.5769,18.3213,17.9946,17.6191,17.3998
4FGL J1311.0+3233,14.440999984741211,13.326000213623047,10.116000175476074,7.669000148773193,373.8,0.007249999791383743,19.825000762939453,19.2549991607666,18.82900047302246,18.44099998474121,18.201000213623047,19.7068,19.009,19.0532,18.9651,18.6804
4FGL J1312.4-2156,12.031999588012695,11.121000289916992,8.743000030517578,6.794000148773193,349.3,0.035100001841783524,,,,,,17.4347,16.9014,16.327,16.1719,16.0852
4FGL J1312.8-2350,13.83899974822998,13.152000427246094,10.786999702453613,8.348999977111816,28.5,,,,,,,18.6428,18.2585,18.0594,17.8053,17.6627
4FGL J1312.8-0425,14.770999908447266,13.652000427246094,10.885000228881836,8.4350004196167,226.0,,,,,,,19.1477,18.8756,19.0656,18.0258,18.4889
4FGL J1315.5+1135,14.309000015258789,13.82800006866455,12.010000228881836,8.72599983215332,19.8,0.20399999618530273,19.691999435424805,19.1299991607666,18.884000778198242,18.589000701904297,18.395000457763672,19.2892,18.7678,18.752,18.3632,18.2214
4FGL J1316.1-3338,13.182999610900879,12.017000198364258,8.776000022888184,6.453000068664551,1277.7,0.07989999651908875,,,,,,,,,,
4FGL J1317.6+3428,13.63700008392334,12.515999794006348,9.444000244140625,7.098999977111816,528.8,0.020099999383091927,18.60099983215332,18.423999786376953,18.211000442504883,18.239999771118164,18.35099983215332,18.3627,18.3739,17.906,18.3598,18.3292
4FGL J1319.5+1404,13.567000389099121,12.965999603271484,11.053999900817871,8.348999977111816,76.2,0.012900000438094139,18.12700080871582,17.863000869750977,17.572999954223633,17.336999893188477,17.177000045776367,18.5661,18.0543,17.9719,17.667,17.3967
4FGL J1320.7+3314,14.904999732971191,14.026000022888184,11.675999641418457,8.623000144958496,25.8,,18.229000091552734,17.958999633789062,17.93199920654297,18.01799964904785,17.952999114990234,18.13,18.0353,18.1289,18.0768,18.0137
4FGL J1321.1+2216,13.774999618530273,12.59000015258789,9.187999725341797,6.73799991607666,313.5,0.013299999758601189,19.48200035095215,19.09000015258789,18.726999282836914,18.46299934387207,18.152000427246094,19.1418,18.7117,18.153,18.8499,18.2981
4FGL J1321.3-2641,16.089000701904297,15.00100040435791,11.430999755859375,9.184000015258789,509.5,,,,,,,21.1182,21.0034,20.802,20.5236,
4FGL J1322.2+0842,13.289999961853027,12.26099967956543,9.347999572753906,6.9670000076293945,68.4,0.014499999582767487,20.11400032043457,19.6560001373291,18.875,18.417999267578125,18.020999908447266,19.0774,18.204,18.1246,17.5302,18.1825
4FGL J1322.6-0936,15.065999984741211,13.824000358581543,10.770000457763672,8.074000358581543,402.8,0.03669999912381172,,,,,,18.9621,19.0457,18.8553,18.7583,18.6662
4FGL J1322.9+0437,13.70199966430664,13.178000450134277,11.45199966430664,8.517000198364258,36.5,,24.145000457763672,18.895000457763672,17.899999618530273,17.454999923706055,17.242000579833984,18.687,18.0248,17.6005,17.3209,17.323
4FGL J1323.9+1405,13.906999588012695,13.206999778747559,10.9399995803833,8.47700023651123,30.5,,19.461000442504883,18.993999481201172,18.638999938964844,18.389999389648438,18.165000915527344,18.2036,17.9919,17.7349,17.8092,17.5779
4FGL J1326.1+1232,13.664999961853027,13.220999717712402,11.335000038146973,9.015000343322754,57.4,0.12099999934434891,19.03700065612793,18.25,17.32900047302246,16.885000228881836,16.545000076293945,18.8045,18.1632,17.8984,17.5307,17.4687
4FGL J1326.7-0503,15.772000312805176,14.776000022888184,11.536999702453613,9.206000328063965,117.9,,,,,,,19.3099,19.2575,18.9978,18.9777,18.8994
4FGL J1326.9+2210,13.744000434875488,12.5649995803833,9.6850004196167,7.239999771118164,850.1,0.0494999997317791,19.134000778198242,18.920000076293945,18.65399932861328,18.496999740600586,18.479000091552734,19.1628,19.188,18.4397,18.5335,18.1059
4FGL J1331.2-1325,13.982000350952148,13.170000076293945,10.279000282287598,8.178999900817871,49.5,,,,,,,18.2014,18.6893,17.4001,18.1735,17.4959
4FGL J1331.7-0343,15.651000022888184,14.413000106811523,11.095999717712402,8.628000259399414,198.8,,,,,,,19.4432,18.8896,18.0973,19.0954,18.1584
4FGL J1332.0-0509,13.267999649047852,11.98799991607666,8.541999816894531,5.941999912261963,527.0,0.0737999975681305,,,,,,18.6742,18.6122,18.1031,17.9722,18.0459
4FGL J1332.2+4722,14.385000228881836,13.463000297546387,10.550000190734863,7.995999813079834,233.2,,18.18400001525879,17.726999282836914,17.395999908447266,17.10700035095215,16.871999740600586,18.6748,18.5806,18.5007,18.4058,18.1975
4FGL J1332.6-1256,15.685999870300293,14.461000442504883,11.192999839782715,8.479000091552734,126.8,0.004379999823868275,,,,,,19.9898,20.1041,18.8195,19.7733,18.6051
4FGL J1333.2+2725,13.628000259399414,12.690999984741211,10.189000129699707,7.5229997634887695,217.7,0.023399999365210533,21.764999389648438,20.819000244140625,20.385000228881836,19.746999740600586,19.466999053955078,20.5494,20.4147,19.0212,18.6476,18.3103
4FGL J1333.7+5056,,,,,54.1,0.003160000080242753,20.531999588012695,19.972000122070312,19.607999801635742,19.30500030517578,18.947999954223633,21.4337,21.4701,20.9929,19.9581,18.0248
4FGL J1334.5+5634,13.763999938964844,12.651000022888184,9.91100025177002,7.449999809265137,180.4,,18.382999420166016,18.375,18.33799934387207,18.368000030517578,17.804000854492188,18.9917,18.2278,18.6751,18.268,18.4758
4FGL J1337.4+5502,14.26200008392334,13.057000160217285,10.4350004196167,8.293000221252441,706.9,0.018300000578165054,18.259000778198242,18.128999710083008,17.923999786376953,17.959999084472656,17.93600082397461,18.1415,17.911,17.8983,17.976,17.8635
4FGL J1337.6-1257,11.996000289916992,10.788000106811523,7.9770002365112305,5.427999973297119,2676.3,0.210999995470047,,,,,,18.6953,17.5926,17.5755,17.4722,17.0412
4FGL J1338.0+6534,14.815999984741211,13.63599967956543,10.741000175476074,8.336000442504883,210.5,,19.73200035095215,19.457000732421875,19.32900047302246,19.35099983215332,19.28700065612793,19.3458,19.2787,19.2563,19.3502,19.0476
4FGL J1339.1-2620,14.32800006866455,13.140999794006348,10.32800006866455,7.624000072479248,702.2,,,,,,,20.6393,20.057,19.6887,19.4167,19.359
4FGL J1339.9-0138,14.916999816894531,14.015000343322754,11.020000457763672,8.673999786376953,175.4,,19.062000274658203,18.909000396728516,18.797000885009766,18.61199951171875,18.524999618530273,19.148,18.9513,18.7784,18.6413,18.5491
4FGL J1340.5+4409,13.928000450134277,13.562000274658203,12.555000305175781,8.854000091552734,56.7,,19.472000122070312,19.124000549316406,18.70800018310547,18.240999221801758,17.929000854492188,18.9718,18.6693,18.1858,18.1863,18.0008
4FGL J1340.8-0409,13.694999694824219,13.01200008392334,10.739999771118164,8.559000015258789,26.6,0.029400000348687172,,,,,,18.2238,17.8201,17.6477,17.4766,17.4673
4FGL J1341.2+3958,13.315999984741211,12.932000160217285,11.279999732971191,8.871000289916992,87.8,0.2770000100135803,18.96299934387207,18.26099967956543,17.492000579833984,17.1200008392334,16.857999801635742,18.5712,17.9662,17.5405,17.401,17.2046
4FGL J1341.8-2053,14.862000465393066,13.440999984741211,10.133999824523926,7.673999786376953,399.1,0.027699999511241913,,,,,,18.7269,18.5424,18.474,18.362,18.4183
4FGL J1343.6+5755,15.005999565124512,14.067999839782715,11.086999893188477,8.418000221252441,116.2,0.00646999990567565,19.527000427246094,19.224000930786133,19.000999450683594,19.047000885009766,19.0310001373291,18.6049,18.415,18.8258,18.7144,18.4195
4FGL J1344.0+6605,15.378999710083008,14.159000396728516,11.206999778747559,8.890000343322754,638.5,,20.753999710083008,20.687999725341797,20.118999481201172,19.966999053955078,19.77199935913086,20.4315,19.7351,19.6156,19.9391,19.4191
4FGL J1344.2-1723,13.039999961853027,11.892999649047852,9.097000122070312,6.736999988555908,339.9,0.0029200001154094934,,,,,,19.7905,19.3042,19.7095,19.558,19.448
4FGL J1345.5+4453,15.807000160217285,14.704000473022461,11.689000129699707,8.430999755859375,293.6,0.013100000098347664,21.655000686645508,20.750999450683594,20.31800079345703,19.981000900268555,19.659000396728516,19.5367,19.1606,19.6056,18.0831,17.8517
4FGL J1345.8+0706,13.652999877929688,12.567000389099121,9.440999984741211,7.039999961853027,137.1,0.031599998474121094,20.007999420166016,20.003000259399414,19.69099998474121,19.707000732421875,19.634000778198242,19.1792,18.9608,19.5279,18.5237,17.881
4FGL J1347.6-3751,13.848999977111816,12.756999969482422,9.694999694824219,7.502999782562256,207.1,0.016200000420212746,,,,,,,,,,
4FGL J1349.5-1131,13.128000259399414,12.069000244140625,9.369999885559082,7.063000202178955,522.1,0.13199999928474426,,,,,,17.793,17.8531,17.5654,17.1394,16.9127
4FGL J1350.8+3033,13.449999809265137,12.385000228881836,10.069999694824219,7.614999771118164,321.9,0.028699999675154686,18.78499984741211,18.226999282836914,17.85099983215332,17.52899932861328,17.25200080871582,19.2541,19.3332,19.2294,18.5081,18.2591
4FGL J1351.0+0029,14.751999855041504,13.682999610900879,10.79800033569336,8.498000144958496,316.4,0.00546000013127923,23.06100082397461,22.409000396728516,22.424999237060547,22.17300033569336,21.628000259399414,21.5592,21.3651,20.7366,20.2859,18.7196
4FGL J1351.4-1529,13.715999603271484,13.062999725341797,10.925999641418457,8.562000274658203,22.4,0.00443999981507659,,,,,,18.5918,17.9819,17.686,17.6531,17.5085
4FGL J1353.2+3740,13.220999717712402,12.72599983215332,11.178000450134277,8.812000274658203,39.4,0.014100000262260437,18.179000854492188,17.535999298095703,16.749000549316406,16.386999130249023,16.07699966430664,18.385,17.7415,17.3274,17.2299,16.9875
4FGL J1353.3+1434,13.451000213623047,12.45300006866455,9.62600040435791,7.2179999351501465,446.2,0.014600000344216824,19.863000869750977,19.229999542236328,18.805999755859375,18.474000930786133,18.136999130249023,19.0939,18.214,17.9438,18.174,17.6187
4FGL J1354.3-0206,15.793000221252441,14.779999732971191,11.619999885559082,8.583999633789062,733.4,0.007660000119358301,24.253000259399414,20.159000396728516,19.305999755859375,19.27199935913086,19.332000732421875,20.4107,19.587,19.4507,19.3701,19.1872
4FGL J1354.8-1041,13.425000190734863,12.439000129699707,9.331999778747559,6.882999897003174,768.0,0.15199999511241913,,,,,,17.162,17.226,17.2497,16.7302,16.9182
4FGL J1357.5+0127,13.670999526977539,12.854000091552734,10.446000099182129,8.239999771118164,60.8,0.007120000198483467,18.632999420166016,18.20199966430664,17.826000213623047,17.531999588012695,17.274999618530273,18.2856,17.9032,17.5383,17.7197,17.5745
4FGL J1359.1+5544,13.704000473022461,12.630000114440918,9.6899995803833,7.335999965667725,127.5,0.01209999993443489,20.55699920654297,20.389999389648438,19.990999221801758,19.97599983215332,19.94499969482422,18.8713,18.6956,19.064,18.7851,18.0275
4FGL J1359.4+0202,14.317999839782715,12.965999603271484,10.027000427246094,7.494999885559082,807.5,,18.02400016784668,17.97599983215332,17.70800018310547,17.726999282836914,17.836000442504883,17.9425,17.7334,17.7139,17.8235,17.8019
4FGL J1359.7+4012,13.526000022888184,12.550000190734863,9.23900032043457,6.764999866485596,162.8,,19.843000411987305,19.033000946044922,18.315000534057617,17.996000289916992,17.715999603271484,19.3206,18.729,18.3239,18.2349,17.927
4FGL J1359.8-3746,12.732000350952148,11.868000030517578,9.404000282287598,7.35099983215332,102.8,0.014700000174343586,,,,,,,,,,
4FGL J1401.2-0915,14.588000297546387,13.810999870300293,10.980999946594238,8.444999694824219,525.3,,21.413000106811523,22.16900062561035,20.267000198364258,19.617000579833984,19.979000091552734,20.4649,20.2126,19.2927,19.3679,19.1722
4FGL J1402.6+1600,13.27299976348877,12.425999641418457,9.897000312805176,7.520999908447266,849.6,,18.665000915527344,18.14699935913086,17.67300033569336,17.350000381469727,17.12700080871582,18.7616,18.2198,18.0201,17.5787,17.4476
4FGL J1403.4+4319,14.866000175476074,14.45199966430664,12.49899959564209,9.038999557495117,20.0,,20.746000289916992,20.19499969482422,19.47800064086914,18.875999450683594,18.577999114990234,20.311,19.815,19.2162,19.0621,18.9141
4FGL J1404.8+0402,13.576000213623047,12.824000358581543,10.736000061035156,8.40999984741211,40.7,0.2370000034570694,16.82200050354004,16.54599952697754,16.31800079345703,16.13599967956543,15.993000030517578,17.3736,17.1433,17.0726,16.9104,16.7481
4FGL J1408.9-0751,13.331999778747559,12.116000175476074,9.279999732971191,6.752999782562256,688.2,0.02160000056028366,,,,,,18.91,18.5794,18.31,18.3986,18.4212
4FGL J1410.4+2820,13.682000160217285,12.984999656677246,10.994000434875488,8.732999801635742,28.3,0.011300000362098217,18.113000869750977,17.774999618530273,17.481000900268555,17.25,17.08099937438965,17.5476,17.4026,17.6441,17.5929,17.2537
4FGL J1411.8+5249,11.883999824523926,11.744000434875488,10.434000015258789,8.446000099182129,846.8,,17.6560001373291,16.06399917602539,15.190999984741211,14.743000030517578,14.449000358581543,17.2091,16.6608,16.2222,16.0395,15.8475
4FGL J1412.1+7427,14.03499984741211,13.180000305175781,10.74899959564209,8.456000328063965,106.2,,,,,,,18.7565,18.3895,18.1386,18.1357,17.851
4FGL J1415.5+4830,14.121999740600586,13.404000282287598,11.147000312805176,8.96399974822998,41.4,,18.847000122070312,18.36400032043457,17.950000762939453,17.690000534057617,17.381000518798828,18.4498,17.9487,17.6222,17.6098,17.4842
4FGL J1416.1-2417,12.857999801635742,12.378999710083008,10.501999855041504,8.305999755859375,72.6,0.014399999752640724,,,,,,18.2838,17.6177,17.1671,16.9624,16.588
4FGL J1417.9+2543,13.255999565124512,12.678000450134277,10.569000244140625,8.317000389099121,88.7,0.906000018119812,17.760000228881836,17.368999481201172,16.768999099731445,16.43199920654297,16.14900016784668,17.7466,17.2966,17.09,16.994,16.7709
4FGL J1418.4-0233,11.840999603271484,10.982999801635742,8.60200023651123,6.732999801635742,34.0,0.375,17.381000518798828,16.98200035095215,16.655000686645508,16.402000427246094,16.198999404907227,16.2303,16.3981,16.3984,15.8964,15.3438
4FGL J1418.7-3504,14.291000366210938,13.076000213623047,10.119000434875488,7.683000087738037,414.3,0.0215000007301569,,,,,,,,,,
4FGL J1418.9+7731,13.894000053405762,13.177000045776367,11.715999603271484,8.723999977111816,7.6,0.10100000351667404,,,,,,17.5887,17.3925,17.5851,17.3264,17.0671
4FGL J1419.4-0838,13.595000267028809,12.468000411987305,9.388999938964844,7.171000003814697,65.9,0.028200000524520874,,,,,,18.4257,18.1272,17.3185,16.7549,17.9527
4FGL J1419.5+3821,14.312999725341797,13.10099983215332,9.72599983215332,7.182000160217285,611.6,0.017100000753998756,19.490999221801758,19.3799991607666,19.280000686645508,18.961000442504883,18.85300064086914,19.4274,19.533,19.0409,19.276,19.2617
4FGL J1419.8+5423,10.96500015258789,10.031999588012695,7.159999847412109,5.02400016784668,787.9,0.049800001084804535,16.31800079345703,15.833000183105469,15.383999824523926,15.100000381469727,14.854999542236328,17.4191,16.8046,16.2541,15.8995,15.2298
4FGL J1422.3+3223,13.892000198364258,12.857999801635742,9.697999954223633,7.256999969482422,395.4,0.12200000137090683,18.94499969482422,18.511999130249023,18.423999786376953,18.341999053955078,18.17099952697754,18.4786,18.5978,18.5615,18.4908,18.3734
4FGL J1422.6+5801,14.359999656677246,13.878000259399414,12.15999984741211,9.210000038146973,12.7,0.4129999876022339,18.393999099731445,18.19700050354004,18.07699966430664,17.905000686645508,17.79599952697754,18.6528,18.4816,18.2742,17.9726,18.0007
4FGL J1423.5-7829,15.11299991607666,14.085000038146973,11.260000228881836,8.404999732971191,,0.005849999841302633,,,,,,,,,,
4FGL J1424.1-1750,12.329000473022461,12.045999526977539,10.29699993133545,8.531000137329102,12.7,0.0414000004529953,,,,,,17.6124,16.9805,16.6198,16.2442,16.1045
4FGL J1424.2+0433,12.836000442504883,11.881999969482422,9.11299991607666,6.89300012588501,220.2,,18.683000564575195,18.141000747680664,17.715999603271484,17.358999252319336,17.05900001525879,17.2918,17.2929,17.0309,17.1656,16.5474
4FGL J1426.4+3625,14.597000122070312,13.461000442504883,10.38700008392334,8.09000015258789,419.9,,20.31599998474121,20.114999771118164,19.788000106811523,19.660999298095703,19.511999130249023,19.658,19.226,19.9205,19.2915,19.2427
4FGL J1427.0+2348,10.098999977111816,9.27299976348877,7.034999847412109,5.11899995803833,429.7,0.5609999895095825,15.241999626159668,14.92199993133545,14.593999862670898,14.361000061035156,14.170999526977539,14.4775,14.1129,13.92,13.8673,13.6388
4FGL J1427.9-4206,11.352999687194824,10.234999656677246,7.2729997634887695,4.900000095367432,,0.09740000218153,,,,,,,,,,
4FGL J1428.5+4240,12.71500015258789,12.210000038146973,10.329000473022461,8.762999534606934,58.0,2.25,17.444000244140625,16.739999771118164,16.13800048828125,15.800999641418457,15.5649995803833,17.1107,16.8035,16.6786,16.3608,16.3911
4FGL J1428.9+5406,16.322999954223633,15.26200008392334,12.03499984741211,9.125,1028.3,0.01269999984651804,21.94300079345703,20.204999923706055,19.885000228881836,19.80699920654297,19.687999725341797,20.378,20.0947,19.9966,20.0164,19.7319
4FGL J1433.0-1801,15.220000267028809,14.288999557495117,11.128000259399414,8.574000358581543,1012.5,0.05739999935030937,,,,,,19.0172,18.9136,18.7885,18.6782,18.5409
4FGL J1434.2+4204,15.031999588012695,14.017999649047852,11.045999526977539,8.833999633789062,308.1,,20.375999450683594,19.91200065612793,19.496000289916992,19.20599937438965,18.959999084472656,20.9886,20.6966,20.4411,20.2144,19.1116
4FGL J1434.7+1950,15.159000396728516,13.973999977111816,11.255999565124512,8.937000274658203,407.2,0.023900000378489494,19.86400032043457,20.093000411987305,19.67799949645996,19.634000778198242,19.457000732421875,19.5854,18.7181,18.7793,18.8264,19.0339
4FGL J1435.5+2021,13.430000305175781,12.592000007629395,10.123000144958496,8.041999816894531,375.8,0.009039999917149544,19.601999282836914,19.197999954223633,18.77899932861328,18.441999435424805,18.156999588012695,18.3554,18.0028,17.8201,17.4451,17.3015
4FGL J1436.9+2321,14.682999610900879,13.442000389099121,10.119000434875488,7.367000102996826,816.8,0.014100000262260437,19.30299949645996,19.016000747680664,18.91200065612793,18.691999435424805,18.594999313354492,19.1973,19.0372,18.9029,18.7893,18.7654
4FGL J1438.9+3710,14.78600025177002,13.675000190734863,10.567999839782715,8.055999755859375,356.5,0.015200000256299973,22.724000930786133,21.375999450683594,21.52199935913086,21.382999420166016,21.222999572753906,20.1134,20.1008,19.9262,19.5003,19.1955
4FGL J1439.3+3932,12.585000038146973,11.866999626159668,9.722999572753906,7.826000213623047,42.3,0.26600000262260437,17.142000198364258,16.85300064086914,16.652000427246094,16.381999969482422,16.222000122070312,16.847,16.6117,16.2744,16.2484,16.1334
4FGL J1439.9-3953,13.803999900817871,13.333000183105469,11.541999816894531,8.942000389099121,19.4,0.07180000096559525,,,,,,,,,,
4FGL J1440.9+0609,12.800000190734863,11.989999771118164,9.946999549865723,7.89900016784668,89.3,0.03370000049471855,17.91200065612793,17.483999252319336,17.118000030517578,16.875999450683594,16.6200008392334,17.5292,17.3009,16.6773,16.6965,16.4471
4FGL J1441.6-1522,15.227999687194824,14.16100025177002,10.885000228881836,8.329999923706055,145.9,0.0026000000070780516,,,,,,21.3495,21.1074,19.8176,20.0288,19.1724
4FGL J1442.0+4348,13.543999671936035,12.62600040435791,10.121000289916992,8.322999954223633,,,18.895000457763672,18.440000534057617,18.05299949645996,17.790000915527344,17.600000381469727,18.5748,18.2917,17.9067,17.6709,17.5176
4FGL J1442.7+1200,12.975000381469727,12.458999633789062,10.62600040435791,7.882999897003174,68.8,0.6119999885559082,18.145000457763672,17.56599998474121,17.010000228881836,16.660999298095703,16.42099952697754,17.6094,17.1828,17.0353,16.9541,16.6465
4FGL J1443.9-3908,11.572999954223633,10.857000350952148,8.819000244140625,6.880000114440918,109.8,0.4819999933242798,,,,,,,,,,
4FGL J1443.9+2501,15.151000022888184,14.126999855041504,11.234000205993652,8.607999801635742,361.7,0.07209999859333038,20.211999893188477,19.715999603271484,19.378000259399414,19.165000915527344,18.950000762939453,19.71,19.3855,19.106,19.1678,18.4162
4FGL J1446.7+1719,15.059000015258789,14.0649995803833,10.961999893188477,8.904999732971191,754.1,,19.09000015258789,18.875999450683594,18.591999053955078,18.433000564575195,18.28700065612793,20.7232,20.3433,20.2421,20.1445,19.318
4FGL J1450.4+0910,14.36299991607666,13.272000312805176,10.114999771118164,7.882999897003174,330.5,0.0026000000070780516,20.8799991607666,20.072999954223633,19.67300033569336,19.429000854492188,19.023000717163086,19.7363,19.4914,19.2512,18.6132,18.516
4FGL J1450.8+5201,14.012999534606934,13.020999908447266,10.194000244140625,8.145000457763672,73.5,0.0012799999676644802,19.424999237060547,18.850000381469727,18.499000549316406,18.20800018310547,17.913999557495117,19.595,19.0193,18.4075,18.4856,18.2868
4FGL J1453.5+3505,14.895000457763672,13.942000389099121,11.069999694824219,8.593000411987305,216.7,,20.816999435424805,20.179000854492188,19.716999053955078,19.37299919128418,19.048999786376953,20.4694,20.0737,18.8061,19.5522,19.0622
4FGL J1454.1+1622,15.069000244140625,13.963000297546387,11.128000259399414,8.456000328063965,228.4,,19.38800048828125,19.020000457763672,18.5,18.274999618530273,17.996000289916992,20.2993,19.426,19.2859,19.1742,18.412
4FGL J1454.4-3744,11.947999954223633,10.864999771118164,8.562000274658203,6.232999801635742,942.2,0.12300000339746475,,,,,,,,,,
4FGL J1457.4-3539,12.484999656677246,11.373000144958496,9.090999603271484,6.854000091552734,674.5,0.031099999323487282,,,,,,,,,,
4FGL J1458.6+3722,14.053999900817871,12.956999778747559,10.052000045776367,7.813000202178955,214.6,,20.1299991607666,19.4060001373291,18.86400032043457,18.454999923706055,18.089000701904297,20.0371,19.0266,18.2765,18.9548,18.1536
4FGL J1459.5+1527,13.454999923706055,12.506999969482422,9.829999923706055,7.478000164031982,108.3,,20.011999130249023,19.347999572753906,18.695999145507812,18.30500030517578,17.957000732421875,18.7484,18.4456,17.4619,18.1324,17.7469
4FGL J1500.7+4752,13.380000114440918,12.255000114440918,9.295000076293945,6.914000034332275,431.2,,21.131000518798828,20.503999710083008,20.027000427246094,19.604999542236328,19.145999908447266,19.5766,18.9151,18.4555,18.3638,18.4684
4FGL J1501.0+2238,11.710000038146973,10.87600040435791,8.36299991607666,6.440000057220459,31.9,0.010499999858438969,16.49799919128418,16.094999313354492,15.746000289916992,15.48799991607666,15.305000305175781,16.8693,16.5616,16.3931,16.0826,16.1023
4FGL J1503.5+4759,13.005999565124512,12.210000038146973,9.776000022888184,7.671999931335449,105.0,,18.604999542236328,18.077999114990234,17.586000442504883,17.263999938964844,16.95800018310547,17.8491,17.4192,17.5684,16.9398,16.9788
4FGL J1503.7-1540,13.769000053405762,13.11400032043457,11.0,8.923999786376953,5.3,0.4449999928474426,,,,,,17.6162,17.4058,17.5438,17.1918,17.1258
4FGL J1504.4+1029,13.17300033569336,12.041999816894531,9.097000122070312,6.75,1774.2,0.04430000111460686,18.565000534057617,18.138999938964844,17.783000946044922,17.426000595092773,17.142000198364258,19.5668,19.3415,17.9687,18.432,17.6996
4FGL J1506.4+4331,14.638999938964844,13.942000389099121,11.881999969482422,9.197999954223633,28.6,,20.323999404907227,19.868999481201172,19.281999588012695,18.87299919128418,18.628000259399414,20.3825,19.0226,19.4299,18.7349,18.2019
4FGL J1506.6+0813,13.003999710083008,12.277999877929688,10.010000228881836,7.9770002365112305,84.1,0.12200000137090683,17.756999969482422,17.402000427246094,17.141000747680664,16.886999130249023,16.691999435424805,17.3296,17.1391,16.8113,16.663,16.5695
4FGL J1507.2+1721,14.491000175476074,13.940999984741211,11.711000442504883,9.017999649047852,23.0,,19.749000549316406,19.405000686645508,19.041000366210938,18.775999069213867,18.63599967956543,19.1986,18.9085,17.8763,18.481,18.1304
4FGL J1508.8+2708,13.640000343322754,13.163000106811523,11.251999855041504,8.77299976348877,39.3,0.3089999854564667,18.13599967956543,17.423999786376953,16.635000228881836,16.20400047302246,15.847999572753906,18.7163,18.1648,17.9751,17.7387,17.5993
4FGL J1509.7+5556,13.446999549865723,12.656000137329102,10.345999717712402,8.418999671936035,30.9,0.019700000062584877,18.469999313354492,18.05900001525879,17.743999481201172,17.489999771118164,17.236000061035156,17.7972,17.5839,17.2404,17.0677,17.129
4FGL J1510.8-0542,13.263999938964844,12.13700008392334,9.196999549865723,6.5370001792907715,3569.3,0.022099999710917473,,,,,,17.517,17.2526,17.2854,17.0423,16.9618
4FGL J1512.2+0202,12.3100004196167,11.340999603271484,8.663999557495117,6.361000061035156,957.4,0.05169999971985817,19.11199951171875,18.44300079345703,17.641000747680664,17.197999954223633,16.898000717163086,18.3684,17.1703,16.7732,16.5304,16.3551
4FGL J1512.8-0906,11.28600025177002,10.211999893188477,7.486000061035156,5.113999843597412,2700.9,0.2639999985694885,,,,,,16.6153,16.1757,16.1052,15.8682,15.9236
4FGL J1513.4-3231,13.291999816894531,12.243000030517578,10.916000366210938,8.388999938964844,182.7,0.018300000578165054,,,,,,,,,,
4FGL J1517.7-2422,10.102999687194824,9.208000183105469,6.497000217437744,4.309000015258789,2041.9,0.2460000067949295,,,,,,15.5578,14.8776,14.6026,14.239,14.2342
4FGL J1517.7+6525,13.416999816894531,12.704999923706055,10.567000389099121,8.869000434875488,37.1,0.5910000205039978,16.88599967956543,16.631000518798828,16.46500015258789,16.32900047302246,16.214000701904297,17.5235,17.3355,17.1811,17.0891,17.0209
4FGL J1518.6+4044,12.375,12.194999694824219,10.536999702453613,9.010000228881836,43.8,,17.64699935913086,15.90999984741211,15.062999725341797,14.652000427246094,14.35200023651123,17.6512,16.8433,16.335,16.2462,16.187
4FGL J1521.8+4338,15.359999656677246,14.263999938964844,10.930000305175781,8.557000160217285,225.2,,19.270000457763672,18.979000091552734,18.875999450683594,18.78700065612793,18.570999145507812,19.1323,19.005,18.8788,18.6445,18.6238
4FGL J1522.1+3144,15.081000328063965,13.859999656677246,11.0649995803833,8.414999961853027,347.2,0.010400000028312206,20.570999145507812,20.18600082397461,19.77899932861328,19.461999893188477,19.437000274658203,19.5997,19.6236,19.3541,19.2973,19.0514
4FGL J1522.6-2730,13.9350004196167,12.909000396728516,9.847000122070312,7.5320000648498535,1106.9,0.007000000216066837,,,,,,19.4731,19.0671,18.8207,18.4535,18.1983
4FGL J1523.2+0533,13.480999946594238,13.119999885559082,11.515999794006348,9.430999755859375,35.4,,19.167999267578125,17.947999954223633,16.8799991607666,16.388999938964844,16.033000946044922,18.5849,17.7004,17.5643,17.6804,17.1759
4FGL J1529.2+3812,14.218999862670898,13.447999954223633,11.581999778747559,9.50100040435791,8.8,,18.76099967956543,18.458999633789062,18.243000030517578,18.05299949645996,17.888999938964844,18.2354,18.1051,17.9294,17.8219,17.7346
4FGL J1530.9+5736,14.678999900817871,13.82800006866455,11.645000457763672,9.524999618530273,37.7,,20.02199935913086,19.69300079345703,19.388999938964844,19.160999298095703,18.92799949645996,19.6126,19.2591,19.1005,18.8675,18.7358
4FGL J1532.0+3016,12.50100040435791,12.27299976348877,10.336000442504883,8.20199966430664,52.3,0.07609999924898148,17.256999969482422,16.14900016784668,15.380000114440918,14.923999786376953,14.642000198364258,17.5657,16.9508,16.7353,16.4324,16.2096
4FGL J1533.2+1855,14.020999908447266,13.479999542236328,11.6899995803833,9.32800006866455,22.6,0.3199999928474426,18.94300079345703,18.60300064086914,18.062999725341797,17.719999313354492,17.458999633789062,18.4578,18.0393,17.7834,17.6544,17.4965
4FGL J1533.2+3416,13.751999855041504,12.982000350952148,10.937000274658203,8.690999984741211,29.5,,18.402000427246094,18.125,17.90399932861328,17.695999145507812,17.514999389648438,17.8936,17.6139,17.5336,17.3929,17.297
4FGL J1534.8+3716,13.569000244140625,13.003999710083008,11.041999816894531,8.904999732971191,22.0,0.024000000208616257,18.208999633789062,17.684999465942383,17.118999481201172,16.781999588012695,16.516000747680664,17.7078,17.2307,17.2008,17.027,16.8677
4FGL J1534.8+0131,14.593999862670898,13.331999778747559,10.326000213623047,7.4710001945495605,1320.4,0.020099999383091927,19.597999572753906,19.549999237060547,19.250999450683594,19.128999710083008,19.17099952697754,19.3345,18.8553,19.0188,18.6692,18.6738
4FGL J1539.6+2743,14.803000450134277,13.621000289916992,10.526000022888184,8.142000198364258,194.3,0.007819999940693378,19.263999938964844,18.639999389648438,18.291000366210938,18.020000457763672,17.75200080871582,20.8917,20.5489,18.907,18.5494,18.3471
4FGL J1540.7+1449,12.663000106811523,11.602999687194824,8.77299976348877,6.425000190734863,1386.8,0.03669999912381172,19.06399917602539,18.531999588012695,18.076000213623047,17.874000549316406,17.420000076293945,18.8346,18.3149,17.9415,17.7698,17.5612
4FGL J1541.7+1413,13.562999725341797,12.819000244140625,10.803000450134277,8.560999870300293,34.4,0.009390000253915787,17.570999145507812,17.152000427246094,16.841999053955078,16.601999282836914,16.415000915527344,17.913,17.5927,17.9502,17.267,17.0209
4FGL J1543.0+6130,11.399999618530273,10.517999649047852,8.027999877929688,6.041999816894531,86.2,0.0364999994635582,16.67799949645996,16.27899932861328,15.961999893188477,15.711000442504883,15.506999969482422,16.0514,15.5333,15.1928,15.1984,15.0658
4FGL J1546.0+0819,13.527000427246094,12.708999633789062,10.597000122070312,8.388999938964844,10.1,0.025299999862909317,17.91699981689453,17.586999893188477,17.347000122070312,17.15999984741211,16.975000381469727,17.1036,16.9775,17.0365,16.6642,16.777
4FGL J1546.5+1816,12.892999649047852,11.878999710083008,9.166999816894531,6.953000068664551,48.0,,19.711000442504883,19.225000381469727,18.81599998474121,18.496999740600586,18.179000854492188,18.699,18.4308,18.1105,17.5699,17.3816
4FGL J1548.8-2250,12.458000183105469,11.765000343322754,9.63700008392334,7.9720001220703125,145.1,0.3070000112056732,,,,,,18.1022,17.4124,17.1486,16.9021,16.744
4FGL J1549.3+6310,13.973999977111816,12.968000411987305,10.177000045776367,7.7789998054504395,68.7,,18.68000030517578,18.20599937438965,17.79599952697754,17.466999053955078,17.19499969482422,19.764,19.6777,19.0857,18.4145,18.3263
4FGL J1549.5+0236,12.298999786376953,11.190999984741211,8.5,6.197999954223633,835.3,0.0917000025510788,17.606000900268555,17.26799964904785,17.263999938964844,17.055999755859375,16.610000610351562,17.4899,17.4322,16.7899,16.6113,16.0078
4FGL J1550.7+0528,13.359000205993652,12.180999755859375,9.135000228881836,6.631999969482422,2303.3,0.04780000075697899,19.698999404907227,19.444000244140625,18.947999954223633,18.709999084472656,18.5,19.4771,18.9814,18.7754,17.7764,18.1216
4FGL J1552.0+0850,12.4350004196167,11.434000015258789,8.593999862670898,6.4019999504089355,124.9,0.007519999984651804,18.270000457763672,17.763999938964844,17.363000869750977,17.06999969482422,16.777999877929688,18.5865,18.2099,18.5695,17.6911,18.0017
4FGL J1553.6+1257,14.5,13.270000457763672,10.22700023651123,7.822999954223633,947.7,0.015799999237060547,17.538000106811523,17.423999786376953,17.29199981689453,17.270999908447266,17.256000518798828,17.4618,17.3325,17.3512,17.4401,17.4381
4FGL J1554.9+2143,13.12399959564209,12.256999969482422,9.829000473022461,7.749000072479248,154.0,,18.874000549316406,18.319000244140625,17.885000228881836,17.54800033569336,17.246999740600586,18.5595,18.1255,17.8056,17.4713,17.2973
4FGL J1555.7+1111,10.381999969482422,9.5600004196167,7.6579999923706055,5.7829999923706055,312.0,1.6299999952316284,15.069999694824219,14.741000175476074,15.309000015258789,14.152000427246094,13.85099983215332,14.4514,14.279,13.9246,13.8403,14.0455
4FGL J1557.9-0001,14.343999862670898,13.258999824523926,10.616000175476074,8.057000160217285,1105.9,,20.670000076293945,20.308000564575195,19.986000061035156,19.51799964904785,19.194000244140625,20.1098,19.7372,19.2507,19.0765,19.128
4FGL J1558.8+5625,12.303000450134277,11.322999954223633,8.619999885559082,6.443999767303467,207.7,0.008129999972879887,18.275999069213867,17.746000289916992,17.406999588012695,17.101999282836914,16.889999389648438,17.6718,17.4348,17.117,16.7345,16.5833
4FGL J1602.2+3051,14.079999923706055,13.234999656677246,10.989999771118164,9.496999740600586,61.2,,18.577999114990234,18.208999633789062,17.9689998626709,17.77899932861328,17.583999633789062,19.0828,18.8189,18.5792,18.1081,18.1371
4FGL J1603.8+1104,11.979999542236328,10.932999610900879,8.062000274658203,5.796999931335449,195.1,,18.79400062561035,18.214000701904297,17.740999221801758,17.400999069213867,17.08099937438965,18.2396,17.5454,17.2235,16.7193,16.32
4FGL J1603.8+5009,14.62399959564209,14.079000473022461,12.380000114440918,9.175000190734863,37.0,,20.07699966430664,19.684999465942383,19.354000091552734,18.95599937438965,18.69300079345703,19.1086,19.1502,18.8436,18.361,18.4802
4FGL J1604.6+5714,13.380000114440918,12.277000427246094,9.307000160217285,6.784999847412109,496.3,0.04360000044107437,18.238000869750977,17.833999633789062,17.809999465942383,17.87299919128418,17.698999404907227,17.5452,17.4683,17.4604,17.4625,17.4651
4FGL J1606.9+5919,13.067999839782715,12.569000244140625,9.972000122070312,8.170999526977539,12.4,,17.632999420166016,16.780000686645508,16.066999435424805,15.654999732971191,15.317999839782715,18.2653,17.7339,17.2619,17.0211,17.0727
4FGL J1607.0+1550,13.517999649047852,12.53499984741211,9.4350004196167,6.9710001945495605,632.4,0.038600001484155655,20.31399917602539,19.80299949645996,19.2549991607666,18.79199981689453,18.429000854492188,19.8219,19.3381,18.8772,18.7517,18.6033
4FGL J1608.3+4012,14.338000297546387,13.208000183105469,10.145000457763672,7.666999816894531,200.9,,21.042999267578125,20.54400062561035,20.18899917602539,19.71299934387207,19.56399917602539,18.8551,18.5312,19.6279,18.7103,19.1359
4FGL J1608.7+1029,13.17199993133545,12.104000091552734,8.633000373840332,6.206999778747559,1392.0,0.04619999974966049,18.610000610351562,18.378999710083008,18.08799934387207,17.93600082397461,17.84600067138672,18.8163,18.6486,18.3797,18.5885,18.5053
4FGL J1610.6+2414,15.331999778747559,14.092000007629395,11.032999992370605,8.519000053405762,330.0,,20.816999435424805,20.680999755859375,20.371999740600586,20.214000701904297,20.19099998474121,20.1942,19.9206,19.7376,19.8077,19.6109
4FGL J1613.6+3411,14.003999710083008,12.885000228881836,9.95300006866455,7.353000164031982,4024.1,0.03999999910593033,17.62700080871582,17.6200008392334,17.312999725341797,17.190000534057617,17.069000244140625,17.6342,17.4226,17.3506,17.3895,17.3962
4FGL J1615.6+4712,13.050000190734863,12.300000190734863,9.987000465393066,7.663000106811523,,0.008829999715089798,18.73699951171875,17.917999267578125,17.11199951171875,16.69499969482422,16.347999572753906,18.0968,17.3482,16.9446,17.1245,16.6413
4FGL J1616.6+4630,15.23799991607666,14.147000312805176,11.1850004196167,8.727999687194824,78.4,,19.700000762939453,19.55299949645996,19.36199951171875,19.368000030517578,19.225000381469727,19.7566,19.4478,19.3512,19.4254,19.2442
4FGL J1616.7+4107,13.272000312805176,12.559000015258789,10.11299991607666,8.138999938964844,95.1,0.008030000142753124,18.79400062561035,18.215999603271484,17.507999420166016,17.094999313354492,16.76300048828125,18.7363,18.0351,17.6702,17.3786,17.1302
4FGL J1617.9-7718,13.26200008392334,12.243000030517578,9.097000122070312,6.591000080108643,,0.10700000077486038,,,,,,,,,,
4FGL J1618.0+5139,16.100000381469727,15.020999908447266,12.019000053405762,9.194999694824219,241.3,0.004009999800473452,21.400999069213867,20.395999908447266,20.250999450683594,20.219999313354492,20.058000564575195,20.4041,20.5542,20.0353,19.9489,19.6031
4FGL J1625.7-2527,12.479000091552734,11.392999649047852,8.472000122070312,5.7820000648498535,2521.2,0.026799999177455902,,,,,,21.2691,20.1625,19.081,18.4349,17.9077
4FGL J1626.0-2950,12.833000183105469,11.633999824523926,8.732999801635742,6.125999927520752,2285.8,0.06620000302791595,,,,,,18.7423,18.3223,18.106,17.6678,17.4157
4FGL J1626.3+3514,13.994999885559082,13.350000381469727,11.302000045776367,8.670999526977539,24.3,,18.95400047302246,18.59000015258789,18.301000595092773,18.0,17.80299949645996,19.1389,18.803,18.449,17.7284,17.6222
4FGL J1626.6-7639,12.881999969482422,12.300000190734863,10.156000137329102,8.277999877929688,,0.02459999918937683,,,,,,,,,,
4FGL J1628.6+7706,13.720000267028809,12.845999717712402,10.336999893188477,8.274999618530273,198.5,,20.773000717163086,20.128000259399414,19.606000900268555,19.155000686645508,18.832000732421875,18.9672,18.1135,17.0452,17.767,17.8143
4FGL J1635.2+3808,12.682000160217285,11.513999938964844,8.538000106811523,5.935999870300293,2726.0,0.14499999582767487,17.777000427246094,17.636999130249023,17.559999465942383,17.288000106811523,17.152000427246094,16.9911,16.8215,16.4055,16.0032,15.8544
4FGL J1635.6+3628,,,,,151.8,0.002400000113993883,24.350000381469727,21.86400032043457,20.93000030517578,20.639999389648438,20.97800064086914,21.4214,20.7286,20.4584,20.3653,19.0085
4FGL J1637.1+1316,14.9399995803833,14.161999702453613,11.881999969482422,8.82699966430664,10.9,,19.68899917602539,19.29400062561035,18.983999252319336,18.722999572753906,18.465999603271484,19.3296,19.0226,18.832,18.6395,18.486
4FGL J1637.7+4717,12.942999839782715,11.734000205993652,8.380000114440918,5.951000213623047,1061.6,0.05620000138878822,20.000999450683594,19.292999267578125,19.270000457763672,19.301000595092773,18.89900016784668,18.2222,18.1704,18.6846,18.0922,16.8835
4FGL J1638.1+5721,13.126999855041504,12.121999740600586,9.32699966430664,6.882999897003174,1198.9,0.09009999781847,,,,,,16.5209,16.3924,16.4448,16.3719,16.4822
4FGL J1639.2+4129,14.618000030517578,13.508000373840332,11.39900016784668,8.388999938964844,73.8,,19.510000228881836,19.11400032043457,19.023000717163086,18.874000549316406,18.701000213623047,19.15,19.0022,19.0875,18.467,18.3628
4FGL J1640.4+3945,13.385000228881836,12.244999885559082,10.706999778747559,8.300000190734863,976.4,0.01850000023841858,20.048999786376953,19.770000457763672,19.51300048828125,19.18000030517578,18.785999298095703,19.6103,19.4867,18.9692,19.0288,18.5875
4FGL J1640.9+1143,11.842000007629395,11.529000282287598,9.85200023651123,7.583000183105469,326.0,0.027300000190734863,17.433000564575195,15.923999786376953,14.968000411987305,14.515000343322754,14.159000396728516,17.175,16.6382,16.0817,15.6315,15.8942
4FGL J1642.9+3948,11.869999885559082,10.6899995803833,7.553999900817871,5.0929999351501465,7098.6,0.1679999977350235,16.87700080871582,16.555999755859375,16.468000411987305,16.27199935913086,16.117000579833984,17.7516,17.6504,17.4162,17.1145,17.2096
4FGL J1643.0+3223,14.47700023651123,13.418999671936035,10.401000022888184,7.88700008392334,24.1,,19.51300048828125,18.968000411987305,18.509000778198242,18.15999984741211,17.829999923706055,19.9583,19.5528,19.7423,18.2093,18.1214
4FGL J1645.6+6329,15.548999786376953,14.388999938964844,10.973999977111816,8.531999588012695,217.7,0.009600000455975533,20.433000564575195,19.812000274658203,19.922000885009766,19.922000885009766,19.517000198364258,19.7109,19.6236,19.463,19.3465,19.0086
4FGL J1647.1+6149,13.972999572753906,13.227999687194824,10.91100025177002,8.85200023651123,22.9,,,,,,,19.1221,18.3802,18.1221,18.0458,17.8513
4FGL J1647.5+2911,13.152999877929688,12.772000312805176,11.177000045776367,7.960000038146973,,,18.503000259399414,17.049999237060547,16.041000366210938,15.616999626159668,15.255000114440918,18.1916,17.8377,17.1299,16.958,16.6516
4FGL J1647.5+4950,11.230999946594238,10.307999610900879,7.533999919891357,5.447999954223633,177.2,0.10999999940395355,17.729000091552734,16.576000213623047,15.864999771118164,15.468999862670898,15.164999961853027,17.0241,16.7686,16.4069,15.5851,15.5385
4FGL J1653.8+3945,9.824000358581543,9.340999603271484,7.370999813079834,5.367000102996826,1558.0,4.46999979019165,15.126999855041504,13.59000015258789,12.758000373840332,12.32699966430664,12.003000259399414,14.606,13.326,12.939,12.748,13.6095
4FGL J1657.0+6010,14.161999702453613,13.194999694824219,10.543000221252441,8.123000144958496,292.2,0.011800000444054604,,,,,,18.6091,18.9284,19.8582,18.9693,18.7504
4FGL J1657.7+4808,14.262999534606934,13.076000213623047,10.390999794006348,7.867000102996826,1035.1,0.006610000040382147,24.503000259399414,22.545000076293945,21.69300079345703,20.784000396728516,20.5,21.3726,20.6513,20.5251,20.0178,19.3162
4FGL J1659.0+2627,13.704000473022461,12.694000244140625,10.102999687194824,7.933000087738037,589.7,,18.648000717163086,18.136999130249023,18.12299919128418,18.23900032043457,18.06800079345703,17.6135,17.6639,17.991,17.6561,17.8154
4FGL J1700.0+6830,10.442000389099121,9.404000282287598,6.579999923706055,4.38700008392334,338.0,0.053700000047683716,,,,,,19.3803,18.248,17.5232,16.4344,17.5117
4FGL J1703.6-6213,11.53600025177002,10.531000137329102,8.468999862670898,6.163000106811523,,0.034699998795986176,,,,,,,,,,
4FGL J1704.2+1234,13.192000389099121,12.437999725341797,10.366000175476074,9.006999969482422,29.5,0.09769999980926514,19.761999130249023,19.132999420166016,18.527000427246094,18.09000015258789,17.733999252319336,18.3197,18.2274,18.0941,17.5254,17.4643
4FGL J1705.0+7134,13.762999534606934,12.982999801635742,10.708000183105469,8.593999862670898,35.4,,18.82200050354004,18.356000900268555,17.930999755859375,17.625,17.33099937438965,18.5917,18.3782,17.9753,17.4956,17.2618
4FGL J1706.8+3004,14.309000015258789,13.729000091552734,11.458999633789062,9.053000450134277,29.0,,20.56800079345703,19.898000717163086,19.42300033569336,18.97100067138672,18.525999069213867,19.306,18.9576,18.7081,18.433,18.4306
4FGL J1707.5+1649,12.82699966430664,11.809000015258789,8.973999977111816,6.716000080108643,155.3,,19.652000427246094,18.98900032043457,18.281999588012695,17.849000930786133,17.48699951171875,18.9388,18.0498,17.5732,17.6199,17.3677
4FGL J1709.7+4318,13.204999923706055,12.062000274658203,9.336999893188477,6.88700008392334,142.5,0.01360000018030405,20.236000061035156,19.597999572753906,19.03700065612793,18.672000885009766,18.27400016784668,18.8059,20.6408,18.8901,18.3298,18.1594
4FGL J1715.8+2151,13.885000228881836,12.979999542236328,10.17199993133545,7.6620001792907715,685.2,,20.871999740600586,20.15999984741211,19.218000411987305,18.680999755859375,18.216999053955078,20.142,19.5776,19.0493,18.6746,18.4984
4FGL J1719.2+1745,12.281999588012695,11.182000160217285,8.480999946594238,6.202000141143799,542.5,0.037700001150369644,,,,,,18.5351,17.7139,17.2361,17.3219,17.0842
4FGL J1722.6+6104,16.06100082397461,14.942999839782715,11.640000343322754,8.765999794006348,154.4,,19.472000122070312,19.20800018310547,19.118999481201172,19.059999465942383,18.91900062561035,19.4579,19.3154,19.4514,19.2453,19.244
4FGL J1722.7+1014,12.880000114440918,11.84000015258789,8.366000175476074,5.953000068664551,529.8,0.025100000202655792,21.009000778198242,20.099000930786133,19.444000244140625,18.917999267578125,18.466999053955078,19.6837,19.2204,18.9088,18.0469,18.3237
4FGL J1724.1+3304,14.286999702453613,13.5600004196167,10.300999641418457,7.673999786376953,414.2,,21.416000366210938,20.405000686645508,19.555999755859375,18.858999252319336,18.48200035095215,20.6867,19.9474,19.1401,18.9468,18.6376
4FGL J1724.2+4005,14.182999610900879,13.111000061035156,10.020000457763672,7.616000175476074,567.9,,22.641000747680664,22.070999145507812,21.07200050354004,20.64900016784668,20.090999603271484,21.0164,20.3302,19.8825,20.0659,19.4907
4FGL J1724.9+7654,13.276000022888184,12.263999938964844,9.302000045776367,6.966000080108643,423.3,0.01860000006854534,18.74799919128418,18.339000701904297,18.224000930786133,18.03499984741211,17.893999099731445,18.4237,18.4015,18.2594,18.2,18.2336
4FGL J1725.0+1152,11.619000434875488,10.82800006866455,8.769000053405762,6.953999996185303,120.4,0.5410000085830688,,,,,,15.8747,15.4767,14.6997,15.1093,14.8932
4FGL J1725.5+5851,12.593000411987305,11.720000267028809,9.21399974822998,7.284999847412109,75.2,0.003490000031888485,18.378000259399414,17.910999298095703,17.55699920654297,17.27899932861328,17.020000457763672,17.4974,17.0461,16.6871,16.5074,16.3824
4FGL J1727.4+4530,12.170999526977539,11.090999603271484,9.392999649047852,6.828999996185303,913.9,0.029999999329447746,18.89699935913086,18.52400016784668,18.51799964904785,18.60700035095215,18.361000061035156,18.453,17.9395,17.842,17.958,17.9011
4FGL J1728.0+1216,13.630000114440918,12.493000030517578,9.456000328063965,6.953000068664551,345.9,,,,,,,20.4289,19.893,18.5653,18.6024,18.411
4FGL J1728.3+5013,12.01099967956543,11.375,9.190999984741211,7.076000213623047,200.7,1.4600000381469727,,,,,,16.5895,16.1778,15.9036,15.638,15.4358
4FGL J1728.4+0427,12.258000373840332,11.244999885559082,8.47599983215332,5.828999996185303,682.1,0.05860000103712082,,,,,,18.0263,17.6005,17.7031,16.87,17.0463
4FGL J1730.6+0024,12.734000205993652,11.626999855041504,8.805000305175781,6.441999912261963,213.5,0.02459999918937683,,,,,,19.3836,19.9876,18.7153,18.2506,19.3677
4FGL J1730.8+3715,13.062999725341797,12.34000015258789,10.204999923706055,8.0600004196167,101.2,0.026100000366568565,19.108999252319336,18.273000717163086,17.386999130249023,16.927000045776367,16.576000213623047,18.1495,17.5454,16.9725,17.0508,16.8311
4FGL J1733.0-1305,11.736000061035156,10.682000160217285,8.11299991607666,5.618000030517578,5990.2,0.053599998354911804,,,,,,18.8985,18.5675,17.5986,17.5669,17.426
4FGL J1734.3+3858,13.631999969482422,12.430000305175781,9.147000312805176,6.747000217437744,796.4,0.08410000056028366,,,,,,20.1126,19.5067,18.4458,18.6993,17.9222
4FGL J1738.3+3228,11.8100004196167,10.899999618530273,8.286999702453613,6.3460001945495605,160.6,0.06780000030994415,16.374000549316406,16.065000534057617,15.779000282287598,15.375,15.458999633789062,16.6062,16.3495,15.9246,15.9456,15.846
4FGL J1739.5+4955,12.383000373840332,11.276000022888184,8.664999961853027,6.329999923706055,531.2,0.016499999910593033,19.2810001373291,18.63599967956543,18.18000030517578,17.804000854492188,17.499000549316406,18.973,17.1624,17.0073,18.219,16.3596
4FGL J1740.0+4737,13.635000228881836,12.595000267028809,9.27299976348877,6.890999794006348,758.8,,20.06100082397461,19.402999877929688,18.72599983215332,18.2549991607666,17.871999740600586,20.0756,19.4564,19.1137,19.6821,18.5319
4FGL J1740.5+5211,12.3100004196167,11.170999526977539,8.190999984741211,5.866000175476074,806.9,0.049800001084804535,18.10099983215332,17.652999877929688,17.195999145507812,16.884000778198242,16.62299919128418,17.8741,17.6026,17.4312,17.3843,17.1574
4FGL J1741.1+7226,12.984000205993652,12.241999626159668,9.798999786376953,7.646999835968018,87.8,,,,,,,18.6431,18.0913,17.8027,17.3803,17.216
4FGL J1742.5+5944,12.364999771118164,11.413000106811523,8.805000305175781,6.743000030517578,106.1,0.01119999960064888,18.913999557495117,18.33300018310547,17.790000915527344,17.384000778198242,17.06599998474121,17.879,17.5651,17.2106,16.8388,16.5259
4FGL J1744.0+1935,11.635000228881836,11.184000015258789,9.267999649047852,7.265999794006348,301.2,0.4580000042915344,,,,,,17.0967,16.5744,16.1607,15.9482,15.7661
4FGL J1744.2-0353,13.156999588012695,11.838000297546387,8.98900032043457,6.382999897003174,1410.7,0.04659999907016754,,,,,,18.8607,18.1086,17.7296,17.5472,17.3626
4FGL J1748.0+3403,12.918999671936035,11.895000457763672,9.246999740600586,6.960000038146973,189.5,0.00977999996393919,,,,,,19.4782,18.6234,18.7811,18.3157,18.0349
4FGL J1748.6+7005,11.866999626159668,10.854000091552734,8.147000312805176,5.923999786376953,735.0,0.0892999991774559,,,,,,16.5364,15.8483,15.5976,15.9915,15.8429
4FGL J1751.5+0938,11.88700008392334,10.748000144958496,7.736999988555908,5.201000213623047,622.6,0.19900000095367432,,,,,,17.7119,17.5684,17.1195,16.0304,16.3656
4FGL J1753.7+2847,14.918999671936035,13.694000244140625,11.258000373840332,8.885000228881836,414.5,0.017100000753998756,,,,,,20.2689,19.6673,18.9137,19.2396,18.8282
4FGL J1800.6+7828,10.718999862670898,9.633000373840332,6.830999851226807,4.506999969482422,2223.2,0.09040000289678574,18.009000778198242,17.46500015258789,17.104000091552734,16.79400062561035,16.52400016784668,16.7109,16.236,16.0319,15.7664,15.147
4FGL J1801.5+4404,13.175000190734863,12.163000106811523,9.199999809265137,6.681000232696533,726.5,0.11599999666213989,16.628000259399414,16.06100082397461,15.659000396728516,15.352999687194824,15.100000381469727,18.4879,18.3176,17.8482,17.9843,18.3299
4FGL J1803.4-6510,13.864999771118164,12.949000358581543,9.295000076293945,6.88700008392334,,0.036400001496076584,,,,,,,,,,
4FGL J1806.8+6949,10.128000259399414,9.267999649047852,6.798999786376953,4.7179999351501465,1885.9,0.09759999811649323,,,,,,15.3332,14.9497,14.6754,14.445,14.232
4FGL J1807.9-6412,13.64900016784668,12.534000396728516,10.482999801635742,7.78000020980835,,,,,,,,,,,,
4FGL J1808.1-5013,14.675999641418457,13.491999626159668,10.77400016784668,8.602999687194824,,0.010200000368058681,,,,,,,,,,
4FGL J1813.5+3144,12.355999946594238,11.543999671936035,9.418000221252441,7.5929999351501465,191.4,0.03530000150203705,,,,,,16.943,16.5093,16.2485,16.2647,16.0681
4FGL J1816.9-4942,14.564000129699707,13.595000267028809,10.190999984741211,7.9770002365112305,,0.015300000086426735,,,,,,,,,,
4FGL J1818.6+0903,,,,,74.0,0.007400000002235174,,,,,,20.0271,19.2173,19.0453,18.7678,18.5767
4FGL J1824.1+5651,12.1850004196167,11.177000045776367,8.623000144958496,5.880000114440918,1411.7,0.0828000009059906,,,,,,17.4999,17.5829,17.0491,17.1329,17.0443
4FGL J1834.2+3136,13.211999893188477,12.177000045776367,9.104999542236328,6.698999881744385,2152.1,,,,,,,19.2094,18.5986,17.898,17.7631,17.7353
4FGL J1838.8+4802,12.965999603271484,12.230999946594238,10.010000228881836,7.960999965667725,30.0,0.3449999988079071,,,,,,16.4036,16.1967,16.0535,16.0846,15.8489
4FGL J1842.3+6810,12.937999725341797,11.913999557495117,9.857000350952148,7.415999889373779,797.6,0.03869999945163727,,,,,,18.2922,18.4439,18.3225,18.0751,17.5701
4FGL J1848.4+3217,11.364999771118164,10.220000267028809,9.166999816894531,6.650000095367432,516.2,0.056299999356269836,,,,,,18.7733,18.5026,18.3073,17.0854,17.8987
4FGL J1848.5+3243,13.979999542236328,12.918000221252441,9.916999816894531,7.289999961853027,1014.4,0.05469999834895134,,,,,,18.8934,18.6304,18.0227,18.2836,17.6723
4FGL J1849.2+6705,11.73900032043457,10.647000312805176,7.703000068664551,5.158999919891357,517.4,0.060499999672174454,,,,,,18.6136,17.7096,18.262,16.6705,16.5898
4FGL J1852.4+4856,13.645999908447266,12.600000381469727,9.152999877929688,6.861999988555908,238.2,0.0044999998062849045,,,,,,20.8048,20.2594,20.0724,18.7316,18.9326
4FGL J1858.3+4321,12.97700023651123,12.53600025177002,10.531999588012695,8.222999572753906,66.8,,,,,,,18.3153,17.6794,17.3268,16.9869,16.921
4FGL J1902.9-6748,13.288999557495117,12.229999542236328,9.515999794006348,7.074999809265137,,0.03480000048875809,,,,,,,,,,
4FGL J1911.2-2006,13.157999992370605,12.461000442504883,7.203999996185303,,2713.8,0.05820000171661377,,,,,,19.4324,18.85,18.1867,17.9271,17.776
4FGL J1913.0-8009,14.491000175476074,13.371000289916992,10.416999816894531,8.036999702453613,,0.012299999594688416,,,,,,,,,,
4FGL J1917.7-1921,11.560999870300293,10.79699993133545,8.345999717712402,6.295000076293945,481.0,0.06109999865293503,,,,,,16.4334,15.7591,15.3873,15.2125,15.1023
4FGL J1923.5-2104,11.243000030517578,10.192000389099121,7.355999946594238,4.9720001220703125,3166.7,0.04520000144839287,,,,,,17.7998,17.5655,17.7555,17.1457,16.8592
4FGL J1924.8-2914,11.032999992370605,9.890000343322754,6.551000118255615,4.067999839782715,13386.9,0.3100000023841858,,,,,,17.7321,16.9701,16.6196,16.2557,16.2055
4FGL J1929.4+6146,13.243000030517578,12.414999961853027,9.885000228881836,7.765999794006348,210.6,,18.832000732421875,18.125999450683594,17.479999542236328,17.05699920654297,16.74799919128418,18.2625,17.8617,17.3321,17.1104,17.0101
4FGL J1933.2-4539,14.890000343322754,13.815999984741211,10.755999565124512,8.3149995803833,,,,,,,,,,,,
4FGL J1934.3+6541,16.023000717163086,14.682000160217285,11.609999656677246,8.831000328063965,220.4,0.020800000056624413,,,,,,19.8619,19.5531,19.3999,19.2844,18.6623
4FGL J1937.2-3958,13.78600025177002,12.569999694824219,9.89799976348877,7.331999778747559,1001.6,0.0868000015616417,,,,,,,,,,
4FGL J1939.5-1525,15.170000076293945,14.04699993133545,11.303000450134277,8.729999542236328,608.4,0.01979999989271164,,,,,,20.1116,19.7853,19.255,19.3783,19.1988
4FGL J1951.8-0511,15.420000076293945,14.243000030517578,10.937000274658203,8.185999870300293,183.0,0.004120000172406435,,,,,,21.1837,20.6711,20.6373,19.937,18.7562
4FGL J1954.6-1122,13.47700023651123,12.305000305175781,9.468000411987305,7.1519999504089355,366.3,0.026900000870227814,,,,,,20.1624,19.8042,19.0118,18.2294,17.4716
4FGL J1954.9-5640,13.532999992370605,12.88599967956543,10.887999534606934,8.586999893188477,,0.07959999889135361,,,,,,,,,,
4FGL J1955.4+5132,13.767999649047852,12.510000228881836,9.571000099182129,7.23199987411499,1587.6,0.05700000002980232,,,,,,18.5782,18.0016,17.8015,17.7226,17.5493
4FGL J1957.1-3231,14.652999877929688,13.427000045776367,10.333999633789062,7.914999961853027,473.2,,,,,,,,,18.9264,,
4FGL J1958.0-3845,11.944000244140625,10.803999900817871,8.303999900817871,5.841000080108643,1493.3,0.06719999760389328,,,,,,,,,,
4FGL J1959.1-4247,14.022000312805176,13.008000373840332,9.50100040435791,6.9770002365112305,,0.01899999938905239,,,,,,,,,,
4FGL J2000.0+6508,10.815999984741211,10.175000190734863,8.253000259399414,6.290999889373779,249.6,9.760000228881836,,,,,,15.3677,14.8574,14.8694,14.2583,14.4702
4FGL J2000.6-1328,12.286999702453613,11.3149995803833,8.53600025177002,6.177000045776367,453.6,,,,,,,19.3838,18.5239,17.9698,17.6652,17.2197
4FGL J2000.9-1748,13.211999893188477,12.069999694824219,8.411999702453613,5.892000198364258,550.1,0.04809999838471413,,,,,,19.3412,18.5278,16.9802,17.5477,18.2628
4FGL J2001.7+7040,14.031999588012695,13.175000190734863,10.663000106811523,8.37399959564209,159.1,0.008860000409185886,,,,,,20.8767,20.1481,19.5877,19.1741,18.8118
4FGL J2005.2-1822,13.821999549865723,12.697999954223633,9.777000427246094,7.107999801635742,736.3,0.03840000182390213,,,,,,18.5093,18.2527,18.2591,18.1298,18.1804
4FGL J2005.5+7752,11.286999702453613,10.253000259399414,7.284999847412109,5.0269999504089355,1059.6,0.04859999939799309,17.36400032043457,16.722000122070312,16.158000946044922,15.758000373840332,15.430999755859375,16.9108,16.803,16.0567,15.6755,15.4248
4FGL J2005.8+6424,14.965999603271484,13.619999885559082,10.003000259399414,7.3979997634887695,518.5,0.02459999918937683,,,,,,20.2835,19.8059,19.8084,19.3615,19.4107
4FGL J2005.9-2309,14.428000450134277,13.26200008392334,9.829999923706055,7.11299991607666,325.2,0.015399999916553497,,,,,,19.2528,19.3041,19.1294,18.7479,18.8587
4FGL J2007.2+6607,14.677000045776367,13.531000137329102,10.961999893188477,8.666999816894531,508.4,,,,,,,20.975,20.2999,19.9898,19.8954,19.788
4FGL J2009.4-4849,10.166999816894531,9.430000305175781,7.256999969482422,5.321000099182129,,1.5700000524520874,,,,,,,,,,
4FGL J2010.0+0726,14.508000373840332,13.456000328063965,10.626999855041504,8.095999717712402,268.1,,19.549999237060547,19.104000091552734,19.035999298095703,18.95199966430664,18.90399932861328,19.1666,19.1014,19.1598,18.9008,18.8896
4FGL J2011.6-1546,13.074000358581543,11.663000106811523,8.892999649047852,6.624000072479248,546.2,0.1289999932050705,,,,,,17.2923,16.9622,16.7434,16.8523,16.7404
4FGL J2014.5+0648,13.29800033569336,12.663999557495117,11.001999855041504,8.46500015258789,15.0,0.094200000166893,18.9060001373291,18.4689998626709,17.847999572753906,17.472999572753906,17.246999740600586,17.7625,17.523,17.8871,17.238,16.9479
4FGL J2015.4+6556,15.003999710083008,13.848999977111816,10.586999893188477,8.008000373840332,668.0,0.013299999758601189,,,,,,20.5499,20.0087,19.4696,19.6096,19.3766
4FGL J2016.3-0903,12.4350004196167,11.553999900817871,9.161999702453613,7.264999866485596,81.2,0.0794999971985817,,,,,,17.4011,16.6434,17.0425,16.5251,16.8595
4FGL J2017.5-3753,15.675999641418457,14.654000282287598,11.696000099182129,8.192000389099121,285.1,,,,,,,,,,,
4FGL J2022.5+7612,,,,,428.3,0.05820000171661377,18.033000946044922,17.301000595092773,16.67099952697754,16.239999771118164,15.914999961853027,17.4783,16.9896,16.6801,16.404,16.0201
4FGL J2024.6-3252,13.22599983215332,12.095000267028809,9.895000457763672,7.64900016784668,886.5,0.030700000002980232,,,,,,,,,,
4FGL J2025.2+0317,15.58899974822998,14.357000350952148,10.845000267028809,8.744000434875488,406.1,0.009999999776482582,,,,,,20.4042,19.8272,19.8424,20.0513,18.9817
4FGL J2025.6-0735,13.170999526977539,12.00100040435791,8.904000282287598,6.298999786376953,1346.5,0.05510000139474869,,,,,,18.2747,17.9725,18.1187,18.0897,18.5793
4FGL J2026.0-2845,14.850000381469727,13.968999862670898,12.138999938964844,8.541000366210938,206.1,0.010099999606609344,,,,,,20.6917,19.5948,19.7508,18.9879,19.0636
4FGL J2030.4-0502,13.878000259399414,12.880000114440918,9.934000015258789,7.439000129699707,281.7,,20.530000686645508,20.073999404907227,19.457000732421875,18.98200035095215,18.5939998626709,19.7559,19.3777,18.7026,18.6117,18.3627
4FGL J2032.0+1219,13.770999908447266,12.663999557495117,9.338000297546387,6.802999973297119,984.7,0.011500000022351742,,,,,,20.23,19.7784,19.0579,18.8913,18.6406
4FGL J2034.6+1154,13.170999526977539,12.552000045776367,10.416000366210938,7.734000205993652,340.9,,,,,,,18.5152,18.6576,18.3726,17.991,17.9921
4FGL J2035.4+1056,,,,,1074.1,0.05590000003576279,,,,,,19.8957,19.1295,18.5374,18.3146,17.9258
4FGL J2041.9-3735,12.73799991607666,12.413000106811523,10.866000175476074,8.901000022888184,87.1,0.4189999997615814,,,,,,,,,,
4FGL J2042.1+2427,12.255999565124512,12.005999565124512,10.458000183105469,8.317000389099121,69.8,0.41100001335144043,,,,,,17.743,17.1156,16.6984,16.4649,16.2111
4FGL J2050.4-2627,14.447999954223633,13.26099967956543,10.006999969482422,7.440000057220459,315.2,,,,,,,19.8576,19.6931,18.6419,18.9044,19.2358
4FGL J2054.8+0015,13.317000389099121,12.79699993133545,10.812000274658203,8.614999771118164,56.5,,18.940000534057617,18.0049991607666,17.0939998626709,16.656999588012695,16.302000045776367,18.3201,17.7449,17.3486,17.1169,17.0139
4FGL J2055.4-0020,14.114999771118164,13.463000297546387,10.83899974822998,8.631999969482422,40.5,0.5929999947547913,18.020999908447266,17.750999450683594,17.510000228881836,17.32699966430664,17.152000427246094,18.7131,18.4767,18.0256,18.2529,17.9879
4FGL J2055.4-0504,14.154999732971191,13.633999824523926,11.593000411987305,8.230999946594238,18.8,,19.94700050354004,19.250999450683594,18.385000228881836,17.893999099731445,17.565000534057617,19.0729,18.7224,18.262,18.1205,18.0476
4FGL J2056.2-4714,12.862000465393066,11.571999549865723,8.017999649047852,5.485000133514404,,0.094200000166893,,,,,,,,,,
4FGL J2108.5+1434,15.458000183105469,14.291999816894531,11.937999725341797,8.593000411987305,404.3,0.005830000154674053,,,,,,20.0671,19.8309,19.7478,19.5326,19.4628
4FGL J2108.7-0250,12.633000373840332,12.092000007629395,10.095000267028809,8.616000175476074,126.6,0.0674000009894371,17.756999969482422,16.979999542236328,16.184999465942383,15.781000137329102,15.454999923706055,17.4487,17.0849,16.7469,16.6319,16.3669
4FGL J2110.3+0808,15.350000381469727,14.121999740600586,11.217000007629395,8.227999687194824,76.9,0.005900000222027302,20.19499969482422,19.75,19.427000045776367,19.132999420166016,18.927000045776367,19.9695,19.6963,19.6948,19.5201,19.3212
4FGL J2114.8+2831,15.753999710083008,14.767000198364258,11.60200023651123,8.909000396728516,396.2,,,,,,,19.1719,19.0401,18.9021,18.5341,18.1493
4FGL J2115.4+2932,14.253000259399414,13.055999755859375,9.626999855041504,7.083000183105469,755.2,0.012199999764561653,,,,,,19.6127,19.2464,18.9155,18.8305,18.5222
4FGL J2115.9-0113,13.402999877929688,12.539999961853027,10.104999542236328,7.807000160217285,66.1,,18.704999923706055,18.22100067138672,17.740999221801758,17.413000106811523,17.16200065612793,18.5323,18.0617,17.7486,17.6618,17.4537
4FGL J2116.2+3339,11.640999794006348,10.866999626159668,8.920000076293945,6.951000213623047,115.7,0.010499999858438969,,,,,,17.197,17.024,16.5698,16.9103,16.1357
4FGL J2117.8-3243,13.576000213623047,13.121000289916992,11.390000343322754,8.786999702453613,22.4,0.025499999523162842,,,,,,18.402,17.44,17.5978,16.863,16.715
4FGL J2118.0+0019,14.378999710083008,13.196000099182129,10.345999717712402,7.646999835968018,147.9,0.010400000028312206,20.51300048828125,20.15999984741211,19.94099998474121,19.54400062561035,19.22599983215332,19.3388,19.2025,18.9906,18.8622,17.8826
4FGL J2121.0+1901,15.833999633789062,14.819999694824219,12.519000053405762,8.836999893188477,697.7,0.006380000151693821,20.731000900268555,20.513999938964844,20.277000427246094,19.954999923706055,19.91200065612793,20.6875,20.3927,20.1315,19.8794,19.622
4FGL J2123.6+0535,13.17199993133545,12.067999839782715,9.07800006866455,6.603000164031982,793.5,0.0568000003695488,18.378000259399414,17.83799934387207,17.43899917602539,17.1200008392334,16.849000930786133,18.6524,18.4581,18.9924,17.8288,17.8403
4FGL J2126.3-4605,14.116000175476074,12.956000328063965,10.293000221252441,7.47599983215332,,0.03849999979138374,,,,,,,,,,
4FGL J2131.0-2746,13.527999877929688,12.822999954223633,11.0649995803833,8.522000312805176,36.6,,,,,,,17.6426,17.3779,16.954,17.2134,17.2024
4FGL J2131.5-0916,13.763999938964844,13.081000328063965,10.90999984741211,8.0,41.6,0.2070000022649765,,,,,,17.7197,17.2557,17.0989,17.0796,17.1476
4FGL J2134.2-0154,12.538999557495117,11.392000198364258,8.031999588012695,5.553999900817871,1689.5,0.04659999907016754,18.841999053955078,18.17799949645996,17.642000198364258,17.261999130249023,16.893999099731445,18.5044,18.0081,17.6186,17.382,17.0069
4FGL J2135.3-5006,16.288999557495117,15.126999855041504,11.49899959564209,8.977999687194824,,0.00930000003427267,,,,,,,,,,
4FGL J2141.8-3727,13.543000221252441,12.486000061035156,9.654999732971191,6.998000144958496,396.9,,,,,,,,,,,
4FGL J2142.7-0437,12.854999542236328,11.866999626159668,9.25,6.670000076293945,805.5,,16.94099998474121,16.92300033569336,16.937000274658203,16.99799919128418,16.55900001525879,17.5013,17.451,17.3251,16.8867,17.0486
4FGL J2143.5+1743,11.798999786376953,10.6850004196167,7.883999824523926,5.453000068664551,651.4,0.06769999861717224,16.33300018310547,16.249000549316406,16.045000076293945,15.732999801635742,15.904999732971191,16.3591,16.1483,15.7822,16.0002,15.9724
4FGL J2144.3-7802,13.784000396728516,12.626999855041504,9.930999755859375,7.638999938964844,,0.04270000010728836,,,,,,,,,,
4FGL J2145.0-3356,14.163000106811523,13.086999893188477,10.02299976348877,7.541999816894531,93.6,0.008100000210106373,,,,,,20.305,19.267,20.0492,18.131,17.899
4FGL J2145.5+1006,14.36299991607666,13.675999641418457,11.598999977111816,8.50100040435791,67.9,0.004920000210404396,19.92300033569336,19.44099998474121,19.01099967956543,18.709999084472656,18.39699935913086,19.7606,19.3988,19.0889,18.824,18.9396
4FGL J2145.7+0718,13.807000160217285,13.173999786376953,11.045999526977539,8.35200023651123,101.1,0.1860000044107437,19.07699966430664,18.538999557495117,17.871999740600586,17.51300048828125,17.201000213623047,18.5901,18.0774,17.7367,17.546,17.6241
4FGL J2146.4-1528,13.258999824523926,12.253999710083008,9.605999946594238,7.357999801635742,732.2,0.04729999974370003,,,,,,17.5276,17.4063,17.2888,17.3397,17.2813
4FGL J2147.1+0931,13.85099983215332,12.668000221252441,10.652000427246094,7.743000030517578,934.3,0.0414000004529953,18.672000885009766,18.326000213623047,17.88599967956543,17.63599967956543,17.4060001373291,18.9445,18.6491,18.3371,18.4557,18.3847
4FGL J2147.3-7536,11.355999946594238,10.126999855041504,6.636000156402588,4.190000057220459,,0.07329999655485153,,,,,,,,,,
4FGL J2148.6+0652,12.145000457763672,10.82800006866455,8.065999984741211,5.675000190734863,2589.1,0.18199999630451202,16.33300018310547,16.121999740600586,15.883000373840332,15.842000007629395,15.807000160217285,16.2307,15.97,15.9593,15.9777,15.8002
4FGL J2150.1-1410,13.315999984741211,12.739999771118164,11.026000022888184,8.765000343322754,67.7,0.4300000071525574,,,,,,18.3336,17.6828,17.4131,17.1936,16.9184
4FGL J2150.7-1750,13.739999771118164,13.270000457763672,11.510000228881836,8.178000450134277,13.6,0.009589999914169312,,,,,,18.2834,18.0221,17.4533,17.6433,17.2555
4FGL J2150.7-2810,14.105999946594238,13.026000022888184,10.390999794006348,8.399999618530273,305.9,0.02319999970495701,,,,,,18.9503,18.7415,19.0455,18.4783,18.754
4FGL J2151.8-3027,14.300000190734863,13.331999778747559,9.96399974822998,7.7870001792907715,1243.2,0.41499999165534973,,,,,,17.7042,17.5996,17.5024,17.5307,17.3929
4FGL J2152.0-1205,14.034000396728516,13.281999588012695,11.378000259399414,8.642000198364258,53.1,,,,,,,18.6275,18.3443,18.1653,17.9831,17.8978
4FGL J2152.5+1737,12.534000396728516,11.470000267028809,8.526000022888184,6.323999881744385,680.5,0.006209999788552523,20.2450008392334,19.562999725341797,18.982999801635742,18.55500030517578,18.214000701904297,20.5402,20.0065,19.2927,18.6319,16.4368
4FGL J2153.1-0041,13.944000244140625,13.347000122070312,11.468000411987305,8.722000122070312,23.4,0.2750000059604645,18.829999923706055,18.448999404907227,17.917999267578125,17.604999542236328,17.36199951171875,18.6931,18.3262,18.0947,17.8998,17.8158
4FGL J2153.8-1137,14.003000259399414,12.654000282287598,9.670000076293945,7.177999973297119,92.1,,,,,,,19.8028,19.4103,19.5455,19.126,19.0299
4FGL J2156.3-0036,13.798999786376953,12.697999954223633,9.692000389099121,7.151000022888184,232.4,0.008539999835193157,21.405000686645508,20.582000732421875,19.965999603271484,19.819000244140625,19.40399932861328,19.0156,18.4057,19.7609,18.6465,18.293
4FGL J2156.9-0854,14.109999656677246,13.192000389099121,10.977999687194824,8.574999809265137,21.2,,19.701000213623047,19.128999710083008,18.7450008392334,18.422000885009766,18.20400047302246,19.0721,18.6473,18.7453,18.19,17.901
4FGL J2157.5+3127,13.038000106811523,11.942000389099121,8.956999778747559,6.586999893188477,423.3,0.015399999916553497,,,,,,19.45,18.7673,17.9743,17.9668,17.536
4FGL J2158.1-1501,12.802000045776367,11.715999603271484,8.937999725341797,6.466000080108643,3020.8,0.06830000132322311,,,,,,17.9603,17.8457,17.4938,17.4283,17.2469
4FGL J2158.8-3013,9.194999694824219,8.444000244140625,6.622000217437744,4.764999866485596,489.3,4.980000019073486,,,,,,13.5965,13.6574,13.307,12.895,13.6094
4FGL J2159.1-2840,13.696000099182129,13.052000045776367,11.534000396728516,8.626999855041504,19.8,,,,,,,17.7694,17.2493,17.3526,17.2637,16.9052
4FGL J2200.3+1029,14.876999855041504,13.895000457763672,11.133000373840332,8.895000457763672,254.5,0.009589999914169312,22.531999588012695,21.892000198364258,21.374000549316406,20.989999771118164,20.37299919128418,21.2331,20.9417,19.7136,19.3814,18.7457
4FGL J2201.5-8339,14.039999961853027,12.934000015258789,9.722000122070312,7.382999897003174,,0.01679999940097332,,,,,,,,,,
4FGL J2202.7+4216,8.666000366210938,7.673999786376953,4.85699987411499,2.6659998893737793,6050.9,0.35899999737739563,,,,,,15.7118,15.0016,13.7767,13.3094,13.1971
4FGL J2203.4+1725,11.390000343322754,10.307000160217285,7.406000137329102,5.065000057220459,592.2,0.029100000858306885,17.92300033569336,17.441999435424805,16.959999084472656,16.700000762939453,16.378000259399414,17.6254,17.4154,19.2084,16.514,17.4486
4FGL J2204.3+0438,11.116999626159668,10.666000366210938,8.423999786376953,6.248000144958496,466.7,0.07069999724626541,16.68600082397461,14.958999633789062,14.142999649047852,13.715999603271484,13.494999885559082,16.8021,16.2681,15.7143,15.7057,15.5611
4FGL J2206.8-0032,13.369000434875488,12.38599967956543,9.302000045776367,7.126999855041504,151.7,0.008390000090003014,21.16200065612793,20.558000564575195,19.98900032043457,19.576000213623047,19.062000274658203,19.344,18.8598,18.8015,18.3173,18.0289
4FGL J2207.5-5346,13.907999992370605,12.756999969482422,9.807000160217285,7.242000102996826,,0.04989999905228615,,,,,,,,,,
4FGL J2211.0-0003,14.295000076293945,13.616999626159668,11.494999885559082,8.645000457763672,25.0,0.08269999921321869,19.357999801635742,18.993999481201172,18.520000457763672,18.238000869750977,18.009000778198242,19.0899,18.3207,17.8585,18.2028,17.8936
4FGL J2212.0+2356,14.928999900817871,13.845000267028809,11.104999542236328,8.680000305175781,556.5,0.014499999582767487,20.586000442504883,20.132999420166016,19.611000061035156,19.301000595092773,19.059999465942383,20.2081,17.6282,18.6083,19.5165,18.4459
4FGL J2212.8+0647,14.383000373840332,13.284000396728516,10.510000228881836,7.989999771118164,326.5,0.01209999993443489,20.023000717163086,19.788000106811523,19.277000427246094,19.027999877929688,18.91200065612793,19.6054,18.8715,19.688,19.3128,18.2848
4FGL J2212.9-2526,13.895000457763672,12.583999633789062,8.883000373840332,6.389999866485596,1209.8,0.010599999688565731,,,,,,19.5614,19.3725,18.8651,19.1014,18.5586
4FGL J2216.9+2421,12.329000473022461,11.293999671936035,8.477999687194824,6.14900016784668,527.8,0.03240000084042549,18.507999420166016,17.917999267578125,17.506000518798828,17.195999145507812,16.893999099731445,17.8398,17.8656,17.6468,16.8871,16.9737
4FGL J2219.2+1806,14.894000053405762,14.36400032043457,11.258000373840332,8.845999717712402,158.7,0.01119999960064888,24.635000228881836,25.11400032043457,21.400999069213867,24.36199951171875,22.82699966430664,21.9442,21.3586,19.4579,20.2961,19.7032
4FGL J2220.5+2813,13.229000091552734,12.800000190734863,11.093999862670898,8.609999656677246,48.3,0.033399999141693115,19.163999557495117,17.957000732421875,16.979000091552734,16.503000259399414,16.21299934387207,18.2989,17.729,17.3891,17.1203,16.9791
4FGL J2224.0-1127,13.519000053405762,12.633000373840332,10.055999755859375,7.763000011444092,545.9,0.008059999905526638,,,,,,19.499,19.0652,18.7173,18.4872,18.2776
4FGL J2225.5-1114,14.244999885559082,13.27299976348877,10.333999633789062,7.941999912261963,313.9,,,,,,,20.54,19.843,19.2108,18.7473,18.4008
4FGL J2225.6+2120,14.347999572753906,13.140999794006348,9.760000228881836,7.53000020980835,1837.2,0.08190000057220459,18.070999145507812,17.893999099731445,17.81100082397461,17.691999435424805,17.586000442504883,17.5152,17.3938,17.3416,17.3095,17.2408
4FGL J2225.7-0457,12.824000358581543,11.628999710083008,8.149999618530273,5.630000114440918,7410.6,0.07919999957084656,18.32200050354004,18.033000946044922,17.558000564575195,17.25200080871582,16.98699951171875,18.731,18.2416,18.2606,18.0267,18.0369
4FGL J2226.8+0051,14.670000076293945,13.446999549865723,10.095000267028809,7.544000148773193,614.8,0.012799999676644802,22.649999618530273,21.79400062561035,21.07200050354004,20.42300033569336,20.010000228881836,21.3587,20.9267,20.5452,19.7493,19.7261
4FGL J2227.9+0036,13.517999649047852,12.461999893188477,9.91100025177002,7.791999816894531,101.0,0.0016400000313296914,18.881000518798828,18.35300064086914,17.937000274658203,17.645000457763672,17.3700008392334,18.4932,18.0863,18.2383,17.7324,17.4831
4FGL J2228.6-1636,13.979000091552734,13.22599983215332,10.861000061035156,8.444000244140625,20.9,0.003490000031888485,,,,,,18.7654,18.4368,18.3786,18.1867,17.9698
4FGL J2229.7-0832,12.701000213623047,11.515999794006348,8.592000007629395,5.986000061035156,968.1,0.08749999850988388,17.822999954223633,17.43199920654297,17.07200050354004,16.733999252319336,16.481000900268555,18.1141,17.8523,17.6753,17.6949,17.6671
4FGL J2231.0-4416,13.413000106811523,12.303000450134277,9.557999610900879,7.429999828338623,,,,,,,,,,,,
4FGL J2232.6+1143,13.196000099182129,11.991999626159668,8.871000289916992,6.443999767303467,7201.5,0.34599998593330383,17.47100067138672,17.093000411987305,16.70599937438965,16.524999618530273,16.361000061035156,17.2291,16.9685,16.9569,16.9252,16.738
4FGL J2235.3-4836,13.015000343322754,11.9399995803833,9.074999809265137,6.60699987411499,,0.08640000224113464,,,,,,,,,,
4FGL J2236.2-1706,13.371999740600586,12.442000389099121,9.822999954223633,7.535999774932861,308.6,,,,,,,19.0727,18.6761,18.1874,18.1034,17.7864
4FGL J2236.3+2828,11.456999778747559,10.406000137329102,7.559999942779541,5.193999767303467,1102.9,0.03759999945759773,18.405000686645508,17.7189998626709,17.170000076293945,16.79400062561035,16.444000244140625,19.2635,19.116,18.4932,17.997,16.8012
4FGL J2237.0-3921,12.619000434875488,11.616999626159668,9.47700023651123,7.127999782562256,174.0,0.0421999990940094,,,,,,,,,,
4FGL J2241.2+4120,12.944000244140625,12.02299976348877,9.42199993133545,7.105000019073486,335.7,,,,,,,19.0559,18.607,18.1124,17.4685,17.2577
4FGL J2243.4-2544,12.053999900817871,11.086999893188477,8.574000358581543,6.281000137329102,1102.2,0.015300000086426735,,,,,,17.4862,16.9424,16.7741,16.6148,16.1858
4FGL J2244.2+4057,13.54699993133545,12.371999740600586,8.843000411987305,6.48199987411499,226.2,0.03610000014305115,,,,,,19.9483,19.7323,17.872,18.2984,18.0664
4FGL J2244.6+2502,14.552000045776367,13.881999969482422,11.78600025177002,8.972000122070312,9.1,0.010700000450015068,19.746000289916992,19.280000686645508,18.863000869750977,18.514999389648438,18.211999893188477,19.5924,19.4974,19.0124,18.5969,18.7875
4FGL J2245.9+1544,14.052000045776367,13.4350004196167,11.08899974822998,8.331000328063965,81.6,0.015200000256299973,19.85700035095215,19.323999404907227,18.8439998626709,18.45599937438965,18.145000457763672,19.3796,18.6766,18.1781,18.5369,18.2724
4FGL J2247.4-0001,13.487000465393066,12.475000381469727,9.41100025177002,6.8979997634887695,242.8,0.01269999984651804,18.861000061035156,18.260000228881836,17.733999252319336,17.41200065612793,17.094999313354492,18.9916,18.201,18.4471,17.8892,17.0716
4FGL J2248.7-3235,15.015000343322754,13.819999694824219,10.72599983215332,8.592000007629395,707.6,0.023099999874830246,,,,,,,,18.6466,,
4FGL J2248.9+2106,15.050000190734863,14.083000183105469,11.034000396728516,8.142000198364258,773.4,,20.256999969482422,19.716999053955078,19.128999710083008,18.740999221801758,18.441999435424805,20.3025,19.6818,19.4797,19.1764,19.0298
4FGL J2250.0+3825,12.04699993133545,11.447999954223633,9.515000343322754,7.626999855041504,103.4,0.5460000038146973,,,,,,17.2591,16.8632,16.4492,16.3757,16.2371
4FGL J2250.4-4206,12.626999855041504,11.696000099182129,9.484999656677246,7.556000232696533,,0.003530000103637576,,,,,,,,,,
4FGL J2250.7-2806,12.84000015258789,11.812000274658203,9.465999603271484,7.156000137329102,305.0,0.021900000050663948,,,,,,18.1858,18.0975,18.4962,17.4515,16.9936
4FGL J2252.6+1245,14.095999717712402,13.430000305175781,11.673999786376953,8.442999839782715,44.5,,19.926000595092773,19.24799919128418,18.618000030517578,18.170000076293945,17.944000244140625,18.965,18.6782,18.2556,18.2424,18.0363
4FGL J2253.9+1609,9.262999534606934,8.147000312805176,5.801000118255615,3.38700008392334,12656.8,1.2599999904632568,16.208999633789062,15.595000267028809,15.104000091552734,14.789999961853027,14.440999984741211,15.8991,15.5029,14.9821,15.3656,15.9126
4FGL J2254.8-2725,13.616999626159668,12.958999633789062,10.838000297546387,8.432000160217285,52.2,,,,,,,18.5098,17.8824,17.6597,17.5049,17.3849
4FGL J2255.2+2411,12.793999671936035,11.869000434875488,9.317000389099121,7.341000080108643,79.2,0.004619999788701534,19.124000549316406,18.584999084472656,18.16200065612793,17.832000732421875,17.570999145507812,17.1386,16.6732,16.952,16.7831,16.6341
4FGL J2256.0-2740,15.052000045776367,13.977999687194824,11.03600025177002,8.256999969482422,425.1,,,,,,,18.9197,18.8058,18.617,18.6832,18.3582
4FGL J2257.5+0748,12.357000350952148,11.46500015258789,8.869000434875488,6.552000045776367,393.7,0.0430000014603138,17.201000213623047,16.628999710083008,16.118000030517578,15.767000198364258,15.491000175476074,17.6364,17.0779,16.8933,16.7226,16.4799
4FGL J2258.1-2759,11.963000297546387,10.845999717712402,7.863999843597412,5.392000198364258,1248.5,0.05849999934434891,,,,,,16.9751,17.0359,17.4233,16.8407,16.9114
4FGL J2258.4-5524,13.802000045776367,13.119000434875488,11.140999794006348,8.736000061035156,,0.07169999927282333,,,,,,,,,,
4FGL J2259.7-3549,14.975000381469727,14.380999565124512,11.899999618530273,8.166000366210938,12.9,0.0012700000079348683,,,,,,,,,,
4FGL J2301.0-0158,13.888999938964844,12.79800033569336,10.048999786376953,7.61299991607666,365.2,0.09430000185966492,19.718000411987305,19.211999893188477,18.937999725341797,18.798999786376953,18.424999237060547,19.6123,19.1826,19.102,18.9066,18.8752
4FGL J2307.4-1206,14.383999824523926,13.79800033569336,11.675000190734863,8.27400016784668,7.0,,,,,,,18.8717,18.6552,18.8013,18.2997,18.111
4FGL J2307.6+1451,13.678999900817871,12.697999954223633,9.772000312805176,7.4710001945495605,108.9,,21.94099998474121,21.326000213623047,20.597000122070312,20.062000274658203,19.783000946044922,19.6702,19.0694,18.7426,18.1554,18.209
4FGL J2311.0+3425,12.404000282287598,11.319000244140625,8.663000106811523,6.24399995803833,979.1,0.023800000548362732,19.165000915527344,18.72800064086914,18.322999954223633,17.950000762939453,17.698999404907227,18.2813,18.9937,18.5983,18.571,18.5658
4FGL J2311.8+4541,15.446000099182129,14.128999710083008,10.901000022888184,8.317999839782715,378.2,,,,,,,19.7242,19.3445,19.1741,18.8573,19.0617
4FGL J2314.0+1445,12.944999694824219,12.515000343322754,10.887999534606934,8.937000274658203,40.6,0.11699999868869781,18.469999313354492,17.506000518798828,16.552000045776367,16.08799934387207,15.71500015258789,18.1249,17.3879,17.0688,16.8451,16.6714
4FGL J2315.6-5018,12.704000473022461,11.644000053405762,8.638999938964844,6.192999839782715,,0.016100000590085983,,,,,,,,,,
4FGL J2319.1-4207,11.147000312805176,10.97599983215332,9.555000305175781,7.480999946594238,,,,,,,,,,,,
4FGL J2321.9+3204,13.5,12.4350004196167,9.744999885559082,7.451000213623047,252.5,0.011500000022351742,23.131999969482422,20.825000762939453,20.023000717163086,20.66900062561035,19.29800033569336,19.8217,19.4556,18.6039,18.4386,18.588
4FGL J2321.9+2734,13.522000312805176,12.555999755859375,10.010000228881836,7.580999851226807,1317.8,0.04230000078678131,18.83300018310547,18.46299934387207,17.91699981689453,17.719999313354492,17.56800079345703,18.2532,17.9151,17.8516,17.9026,17.832
4FGL J2322.7+3436,12.486000061035156,12.196999549865723,10.489999771118164,8.678000450134277,95.2,0.05559999868273735,18.072999954223633,16.62299919128418,15.652999877929688,15.1899995803833,14.800999641418457,17.8987,17.1189,16.8363,16.6019,16.3513
4FGL J2323.5-0317,13.293999671936035,12.130000114440918,8.847999572753906,6.458000183105469,927.8,0.04989999905228615,18.83799934387207,18.684999465942383,18.305999755859375,18.11199951171875,17.985000610351562,18.1368,17.9827,17.6075,16.833,17.0766
4FGL J2323.6-0617,16.621000289916992,15.36299991607666,11.840999603271484,8.277000427246094,404.6,,20.61400032043457,20.4950008392334,20.5939998626709,20.195999145507812,19.89900016784668,20.4603,20.4626,20.1023,19.8674,19.6392
4FGL J2323.8+4210,13.305999755859375,12.538999557495117,10.42199993133545,8.597999572753906,10.1,0.10700000077486038,,,,,,17.8251,17.6663,16.4517,17.0939,16.907
4FGL J2324.7-4041,11.593000411987305,10.840999603271484,8.79800033569336,7.160999774932861,,0.37299999594688416,,,,,,,,,,
4FGL J2325.4-4800,11.406000137329102,10.491000175476074,7.906000137329102,5.866000175476074,,,,,,,,,,,,
4FGL J2327.5+0939,15.020000457763672,13.741000175476074,10.437999725341797,7.855999946594238,741.4,0.07800000160932541,18.4060001373291,18.06599998474121,17.88599967956543,17.652000427246094,17.511999130249023,18.6584,18.5825,18.5356,18.5833,18.5452
4FGL J2328.3-4036,13.604000091552734,12.50100040435791,9.560999870300293,7.164999961853027,,0.034699998795986176,,,,,,,,,,
4FGL J2329.0+0832,15.581999778747559,14.918999671936035,12.180000305175781,8.61400032043457,172.9,,21.611000061035156,20.840999603271484,20.426000595092773,20.259000778198242,19.809999465942383,20.8917,20.4548,20.1687,20.1682,19.714
4FGL J2329.2+3755,13.543000221252441,12.800000190734863,10.491000175476074,8.27299976348877,19.8,0.17000000178813934,,,,,,18.0604,17.5816,17.2644,17.3867,17.1121
4FGL J2329.3-4955,13.071000099182129,11.88700008392334,8.97700023651123,6.40500020980835,,0.04320000112056732,,,,,,,,,,
4FGL J2329.3-4733,13.692000389099121,12.439000129699707,9.512999534606934,7.14300012588501,,0.05000000074505806,,,,,,,,,,
4FGL J2330.3-2948,13.847999572753906,13.39799976348877,11.696000099182129,8.774999618530273,38.6,,,,,,,19.2529,18.5236,18.0205,17.8275,17.6424
4FGL J2330.5+1102,14.852999687194824,13.520999908447266,10.376999855041504,7.7820000648498535,1203.8,0.01510000042617321,19.024999618530273,18.756999969482422,18.582000732421875,18.33799934387207,18.40399932861328,18.8326,18.5948,18.4281,18.283,18.4385
4FGL J2330.6-3726,12.22700023651123,11.255000114440918,8.708000183105469,6.300000190734863,304.5,0.03880000114440918,,,,,,,,,,
4FGL J2331.0-2147,14.276000022888184,13.137999534606934,10.607000350952148,8.463000297546387,49.0,0.013100000098347664,,,,,,19.2175,19.2241,19.0672,19.3607,18.0667
4FGL J2331.3-1558,14.364999771118164,13.28499984741211,10.045000076293945,7.501999855041504,1334.9,0.01810000091791153,,,,,,20.6938,20.3586,20.2868,20.134,19.9528
4FGL J2332.1-4118,13.98799991607666,13.093999862670898,10.140000343322754,7.693999767303467,,,,,,,,,,,,
4FGL J2334.2+0736,13.133999824523926,12.015999794006348,9.1899995803833,6.742000102996826,630.6,0.0723000019788742,17.46299934387207,17.211000442504883,17.22800064086914,17.104999542236328,16.69700050354004,17.6339,17.465,17.3796,16.9737,16.6979
4FGL J2334.8+1432,13.343999862670898,12.427000045776367,9.98799991607666,7.9070000648498535,63.3,0.00203000009059906,19.52400016784668,18.856000900268555,18.24799919128418,17.856000900268555,17.549999237060547,18.8753,18.4837,18.0674,17.7601,17.4023
4FGL J2335.4-0128,14.857999801635742,13.868000030517578,10.755000114440918,8.482999801635742,724.0,,18.81599998474121,18.676000595092773,18.32900047302246,18.232999801635742,18.31999969482422,18.6031,18.3244,17.8964,18.3159,18.1421
4FGL J2336.6-4115,14.437000274658203,13.272000312805176,10.095000267028809,7.454999923706055,,0.027400000020861626,,,,,,,,,,
4FGL J2338.0-0230,12.779999732971191,11.633000373840332,8.552000045776367,6.056000232696533,648.5,0.026499999687075615,19.297000885009766,18.81599998474121,18.36199951171875,18.104000091552734,17.836999893188477,18.9882,18.3488,19.4524,17.4436,18.5628
4FGL J2338.9+2124,12.961000442504883,12.140999794006348,9.682999610900879,7.949999809265137,45.3,0.008949999697506428,18.202999114990234,17.69099998474121,17.274999618530273,16.964000701904297,16.704999923706055,17.7644,17.3176,17.0677,16.9029,16.7936
4FGL J2340.8+8015,12.307999610900879,11.53600025177002,9.472999572753906,7.706999778747559,48.6,0.02930000051856041,,,,,,17.41,16.9111,16.6143,16.3897,16.2232
4FGL J2343.6+3438,14.052000045776367,13.51099967956543,11.805000305175781,8.442000389099121,,0.2759999930858612,19.249000549316406,18.9060001373291,18.339000701904297,17.9950008392334,17.72599983215332,18.8313,18.2528,18.0881,17.9069,17.6185
4FGL J2345.2-1555,11.156999588012695,10.331999778747559,8.170000076293945,5.933000087738037,226.4,0.07890000194311142,,,,,,16.6482,16.7225,15.2292,15.0339,15.3643
4FGL J2346.7+0705,11.920000076293945,11.175999641418457,9.034000396728516,7.035999774932861,301.7,0.0697999969124794,17.94099998474121,17.31100082397461,16.641000747680664,16.243999481201172,15.916999816894531,16.724,16.2682,16.1874,15.6444,15.6803
4FGL J2348.0-1630,11.918999671936035,10.84000015258789,7.959000110626221,5.565000057220459,2641.5,0.10899999737739563,,,,,,17.8649,16.9539,17.3394,18.3272,17.4728
4FGL J2349.4+0534,13.4399995803833,12.375,9.34000015258789,7.03000020980835,435.7,,20.63599967956543,19.92300033569336,19.270000457763672,18.792999267578125,18.344999313354492,18.932,18.4636,18.2883,18.13,18.1963
4FGL J2350.6-3005,13.420000076293945,12.868000030517578,10.973999977111816,9.114999771118164,37.6,0.20800000429153442,,,,,,18.0887,17.7157,17.4223,17.1995,17.0485
4FGL J2353.7-3037,13.295999526977539,12.312999725341797,9.35099983215332,7.142000198364258,397.0,0.012500000186264515,,,,,,19.2463,18.3646,18.5422,17.9869,17.9401
4FGL J2354.1+2720,14.364999771118164,13.406999588012695,10.807000160217285,8.145999908447266,15.4,0.001879999996162951,20.41699981689453,19.76099967956543,19.29599952697754,19.048999786376953,18.73200035095215,19.4919,18.9831,18.8269,18.6488,18.5859
4FGL J2354.6+4554,15.116000175476074,13.928999900817871,11.03499984741211,8.555000305175781,1872.3,0.0088900001719594,,,,,,21.1339,20.5288,20.1047,19.6797,19.5749
4FGL J2354.9+8151,13.427000045776367,12.375,9.35200023651123,6.934999942779541,520.5,0.008179999887943268,,,,,,,20.8683,20.2889,19.226,19.3796
4FGL J2356.2+4036,12.960000038146973,12.619999885559082,10.927000045776367,8.748000144958496,24.4,0.04619999974966049,,,,,,18.4614,17.7777,17.329,16.9055,16.9299
4FGL J2357.4-0152,14.064000129699707,13.024999618530273,10.524999618530273,8.36400032043457,232.9,,20.520000457763672,19.892000198364258,19.388999938964844,18.9950008392334,18.631999969482422,19.5265,19.1983,18.1893,18.6489,18.4963
4FGL J2357.8-5311,11.944999694824219,10.890999794006348,9.147000312805176,6.656000137329102,,0.09229999780654907,,,,,,,,,,
4FGL J2358.3-1021,14.57800006866455,13.418000221252441,10.067999839782715,7.586999893188477,768.2,1.190000057220459,19.128999710083008,18.881999969482422,18.77899932861328,18.554000854492188,18.464000701904297,18.8053,19.0629,18.3001,18.4046,18.2751
4FGL J2358.5-1808,13.83899974822998,12.980999946594238,10.76099967956543,8.645999908447266,9.8,0.0934000015258789,,,,,,18.1516,17.974,17.6116,17.4606,17.0786
4FGL J2359.0+3922,14.767000198364258,13.633000373840332,10.48799991607666,7.986999988555908,420.6,,,,,,,20.4307,19.8434,19.698,19.5746,19.2975
4FGL J2359.0-3038,12.932000160217285,12.253999710083008,10.118000030517578,8.331999778747559,62.1,1.1699999570846558,,,,,,17.624,16.783,16.9325,16.6973,16.4754
4FGL J2359.3-2049,13.404999732971191,12.907999992370605,10.758000373840332,8.699000358581543,471.9,,,,,,,18.3073,17.8124,17.5069,17.1795,17.1102
4FGL J0001.4-0010,14.97700023651123,14.458999633789062,12.097000122070312,8.449999809265137,110.6,,20.483999252319336,20.010000228881836,19.361000061035156,18.77400016784668,18.509000778198242,20.1094,19.6544,19.3165,19.0011,18.7893
4FGL J0001.8-2153,13.939000129699707,13.083000183105469,10.329000473022461,7.892000198364258,370.5,,,,,,,20.1048,19.3444,18.7894,18.4466,18.0061
4FGL J0003.5+0717,13.404000282287598,12.868000030517578,11.303000450134277,8.319999694824219,47.7,,20.457000732421875,17.965999603271484,16.827999114990234,16.30299949645996,15.840999603271484,19.3067,18.3866,17.9983,17.3639,17.33
4FGL J0006.4-5621,13.887999534606934,13.560999870300293,11.961999893188477,8.486000061035156,,,,,,,,,,,,
4FGL J0009.8-6358,15.82800006866455,14.76099967956543,12.074000358581543,8.89900016784668,,,,,,,,,,,,
4FGL J0013.0+3355,15.125,13.989999771118164,11.244999885559082,8.324000358581543,81.2,,23.259000778198242,22.18899917602539,21.356000900268555,20.707000732421875,20.132999420166016,22.0187,20.5387,20.1843,20.0482,19.1754
4FGL J0018.8+2611,11.473999977111816,10.513999938964844,7.770999908447266,5.098999977111816,,0.11299999803304672,16.038000106811523,16.06999969482422,16.04599952697754,16.218000411987305,15.53600025177002,16.0421,15.7852,15.921,15.3455,15.8497
4FGL J0024.5-0810,15.331999778747559,14.222000122070312,10.947999954223633,8.241999626159668,134.9,,21.04199981689453,20.468000411987305,20.29400062561035,19.99799919128418,19.7189998626709,20.4519,20.2732,19.8887,20.1237,19.486
4FGL J0028.5+2001,15.267000198364258,14.13599967956543,11.392999649047852,8.732000350952148,286.5,,21.607999801635742,20.634000778198242,20.066999435424805,19.579999923706055,19.32900047302246,20.2631,20.3611,19.8014,20.1892,19.3726
4FGL J0032.5-4724,14.817999839782715,14.281000137329102,12.317999839782715,9.043999671936035,,,,,,,,,,,,
4FGL J0036.8+1431,15.781999588012695,14.720999717712402,12.192999839782715,8.805000305175781,259.1,,22.799999237060547,22.367000579833984,21.86400032043457,21.51799964904785,21.01099967956543,21.769,21.6581,21.4802,20.828,20.7519
4FGL J0044.9+4553,13.223999977111816,12.442999839782715,9.850000381469727,7.421999931335449,333.4,,,,,,,19.1471,18.1917,17.7132,17.3969,17.2368
4FGL J0050.8-3428,14.361000061035156,13.887999534606934,12.289999961853027,8.685999870300293,5.8,,,,,,,,,,,
4FGL J0107.6+4950,14.545000076293945,13.61400032043457,11.222000122070312,8.998000144958496,16.1,,,,,,,20.0499,19.4035,19.2389,18.714,18.557
4FGL J0110.3-0431,14.517999649047852,13.595999717712402,10.935999870300293,8.404999732971191,37.9,,20.392000198364258,19.768999099731445,19.350000381469727,18.990999221801758,18.70599937438965,20.5883,19.8592,19.5543,19.2972,19.0317
4FGL J0121.8+1147,13.496999740600586,12.420999526977539,9.342000007629395,6.861999988555908,1184.2,0.0340999998152256,20.01300048828125,19.634000778198242,19.15399932861328,18.733999252319336,18.452999114990234,19.392,19.3871,18.9448,18.7117,18.4779
4FGL J0123.7+4209,14.149999618530273,13.862000465393066,12.39799976348877,8.593000411987305,20.4,,21.219999313354492,19.011999130249023,17.64900016784668,17.125,16.72599983215332,19.9496,18.9863,18.4218,18.0629,18.1829
4FGL J0125.3-5112,14.861000061035156,13.82800006866455,10.755000114440918,8.194000244140625,,,,,,,,,,,,
4FGL J0125.8+2605,14.468000411987305,13.663000106811523,11.336000442504883,8.90999984741211,23.4,0.005669999867677689,20.676000595092773,20.111000061035156,19.70199966430664,19.420000076293945,19.17300033569336,20.5006,20.2216,19.686,19.5936,19.3611
4FGL J0127.3-0148,14.496000289916992,13.692000389099121,11.0649995803833,8.432000160217285,15.9,,19.908000946044922,19.423999786376953,19.02199935913086,18.797000885009766,18.575000762939453,19.3645,18.9888,18.7034,18.277,18.1337
4FGL J0128.2-1722,15.147000312805176,14.083999633789062,11.062000274658203,8.649999618530273,172.6,,,,,,,21.4593,20.9745,20.3547,20.2657,19.7802
4FGL J0133.7-5527,15.63599967956543,14.625,12.276000022888184,9.288999557495117,,,,,,,,,,,,
4FGL J0136.8+2032,15.220999717712402,14.694000244140625,11.819000244140625,8.843999862670898,35.1,,21.197999954223633,21.052000045776367,19.388999938964844,18.868000030517578,18.639999389648438,20.9474,20.8374,19.3487,19.475,19.2866
4FGL J0138.6+2923,15.89799976348877,14.647000312805176,11.704000473022461,9.118000030517578,353.1,0.00634999992325902,20.16200065612793,20.05699920654297,19.941999435424805,19.555999755859375,19.628000259399414,20.0335,19.854,19.5026,19.624,19.518
4FGL J0143.3-0119,15.012999534606934,14.39900016784668,12.02400016784668,8.649999618530273,823.4,,21.093000411987305,20.996999740600586,19.97599983215332,19.256999969482422,18.812000274658203,21.4398,20.7974,20.0118,19.8017,19.402
4FGL J0147.6+1547,13.994999885559082,13.23900032043457,11.218000411987305,8.914999961853027,16.6,0.004910000134259462,19.69099998474121,19.19700050354004,18.632999420166016,18.26099967956543,18.025999069213867,19.7634,19.1991,18.779,17.9383,17.8105
4FGL J0147.6-6028,14.73799991607666,14.383000373840332,12.701000213623047,9.210000038146973,,,,,,,,,,,,
4FGL J0147.6-0825,14.029000282287598,13.125,10.201000213623047,7.991000175476074,109.7,0.0075599998235702515,22.4689998626709,20.857999801635742,19.990999221801758,19.222000122070312,18.884000778198242,20.9266,20.4405,19.9902,18.8651,18.8098
4FGL J0150.5-3337,13.241000175476074,12.335000038146973,9.605999946594238,7.165999889373779,145.5,,,,,,,21.635,20.173,18.083,18.083,17.677
4FGL J0154.5-6604,15.638999938964844,14.760000228881836,11.942000389099121,8.576000213623047,,,,,,,,,,,,
4FGL J0156.9-3235,14.585000038146973,14.131999969482422,12.854000091552734,9.092000007629395,17.5,0.09989999979734421,,,,,,20.593,19.603,18.6941,18.083,17.794
4FGL J0158.2+2515,13.510000228881836,13.21500015258789,12.637999534606934,8.741000175476074,10.9,,19.621999740600586,18.211000442504883,16.988000869750977,16.43600082397461,15.967000007629395,19.2774,18.2648,17.9371,17.5311,17.3458
4FGL J0158.5-5005,18.089000701904297,17.115999221801758,12.564000129699707,9.26099967956543,,,,,,,,,,,,
4FGL J0202.1+3939,14.119000434875488,13.210000038146973,10.604000091552734,8.263999938964844,93.4,0.020099999383091927,,,,,,18.7926,18.5676,18.6863,18.4944,18.6631
4FGL J0202.3-0605,13.572999954223633,12.763999938964844,10.093999862670898,7.565999984741211,212.0,0.01860000006854534,19.601999282836914,18.48200035095215,17.48900032043457,17.04199981689453,16.74799919128418,19.0795,18.3358,17.5906,17.8013,17.7039
4FGL J0206.4+3829,13.581000328063965,13.095000267028809,11.47599983215332,8.730999946594238,162.3,,,,,,,19.0033,18.3299,18.0422,17.5603,17.5647
4FGL J0215.2-1619,13.701000213623047,13.293999671936035,12.0,9.312000274658203,47.5,,,,,,,19.0241,18.3561,17.9873,17.8421,17.4762
4FGL J0215.9+0521,15.854999542236328,14.817000389099121,11.35099983215332,8.484000205993652,206.4,0.002139999996870756,22.29199981689453,22.075000762939453,21.871999740600586,21.43400001525879,21.086999893188477,21.3558,21.104,20.9279,20.4097,
4FGL J0218.7+2640,,,,,47.1,,21.143999099731445,20.93199920654297,20.959999084472656,20.684999465942383,20.540000915527344,20.8143,20.8222,20.536,20.2402,19.9696
4FGL J0225.5-5618,14.744000434875488,14.39900016784668,12.46399974822998,9.090999603271484,,,,,,,,,,,,
4FGL J0227.0-1739,14.043000221252441,13.151000022888184,10.847000122070312,9.211999893188477,21.3,,21.253999710083008,20.5310001373291,19.930999755859375,19.607999801635742,19.274999618530273,20.6313,20.2076,19.6781,19.1238,18.4706
4FGL J0230.0-5236,13.864999771118164,12.984999656677246,10.038999557495117,7.425000190734863,,,,,,,,,,,,
4FGL J0240.6+3528,,,,,69.6,,,,,,,21.5742,20.8874,21.0642,20.8209,20.1967
4FGL J0249.7+4500,,,,,87.5,,,,,,,,,,,
4FGL J0250.3-3422,14.923999786376953,14.053999900817871,11.692999839782715,8.564000129699707,51.1,,,,,,,,,20.0647,,
4FGL J0254.5-7511,15.331000328063965,14.467000007629395,11.35099983215332,8.840999603271484,,,,,,,,,,,,
4FGL J0316.6-2216,14.319999694824219,13.960000038146973,12.36400032043457,9.42199993133545,3.9,,,,,,,19.6327,18.6253,18.3651,18.0935,17.8761
4FGL J0321.7-7500,12.583999633789062,12.305999755859375,10.060999870300293,8.20199966430664,,,,,,,,,,,,
4FGL J0328.9+3514,13.156000137329102,12.14900016784668,9.621999740600586,7.688000202178955,289.6,,,,,,,17.5634,17.3109,17.0404,17.1459,16.4528
4FGL J0332.2-1737,,,,,89.4,,,,,,,,,,,
4FGL J0335.8+2733,,,,,,,,,,,,,,,,
4FGL J0336.7-1305,14.722999572753906,13.444999694824219,9.696000099182129,6.9679999351501465,377.3,0.011699999682605267,,,,,,20.1946,19.7765,19.4932,19.3829,19.5149
4FGL J0338.7-5319,14.880999565124512,14.194999694824219,11.92199993133545,9.586000442504883,,,,,,,,,,,,
4FGL J0347.6-0133,,,,,,,,,,,,,,,,
4FGL J0348.6-2749,14.1850004196167,13.052000045776367,9.822999954223633,7.421000003814697,839.6,0.07909999787807465,,,,,,19.8404,19.5019,18.875,18.7681,18.4378
4FGL J0352.0-3702,13.654000282287598,13.277999877929688,12.053999900817871,9.456999778747559,34.7,,,,,,,,,,,
4FGL J0359.6+3213,14.475000381469727,13.130999565124512,10.147000312805176,8.074000358581543,651.2,,,,,,,20.9356,19.7364,19.183,19.0248,18.7936
4FGL J0401.2+8153,13.947999954223633,13.539999961853027,11.878000259399414,8.656000137329102,12.8,,19.82900047302246,18.858999252319336,17.736000061035156,17.225000381469727,16.878000259399414,19.5731,18.623,18.0029,17.9302,17.6711
4FGL J0412.6-5434,,,,,,,,,,,,,,,,
4FGL J0412.7-3927,15.345000267028809,14.979000091552734,12.26099967956543,8.85200023651123,7.0,0.048900000751018524,,,,,,,,,,
4FGL J0416.4-2059,14.71500015258789,13.678000450134277,10.569000244140625,7.820000171661377,2778.2,,,,,,,20.2822,20.1345,19.9962,19.3314,19.4532
4FGL J0423.7+0831,,,,,31.0,,,,,,,,,,,
4FGL J0426.5+2007,,,,,36.8,,,,,,,22.0334,21.6326,21.2369,21.1214,20.0054
4FGL J0434.3-2517,16.132999420166016,14.907999992370605,12.128000259399414,8.737000465393066,125.4,,,,,,,,21.8394,20.7472,,20.0721
4FGL J0440.3-4332,14.854999542236328,13.96500015258789,10.984000205993652,8.347999572753906,,0.07209999859333038,,,,,,,,,,
4FGL J0441.2-2953,14.065999984741211,13.53600025177002,10.930999755859375,8.1850004196167,575.8,,,,,,,20.1283,19.5094,19.0383,18.8867,18.5659
4FGL J0446.3-1729,16.14299964904785,15.355999946594238,12.29699993133545,8.604000091552734,123.5,,,,,,,,21.5882,21.6329,20.5743,
4FGL J0459.2-2612,14.789999961853027,13.883000373840332,11.449999809265137,9.057000160217285,52.5,,,,,,,20.279,20.0105,19.07,19.6643,19.2688
4FGL J0459.7-4529,15.53499984741211,14.079000473022461,11.095999717712402,8.52400016784668,,,,,,,,,,,,
4FGL J0501.0-2423,13.513999938964844,12.394000053405762,9.642000198364258,7.2789998054504395,135.1,,,,,,,17.8358,17.9545,17.9021,17.8604,17.9232
4FGL J0504.3-0955,14.23900032043457,13.75100040435791,11.928000450134277,8.54800033569336,25.8,0.21400000154972076,,,,,,19.6545,19.0632,18.7474,18.416,18.0034
4FGL J0517.9-6930,14.397000312805176,14.543000221252441,12.76200008392334,9.560999870300293,,0.006920000072568655,,,,,,,,,,
4FGL J0520.6+6531,14.779999732971191,14.357000350952148,12.121999740600586,9.081000328063965,4.9,0.07639999687671661,,,,,,20.5636,19.871,19.2633,19.002,18.7073
4FGL J0521.8+5658,14.82699966430664,13.788000106811523,10.378000259399414,7.885000228881836,71.7,,,,,,,,,21.7909,20.8086,19.2611
4FGL J0524.1-5659,15.65999984741211,14.654999732971191,11.597000122070312,9.092000007629395,,,,,,,,,,,,
4FGL J0524.5-2614,13.64900016784668,13.305000305175781,12.449999809265137,8.73900032043457,20.0,,,,,,,19.1602,18.4349,18.0384,17.9345,17.5915
4FGL J0532.7+5749,14.663999557495117,13.706000328063965,11.375,8.541999816894531,99.9,,,,,,,21.1624,20.3391,19.8495,19.3465,19.0712
4FGL J0532.9+6936,15.019000053405762,14.187000274658203,11.404999732971191,8.116999626159668,30.5,,,,,,,20.6444,20.1305,19.7633,19.6302,19.0615
4FGL J0535.7-6604,,,,,,,,,,,,,,,,
4FGL J0539.7-1030,14.664999961853027,14.371999740600586,12.362000465393066,8.5600004196167,11.0,,,,,,,21.4424,20.4378,19.9156,19.5319,19.1352
4FGL J0543.2+8238,16.30900001525879,15.057999610900879,11.673999786376953,8.793999671936035,296.8,0.005960000213235617,23.652000427246094,21.740999221801758,21.027999877929688,20.523000717163086,20.277999877929688,21.5759,21.0375,20.4591,20.3941,19.3122
4FGL J0554.4-2757,14.550999641418457,14.168999671936035,12.227999687194824,8.842000007629395,15.4,0.005059999879449606,,,,,,19.4075,18.7999,18.4366,18.317,17.966
4FGL J0557.2+7705,14.163999557495117,13.201000213623047,10.946000099182129,8.487000465393066,32.7,,,,,,,19.514,18.8859,18.681,18.578,18.1543
4FGL J0559.7-1817,13.887999534606934,12.920999526977539,10.300000190734863,8.020000457763672,182.9,,,,,,,19.3747,18.7167,17.9812,19.9159,18.1366
4FGL J0603.0-2936,15.986000061035156,14.694000244140625,11.446000099182129,9.093000411987305,167.0,,,,,,,19.5423,19.3685,19.0586,19.1731,19.0849
4FGL J0613.6+7108,13.28600025177002,12.996999740600586,11.251999855041504,7.889999866485596,25.2,0.020999999716877937,,,,,,18.7254,18.5854,18.1995,17.8631,17.7096
4FGL J0620.0+5733,14.96399974822998,14.607999801635742,12.642999649047852,8.690999984741211,2.5,0.08640000224113464,,,,,,19.3462,19.7801,18.9208,19.0657,19.0661
4FGL J0624.1-6330,13.934000015258789,13.449000358581543,11.769000053405762,9.302000045776367,,,,,,,,,,,,
4FGL J0626.8-2603,15.10200023651123,14.222999572753906,11.501999855041504,8.592000007629395,79.3,,,,,,,21.6623,20.953,20.4657,20.3461,19.5666
4FGL J0628.6-6711,15.473999977111816,14.519000053405762,11.555000305175781,8.878000259399414,,,,,,,,,,,,
4FGL J0636.7+7139,15.439000129699707,14.375,11.282999992370605,8.32800006866455,40.5,0.0053900000639259815,,,,,,21.1194,20.567,20.2627,20.9232,19.4512
4FGL J0640.7-1924,14.727999687194824,13.491999626159668,10.373000144958496,7.840000152587891,138.4,,20.530000686645508,20.121000289916992,19.72100067138672,19.420000076293945,19.059999465942383,20.0818,19.7741,19.5468,19.2679,19.0351
4FGL J0643.4-3314,14.27299976348877,13.29800033569336,10.704999923706055,8.300999641418457,229.2,,,,,,,19.812,18.704,19.1676,17.947,17.763
4FGL J0656.0+2420,15.107000350952148,14.038000106811523,10.569000244140625,7.644000053405762,325.3,0.007089999970048666,,,,,,20.1476,20.1503,19.7469,19.3773,19.3422
4FGL J0728.0-4740,17.20199966430664,16.04599952697754,12.812999725341797,8.72599983215332,,,,,,,,,,,,
4FGL J0733.5+3517,13.368000030517578,12.878999710083008,10.996000289916992,8.204999923706055,99.0,0.06030000001192093,18.424999237060547,17.79400062561035,17.0939998626709,16.695999145507812,16.381999969482422,18.3935,17.7337,17.5726,17.1802,17.0012
4FGL J0738.9-6736,15.616000175476074,14.406000137329102,11.550999641418457,8.644000053405762,,,,,,,,,,,,
4FGL J0744.1-6211,14.548999786376953,14.107000350952148,12.555000305175781,9.244000434875488,,0.03819999843835831,,,,,,,,,,
4FGL J0747.6+7209,15.262999534606934,14.364999771118164,11.180000305175781,8.277999877929688,96.6,,,,,,,19.2861,19.2384,18.8794,19.1606,18.9933
4FGL J0749.5+1026,15.097999572753906,14.097999572753906,11.24899959564209,8.956000328063965,153.1,,20.722000122070312,20.55699920654297,20.055999755859375,20.07900047302246,19.975000381469727,20.7977,20.0615,20.5286,19.6932,19.6117
4FGL J0750.0+8238,14.864999771118164,13.91100025177002,10.637999534606934,7.989999771118164,1844.8,,18.1560001373291,18.05299949645996,18.07699966430664,17.791000366210938,17.658000946044922,17.7931,17.7861,17.6118,17.566,17.5202
4FGL J0751.9+3314,15.8149995803833,15.032999992370605,11.418999671936035,8.314000129699707,567.0,0.09939999878406525,19.770999908447266,19.632999420166016,19.511999130249023,19.249000549316406,19.055999755859375,19.2985,19.1677,19.0374,18.9274,18.8435
4FGL J0756.6-7723,17.902000427246094,17.90999984741211,13.246999740600586,9.312000274658203,,,,,,,,,,,,
4FGL J0809.3+3121,14.430000305175781,13.645999908447266,11.145000457763672,8.128000259399414,196.1,,20.4060001373291,19.652999877929688,18.7810001373291,18.30699920654297,17.899999618530273,20.045,19.2402,18.8584,18.6433,18.4894
4FGL J0809.9-7028,15.835000038146973,15.293999671936035,13.413000106811523,10.024999618530273,,0.015200000256299973,,,,,,,,,,
4FGL J0820.7-5758,16.959999084472656,15.822999954223633,12.640000343322754,8.791000366210938,,,,,,,,,,,,
4FGL J0822.9+0538,15.914999961853027,15.128000259399414,11.91100025177002,8.29800033569336,28.0,,21.320999145507812,21.195999145507812,21.100000381469727,20.68199920654297,20.325000762939453,21.0042,20.8194,20.4885,20.2317,20.1934
4FGL J0824.7-1035,15.418999671936035,14.704000473022461,11.284000396728516,8.666999816894531,345.4,,,,,,,18.7238,18.355,18.231,18.1765,18.1748
4FGL J0829.4+4019,14.458000183105469,13.418000221252441,10.319000244140625,7.826000213623047,91.3,,20.516000747680664,20.054000854492188,19.57699966430664,19.167999267578125,18.888999938964844,19.7831,19.4825,18.7615,18.8042,18.4243
4FGL J0833.0+3300,15.041999816894531,14.795000076293945,12.197999954223633,8.986000061035156,4.0,0.10599999874830246,21.426000595092773,20.922000885009766,20.41900062561035,19.757999420166016,19.375999450683594,20.7297,20.2684,19.6189,19.4366,19.2515
4FGL J0835.8+1517,13.08899974822998,12.383999824523926,9.810999870300293,7.8429999351501465,50.4,,18.27899932861328,17.405000686645508,16.572999954223633,16.15999984741211,15.8149995803833,18.3617,17.882,17.3999,17.5518,17.2746
4FGL J0835.9-2120,,,,,,,,,,,,,,,,
4FGL J0836.0-8015,13.598999977111816,13.187999725341797,11.479000091552734,9.359000205993652,,0.07909999787807465,,,,,,,,,,
4FGL J0837.4+2454,15.041999816894531,14.045999526977539,10.98900032043457,8.258999824523926,521.9,0.03200000151991844,18.350000381469727,18.31100082397461,17.979999542236328,17.97100067138672,18.030000686645508,17.9815,17.7466,17.8616,17.8024,17.7071
4FGL J0840.9-7044,15.446000099182129,14.38700008392334,11.871999740600586,9.201000213623047,,0.006000000052154064,,,,,,,,,,
4FGL J0843.1+5034,14.826000213623047,14.416000366210938,12.159000396728516,8.979999542236328,10.7,0.029500000178813934,20.739999771118164,20.150999069213867,19.322999954223633,18.770000457763672,18.371999740600586,20.2669,19.587,18.9737,19.0158,18.8184
4FGL J0848.7-6942,16.50200080871582,17.261999130249023,13.670000076293945,10.015000343322754,,,,,,,,,,,,
4FGL J0851.9+4845,15.812000274658203,14.685999870300293,12.071000099182129,8.722999572753906,52.8,,21.531999588012695,21.34000015258789,21.270999908447266,20.908000946044922,20.69099998474121,20.8491,19.8959,20.8048,20.0954,19.2627
4FGL J0859.2+0047,14.611000061035156,14.085000038146973,12.045999526977539,8.977999687194824,38.5,,19.46299934387207,19.08099937438965,18.812999725341797,18.56599998474121,18.297000885009766,19.4369,19.3251,18.8644,18.8519,18.642
4FGL J0903.5+2847,14.480999946594238,13.645999908447266,10.996000289916992,8.861000061035156,78.1,,20.35300064086914,19.87299919128418,19.312000274658203,18.909000396728516,18.66200065612793,19.7228,19.4022,18.7635,18.759,18.5504
4FGL J0907.1+0856,15.321999549865723,14.664999961853027,11.859000205993652,8.70300006866455,10.6,,20.815000534057617,20.219999313354492,19.648000717163086,19.26799964904785,18.95199966430664,20.1318,19.8722,19.4209,19.1564,18.8645
4FGL J0909.1+6647,15.196999549865723,15.076000213623047,12.246000289916992,8.390000343322754,222.1,,,,,,,20.8487,19.991,19.5505,19.2489,18.9146
4FGL J0921.2-8211,13.82699966430664,13.201000213623047,12.727999687194824,9.680999755859375,,,,,,,,,,,,
4FGL J0922.6-2116,15.17300033569336,14.463000297546387,11.850000381469727,8.92300033569336,65.9,,,,,,,20.4373,20.225,19.7373,19.408,19.2603
4FGL J0928.3+7444,14.704000473022461,14.67199993133545,12.67199993133545,8.951000213623047,,,,,,,,20.4939,19.7679,19.4657,18.992,18.7734
4FGL J0935.4-6911,14.5,13.746999740600586,11.107999801635742,8.765999794006348,,,,,,,,,,,,
4FGL J0937.0-2044,15.654000282287598,14.60200023651123,12.616999626159668,8.484999656677246,85.6,,,,,,,21.7051,20.829,20.7565,20.1234,19.7787
4FGL J0950.2-1623,13.498000144958496,13.17199993133545,11.791999816894531,8.661999702453613,17.8,,,,,,,18.5728,17.9247,17.3506,17.1633,17.0994
4FGL J0953.1-3005,15.411999702453613,14.208000183105469,11.303000450134277,8.425999641418457,129.7,0.010200000368058681,,,,,,19.6412,19.1899,18.8087,18.6783,18.7617
4FGL J1002.3-1200,14.699999809265137,13.928999900817871,10.925999641418457,8.35200023651123,72.6,,,,,,,21.3292,20.5861,19.0772,18.3565,19.038
4FGL J1002.7+1218,13.95199966430664,12.975000381469727,9.918999671936035,7.6519999504089355,200.7,,21.611000061035156,20.989999771118164,20.391000747680664,19.8799991607666,19.395000457763672,19.0853,18.9806,18.3594,18.4928,17.8628
4FGL J1010.2+8251,13.644000053405762,12.829000473022461,10.496999740600586,8.032999992370605,503.4,0.036400001496076584,,,,,,19.733,18.1849,18.0934,17.8931,17.7273
4FGL J1017.2-1549,15.274999618530273,14.85200023651123,12.517000198364258,8.423999786376953,11.7,,,,,,,20.3289,20.0085,19.5657,19.3455,19.0874
4FGL J1018.6+3126,13.647000312805176,13.416999816894531,11.682999610900879,8.88700008392334,4.4,,19.37700080871582,17.940000534057617,16.871999740600586,16.441999435424805,16.09600067138672,18.6015,17.8316,17.7236,17.413,17.0332
4FGL J1035.9-3108,15.383000373840332,14.399999618530273,11.744000434875488,8.569000244140625,170.1,,,,,,,,,20.6388,,
4FGL J1040.5+0947,14.197999954223633,13.788000106811523,11.968999862670898,8.73799991607666,27.9,0.08910000324249268,19.468000411987305,18.98699951171875,18.177000045776367,17.768999099731445,17.415000915527344,19.4749,18.7373,18.389,18.0739,17.9429
4FGL J1041.5+0607,13.755999565124512,12.307999610900879,9.029999732971191,6.513000011444092,1405.2,0.05570000037550926,17.062000274658203,17.054000854492188,16.91900062561035,16.940000534057617,17.017000198364258,17.2007,17.0073,16.9335,17.0715,17.0422
4FGL J1047.9-4642,14.375,14.241999626159668,11.718000411987305,8.829000473022461,,,,,,,,,,,,
4FGL J1050.6+2027,14.85200023651123,13.753000259399414,10.133999824523926,7.675000190734863,104.9,,19.742000579833984,19.549999237060547,19.357999801635742,19.424999237060547,19.29800033569336,19.4735,19.2104,19.1999,19.3486,19.1732
4FGL J1053.3-1134,15.86299991607666,14.904999732971191,11.543999671936035,8.633999824523926,46.1,,,,,,,21.9971,21.3115,20.5019,21.0761,
4FGL J1105.7+6037,15.753000259399414,14.53600025177002,11.574000358581543,8.63700008392334,150.6,,19.538999557495117,19.58099937438965,19.202999114990234,19.194000244140625,19.243999481201172,19.955,19.4765,19.3838,19.4079,19.0783
4FGL J1112.0+2607,14.541000366210938,14.081999778747559,11.833999633789062,8.92300033569336,8.3,,19.475000381469727,19.138999938964844,18.674999237060547,18.36400032043457,18.075000762939453,19.2563,18.8555,18.4869,18.39,18.3407
4FGL J1116.3-4000,15.258000373840332,14.456000328063965,11.692000389099121,8.805999755859375,156.2,,,,,,,,,,,
4FGL J1127.3+3755,15.237000465393066,14.373000144958496,11.847000122070312,8.208999633789062,77.7,,21.375,20.73200035095215,20.086000442504883,19.57900047302246,19.229000091552734,20.9403,20.2395,19.9031,19.581,19.1983
4FGL J1134.7+6612,14.562000274658203,13.779000282287598,11.406999588012695,9.234999656677246,62.4,,19.867000579833984,19.452999114990234,19.089000701904297,18.743999481201172,18.50200080871582,19.8557,19.6201,19.4299,19.1808,18.799
4FGL J1143.7-1014,15.437999725341797,14.538000106811523,11.984999656677246,8.062999725341797,81.9,,,,,,,22.0096,21.4814,21.136,20.6929,19.9926
4FGL J1143.9+1558,14.838000297546387,14.378000259399414,12.52299976348877,9.057000160217285,7.9,,20.31599998474121,20.027999877929688,19.74799919128418,19.3799991607666,19.128000259399414,19.7482,19.5216,19.1604,18.9427,18.8872
4FGL J1145.7-1528,15.769000053405762,14.633000373840332,12.163999557495117,8.890000343322754,177.2,,,,,,,19.4617,19.2826,19.4165,19.117,19.0486
4FGL J1155.2+4320,14.920999526977539,13.734999656677246,11.041999816894531,8.491999626159668,28.4,,18.8700008392334,18.84000015258789,18.650999069213867,18.618999481201172,18.679000854492188,18.7505,18.5175,18.5226,18.5535,18.484
4FGL J1155.8-1217,14.220999717712402,13.140000343322754,10.315999984741211,8.319999694824219,219.9,,,,,,,20.6575,20.1341,19.7789,19.0831,18.7639
4FGL J1158.9+0956,14.470000267028809,13.331999778747559,10.744000434875488,7.988999843597412,162.0,,22.218000411987305,21.974000930786133,21.590999603271484,20.93600082397461,21.170000076293945,20.733,20.1594,19.8519,20.2815,19.1719
4FGL J1203.7+5821,14.637999534606934,13.86299991607666,11.097000122070312,8.57800006866455,46.1,,19.52199935913086,19.024999618530273,18.545000076293945,18.229000091552734,17.930999755859375,20.8066,20.3078,19.8745,19.473,19.3028
4FGL J1204.4+3750,15.253999710083008,13.972999572753906,11.20199966430664,8.869000434875488,101.6,,19.445999145507812,19.45199966430664,19.07200050354004,19.070999145507812,19.16900062561035,19.3446,19.0059,19.0099,19.0242,19.1935
4FGL J1210.3+3928,14.947999954223633,14.645999908447266,12.232999801635742,9.043000221252441,18.7,0.09730000048875809,19.718000411987305,19.27400016784668,19.150999069213867,18.777999877929688,18.500999450683594,20.4289,20.023,19.5771,19.4686,19.0226
4FGL J1212.1+6412,12.687999725341797,12.354000091552734,10.182999610900879,8.411999702453613,12.3,,19.027000427246094,16.975000381469727,15.961999893188477,15.409000396728516,15.069000244140625,18.3949,17.3955,16.9889,16.5992,16.5181
4FGL J1215.0+5351,14.402999877929688,13.74899959564209,11.711000442504883,8.814000129699707,54.8,0.0014100000262260437,18.06100082397461,17.746000289916992,16.8799991607666,16.1299991607666,16.128999710083008,19.6912,19.0158,18.6586,18.3433,18.1024
4FGL J1221.9+3543,15.140999794006348,14.4399995803833,11.880000114440918,8.501999855041504,6.1,,19.232999801635742,18.941999435424805,18.68600082397461,18.500999450683594,18.297000885009766,19.6222,19.3122,19.0672,18.9273,18.7728
4FGL J1229.1+5521,14.845999717712402,13.685999870300293,11.020999908447266,8.454000473022461,52.0,,18.726999282836914,18.357999801635742,17.969999313354492,17.882999420166016,17.886999130249023,17.9784,17.8838,17.5926,17.8256,17.7732
4FGL J1234.2+2813,15.168999671936035,14.569999694824219,11.965999603271484,8.404000282287598,4.9,,20.63800048828125,20.18199920654297,19.72100067138672,19.400999069213867,18.975000381469727,19.6419,19.203,19.0984,18.8449,18.7486
4FGL J1235.1-1405,14.737000465393066,14.307000160217285,11.833999633789062,8.881999969482422,3.9,0.0997999981045723,,,,,,19.8319,19.2912,18.9383,18.6622,18.5663
4FGL J1250.2+3157,15.175000190734863,14.484000205993652,12.10200023651123,8.58899974822998,5.4,,19.465999603271484,19.06100082397461,18.881999969482422,18.687000274658203,18.503999710083008,19.2046,18.9972,18.8115,18.8915,18.4776
4FGL J1300.3+5353,14.343000411987305,13.34000015258789,10.435999870300293,8.12600040435791,31.7,,20.027999877929688,19.246999740600586,18.756999969482422,18.37700080871582,18.010000228881836,20.4553,19.8396,19.0852,19.3481,18.7851
4FGL J1310.1-0450,15.050000190734863,14.444000244140625,11.670999526977539,8.595999717712402,235.1,,,,,,,21.3164,20.5729,20.0165,19.8818,19.3232
4FGL J1314.7-0901,14.767999649047852,14.326000213623047,12.01099967956543,8.6899995803833,7.8,,,,,,,19.2691,18.8725,18.6811,18.4887,18.3643
4FGL J1325.3+6621,14.878999710083008,14.489999771118164,13.02299976348877,9.406000137329102,4.7,,20.208999633789062,19.235000610351562,18.285999298095703,17.844999313354492,17.503000259399414,19.7578,18.7683,18.6965,18.3155,18.1615
4FGL J1326.1+2933,14.342000007629395,13.704999923706055,11.756999969482422,8.694999694824219,,0.10700000077486038,18.732999801635742,18.441999435424805,18.14699935913086,17.91699981689453,17.707000732421875,18.1216,18.273,17.7383,17.925,17.8306
4FGL J1326.2+4115,14.178000450134277,13.253999710083008,10.486000061035156,8.293999671936035,146.1,0.009770000353455544,19.87299919128418,19.357999801635742,18.631999969482422,18.2549991607666,17.93600082397461,19.6982,19.1067,18.6824,18.5049,18.3911
4FGL J1326.6+0152,14.357000350952148,13.72599983215332,12.027000427246094,9.0600004196167,13.3,,21.733999252319336,19.94099998474121,18.68899917602539,18.1299991607666,17.726999282836914,20.5404,19.4782,18.8933,18.4257,18.289
4FGL J1327.0+3154,14.237000465393066,13.767000198364258,12.392000198364258,8.42300033569336,1415.1,,20.357999801635742,18.89299964904785,17.66200065612793,17.11400032043457,16.805999755859375,20.0747,18.9016,18.3927,18.2091,18.0238
4FGL J1336.2+2107,14.868000030517578,14.282999992370605,12.206999778747559,9.178000450134277,4.6,,20.38800048828125,19.969999313354492,19.660999298095703,19.347999572753906,19.072999954223633,19.0952,18.3634,18.8361,18.3867,18.5966
4FGL J1346.3+7227,16.343000411987305,15.319999694824219,12.397000312805176,9.489999771118164,87.3,,,,,,,20.6631,20.5031,20.3484,20.5644,19.9434
4FGL J1356.2-2454,13.864999771118164,13.116999626159668,10.696000099182129,8.746000289916992,30.9,,,,,,,21.0923,19.6854,19.1818,18.7088,18.37
4FGL J1406.5-0054,14.333999633789062,13.859999656677246,11.923999786376953,8.62600040435791,10.1,,19.940000534057617,19.07200050354004,18.070999145507812,17.607999801635742,17.284000396728516,19.6181,18.8855,18.4565,18.1594,17.9368
4FGL J1408.7+3617,14.5649995803833,13.574999809265137,10.855999946594238,8.164999961853027,132.7,,20.87299919128418,20.281999588012695,19.808000564575195,19.46500015258789,19.195999145507812,19.8913,19.7501,19.173,19.2623,19.0343
4FGL J1409.7+5940,14.42300033569336,13.932999610900879,12.020000457763672,8.779000282287598,35.7,0.003160000080242753,19.878000259399414,20.577999114990234,18.7810001373291,18.420000076293945,19.7450008392334,19.5653,19.1243,18.8613,18.614,18.4207
4FGL J1412.2+2132,14.079999923706055,12.97700023651123,10.461000442504883,8.062999725341797,208.2,,20.882999420166016,20.22100067138672,19.67799949645996,19.26099967956543,18.893999099731445,20.1656,19.7903,19.7421,19.305,18.9301
4FGL J1422.5+3223,13.892000198364258,12.857999801635742,9.697999954223633,7.256999969482422,395.4,0.12200000137090683,18.94499969482422,18.511999130249023,18.423999786376953,18.341999053955078,18.17099952697754,18.4786,18.5978,18.5615,18.4908,18.3734
4FGL J1424.5+3433,14.789999961853027,14.383999824523926,12.765999794006348,9.222999572753906,9.6,,19.97599983215332,19.67099952697754,19.270000457763672,18.871999740600586,18.632999420166016,20.1042,19.5779,18.9801,18.8009,18.6665
4FGL J1424.5+3705,13.973999977111816,13.581000328063965,12.019000053405762,9.017000198364258,78.6,0.0430000014603138,19.655000686645508,18.660999298095703,17.509000778198242,16.988000869750977,16.683000564575195,19.6974,18.7687,18.3115,18.1757,17.8564
4FGL J1425.8+1423,14.131999969482422,13.043000221252441,10.048999786376953,7.559000015258789,482.9,,18.395000457763672,17.94700050354004,17.729999542236328,17.506000518798828,17.232999801635742,19.1449,19.2564,19.3202,18.9273,18.4917
4FGL J1430.5+3647,14.079999923706055,13.130000114440918,10.968999862670898,8.713000297546387,161.5,,20.224000930786133,19.606000900268555,19.17300033569336,18.7450008392334,18.402999877929688,20.3412,20.1002,19.463,19.5487,18.7059
4FGL J1431.0-4458,13.975000381469727,12.979999542236328,10.303000450134277,7.864999771118164,,,,,,,,,,,,
4FGL J1437.3-3239,17.63599967956543,16.650999069213867,11.569000244140625,9.270999908447266,355.7,,,,,,,,,,,
4FGL J1438.1-2201,,,,,769.7,0.016699999570846558,,,,,,18.8759,18.4022,18.3037,18.4348,18.4122
4FGL J1454.8-2456,15.208000183105469,14.029000282287598,11.107999801635742,8.654999732971191,464.4,,,,,,,20.2017,19.6427,19.641,19.3146,19.3174
4FGL J1507.2-1651,14.08899974822998,13.112000465393066,9.949000358581543,7.163000106811523,2711.0,0.011099999770522118,,,,,,20.6122,20.6866,20.0807,19.742,19.0675
4FGL J1510.4-3017,15.807999610900879,14.980999946594238,11.70199966430664,8.104000091552734,172.3,,,,,,,21.7113,21.4798,21.3862,19.1921,19.618
4FGL J1516.0+2424,14.14900016784668,13.720000267028809,12.642000198364258,9.392000198364258,33.9,,19.773000717163086,18.93600082397461,17.889999389648438,17.398000717163086,17.01300048828125,19.5573,18.7249,18.1101,17.8722,17.6277
4FGL J1516.4-1523,15.168000221252441,14.503000259399414,11.968000411987305,8.696999549865723,6.8,0.2329999953508377,,,,,,20.046,19.6218,18.9868,18.7411,18.661
4FGL J1523.2+2818,16.198999404907227,15.333000183105469,12.4399995803833,9.355999946594238,106.8,,22.118999481201172,21.729999542236328,21.250999450683594,21.2189998626709,21.027999877929688,22.0938,21.6321,21.2534,21.1801,20.6245
4FGL J1525.7-4334,12.182999610900879,12.098999977111816,11.447999954223633,8.920999526977539,,,,,,,,,,,,
4FGL J1530.3+2709,11.845999717712402,11.86299991607666,10.472000122070312,9.020999908447266,13.3,,17.211000442504883,15.217000007629395,14.331999778747559,13.890999794006348,13.581999778747559,17.5143,16.6713,16.2223,15.7966,15.6737
4FGL J1532.7+2342,15.020999908447266,14.008000373840332,11.069999694824219,8.58899974822998,81.1,,20.121999740600586,19.73200035095215,19.466999053955078,19.19700050354004,18.97100067138672,19.6605,19.9412,19.9216,19.6414,19.5418
4FGL J1536.9-3731,13.565999984741211,12.727999687194824,10.472000122070312,8.180000305175781,,,,,,,,,,,,
4FGL J1540.1+4142,12.362000465393066,12.190999984741211,10.41100025177002,8.967000007629395,23.2,,17.886999130249023,16.264999389648438,15.227999687194824,14.722000122070312,14.352999687194824,18.0482,17.0824,16.5856,16.4318,16.3344
4FGL J1543.3+1026,15.88599967956543,14.718999862670898,11.998000144958496,8.444999694824219,60.4,,20.625,20.299999237060547,20.143999099731445,19.927000045776367,19.961999893188477,20.2017,20.0462,19.8864,19.9365,19.8797
4FGL J1544.7+5017,14.61400032043457,13.918999671936035,11.32800006866455,9.347000122070312,29.2,,21.736000061035156,20.933000564575195,19.840999603271484,19.1560001373291,18.694000244140625,21.4957,20.5189,19.8081,19.5723,19.4039
4FGL J1546.4-2903,14.517999649047852,14.241000175476074,11.869999885559082,8.496999740600586,10.2,,,,,,,20.1608,19.4462,19.1762,18.9133,18.7662
4FGL J1549.0+4821,15.991999626159668,15.67199993133545,13.017000198364258,9.746999740600586,3.7,,21.29199981689453,20.839000701904297,20.61400032043457,20.214000701904297,19.874000549316406,21.2981,20.8572,20.533,20.0046,19.83
4FGL J1553.5-6910,,,,,,,,,,,,,,,,
4FGL J1554.0-0243,15.100000381469727,13.843999862670898,11.005000114440918,8.585000038146973,36.2,,21.850000381469727,21.958999633789062,21.152000427246094,20.909000396728516,20.461000442504883,21.4407,20.5274,20.2447,20.15,19.3014
4FGL J1556.6+1417,14.78499984741211,14.12399959564209,11.543999671936035,8.699000358581543,137.0,,21.448999404907227,20.50200080871582,19.3439998626709,18.81800079345703,18.361000061035156,20.871,20.1596,19.4347,19.1154,19.0738
4FGL J1558.1+6239,14.529999732971191,13.637999534606934,10.89799976348877,8.531999588012695,35.3,,20.34600067138672,19.697999954223633,19.548999786376953,19.097000122070312,18.909000396728516,19.4827,19.4961,19.1514,19.1479,18.7755
4FGL J1559.8-0425,15.336999893188477,15.11299991607666,11.805000305175781,8.468000411987305,116.9,,,,,,,20.8329,20.5424,20.2149,20.124,19.8191
4FGL J1606.8-0351,14.581999778747559,13.934000015258789,11.038999557495117,8.333000183105469,197.6,,,,,,,18.5455,17.7405,17.402,17.24,17.115
4FGL J1608.0-1625,15.979000091552734,14.814000129699707,11.550000190734863,8.321000099182129,169.1,,,,,,,21.5451,21.238,20.7893,20.7076,19.9011
4FGL J1611.3-0930,14.484999656677246,13.583000183105469,11.244000434875488,8.875,28.8,,,,,,,19.9177,19.8444,19.7619,18.6676,18.4268
4FGL J1621.3-0030,14.810999870300293,14.154000282287598,11.902999877929688,8.567000389099121,12.7,,19.829999923706055,19.406999588012695,18.957000732421875,18.684999465942383,18.371000289916992,19.4626,19.0519,18.7749,18.6751,18.4054
4FGL J1633.5+2806,16.3439998626709,15.380000114440918,12.048999786376953,8.967000007629395,73.6,,23.30699920654297,24.020999908447266,21.913999557495117,21.222999572753906,20.860000610351562,,,,,
4FGL J1635.3+0911,15.192999839782715,13.994999885559082,10.571000099182129,8.248000144958496,7.5,,19.042999267578125,18.68600082397461,18.43199920654297,18.36400032043457,18.226999282836914,18.6214,18.3973,18.3991,18.2443,18.2918
4FGL J1648.1-2920,14.807000160217285,13.64900016784668,10.309000015258789,7.63700008392334,127.8,,,,,,,19.9277,19.2487,18.9045,18.6551,18.7096
4FGL J1649.3+8252,14.083000183105469,13.458000183105469,11.28600025177002,9.102999687194824,15.8,,,,,,,19.7826,19.0605,18.5405,18.1823,17.8243
4FGL J1657.7+0738,13.824999809265137,12.684000015258789,9.95300006866455,7.353000164031982,1412.5,0.0625,,,,,,20.322,19.3391,19.4513,19.2133,18.9405
4FGL J1705.3-6946,15.197999954223633,14.083999633789062,10.829999923706055,8.63599967956543,,,,,,,,,,,,
4FGL J1711.1+0242,14.722999572753906,14.128000259399414,12.258000373840332,8.307000160217285,16.6,0.08160000294446945,,,,,,19.6512,18.9496,18.7291,18.7652,18.3279
4FGL J1733.4+1521,15.831000328063965,14.949999809265137,11.968000411987305,8.993000030517578,227.6,0.007849999703466892,,,,,,21.5495,21.585,20.9791,20.4941,19.6138
4FGL J1735.0-0132,,,,,,,,,,,,,,,,
4FGL J1744.8+5540,10.539999961853027,10.515999794006348,9.163999557495117,6.9720001220703125,569.4,,15.696000099182129,13.803000450134277,12.920999526977539,12.472000122070312,12.178999900817871,16.1441,13.147,13.012,12.977,14.6784
4FGL J1747.4+2330,15.430999755859375,14.920999526977539,11.930000305175781,8.904999732971191,120.0,,,,,,,19.5031,19.4302,19.4602,19.2868,19.3291
4FGL J1747.4+2759,15.236000061035156,14.097999572753906,11.654999732971191,8.829999923706055,130.2,,,,,,,20.1035,20.1465,19.8199,19.1481,18.9579
4FGL J1750.2+4704,13.579999923706055,13.260000228881836,11.730999946594238,9.508000373840332,,,19.530000686645508,18.256999969482422,17.226999282836914,16.76300048828125,16.413000106811523,18.8704,18.3409,17.9069,17.619,17.3998
4FGL J1753.4-5913,14.425999641418457,13.96500015258789,11.515999794006348,8.9350004196167,,,,,,,,,,,,
4FGL J1801.8+2951,14.824000358581543,14.232999801635742,12.199999809265137,8.902999877929688,16.5,,,,,,,19.5077,19.2509,19.041,18.7639,18.6054
4FGL J1803.5+2756,14.105999946594238,13.371999740600586,10.954000473022461,9.050000190734863,46.0,,,,,,,19.9079,18.9932,18.661,18.4703,18.0115
4FGL J1803.9+0342,13.279999732971191,12.267999649047852,9.204000473022461,6.828999996185303,273.4,0.004339999984949827,19.636999130249023,18.30900001525879,17.695999145507812,17.45599937438965,17.333999633789062,18.2302,17.7012,17.4661,17.3687,17.2718
4FGL J1838.5+5733,13.218000411987305,12.769000053405762,10.961000442504883,8.746000289916992,87.3,,,,,,,18.7507,17.9444,17.5625,17.3545,17.0537
4FGL J1840.3-3037,13.690999984741211,12.868000030517578,10.564000129699707,8.513999938964844,603.0,,,,,,,20.2182,18.9658,18.3707,18.1629,17.9042
4FGL J1840.5+3707,16.481000900268555,15.517000198364258,12.70300006866455,8.930999755859375,61.4,,,,,,,,,,,
4FGL J1855.4+7350,12.21500015258789,11.071000099182129,8.315999984741211,5.8979997634887695,464.0,,,,,,,16.5797,16.6011,16.3621,16.3038,15.4281
4FGL J1857.8+3544,,,,,61.6,,,,,,,,,,,
4FGL J1901.0+6208,12.965999603271484,12.684000015258789,11.390000343322754,9.428000450134277,107.9,,,,,,,18.6024,17.8439,17.3934,17.0187,16.9373
4FGL J1901.0-1739,14.628000259399414,13.911999702453613,10.968999862670898,8.145000457763672,106.0,,,,,,,19.3809,18.6424,18.2739,18.1294,17.9849
4FGL J1902.8+3201,12.27400016784668,11.781999588012695,9.380999565124512,6.38700008392334,3203.8,0.03480000048875809,,,,,,17.579,17.4827,17.3506,17.5363,17.4123
4FGL J1919.4-4550,15.765000343322754,14.866999626159668,11.387999534606934,7.88100004196167,,0.03370000049471855,,,,,,,,,,
4FGL J1931.5+5229,16.079999923706055,14.949000358581543,11.857999801635742,8.907999992370605,108.5,,,,,,,21.5061,21.6136,20.4172,20.9489,
4FGL J1943.6-0533,14.682000160217285,14.269000053405762,12.086000442504883,8.574000358581543,6.4,0.09629999846220016,,,,,,20.6816,20.2319,19.4459,19.2239,19.4281
4FGL J1943.9-2705,,,,,86.6,,,,,,,,,,,
4FGL J1949.2+7250,15.586999893188477,14.295000076293945,10.435999870300293,7.888999938964844,177.6,,,,,,,20.6967,20.2261,20.1135,19.8461,19.4597
4FGL J1949.9-6134,13.793999671936035,12.819000244140625,10.07800006866455,7.8429999351501465,,,,,,,,,,,,
4FGL J1950.0-7321,13.984000205993652,13.095999717712402,9.854000091552734,7.567999839782715,,,,,,,,,,,,
4FGL J1950.6-5547,15.845999717712402,15.236000061035156,12.265999794006348,8.748000144958496,,,,,,,,,,,,
4FGL J1951.2-0951,13.477999687194824,13.288999557495117,12.093000411987305,8.449000358581543,692.1,,20.326000213623047,18.368999481201172,17.072999954223633,16.531999588012695,16.132999420166016,19.2886,18.0941,17.6453,17.4449,17.2508
4FGL J2013.0-3828,13.723999977111816,12.722000122070312,10.093000411987305,8.184000015258789,57.3,,,,,,,,,,,
4FGL J2021.4-2048,,,,,56.9,,,,,,,21.2978,21.185,21.2762,,19.5244
4FGL J2040.0+1237,13.529999732971191,12.914999961853027,11.015999794006348,8.234000205993652,21.2,0.00394000019878149,,,,,,18.6562,18.2788,17.9372,17.7033,17.419
4FGL J2059.1-4103,15.232000350952148,14.302000045776367,11.388999938964844,8.531000137329102,,,,,,,,,,,,
4FGL J2108.7+7532,13.420000076293945,12.576000213623047,9.890000343322754,7.982999801635742,40.1,,21.898000717163086,20.510000228881836,19.552000045776367,18.7810001373291,18.299999237060547,20.831,19.6029,19.2234,18.4755,18.0853
4FGL J2109.7-4109,14.798999786376953,13.772000312805176,10.88700008392334,8.336000442504883,,0.023399999365210533,,,,,,,,,,
4FGL J2112.9-4818,14.347999572753906,13.4350004196167,10.29699993133545,7.692999839782715,,,,,,,,,,,,
4FGL J2113.9+1120,16.211999893188477,15.050000190734863,11.975000381469727,9.043999671936035,51.9,,21.030000686645508,20.975000381469727,20.554000854492188,20.465999603271484,20.290000915527344,21.2231,20.8053,20.6621,20.2197,19.9246
4FGL J2118.2-5419,,,,,,0.019300000742077827,,,,,,,,,,
4FGL J2119.5-4541,12.973999977111816,12.074000358581543,9.312999725341797,7.1519999504089355,,,,,,,,,,,,
4FGL J2127.5-5744,13.01200008392334,12.100000381469727,9.776000022888184,7.684999942779541,,,,,,,,,,,,
4FGL J2130.0+2610,15.142999649047852,14.098999977111816,10.86299991607666,8.270999908447266,27.0,,20.301000595092773,19.952999114990234,19.527000427246094,19.475000381469727,19.134000778198242,19.8564,19.4103,19.3348,19.3326,19.0968
4FGL J2133.6+8002,14.883999824523926,14.413999557495117,12.20199966430664,9.086000442504883,36.1,,,,,,,20.7666,19.8741,19.3433,19.0113,18.8142
4FGL J2139.1+3724,15.010000228881836,13.890000343322754,11.244000434875488,9.060999870300293,43.8,,,,,,,20.4429,20.1318,20.1011,19.7407,19.7148
4FGL J2158.5-7550,14.342000007629395,13.187999725341797,9.791999816894531,7.171999931335449,,0.003590000094845891,,,,,,,,,,
4FGL J2200.6+0232,15.093000411987305,13.951000213623047,10.803999900817871,8.32699966430664,86.7,,20.68400001525879,20.743000030517578,20.277999877929688,20.09000015258789,19.89299964904785,20.882,20.3437,19.451,19.9004,19.3414
4FGL J2210.5+3623,14.58899974822998,14.098999977111816,12.133000373840332,8.729999542236328,28.2,0.0706000030040741,,,,,,19.9694,19.3886,18.9724,18.7381,18.6598
4FGL J2211.9+0821,13.880000114440918,12.618000030517578,9.470999717712402,6.857999801635742,1635.3,,20.01300048828125,19.58099937438965,19.268999099731445,18.531999588012695,18.423999786376953,19.4763,19.3442,18.9462,18.6825,18.1496
4FGL J2221.8+3358,14.338000297546387,13.446000099182129,10.557000160217285,8.460000038146973,101.1,,,,,,,19.7417,18.3473,18.7514,17.9273,17.8767
4FGL J2231.6+2754,,,,,,,,,,,,,,,,
4FGL J2232.3+7616,,,,,,,,,,,,,,,,
4FGL J2239.5-2440,,,,,,,,,,,,,,,,
4FGL J2241.5+0454,11.664999961853027,11.644000053405762,,,178.5,,17.121000289916992,15.355999946594238,14.399999618530273,13.942999839782715,13.552000045776367,17.1219,16.4757,16.0512,15.7615,15.6536
4FGL J2246.5-1204,13.14799976348877,11.961000442504883,9.307999610900879,7.086999893188477,1881.8,0.07400000095367432,,,,,,16.8425,16.8849,16.8505,16.9651,16.8506
4FGL J2247.1+4658,14.277999877929688,13.42199993133545,10.854999542236328,8.368000030517578,8.1,,,,,,,19.8427,19.4551,18.9817,18.3368,17.9886
4FGL J2248.7-4302,14.54699993133545,13.803000450134277,11.543999671936035,8.833000183105469,,,,,,,,,,,,
4FGL J2248.9+2107,15.050000190734863,14.083000183105469,11.034000396728516,8.142000198364258,773.4,,20.329999923706055,19.7549991607666,19.15999984741211,18.777999877929688,18.466999053955078,20.3025,19.6818,19.4797,19.1764,19.0298
4FGL J2252.0+8149,15.984999656677246,15.060999870300293,12.89799976348877,9.130000114440918,81.4,,,,,,,,,21.2011,20.7648,
4FGL J2255.8-6543,12.503000259399414,11.380000114440918,8.246999740600586,5.559000015258789,,0.043699998408555984,,,,,,,,,,
4FGL J2307.5+8629,14.265999794006348,12.99899959564209,10.052000045776367,7.6570000648498535,169.8,0.007369999773800373,,,,,,19.2782,18.697,18.4393,18.2261,18.1526
4FGL J2308.6-4555,13.791999816894531,12.848999977111816,10.133999824523926,7.415999889373779,,,,,,,,,,,,
4FGL J2318.6-1657,16.604000091552734,15.524999618530273,12.180999755859375,9.038000106811523,190.9,,,,,,,21.366,21.3091,19.5646,20.1871,19.9088
4FGL J2321.0+2836,13.434000015258789,12.432999610900879,9.27299976348877,6.914000034332275,18.1,,19.06599998474121,18.43899917602539,17.893999099731445,17.51099967956543,17.18899917602539,19.1464,18.2953,18.1102,17.5952,17.3271
4FGL J2322.4-2906,15.821999549865723,14.86400032043457,11.812999725341797,8.689000129699707,50.4,,,,,,,,,,,
4FGL J2330.4+1230,12.66100025177002,12.194000244140625,10.17199993133545,7.658999919891357,436.4,,18.481000900268555,16.701000213623047,15.956999778747559,15.491999626159668,15.12399959564209,18.4104,17.5854,16.978,16.8837,16.807
4FGL J2331.2-3839,13.710000038146973,13.347000122070312,12.520999908447266,8.628000259399414,45.8,,,,,,,,,,,
4FGL J2333.9-2343,11.027000427246094,10.168000221252441,7.546999931335449,5.314000129699707,782.1,0.49399998784065247,,,,,,17.2405,16.8764,16.3978,16.126,15.7161
4FGL J2334.0-2528,14.694999694824219,14.270000457763672,12.20199966430664,9.211000442504883,7.1,,,,,,,20.0432,19.3605,18.9564,18.8369,18.6518
4FGL J2335.9-5811,,,,,,,,,,,,,,,,
4FGL J2336.2-3136,,,,,145.2,,,,,,,,,,,
4FGL J2343.9+1539,14.795000076293945,13.730999946594238,11.413999557495117,8.458999633789062,148.4,,18.586000442504883,18.1560001373291,17.785999298095703,17.496000289916992,17.215999603271484,20.1092,19.9173,19.7568,19.7093,19.6073
4FGL J2345.9+3413,13.536999702453613,13.142000198364258,11.618000030517578,8.767999649047852,28.5,0.21400000154972076,19.117000579833984,18.257999420166016,17.395000457763672,16.96299934387207,16.6560001373291,18.4972,17.6239,17.548,17.2819,17.224
4FGL J2348.6-0426,14.79800033569336,13.536999702453613,10.501999855041504,8.015000343322754,162.2,,18.76799964904785,18.60099983215332,18.391000747680664,18.441999435424805,18.503999710083008,18.9026,18.3892,19.0135,18.838,18.7404
4FGL J2350.4-0559,14.779999732971191,14.529000282287598,11.732999801635742,8.37600040435791,24.5,0.10100000351667404,20.569000244140625,20.26099967956543,19.54599952697754,19.027000427246094,18.72599983215332,20.3822,19.9529,19.1974,19.055,18.756
4FGL J2351.7-3416,14.815999984741211,13.833000183105469,10.737000465393066,8.454000473022461,4.7,,,,,,,19.392,18.732,18.449,17.995,17.951
4FGL J2352.1-4301,15.152999877929688,14.095999717712402,11.571000099182129,8.911999702453613,,,,,,,,,,,,
4FGL J2359.7-5041,15.284000396728516,14.234999656677246,10.645000457763672,7.965000152587891,,,,,,,,,,,,
4FGL J2359.9+3145,14.314000129699707,13.744999885559082,11.720999717712402,8.53600025177002,23.2,0.06840000301599503,19.350000381469727,18.957000732421875,18.545000076293945,18.21500015258789,17.915000915527344,18.9336,18.5708,18.3008,18.0766,18.0157
4FGL J0102.1+5846,13.657999992370605,12.822999954223633,10.321000099182129,8.38700008392334,14.7,,,,,,,20.5752,19.2192,19.1394,18.4905,18.5494
4FGL J0203.9+5411,15.065999984741211,14.081000328063965,11.243000030517578,8.510000228881836,362.3,,,,,,,21.3697,20.5319,20.2045,19.9887,19.584
4FGL J0209.7+6437,,,,,223.9,,24.8799991607666,21.684999465942383,20.077999114990234,19.368000030517578,18.999000549316406,21.3622,20.1147,19.421,19.0757,18.759
4FGL J0325.2+4705,,,,,232.9,,,,,,,19.2568,18.6928,18.5591,18.1722,18.2236
4FGL J0440.2+4246,,,,,331.2,,,,,,,,21.8086,20.996,20.5285,20.263
4FGL J0453.9+3727,13.065999984741211,12.026000022888184,9.348999977111816,7.2270002365112305,79.4,,,,,,,21.8892,21.1336,19.741,19.1821,18.4817
4FGL J0458.6+5509,15.515000343322754,14.571000099182129,11.175000190734863,8.430999755859375,238.1,,,,,,,,20.4844,19.7744,19.5807,18.2555
4FGL J0516.7+2743,12.09000015258789,11.947999954223633,10.394000053405762,8.277999877929688,144.0,,20.902000427246094,18.327999114990234,16.715999603271484,15.883000373840332,15.277999877929688,19.466,18.3061,17.1948,17.0451,16.3529
4FGL J0520.4+3607,16.142000198364258,14.904000282287598,11.217000007629395,8.362000465393066,272.9,,,,,,,,21.5306,20.9988,20.3684,19.8915
4FGL J0627.0+2623,13.420999526977539,13.013999938964844,10.79800033569336,8.637999534606934,1444.4,,20.538000106811523,18.875999450683594,17.52199935913086,16.905000686645508,16.235000610351562,20.3046,19.298,18.575,18.2291,17.847
4FGL J0841.0-2744,14.916999816894531,13.751999855041504,10.826000213623047,8.585000038146973,66.1,,,,,,,21.2158,21.2613,20.3874,19.6617,19.8842
4FGL J0852.9-3824,,,,,140.3,0.012400000356137753,,,,,,,,,,
4FGL J0858.0-3130,14.392000198364258,13.729999542236328,11.770000457763672,8.767999649047852,5.5,,,,,,,,,18.1635,,
4FGL J0920.2-3835,12.555999755859375,11.843999862670898,9.074999809265137,6.5980000495910645,,,,,,,,,,,,
4FGL J0952.3-4342,14.663999557495117,14.048999786376953,11.168000221252441,8.41100025177002,,,,,,,,,,,,
4FGL J1028.7-6431,,,,,,,,,,,,,,,,
4FGL J1050.6-5248,15.24899959564209,14.234000205993652,11.121999740600586,9.184000015258789,,,,,,,,,,,,
4FGL J1132.8-5328,,,,,,,,,,,,,,,,
4FGL J1326.1-6800,12.097999572753906,12.067000389099121,11.065999984741211,8.592000007629395,,,,,,,,,,,,
4FGL J1545.0-6642,,,,,,0.26600000262260437,,,,,,,,,,
4FGL J1737.6-1503,,,,,330.1,,,,,,,20.5836,19.9561,19.496,19.2839,19.2347
4FGL J1747.6-4211,12.77299976348877,11.887999534606934,9.060999870300293,6.742000102996826,,,,,,,,,,,,
4FGL J2003.6+2333,,,,,72.0,,,,,,,21.6041,20.2148,19.4659,19.0142,18.745
4FGL J2024.8+2734,15.027999877929688,14.279000282287598,11.062000274658203,8.720999717712402,308.7,,,,,,,21.0794,20.2086,19.866,20.2287,18.7496
4FGL J2031.9+2403,13.041999816894531,12.730999946594238,11.006999969482422,8.416000366210938,182.9,,,,,,,18.9916,18.1043,17.5811,17.3184,17.0362
4FGL J2042.1+4209,6.315999984741211,5.939000129699707,6.010000228881836,4.639999866485596,,,20.951000213623047,23.375999450683594,18.448999404907227,15.333000183105469,12.85200023651123,21.1609,18.2643,15.3269,12.92,11.93
4FGL J2237.4+5124,13.321999549865723,12.621000289916992,10.097999572753906,7.909999847412109,710.0,,,,,,,19.3432,18.725,18.336,18.0317,17.905
4FGL J2307.7+6712,13.866999626159668,13.192000389099121,10.914999961853027,8.527000427246094,22.9,,,,,,,19.3912,18.1671,17.4914,17.1133,16.8387
4FGL J2358.4+6547,14.331000328063965,13.348999977111816,10.746999740600586,9.430999755859375,8.5,,,,,,,,,,,
4FGL J0001.2-0747,12.70199966430664,11.751999855041504,9.163000106811523,6.974999904632568,208.4,0.008100000210106373,18.908000946044922,18.35300064086914,17.89699935913086,17.506999969482422,17.20800018310547,17.5897,17.2316,16.9768,16.807,16.7916
4FGL J0009.3+5030,13.482999801635742,12.854000091552734,10.644000053405762,8.67199993133545,11.8,0.013000000268220901,,,,,,18.5775,18.2391,18.0708,17.7674,17.4316
4FGL J0013.1-3955,13.809000015258789,12.776000022888184,9.894000053405762,7.539000034332275,493.6,,,,,,,,,,,
4FGL J0019.3-8152,12.11299991607666,11.22700023651123,8.97700023651123,7.004000186920166,,0.02070000022649765,,,,,,,,,,
4FGL J0019.6+2022,14.616999626159668,13.581000328063965,10.460000038146973,8.324000358581543,983.4,0.008329999633133411,21.483999252319336,21.117000579833984,20.281999588012695,19.711999893188477,19.166000366210938,20.8804,19.8663,19.7007,19.1781,18.8857
4FGL J0021.5-2552,13.333999633789062,12.531999588012695,10.199999809265137,7.921999931335449,68.5,0.006560000125318766,,,,,,17.9124,17.5923,17.201,17.1929,17.0027
4FGL J0022.1-1854,12.486000061035156,11.635000228881836,9.303000450134277,7.4120001792907715,22.1,0.023399999365210533,,,,,,16.9439,16.5865,16.4443,16.4424,16.3174
4FGL J0022.5+0608,13.230999946594238,12.210000038146973,9.029999732971191,6.751999855041504,339.7,0.012799999676644802,19.951000213623047,19.392000198364258,18.972999572753906,18.582000732421875,18.246999740600586,18.4535,18.5157,18.5366,18.1024,17.8973
4FGL J0023.9+1603,14.409000396728516,13.477999687194824,10.480999946594238,7.813000202178955,57.2,,19.93199920654297,19.450000762939453,18.992000579833984,18.704999923706055,18.315000534057617,20.0852,19.4404,18.9131,18.7507,18.9485
4FGL J0029.0-7044,12.85200023651123,11.833999633789062,8.927000045776367,6.735000133514404,,,,,,,,,,,,
4FGL J0031.3+0726,13.904999732971191,13.071999549865723,10.803999900817871,8.425999641418457,11.6,0.032099999487400055,18.007999420166016,17.615999221801758,17.364999771118164,17.172000885009766,17.0049991607666,18.4557,17.7314,17.7134,17.6612,17.5592
4FGL J0040.3+4050,13.810999870300293,13.418999671936035,11.277000427246094,8.87600040435791,47.3,0.296999990940094,,,,,,20.9342,19.7493,18.8486,18.4884,18.1751
4FGL J0045.1-3706,13.958000183105469,12.857000350952148,10.54800033569336,8.154999732971191,329.3,0.012400000356137753,,,,,,,,,,
4FGL J0045.3+2128,12.829000473022461,12.109999656677246,9.831999778747559,7.953000068664551,49.4,0.2879999876022339,17.39699935913086,17.06399917602539,16.784000396728516,16.569000244140625,16.364999771118164,17.093,16.6606,16.4931,16.3527,16.4642
4FGL J0056.4-2118,12.937000274658203,11.986000061035156,9.47700023651123,7.482999801635742,89.8,0.004310000222176313,,,,,,17.785,17.4252,17.1536,17.0202,16.8999
4FGL J0058.0-3233,12.541000366210938,11.579000473022461,9.0,6.76800012588501,185.9,0.009759999811649323,,,,,,19.614,18.357,17.4796,17.42,17.201
4FGL J0107.4+0334,14.956000328063965,14.137999534606934,12.319000244140625,8.77299976348877,53.4,,21.461000442504883,21.10099983215332,20.645000457763672,20.270000457763672,19.701000213623047,19.9099,20.0788,18.8648,19.7116,19.2093
4FGL J0112.8-7506,14.182999610900879,13.482999801635742,11.347000122070312,8.647000312805176,,,,,,,,,,,,
4FGL J0115.6+0356,12.979000091552734,12.029999732971191,9.625,7.589000225067139,98.9,0.03180000185966492,17.468000411987305,16.999000549316406,16.731000900268555,16.524999618530273,16.31399917602539,18.0676,17.623,17.3945,17.0397,16.6392
4FGL J0116.0-2745,14.65999984741211,14.088000297546387,11.975000381469727,8.96399974822998,17.2,0.14300000667572021,,,,,,18.8739,18.8111,18.4705,18.5145,18.4028
4FGL J0116.2-6153,13.449999809265137,12.59000015258789,10.29699993133545,8.51099967956543,,0.010700000450015068,,,,,,,,,,
4FGL J0120.4-2701,11.315999984741211,10.385000228881836,7.761000156402588,5.646999835968018,934.3,0.0658000037074089,,,,,,16.2887,15.9631,15.6468,15.4054,15.3081
4FGL J0125.3-2548,14.071000099182129,13.015999794006348,10.145000457763672,7.869999885559082,165.7,0.006479999981820583,,,,,,19.1687,18.7934,18.6834,19.1672,18.3143
4FGL J0127.2+0324,13.454000473022461,12.746999740600586,10.722000122070312,8.42300033569336,15.7,0.0608999989926815,17.736000061035156,17.440000534057617,17.159000396728516,16.964000701904297,16.80299949645996,17.6808,17.5759,17.291,17.0423,16.9553
4FGL J0132.8-4413,13.359000205993652,12.543999671936035,10.168000221252441,8.314000129699707,,0.013799999840557575,,,,,,,,,,
4FGL J0136.5+3906,11.850000381469727,11.071999549865723,8.949999809265137,7.202000141143799,60.0,1.100000023841858,,,,,,15.841,15.8328,15.6839,15.2483,15.4486
4FGL J0138.0+2247,13.805999755859375,13.07699966430664,11.112000465393066,8.979000091552734,41.7,,19.176000595092773,18.687999725341797,18.259000778198242,17.937000274658203,17.652999877929688,18.2739,17.8877,17.633,17.4812,17.2938
4FGL J0139.0+2601,13.6899995803833,12.814000129699707,10.293999671936035,7.909999847412109,128.9,,19.961999893188477,19.382999420166016,18.69099998474121,18.253999710083008,17.930999755859375,18.5206,18.5016,18.0248,17.5727,17.3895
4FGL J0142.7-0543,13.288000106811523,12.394000053405762,9.892999649047852,7.802000045776367,456.0,,19.277999877929688,18.78700065612793,18.354000091552734,17.993999481201172,17.7450008392334,18.4234,18.4137,18.115,17.7527,17.5258
4FGL J0143.7-5846,13.4399995803833,12.77299976348877,10.694999694824219,8.869999885559082,,0.5640000104904175,,,,,,,,,,
4FGL J0144.6+2705,12.199999809265137,11.131999969482422,8.343999862670898,6.126999855041504,216.6,0.004999999888241291,22.322999954223633,20.812999725341797,19.479999542236328,18.667999267578125,18.010000228881836,19.6438,18.9997,18.0457,17.8041,16.7024
4FGL J0153.0+7517,13.920000076293945,13.130999565124512,11.347999572753906,9.116999626159668,21.2,,,,,,,19.0406,18.0888,18.0584,17.7284,17.5159
4FGL J0155.0+4433,13.187000274658203,12.24899959564209,9.970000267028809,7.909999847412109,37.1,,,,,,,18.932,18.7932,18.2463,17.2661,17.9317
4FGL J0158.5-3932,12.651000022888184,11.75,9.354999542236328,7.334000110626221,131.7,0.05570000037550926,,,,,,,,,,
4FGL J0159.7-2740,12.88700008392334,12.036999702453613,9.611000061035156,7.685999870300293,102.4,0.01850000023841858,,,,,,17.509,17.184,17.2967,16.8682,16.8262
4FGL J0200.6-6637,15.437000274658203,14.302000045776367,11.788999557495117,8.638999938964844,,0.003599999938160181,,,,,,,,,,
4FGL J0202.7+4204,12.569000244140625,11.480999946594238,8.704000473022461,6.383999824523926,166.5,,,,,,,19.5047,19.2884,18.8882,18.4363,17.7734
4FGL J0203.6+7233,11.211000442504883,10.54699993133545,8.079000473022461,5.859000205993652,229.3,0.007449999917298555,,,,,,19.5456,18.7206,17.9776,17.2527,16.7342
4FGL J0208.3-6838,13.847000122070312,12.852999687194824,10.09000015258789,7.820000171661377,,0.007720000110566616,,,,,,,,,,
4FGL J0209.3+4449,13.970999717712402,13.454999923706055,11.803999900817871,8.972000122070312,28.8,1.090000033378601,,,,,,18.5298,18.303,18.033,17.8724,17.8465
4FGL J0219.0+2443,13.201000213623047,12.322999954223633,10.241000175476074,8.053000450134277,49.1,,,,,,,17.7393,17.3286,16.5182,16.9398,16.6787
4FGL J0219.5+0724,13.942000389099121,12.934000015258789,10.286999702453613,8.211000442504883,87.3,,20.437999725341797,19.865999221801758,19.354000091552734,18.972999572753906,18.57699966430664,19.7743,19.4869,19.1924,18.6765,18.2978
4FGL J0226.5-4441,14.473999977111816,13.812000274658203,12.069999694824219,8.87600040435791,,0.23100000619888306,,,,,,,,,,
4FGL J0232.9+2608,14.119000434875488,13.270999908447266,10.916000366210938,8.602999687194824,97.7,,19.408000946044922,18.98900032043457,18.599000930786133,18.26799964904785,18.090999603271484,18.9224,18.5768,18.2325,18.0666,18.2785
4FGL J0241.0-0505,14.017999649047852,12.991000175476074,10.020000457763672,7.413000106811523,237.0,,19.76099967956543,19.18600082397461,18.64699935913086,18.304000854492188,17.969999313354492,20.1628,19.623,18.9994,18.9263,18.6778
4FGL J0243.4+7119,12.901000022888184,11.878999710083008,9.352999687194824,6.956999778747559,210.9,0.0036899999249726534,,,,,,19.2536,19.9557,18.4177,18.179,17.4132
4FGL J0245.1-0257,13.597999572753906,12.616000175476074,10.02299976348877,7.739999771118164,73.3,,17.67099952697754,17.222000122070312,16.87700080871582,16.60300064086914,16.368000030517578,19.064,18.6146,18.2846,18.0539,17.7032
4FGL J0258.1+2030,12.930000305175781,11.946999549865723,9.520000457763672,7.454999923706055,98.1,0.0024399999529123306,22.822999954223633,20.82200050354004,19.33300018310547,18.447999954223633,17.777999877929688,21.1351,19.9185,18.9924,18.4963,18.0865
4FGL J0304.9-0606,14.22599983215332,13.218000411987305,10.539999961853027,8.581000328063965,71.9,,19.851999282836914,19.283000946044922,18.799999237060547,18.450000762939453,18.184999465942383,19.6202,19.1174,18.7425,18.4254,18.2707
4FGL J0309.7-0745,13.225000381469727,12.5,10.321000099182129,8.26200008392334,81.4,0.005779999773949385,18.542999267578125,18.011999130249023,17.424999237060547,17.06800079345703,16.81800079345703,17.5691,17.451,17.3884,17.0217,16.9026
4FGL J0310.6-5017,13.770999908447266,13.13700008392334,11.104000091552734,8.645999908447266,,0.14300000667572021,,,,,,,,,,
4FGL J0312.5-2221,14.256999969482422,13.661999702453613,11.621999740600586,9.37600040435791,31.2,,,,,,,18.3275,18.2782,18.0459,17.7582,17.8822
4FGL J0314.3-5103,13.364999771118164,12.383999824523926,9.75,7.630000114440918,,0.020400000736117363,,,,,,,,,,
4FGL J0316.2-6437,13.83899974822998,13.140000343322754,10.527000427246094,8.520999908447266,,0.20499999821186066,,,,,,,,,,
4FGL J0322.0+2335,12.687000274658203,11.904999732971191,9.788999557495117,7.538000106811523,76.2,0.18299999833106995,,,,,,17.2389,16.9457,16.5683,16.5244,16.3486
4FGL J0333.7+2916,12.277000427246094,11.472000122070312,9.51200008392334,7.339000225067139,193.1,0.017799999564886093,,,,,,17.4886,17.0555,16.3836,16.1514,16.047
4FGL J0334.2-3725,11.486000061035156,10.524999618530273,7.7779998779296875,5.5929999351501465,221.2,0.17599999904632568,,,,,,,,,,
4FGL J0335.1-4459,13.434000015258789,12.567000389099121,10.274999618530273,8.62399959564209,,0.01640000008046627,,,,,,,,,,
4FGL J0338.5+1302,13.854000091552734,13.0600004196167,10.907999992370605,8.560999870300293,15.1,0.09220000356435776,,,,,,18.8808,18.2322,17.8576,17.3989,17.2965
4FGL J0348.6-1609,11.836999893188477,10.819999694824219,8.097999572753906,5.736000061035156,436.8,0.039400000125169754,,,,,,18.2465,16.9195,16.7197,16.4723,16.6052
4FGL J0354.7+8009,14.451000213623047,13.435999870300293,10.619999885559082,8.086999893188477,643.4,0.01360000018030405,20.360000610351562,19.70400047302246,19.143999099731445,18.798999786376953,18.381000518798828,20.8649,20.492,19.203,19.1336,18.9671
4FGL J0359.4-2616,15.067000389099121,13.979000091552734,11.050000190734863,8.694000244140625,795.9,,,,,,,21.1128,20.6513,20.2554,19.9272,19.5627
4FGL J0409.8-0359,12.545000076293945,11.619000434875488,9.234999656677246,7.239999771118164,39.1,0.00761000020429492,,,,,,17.3322,17.0074,16.7521,16.8203,16.6395
4FGL J0431.8+7403,13.682000160217285,12.836000442504883,10.819999694824219,8.855999946594238,30.0,0.05770000070333481,,,,,,18.2691,17.8746,17.5981,17.2672,17.1062
4FGL J0433.1+3227,14.22599983215332,13.461000442504883,11.402999877929688,8.86299991607666,14.7,0.09640000015497208,,,,,,19.7599,19.1344,18.7079,18.2202,17.9985
4FGL J0440.8+2749,12.791999816894531,12.010000228881836,10.008999824523926,7.820000171661377,102.0,0.027499999850988388,,,,,,19.4109,18.4748,17.9812,17.4495,17.2889
4FGL J0502.5+1340,13.019000053405762,12.036999702453613,9.406999588012695,7.013999938964844,544.8,0.025699999183416367,21.422000885009766,20.42799949645996,19.476999282836914,18.798999786376953,18.26300048828125,20.0303,19.6014,18.5118,18.0479,17.4968
4FGL J0505.6-1558,13.383000373840332,12.434000015258789,9.755999565124512,7.626999855041504,482.5,0.010499999858438969,,,,,,18.8815,18.2463,17.8868,17.4931,17.3598
4FGL J0506.0+6113,13.489999771118164,12.765999794006348,10.696000099182129,8.760000228881836,21.8,0.04390000179409981,21.67300033569336,20.57200050354004,19.636999130249023,19.018999099731445,18.576000213623047,19.3282,19.1407,18.655,18.292,17.482
4FGL J0506.7-0857,13.817000389099121,12.972999572753906,10.581999778747559,8.416000366210938,19.3,0.0014600000577047467,,,,,,19.1936,18.8534,18.1902,18.262,17.9389
4FGL J0515.8+1527,12.484999656677246,11.557999610900879,9.22700023651123,7.35099983215332,26.5,0.004430000204592943,20.256000518798828,19.184999465942383,18.253000259399414,17.69099998474121,17.18199920654297,18.4882,17.8914,17.3571,16.5899,17.0617
4FGL J0532.0-4827,11.194000244140625,10.274999618530273,7.919000148773193,5.855000019073486,,0.031199999153614044,,,,,,,,,,
4FGL J0540.5+5823,13.505000114440918,12.833000183105469,10.729999542236328,8.534000396728516,29.3,0.22699999809265137,,,,,,18.7349,18.0111,17.466,17.3778,17.0916
4FGL J0553.5-2034,13.699000358581543,12.847999572753906,10.744999885559082,8.439000129699707,232.7,0.21799999475479126,,,,,,17.8601,17.603,17.4905,17.2564,17.2013
4FGL J0556.2-4352,13.579000473022461,12.656000137329102,10.145000457763672,8.003999710083008,,0.003120000008493662,,,,,,,,,,
4FGL J0558.8-7459,12.241999626159668,11.265999794006348,8.701000213623047,6.558000087738037,,0.007939999923110008,,,,,,,,,,
4FGL J0607.4+4739,11.3100004196167,10.380999565124512,7.835999965667725,5.788000106811523,380.0,0.025599999353289604,,,,,,17.0207,16.5448,16.2837,16.0961,15.8896
4FGL J0610.1-1848,12.770999908447266,11.722999572753906,8.918000221252441,6.521999835968018,128.2,0.08529999852180481,,,,,,18.942,18.4798,17.6792,17.9692,17.5787
4FGL J0612.8+4122,11.666999816894531,10.666999816894531,8.154999732971191,6.004000186920166,247.8,0.021900000050663948,,,,,,17.2488,16.9981,16.6745,16.1002,15.9361
4FGL J0615.3-3117,13.347000122070312,12.461999893188477,10.397000312805176,8.348999977111816,173.1,,,,,,,17.6717,17.3133,17.1765,,
4FGL J0617.2+5701,11.916999816894531,10.951000213623047,8.392000198364258,6.251999855041504,462.6,0.017799999564886093,,,,,,17.6129,17.1975,16.9239,16.6541,16.2981
4FGL J0625.3+4439,12.791999816894531,11.833000183105469,9.309000015258789,7.252999782562256,122.3,0.08250000327825546,18.28700065612793,17.783000946044922,17.34600067138672,17.02899932861328,16.75,18.2517,17.6446,17.6346,17.2711,17.0557
4FGL J0626.4-4259,14.465999603271484,13.840999603271484,11.694000244140625,8.781000137329102,,0.02239999920129776,,,,,,,,,,
4FGL J0628.8-6250,15.467000007629395,14.352999687194824,11.29800033569336,8.652999877929688,,0.0025599999353289604,,,,,,,,,,
4FGL J0644.4-6712,12.04800033569336,11.017999649047852,8.515000343322754,6.250999927520752,,0.006149999797344208,,,,,,,,,,
4FGL J0647.7-6058,14.803000450134277,13.694999694824219,10.682999610900879,8.26200008392334,,0.005520000122487545,,,,,,,,,,
4FGL J0700.5-6610,11.263999938964844,10.342000007629395,7.948999881744385,5.914999961853027,,0.029999999329447746,,,,,,,,,,
4FGL J0703.2-3914,12.782999992370605,11.857000350952148,9.468999862670898,7.269999980926514,36.5,0.008820000104606152,,,,,,,,,,
4FGL J0706.5+3744,12.960000038146973,12.105999946594238,9.98900032043457,8.223999977111816,27.0,0.04830000177025795,,,,,,17.6611,17.4159,17.3271,17.0919,16.7566
4FGL J0706.8+7742,12.3149995803833,11.432999610900879,8.984999656677246,7.071000099182129,37.0,0.0076500000432133675,,,,,,17.7656,16.9862,17.054,16.4147,16.1417
4FGL J0706.9+6109,12.479999542236328,11.498000144958496,8.6899995803833,6.466000080108643,424.6,,,,,,,18.0716,17.6123,17.362,16.8256,16.7506
4FGL J0709.1+2241,12.708000183105469,11.895999908447266,9.805999755859375,7.798999786376953,40.1,0.06419999897480011,,,,,,17.0691,16.9184,16.5589,16.6879,16.294
4FGL J0718.6-4319,12.925000190734863,12.0649995803833,9.817000389099121,8.1850004196167,,0.007819999940693378,,,,,,,,,,
4FGL J0723.7+2050,13.812000274658203,13.083999633789062,10.97700023651123,8.894000053405762,42.8,,,,,,,17.732,17.8584,17.3573,17.341,16.9853
4FGL J0728.2+4827,13.428999900817871,12.638999938964844,10.661999702453613,8.404999732971191,88.8,,,,,,,18.2742,18.0076,17.5596,17.581,17.4299
4FGL J0743.1+1713,13.713000297546387,12.611000061035156,9.765999794006348,7.4720001220703125,305.7,,19.160999298095703,18.660999298095703,18.25,17.924999237060547,17.68199920654297,19.2017,18.8242,18.6689,18.2524,18.1049
4FGL J0747.5+0905,13.803999900817871,13.32800006866455,11.454999923706055,8.753000259399414,39.5,0.18000000715255737,18.733999252319336,18.511999130249023,17.940000534057617,17.582000732421875,17.315000534057617,18.6803,18.4596,18.0842,18.0168,17.8884
4FGL J0805.9+3834,13.954999923706055,13.031000137329102,10.991999626159668,8.725000381469727,13.3,,20.952999114990234,20.39699935913086,19.844999313354492,19.361000061035156,19.065000534057617,18.4163,18.4466,17.0604,17.9849,16.939
4FGL J0807.1-0541,12.678999900817871,11.746000289916992,9.119999885559082,6.874000072479248,544.8,0.023000000044703484,,,,,,17.7099,17.2,16.8391,17.0075,16.4744
4FGL J0811.0-7529,12.79699993133545,11.963000297546387,9.628000259399414,7.691999912261963,,0.02370000071823597,,,,,,,,,,
4FGL J0812.8+6507,13.909000396728516,13.347999572753906,11.850000381469727,8.748000144958496,29.3,0.07739999890327454,19.082000732421875,18.506000518798828,17.777999877929688,17.409000396728516,17.138999938964844,18.6828,18.0732,17.7679,17.6118,17.4097
4FGL J0814.2-1013,12.123000144958496,11.270000457763672,8.718999862670898,6.698999881744385,36.4,0.04450000077486038,,,,,,17.2181,16.7347,17.4137,16.1559,16.253
4FGL J0817.8+3243,14.378999710083008,13.64900016784668,11.010000228881836,8.869999885559082,7.1,0.014299999922513962,19.3439998626709,18.885000228881836,18.538000106811523,18.249000549316406,17.98699951171875,18.9089,18.632,18.2912,18.1717,18.1086
4FGL J0817.8-0934,12.538000106811523,11.553999900817871,8.817000389099121,6.486999988555908,466.9,0.005789999850094318,,,,,,17.8782,17.5944,17.4907,17.16,16.8421
4FGL J0818.7+3153,14.335000038146973,13.517000198364258,11.321000099182129,8.8149995803833,62.7,,19.981000900268555,19.5310001373291,19.180999755859375,18.893999099731445,18.6200008392334,20.7995,20.2922,20.0363,19.7682,19.3781
4FGL J0820.9-1258,12.956000328063965,11.897000312805176,9.062999725341797,6.567999839782715,1096.2,0.02019999921321869,,,,,,18.7835,18.3113,18.6649,17.6212,17.5075
4FGL J0826.4-6404,14.109000205993652,13.47700023651123,11.61400032043457,9.40999984741211,,0.45399999618530273,,,,,,,,,,
4FGL J0829.7+5105,14.340999603271484,13.435999870300293,11.045000076293945,8.668000221252441,27.2,,21.360000610351562,20.833999633789062,20.3799991607666,20.06800079345703,19.799999237060547,20.0427,19.7045,19.1236,19.1352,18.8042
4FGL J0831.5+1747,14.336000442504883,13.527000427246094,11.699999809265137,8.194000244140625,32.8,,19.305999755859375,18.93600082397461,18.59600067138672,18.312000274658203,18.115999221801758,18.3748,18.4799,17.9438,18.0063,17.838
4FGL J0834.6+4402,12.892000198364258,11.942000389099121,9.34000015258789,7.103000164031982,148.0,,18.819000244140625,18.240999221801758,17.799999237060547,17.450000762939453,17.14699935913086,18.6665,18.1457,18.2749,17.7289,17.8554
4FGL J0839.4+1803,12.859000205993652,11.98900032043457,9.418000221252441,7.2820000648498535,409.9,,18.176000595092773,17.607999801635742,17.134000778198242,16.79599952697754,16.520999908447266,17.9898,17.8477,17.2576,17.0378,16.8661
4FGL J0847.9-0702,11.60099983215332,10.57800006866455,7.629000186920166,5.388999938964844,183.3,0.013399999588727951,,,,,,17.4235,16.9753,16.4847,16.3758,16.1384
4FGL J0848.7+7017,14.940999984741211,13.994999885559082,11.74899959564209,8.696000099182129,51.6,,,,,,,19.6265,19.4494,19.2891,19.2882,18.9505
4FGL J0850.0+4855,11.293999671936035,10.315999984741211,7.163000106811523,4.951000213623047,91.6,0.011800000444054604,19.448999404907227,18.834999084472656,18.295000076293945,17.926000595092773,17.64299964904785,17.3591,17.654,17.2208,16.1573,16.4954
4FGL J0851.5+5528,13.083000183105469,12.180999755859375,9.394000053405762,7.229000091552734,108.4,,19.086000442504883,18.55299949645996,18.149999618530273,17.847000122070312,17.56999969482422,18.5985,17.7167,17.8454,17.6798,17.4349
4FGL J0856.6-1105,12.489999771118164,11.51200008392334,8.65999984741211,6.531000137329102,475.2,0.018200000748038292,,,,,,18.3635,17.5708,17.5305,17.509,17.2134
4FGL J0859.4+6218,14.496999740600586,13.758999824523926,11.904999732971191,9.038000106811523,21.7,,19.979999542236328,19.5310001373291,19.187000274658203,18.898000717163086,18.660999298095703,19.0954,18.7914,18.093,18.4665,18.1312
4FGL J0901.2+6742,15.989999771118164,15.288999557495117,11.522000312805176,8.59000015258789,98.3,0.0021800000686198473,,,,,,19.9272,19.6027,18.8682,19.3957,19.1685
4FGL J0905.6+1358,12.4350004196167,11.600000381469727,9.121999740600586,7.093999862670898,128.9,0.039500001817941666,16.785999298095703,16.381000518798828,16.09000015258789,15.85200023651123,15.663999557495117,16.8337,16.1922,16.0082,16.0961,16.004
4FGL J0909.6+0159,13.717000007629395,12.720999717712402,10.15999984741211,7.88100004196167,156.6,0.012799999676644802,19.871999740600586,19.351999282836914,18.920000076293945,18.639999389648438,18.368999481201172,18.9348,19.2161,18.5375,17.98,17.634
4FGL J0928.7-3529,13.661999702453613,12.701000213623047,9.779999732971191,7.421000003814697,23.0,,,,,,,,,,,
4FGL J0929.3+5014,12.939000129699707,11.961999893188477,9.0600004196167,6.784999847412109,522.0,0.07119999825954437,17.42300033569336,16.989999771118164,16.64900016784668,16.364999771118164,16.111000061035156,17.267,17.3034,16.9387,16.6637,16.3919
4FGL J0930.3+8612,12.583000183105469,11.574999809265137,9.119000434875488,6.853000164031982,142.3,,,,,,,18.5581,17.6641,17.5763,17.0656,16.9142
4FGL J0930.7+3502,14.949999809265137,13.949000358581543,10.947999954223633,8.678999900817871,483.9,,21.273000717163086,21.9689998626709,21.614999771118164,21.374000549316406,21.535999298095703,20.1761,20.0064,20.044,19.738,19.4596
4FGL J0935.3-1736,13.847999572753906,13.107999801635742,10.654999732971191,8.197999954223633,48.5,0.015300000086426735,,,,,,18.6077,18.2981,17.8935,17.8326,17.7448
4FGL J0941.9+2724,14.640999794006348,13.765999794006348,11.229000091552734,8.58899974822998,104.2,,21.468000411987305,20.83799934387207,20.402000427246094,20.040000915527344,19.3700008392334,20.1284,19.7228,19.3187,19.1714,18.8947
4FGL J0942.3-0800,12.836000442504883,11.857999801635742,8.944000244140625,6.7129998207092285,215.8,0.010499999858438969,,,,,,18.5212,18.12,17.8069,17.6375,17.579
4FGL J0953.0-0840,12.517999649047852,11.677000045776367,9.164999961853027,7.076000213623047,84.7,0.08030000329017639,,,,,,16.8578,16.4652,16.2197,16.1378,16.0193
4FGL J1011.6+3600,15.277000427246094,14.543000221252441,12.411999702453613,8.347000122070312,10.8,,21.39299964904785,21.083999633789062,20.687999725341797,20.44499969482422,20.256000518798828,19.6384,19.4566,19.1829,18.9371,18.909
4FGL J1018.8+5913,13.543999671936035,12.8149995803833,10.331999778747559,8.142000198364258,97.4,,18.506999969482422,18.084999084472656,17.753999710083008,17.457000732421875,17.211000442504883,18.4885,18.3121,18.0454,17.6718,17.4092
4FGL J1019.7+6321,13.048999786376953,12.067999839782715,9.123000144958496,6.922999858856201,108.6,,19.510000228881836,18.87299919128418,18.422000885009766,18.09600067138672,17.85300064086914,18.4125,18.5069,18.267,17.0775,17.431
4FGL J1022.4-4231,14.227999687194824,13.163000106811523,10.472999572753906,8.432000160217285,,,,,,,,,,,,
4FGL J1030.6-2028,14.63599967956543,13.770999908447266,11.866000175476074,8.901000022888184,11.1,,,,,,,19.122,18.756,18.7974,18.6628,18.1836
4FGL J1032.7+6624,14.52299976348877,13.54699993133545,11.067000389099121,8.61400032043457,84.7,,20.277000427246094,19.639999389648438,19.170000076293945,18.878999710083008,18.597999572753906,19.1433,18.7999,18.2152,18.3794,18.0114
4FGL J1036.5+1231,13.97700023651123,13.277000427246094,10.852999687194824,7.73799991607666,107.9,0.015699999406933784,18.884000778198242,18.43199920654297,18.04800033569336,17.781999588012695,17.520000457763672,18.6968,18.2401,18.1392,17.9872,17.7617
4FGL J1040.5+0617,13.107000350952148,12.156000137329102,9.741999626159668,7.677999973297119,34.2,0.013000000268220901,21.038000106811523,20.334999084472656,19.849000930786133,19.340999603271484,18.94099998474121,17.6576,18.4147,18.0925,16.9404,16.5331
4FGL J1042.1-4128,13.380000114440918,12.725000381469727,10.614999771118164,8.6899995803833,,,,,,,,,,,,
4FGL J1047.7+7238,12.204999923706055,11.317000389099121,9.239999771118164,7.184999942779541,36.0,0.004009999800473452,,,,,,17.7563,16.8605,16.8341,16.7189,16.4014
4FGL J1052.9-3743,13.515000343322754,12.732999801635742,10.298999786376953,8.196999549865723,62.6,,,,,,,,,,,
4FGL J1055.5-0125,14.241000175476074,13.543999671936035,11.138999938964844,8.23799991607666,11.6,0.15299999713897705,19.11199951171875,18.732999801635742,18.465999603271484,18.20400047302246,18.031999588012695,18.6683,18.2152,17.9022,18.118,17.9604
4FGL J1058.0+4305,15.241999626159668,14.282999992370605,11.366000175476074,8.569000244140625,307.3,,19.906999588012695,19.53499984741211,19.187999725341797,18.92099952697754,18.645999908447266,20.7894,20.3015,19.6247,19.4507,19.1281
4FGL J1059.2-1134,11.78499984741211,10.824000358581543,8.154999732971191,6.020999908447266,260.8,0.060600001364946365,,,,,,16.3261,16.1999,15.7395,15.7157,15.9821
4FGL J1107.6+0222,13.90999984741211,13.04800033569336,10.793999671936035,8.013999938964844,20.8,,19.482999801635742,18.993000030517578,18.660999298095703,18.510000228881836,18.33799934387207,18.2911,18.1635,17.8003,17.7271,17.504
4FGL J1110.2+7135,13.802000045776367,12.986000061035156,10.656999588012695,8.557999610900879,53.9,0.034299999475479126,,,,,,18.0498,17.7715,17.6301,17.6089,17.5546
4FGL J1110.5-1836,14.232999801635742,13.317999839782715,10.661999702453613,8.880999565124512,46.6,0.002580000087618828,,,,,,19.3281,18.8156,18.3905,18.4801,18.2237
4FGL J1113.8+1528,13.92199993133545,13.256999969482422,11.097999572753906,8.76200008392334,44.9,,19.89299964904785,25.11400032043457,18.79199981689453,18.43199920654297,22.82699966430664,18.9412,18.5874,18.1961,18.0112,17.9568
4FGL J1113.9+5523,14.61299991607666,13.906000137329102,11.994000434875488,8.963000297546387,13.8,,20.378000259399414,19.992000579833984,19.75200080871582,19.488000869750977,19.33099937438965,19.0575,18.9361,18.6116,18.5528,18.4346
4FGL J1118.0+5356,14.027999877929688,13.24899959564209,11.119000434875488,9.095000267028809,12.4,0.033799998462200165,18.076000213623047,17.7549991607666,17.506000518798828,17.329999923706055,17.16200065612793,18.0044,17.6641,17.3302,17.5675,17.1812
4FGL J1124.9+4934,14.3149995803833,13.652000427246094,11.555000305175781,8.489999771118164,19.7,0.11100000143051147,19.075000762939453,18.761999130249023,18.533000946044922,18.361000061035156,18.145000457763672,18.246,18.0464,17.7004,17.8782,17.7217
4FGL J1125.1-2101,13.565999984741211,12.664999961853027,10.583000183105469,8.656000137329102,36.0,,,,,,,18.2676,18.0645,17.7761,17.7164,17.5577
4FGL J1135.1+3014,15.5,14.461000442504883,11.425000190734863,8.807999610900879,94.0,,21.481000900268555,20.96500015258789,20.40999984741211,19.951000213623047,19.589000701904297,20.6467,20.3991,19.6702,20.289,19.6023
4FGL J1141.5-1408,14.369999885559082,13.805000305175781,11.85099983215332,8.557000160217285,59.2,0.09799999743700027,,,,,,18.7584,18.6174,18.3291,18.2186,18.0566
4FGL J1154.1-3243,13.87600040435791,12.831000328063965,10.086999893188477,7.589000225067139,211.0,0.0024500000290572643,,,,,,,,,,
4FGL J1155.5-3418,13.411999702453613,12.666000366210938,10.484999656677246,8.762999534606934,23.3,0.03519999980926514,,,,,,,,,,
4FGL J1156.6-2248,14.178999900817871,13.333999633789062,10.916999816894531,8.892999649047852,15.8,0.02070000022649765,,,,,,18.3523,17.9363,17.73,17.705,17.674
4FGL J1159.0+0939,14.119000434875488,13.26200008392334,11.02299976348877,8.41100025177002,33.8,0.008329999633133411,19.024999618530273,18.617000579833984,18.30900001525879,18.083999633789062,17.909000396728516,18.775,18.6533,18.3192,17.9421,17.8077
4FGL J1159.5-0723,12.881999969482422,12.105999946594238,9.9399995803833,7.572999954223633,76.0,,,,,,,18.0822,17.9842,17.5554,17.3372,16.9935
4FGL J1201.7+1429,14.14799976348877,13.020000457763672,10.012999534606934,7.629000186920166,156.7,,20.895000457763672,20.30699920654297,19.857999801635742,19.485000610351562,19.16900062561035,19.6578,19.6293,19.182,18.6691,18.87
4FGL J1213.8-4345,14.137999534606934,13.15999984741211,10.305000305175781,8.133999824523926,,,,,,,,,,,,
4FGL J1218.5-0119,12.166000366210938,11.265999794006348,8.788999557495117,6.64300012588501,243.9,0.010900000110268593,18.506999969482422,17.979999542236328,17.566999435424805,17.25,16.979999542236328,16.9065,17.0615,16.7663,16.2915,16.0262
4FGL J1219.7+0444,13.66100025177002,12.906000137329102,10.968999862670898,8.645000457763672,7.5,0.017400000244379044,18.615999221801758,18.202999114990234,17.843000411987305,17.577999114990234,17.38800048828125,18.0305,17.7208,17.5593,17.6606,17.4405
4FGL J1220.1+3432,12.83899974822998,11.961000442504883,9.482000350952148,7.367000102996826,250.3,0.012299999594688416,18.582000732421875,18.009000778198242,17.566999435424805,17.194000244140625,16.86199951171875,18.0759,17.5942,17.2439,17.1134,16.7993
4FGL J1223.5+0818,15.074000358581543,14.145000457763672,11.852999687194824,8.722999572753906,11.7,0.007710000034421682,20.19499969482422,19.83099937438965,19.511999130249023,19.290000915527344,19.01099967956543,19.8348,19.1754,19.1218,18.9664,18.8065
4FGL J1223.6-3032,14.10099983215332,13.46500015258789,11.73900032043457,8.593999862670898,6.6,0.09809999912977219,,,,,,18.7753,18.1662,18.0061,17.7656,17.6053
4FGL J1223.8+8039,13.348999977111816,12.251999855041504,9.47599983215332,7.10699987411499,704.8,0.015799999237060547,,,,,,19.6615,19.3348,18.7498,18.7136,18.3933
4FGL J1226.0+5622,15.49899959564209,14.541999816894531,11.798999786376953,9.38599967956543,15.8,,20.600000381469727,20.0939998626709,19.618999481201172,19.302000045776367,19.07900047302246,19.7964,19.4964,20.8981,19.8555,
4FGL J1233.1+1703,14.317999839782715,13.822999954223633,11.652000427246094,8.536999702453613,30.9,0.053599998354911804,18.246999740600586,17.927000045776367,17.68600082397461,17.465999603271484,17.267000198364258,18.8247,18.4956,18.3692,18.1763,18.068
4FGL J1233.7-0144,14.128000259399414,13.149999618530273,10.63599967956543,8.819000244140625,27.9,0.012500000186264515,19.082000732421875,18.58799934387207,18.305999755859375,18.06599998474121,17.875999450683594,18.9464,18.9113,18.3096,18.1535,18.1064
4FGL J1238.1-4541,12.368000030517578,11.506999969482422,9.17300033569336,7.111999988555908,,0.013500000350177288,,,,,,,,,,
4FGL J1238.3-1959,12.784000396728516,11.88700008392334,9.423999786376953,7.264999866485596,94.7,,18.799999237060547,18.216999053955078,17.79199981689453,17.44700050354004,17.201000213623047,17.7298,16.8457,16.5399,17.0454,16.5216
4FGL J1245.8+0232,13.845000267028809,13.003999710083008,10.881999969482422,8.406000137329102,34.3,,20.18000030517578,19.570999145507812,19.083999633789062,18.797000885009766,18.479000091552734,19.2377,18.5384,18.6456,18.3116,18.0489
4FGL J1248.3+5820,11.310999870300293,10.439000129699707,8.121000289916992,6.2129998207092285,244.8,0.11299999803304672,15.958999633789062,15.581999778747559,15.305999755859375,15.098999977111816,14.934000015258789,15.6592,15.6208,15.1883,15.0948,15.0067
4FGL J1253.2+5301,11.79800033569336,10.883999824523926,8.428000450134277,6.315999984741211,487.5,0.04280000180006027,18.23200035095215,17.715999603271484,17.274999618530273,16.950000762939453,16.655000686645508,16.5435,16.0019,15.7274,15.675,15.5674
4FGL J1259.8-3749,13.72599983215332,13.005999565124512,10.782999992370605,8.664999961853027,26.1,0.010599999688565731,,,,,,,,,,
4FGL J1304.3-4353,11.824999809265137,10.961999893188477,8.621999740600586,6.6620001792907715,,0.15600000321865082,,,,,,,,,,
4FGL J1305.6+7853,15.70199966430664,14.78499984741211,11.970000267028809,8.78600025177002,287.3,0.0048500001430511475,,,,,,20.717,20.2093,19.9215,19.6247,19.4497
4FGL J1307.6-4259,12.10099983215332,11.366000175476074,9.270999908447266,7.386000156402588,,0.4830000102519989,,,,,,,,,,
4FGL J1309.7+1153,13.060999870300293,11.994999885559082,9.260000228881836,7.019000053405762,855.0,0.013000000268220901,19.461000442504883,18.83300018310547,18.381999969482422,18.047000885009766,17.663999557495117,18.7254,18.3646,18.096,18.0222,17.5337
4FGL J1314.7+2348,11.366999626159668,10.503000259399414,8.04699993133545,6.0929999351501465,183.7,0.010200000368058681,17.54800033569336,17.125,16.79800033569336,16.538000106811523,16.320999145507812,16.3741,16.6757,15.9819,15.7737,15.3456
4FGL J1315.9-0732,12.307000160217285,11.444999694824219,9.210000038146973,7.159999847412109,23.8,0.10100000351667404,,,,,,17.6316,17.3292,17.0985,16.3584,16.6374
4FGL J1319.8+7759,13.409000396728516,12.779000282287598,10.795000076293945,8.729999542236328,23.5,,,,,,,17.8702,17.4542,17.4037,16.9919,16.9235
4FGL J1328.5-4727,13.675000190734863,13.09000015258789,11.026000022888184,8.666999816894531,,0.05139999836683273,,,,,,,,,,
4FGL J1330.2+7002,13.939000129699707,13.118000030517578,10.748000144958496,8.446000099182129,20.5,0.0210999995470047,,,,,,18.3705,18.5485,18.0613,18.0062,17.5733
4FGL J1330.3+4441,14.119000434875488,13.303999900817871,11.107999801635742,9.246999740600586,20.8,0.022600000724196434,19.26799964904785,18.80299949645996,18.499000549316406,18.243999481201172,17.99799919128418,18.7838,18.3287,18.555,18.1285,18.3217
4FGL J1330.4+3157,14.588000297546387,13.428999900817871,10.12399959564209,7.630000114440918,829.0,0.012000000104308128,21.143999099731445,20.511999130249023,19.972999572753906,19.562999725341797,19.2189998626709,19.7065,19.1083,19.2658,18.8988,18.6413
4FGL J1331.6+1711,13.791000366210938,12.873000144958496,10.338000297546387,7.9770002365112305,180.1,,20.56999969482422,20.114999771118164,19.68899917602539,19.31599998474121,19.003000259399414,18.628,18.2511,18.0763,18.0381,17.8472
4FGL J1338.9+1153,13.36299991607666,12.470999717712402,10.246999740600586,7.915999889373779,15.7,0.007110000122338533,18.694000244140625,18.202999114990234,17.847000122070312,17.59000015258789,17.381000518798828,18.1574,17.9127,17.7094,17.3715,17.1233
4FGL J1345.6-3356,13.649999618530273,12.753999710083008,10.383000373840332,8.277000427246094,39.8,,,,,,,,,,,
4FGL J1347.1-2959,13.053000450134277,12.295999526977539,10.218999862670898,8.359999656677246,26.6,0.05270000174641609,,,,,,17.2668,17.332,17.1457,16.7798,16.5029
4FGL J1351.3+1115,13.434000015258789,12.762999534606934,10.635000228881836,8.694000244140625,42.3,0.11699999868869781,19.118999481201172,18.823999404907227,18.523000717163086,18.229999542236328,18.0049991607666,17.3204,17.2733,16.6916,16.7178,16.8863
4FGL J1353.0-4413,12.468999862670898,11.413999557495117,8.60099983215332,6.360000133514404,,,,,,,,,,,,
4FGL J1406.1-2508,13.708000183105469,12.854999542236328,10.461000442504883,8.380999565124512,30.4,0.024700000882148743,,,,,,18.2395,17.9728,17.8857,17.6669,17.3929
4FGL J1407.5-2706,10.633999824523926,10.647000312805176,9.272000312805176,7.784999847412109,101.4,,,,,,,12.744,12.708,12.774,12.868,14.6681
4FGL J1407.6-4301,14.013999938964844,13.005999565124512,10.37600040435791,8.086000442504883,,0.013199999928474426,,,,,,,,,,
4FGL J1410.1+0202,12.909000396728516,11.821000099182129,9.255999565124512,6.853000164031982,333.5,,19.2549991607666,18.64299964904785,18.177000045776367,17.791000366210938,17.482999801635742,18.4329,18.3307,17.7502,16.8363,16.6246
4FGL J1411.5-0723,13.993000030517578,13.564000129699707,11.800999641418457,8.496000289916992,93.8,0.017400000244379044,,,,,,19.4063,19.0205,18.6456,18.4824,18.2962
4FGL J1420.3+0612,14.006999969482422,13.23900032043457,11.128999710083008,9.067000389099121,52.3,,21.270999908447266,19.815000534057617,18.81800079345703,18.148000717163086,17.875,20.5343,19.7012,19.0015,18.5114,18.4309
4FGL J1423.1+3738,13.723999977111816,12.829999923706055,10.071999549865723,7.916999816894531,45.2,0.0034000000450760126,19.36199951171875,18.875,18.452999114990234,18.118000030517578,17.790000915527344,18.6671,18.7748,17.0888,18.0446,17.8167
4FGL J1425.0+3615,14.166999816894531,13.246000289916992,10.795999526977539,9.062999725341797,90.6,0.009019999764859676,18.426000595092773,17.985000610351562,17.611000061035156,17.349000930786133,17.117000579833984,19.0703,18.6369,18.3293,18.2735,18.2285
4FGL J1426.1+3403,13.467000007629395,12.557999610900879,9.96500015258789,7.873000144958496,34.6,0.004269999917596579,18.03499984741211,17.62299919128418,17.3439998626709,17.104000091552734,16.905000686645508,18.5678,18.1777,17.8667,17.8757,17.6689
4FGL J1427.6-3305,12.42199993133545,11.281999588012695,8.303000450134277,5.829999923706055,160.6,0.059700001031160355,,,,,,20.701,18.649,16.8727,16.686,16.274
4FGL J1427.7-3215,13.663999557495117,12.92199993133545,10.567000389099121,8.817000389099121,10.8,0.0017399999778717756,,,,,,18.103,17.488,18.6085,17.204,17.138
4FGL J1431.1-3120,12.45199966430664,11.491999626159668,8.994999885559082,6.7779998779296875,254.4,,,,,,,18.283,17.4659,16.936,16.743,16.596
4FGL J1439.7+4958,13.248000144958496,12.13700008392334,9.17199993133545,6.691999912261963,111.2,0.009340000338852406,18.56999969482422,18.05299949645996,17.56999969482422,17.219999313354492,16.95199966430664,19.2589,18.5724,18.5898,18.025,17.7998
4FGL J1440.0-1530,13.48900032043457,12.425999641418457,9.484999656677246,7.081999778747559,640.4,,,,,,,19.7114,18.9229,18.5479,18.304,17.969
4FGL J1445.9-1626,14.269000053405762,13.138999938964844,10.102999687194824,7.669000148773193,395.8,,,,,,,20.8349,20.0412,19.8462,19.3196,19.1323
4FGL J1448.0+3608,12.97599983215332,12.201000213623047,9.956999778747559,7.909999847412109,34.6,0.2619999945163727,17.32200050354004,16.98900032043457,16.767000198364258,16.520999908447266,16.451000213623047,16.4792,16.5305,15.9177,16.4417,16.3972
4FGL J1454.4+5124,12.333999633789062,11.420000076293945,8.9399995803833,6.935999870300293,177.3,0.08820000290870667,18.691999435424805,18.23200035095215,17.816999435424805,17.500999450683594,17.23200035095215,16.693,16.3572,16.1664,16.1362,16.1688
4FGL J1454.7+5237,14.925999641418457,13.977999687194824,11.442000389099121,9.369000434875488,44.3,,21.554000854492188,20.996000289916992,20.632999420166016,20.072999954223633,19.652999877929688,21.0778,20.5761,20.158,19.6093,19.4572
4FGL J1500.9+5528,15.230999946594238,14.399999618530273,11.883999824523926,9.119000434875488,11.5,,20.32900047302246,19.91699981689453,19.70400047302246,19.481000900268555,19.246999740600586,19.5153,19.4206,19.4309,18.7908,18.9653
4FGL J1505.0-3433,14.361000061035156,13.128999710083008,10.29699993133545,7.593999862670898,138.0,0.0052200001664459705,,,,,,,,,,
4FGL J1511.8-0513,13.857999801635742,13.151000022888184,11.20300006866455,9.09000015258789,16.4,0.5360000133514404,,,,,,17.8911,17.6418,17.5454,17.4796,17.4042
4FGL J1516.8+3651,13.91100025177002,12.944000244140625,10.22599983215332,8.005999565124512,178.9,,21.05299949645996,20.329999923706055,19.895000457763672,19.534000396728516,19.12700080871582,19.8304,19.1541,18.9577,19.2187,18.9483
4FGL J1516.9+1934,12.538000106811523,11.473999977111816,8.531000137329102,6.173999786376953,464.1,0.01979999989271164,19.500999450683594,18.93600082397461,18.367000579833984,17.920000076293945,17.530000686645508,18.9718,18.3395,18.2497,17.4716,17.413
4FGL J1518.0-2731,11.942000389099121,11.222999572753906,9.248000144958496,7.048999786376953,564.2,0.05339999869465828,,,,,,17.4035,16.8013,16.0812,16.0856,15.7905
4FGL J1520.8-0348,13.03499984741211,12.196000099182129,9.956000328063965,8.10200023651123,45.4,0.024000000208616257,,,,,,17.8291,17.6484,17.3814,17.1126,16.9597
4FGL J1536.8-3155,14.524999618530273,13.381999969482422,10.385000228881836,8.39900016784668,279.0,,,,,,,,,,,
4FGL J1539.7-1127,13.524999618530273,12.79699993133545,10.539999961853027,8.54800033569336,78.4,0.07020000368356705,,,,,,18.1491,17.7474,17.7101,17.228,17.1419
4FGL J1539.9+4220,14.666000366210938,13.696999549865723,11.097999572753906,8.753999710083008,49.0,,18.854999542236328,18.413000106811523,18.06999969482422,17.81100082397461,17.569000244140625,19.0677,18.7808,18.5684,18.7117,18.3253
4FGL J1540.1+8155,12.927000045776367,12.244000434875488,10.154000282287598,8.182000160217285,69.2,0.34200000762939453,,,,,,17.2999,17.2034,16.8689,16.9025,16.7263
4FGL J1546.1-1003,13.192999839782715,12.340999603271484,10.213000297546387,8.0,51.7,,,,,,,18.3198,17.6624,18.2562,17.2743,17.1477
4FGL J1549.8-0659,13.979000091552734,13.305999755859375,10.723999977111816,8.564000129699707,12.6,0.13899999856948853,,,,,,18.7288,18.1515,18.0027,17.8608,17.7408
4FGL J1550.8-0822,14.074000358581543,13.404999732971191,11.329000473022461,8.619000434875488,26.2,,,,,,,18.9844,18.4467,18.0424,17.8818,17.6547
4FGL J1553.5-3118,12.267999649047852,11.508999824523926,9.289999961853027,7.265999794006348,155.6,0.06650000065565109,,,,,,17.1125,16.7689,16.5404,17.451,16.906
4FGL J1557.5-7040,15.076000213623047,14.329000473022461,11.104999542236328,8.510000228881836,,0.013500000350177288,,,,,,,,,,
4FGL J1608.0-2038,12.241000175476074,11.35200023651123,9.095999717712402,5.7820000648498535,335.8,,,,,,,19.0686,18.3695,18.1022,17.5252,17.3392
4FGL J1610.7-6648,12.38700008392334,11.656999588012695,9.58899974822998,7.915999889373779,,0.35899999737739563,,,,,,,,,,
4FGL J1612.4-3100,12.687000274658203,11.831999778747559,9.682000160217285,7.567999839782715,221.2,,,,,,,18.1492,17.736,17.27,17.013,16.84
4FGL J1616.7+3327,14.770000457763672,13.847999572753906,11.244999885559082,8.270999908447266,21.1,,20.10300064086914,19.516000747680664,19.131999969482422,18.834999084472656,18.604999542236328,20.1528,20.0199,19.1603,18.8432,18.7492
4FGL J1624.6+5651,12.656000137329102,11.664999961853027,8.824000358581543,6.591000080108643,258.6,,18.927000045776367,18.31599998474121,17.8700008392334,17.542999267578125,17.226999282836914,18.1121,17.8792,18.0857,17.1935,17.0295
4FGL J1641.9-0621,13.180999755859375,12.034000396728516,9.225000381469727,6.823999881744385,844.6,0.010400000028312206,21.128999710083008,20.315000534057617,19.40399932861328,18.797000885009766,18.304000854492188,20.5222,19.6158,19.1409,18.8314,18.349
4FGL J1642.3-8108,13.602999687194824,12.586000442504883,9.687999725341797,7.376999855041504,,,,,,,,,,,,
4FGL J1643.0-7714,11.239999771118164,10.920000076293945,8.668000221252441,6.459000110626221,,,,,,,,,,,,
4FGL J1649.4+5235,12.633999824523926,11.791000366210938,9.449000358581543,7.513000011444092,48.9,0.0035500000230968,18.183000564575195,17.695999145507812,17.257999420166016,16.972000122070312,16.726999282836914,17.531,17.0215,16.8773,16.3789,16.3697
4FGL J1701.3+3956,11.928000450134277,10.934000015258789,8.01099967956543,5.785999774932861,190.2,,17.886999130249023,17.316999435424805,16.85700035095215,16.4689998626709,16.163000106811523,18.4878,18.0326,17.6431,16.9018,17.0215
4FGL J1702.2+2642,13.430999755859375,12.472000122070312,9.704999923706055,7.374000072479248,43.6,0.0044200001284480095,18.929000854492188,18.35300064086914,17.885000228881836,17.541000366210938,17.23900032043457,18.4761,18.1706,17.855,17.6273,17.4475
4FGL J1704.5-0527,13.987000465393066,13.223999977111816,10.968000411987305,8.402000427246094,9.9,0.0885000005364418,,,,,,19.2991,18.7321,18.2686,17.6807,17.4666
4FGL J1736.0+2033,14.071000099182129,13.319999694824219,11.210000038146973,8.621000289916992,24.3,0.23399999737739563,,,,,,18.3814,18.0839,18.0721,17.8251,17.6237
4FGL J1740.6+5346,14.206000328063965,13.211000442504883,10.765000343322754,8.470999717712402,48.7,,20.14299964904785,19.615999221801758,19.197999954223633,18.908000946044922,18.625999450683594,19.3615,18.9047,18.5986,18.4591,18.2864
4FGL J1741.2+5739,14.574000358581543,13.913999557495117,11.817999839782715,8.9399995803833,18.7,,19.715999603271484,19.333999633789062,19.000999450683594,18.69099998474121,18.45400047302246,19.1752,18.8852,18.6333,18.4121,18.4115
4FGL J1745.4-0753,12.840999603271484,11.812999725341797,9.104999542236328,6.750999927520752,1181.4,0.024000000208616257,,,,,,20.539,19.9741,19.0056,18.2967,17.9743
4FGL J1749.0+4321,13.032999992370605,11.972999572753906,9.053999900817871,6.711999893188477,278.7,0.026100000366568565,20.009000778198242,19.402999877929688,18.915000915527344,18.506000518798828,18.145000457763672,18.7722,18.3536,18.3197,17.6583,17.6025
4FGL J1754.2+3212,11.824000358581543,10.963000297546387,8.791999816894531,6.855999946594238,63.4,0.053700000047683716,,,,,,17.0751,16.0061,16.4955,16.4954,16.1144
4FGL J1807.9+4650,13.428999900817871,12.6850004196167,10.243000030517578,8.048999786376953,64.3,,,,,,,18.6565,18.1482,17.8258,17.5942,17.4736
4FGL J1808.2+3500,12.913000106811523,11.987000465393066,9.305999755859375,7.243000030517578,93.7,,,,,,,18.3534,17.8712,17.331,17.0281,16.9499
4FGL J1810.7+5335,13.595000267028809,12.77299976348877,10.458999633789062,8.241000175476074,10.3,0.006380000151693821,,,,,,18.1625,17.9284,17.6762,17.6594,17.4785
4FGL J1811.0+1608,13.798999786376953,12.914999961853027,10.50100040435791,8.397000312805176,33.1,,,,,,,18.4038,18.5549,18.126,17.4008,17.0796
4FGL J1811.3+0340,12.543999671936035,11.798999786376953,9.859000205993652,8.04800033569336,20.6,0.2160000056028366,18.29400062561035,17.80699920654297,17.41699981689453,17.128000259399414,16.900999069213867,17.4471,17.0431,17.3263,16.8649,16.491
4FGL J1813.6+0614,13.369999885559082,12.449000358581543,9.137999534606934,6.767000198364258,190.0,,,,,,,18.8463,18.0965,18.3372,17.4117,17.171
4FGL J1819.1+2133,13.47700023651123,12.588000297546387,10.083000183105469,7.918000221252441,78.1,0.00394000019878149,19.225000381469727,18.610000610351562,18.020000457763672,17.687999725341797,17.37299919128418,19.2038,18.7206,18.3728,18.117,17.8766
4FGL J1820.3+3624,14.357000350952148,13.918000221252441,11.871000289916992,8.949999809265137,13.3,0.0575999990105629,,,,,,18.5174,18.2557,18.4737,18.2522,17.8558
4FGL J1823.5+6858,13.696999549865723,12.833000183105469,10.260000228881836,7.995999813079834,219.3,,,,,,,20.0798,19.6613,20.3489,19.7046,19.2569
4FGL J1829.3+5402,13.265999794006348,12.454000473022461,10.229999542236328,8.182999610900879,25.4,0.019600000232458115,,,,,,17.9296,17.7111,17.4526,17.2617,17.2346
4FGL J1830.0+1324,13.282999992370605,12.307000160217285,9.616999626159668,7.40500020980835,94.8,0.002749999985098839,,,,,,19.0159,18.6927,18.2127,17.8215,17.6095
4FGL J1832.6-5658,13.138999938964844,12.152999877929688,9.411999702453613,7.208000183105469,,,,,,,,,,,,
4FGL J1834.7-5858,13.70300006866455,12.668000221252441,9.937999725341797,7.515999794006348,,,,,,,,,,,,
4FGL J1836.4+3137,12.819999694824219,12.022000312805176,9.557999610900879,7.551000118255615,36.1,0.006810000166296959,,,,,,17.9955,17.4174,17.262,17.0025,16.7557
4FGL J1841.3+2909,13.307000160217285,12.692000389099121,10.675999641418457,8.696999549865723,63.7,0.08449999988079071,,,,,,18.3189,17.7825,17.4291,17.2304,17.0396
4FGL J1841.8+3218,13.755000114440918,13.043000221252441,10.927000045776367,9.109999656677246,20.4,0.07360000163316727,,,,,,18.6591,18.2093,17.8212,17.5808,17.4832
4FGL J1849.4+2745,12.807999610900879,11.777000427246094,9.0600004196167,6.872000217437744,47.0,,,,,,,19.4295,19.3874,18.4893,18.1986,18.0679
4FGL J1849.4-4313,11.817999839782715,10.850000381469727,8.434000015258789,6.320000171661377,,0.01510000042617321,,,,,,,,,,
4FGL J1903.2+5540,11.505999565124512,10.597000122070312,8.276000022888184,6.24399995803833,260.1,0.039000000804662704,,,,,,16.5578,16.3156,16.0399,15.708,15.7111
4FGL J1918.2-4111,13.050999641418457,12.104999542236328,9.447999954223633,7.269000053405762,,0.009519999846816063,,,,,,,,,,
4FGL J1921.8-1607,12.510000228881836,11.765000343322754,8.168000221252441,7.23199987411499,95.6,0.022700000554323196,,,,,,17.8575,16.9674,17.0041,16.9051,16.3191
4FGL J1925.8-2220,14.498000144958496,13.736000061035156,10.970000267028809,7.929999828338623,444.3,,,,,,,20.4145,19.8869,19.0531,19.3544,18.9983
4FGL J1926.8+6154,13.128000259399414,12.347999572753906,10.197999954223633,8.265999794006348,22.1,0.22100000083446503,17.599000930786133,17.31599998474121,17.07699966430664,16.865999221801758,16.704999923706055,17.0721,17.0334,17.0195,16.519,16.46
4FGL J1927.5+6117,12.286999702453613,11.258000373840332,8.435999870300293,6.132999897003174,534.1,0.03200000151991844,18.035999298095703,17.56599998474121,17.18199920654297,16.878999710083008,16.638999938964844,17.9423,17.6595,17.2299,17.1126,16.8879
4FGL J1941.3-6210,13.86299991607666,12.539999961853027,9.677000045776367,7.2779998779296875,,0.02930000051856041,,,,,,,,,,
4FGL J1955.1-1604,13.607000350952148,13.069999694824219,10.914999961853027,8.342000007629395,24.3,0.17900000512599945,,,,,,18.6031,18.41,17.9803,17.8323,17.3957
4FGL J1959.7-4725,12.630000114440918,11.819000244140625,9.590999603271484,8.003000259399414,,0.07109999656677246,,,,,,,,,,
4FGL J2005.1+7003,13.817000389099121,13.072999954223633,11.187999725341797,9.201000213623047,6.5,0.0674000009894371,,,,,,19.877,19.0545,18.4517,17.9125,17.559
4FGL J2010.0+7229,13.581000328063965,12.47599983215332,9.428999900817871,6.980999946594238,953.0,0.009600000455975533,,,,,,19.8772,18.7076,18.2484,17.7605,17.589
4FGL J2012.2-1646,15.751999855041504,14.696000099182129,12.01099967956543,8.467000007629395,148.9,,,,,,,20.1916,19.4128,20.0007,19.6809,19.1879
4FGL J2015.2-0137,12.590999603271484,11.633000373840332,9.01200008392334,6.8460001945495605,917.9,0.01899999938905239,,,,,,17.8549,17.1761,16.9457,16.796,16.6483
4FGL J2021.9+0629,12.593999862670898,11.779000282287598,9.463000297546387,7.78000020980835,60.9,0.007809999864548445,18.55299949645996,17.993000030517578,17.48699951171875,17.14299964904785,16.80699920654297,17.7262,17.3164,16.59,16.777,16.6179
4FGL J2022.3-4513,12.189000129699707,11.232999801635742,8.427000045776367,6.281000137329102,,0.024399999529123306,,,,,,,,,,
4FGL J2024.4-0847,13.86400032043457,13.114999771118164,10.956999778747559,8.335000038146973,36.3,0.08290000259876251,,,,,,18.4329,18.1913,17.9153,17.7851,17.6586
4FGL J2030.9+1935,14.027000427246094,13.442999839782715,11.288999557495117,8.57800006866455,56.2,0.05920000001788139,,,,,,18.6032,18.257,18.006,17.8075,17.6371
4FGL J2034.8-4200,13.920999526977539,13.28499984741211,11.545000076293945,8.50100040435791,,0.050999999046325684,,,,,,,,,,
4FGL J2036.4+6553,13.201000213623047,12.336999893188477,9.940999984741211,7.881999969482422,130.5,,,,,,,18.9954,18.2774,17.954,17.6696,17.3885
4FGL J2039.0-1046,11.843999862670898,10.89799976348877,8.305000305175781,6.104000091552734,192.7,0.01549999974668026,,,,,,17.5712,17.086,17.2264,16.1837,16.3749
4FGL J2041.8-7319,14.32699966430664,13.659000396728516,11.5649995803833,9.243000030517578,,,,,,,,,,,,
4FGL J2046.6-1012,13.178999900817871,12.340999603271484,9.90999984741211,8.27400016784668,105.4,0.010499999858438969,,,,,,17.6001,17.399,16.651,16.9621,16.7976
4FGL J2050.0+0408,12.930000305175781,11.914999961853027,8.951000213623047,6.71999979019165,565.0,0.010300000198185444,19.520999908447266,18.91900062561035,18.452999114990234,18.091999053955078,17.673999786376953,18.975,18.5418,18.1194,17.7852,17.6197
4FGL J2056.7-3209,13.07800006866455,12.045000076293945,9.531000137329102,7.0980000495910645,66.5,,,,,,,19.034,18.041,19.0218,17.429,17.274
4FGL J2103.8-6233,12.133999824523926,11.27400016784668,9.3149995803833,7.4629998207092285,,0.04259999841451645,,,,,,,,,,
4FGL J2104.3-0212,13.913000106811523,13.27299976348877,11.090999603271484,8.112000465393066,13.6,,18.465999603271484,18.090999603271484,17.82900047302246,17.597000122070312,17.42799949645996,18.0605,17.7775,17.6552,17.6132,17.4961
4FGL J2108.9-6638,12.958000183105469,12.003999710083008,9.739999771118164,7.76800012588501,,0.027699999511241913,,,,,,,,,,
4FGL J2112.7+0819,14.097000122070312,13.335000038146973,10.777000427246094,8.553000450134277,22.0,0.04960000142455101,18.916000366210938,18.29199981689453,17.857999801635742,17.562000274658203,17.291000366210938,18.6989,18.2313,18.188,17.8107,17.9827
4FGL J2115.2+1218,14.300999641418457,13.536999702453613,11.576000213623047,8.937000274658203,16.0,0.011900000274181366,18.68600082397461,18.23200035095215,17.915000915527344,17.634000778198242,17.408000946044922,18.6215,18.2191,18.2589,17.6449,17.7092
4FGL J2127.7+3612,12.795999526977539,11.968000411987305,9.552000045776367,7.598999977111816,191.2,0.062199998646974564,,,,,,17.7571,17.1671,16.9436,17.0159,16.8471
4FGL J2133.9+6646,13.51200008392334,12.708000183105469,10.711000442504883,8.930000305175781,34.6,0.015599999576807022,,,,,,20.4427,19.9842,19.1852,18.3311,18.1048
4FGL J2134.5-2130,13.628000259399414,12.87399959564209,10.460000038146973,8.052000045776367,22.1,0.002090000081807375,,,,,,18.633,18.2861,17.9992,17.7426,17.4219
4FGL J2139.4-4235,11.057000160217285,10.131999969482422,7.828999996185303,5.795000076293945,,0.03539999946951866,,,,,,,,,,
4FGL J2144.2+3132,13.152000427246094,12.34000015258789,9.9399995803833,7.875,80.8,,,,,,,18.1503,17.617,17.2694,17.1627,16.8034
4FGL J2149.6+0323,12.99899959564209,12.071000099182129,9.576000213623047,7.48799991607666,96.9,0.0033100000582635403,19.273000717163086,18.718000411987305,18.226999282836914,17.871999740600586,17.552000045776367,18.5725,17.8519,17.5553,17.1579,17.1801
4FGL J2200.1+2138,13.6850004196167,12.645999908447266,9.8100004196167,7.554999828338623,209.0,,20.121000289916992,19.44300079345703,18.899999618530273,18.42099952697754,18.06599998474121,19.5027,18.5461,17.8633,18.0589,18.2716
4FGL J2212.6+2800,14.3100004196167,13.390999794006348,10.763999938964844,8.649999618530273,144.4,,20.336000442504883,19.761999130249023,19.170000076293945,18.809999465942383,18.44300079345703,19.7358,19.8727,19.2417,19.2883,19.1387
4FGL J2223.3+0102,13.947999954223633,13.130999565124512,10.869999885559082,8.281999588012695,6.1,0.004519999958574772,20.018999099731445,19.486000061035156,19.132999420166016,18.875999450683594,18.652999877929688,19.1312,18.7011,19.4633,18.8591,18.0756
4FGL J2234.1-2656,13.062999725341797,12.149999618530273,9.571999549865723,7.255000114440918,99.5,0.01119999960064888,,,,,,18.0914,17.8496,17.6907,16.699,17.4148
4FGL J2235.3+1818,13.62399959564209,12.711999893188477,10.086000442504883,8.340999603271484,21.2,,20.12700080871582,19.466999053955078,18.882999420166016,18.45400047302246,18.131000518798828,19.0042,18.6366,18.0002,17.9741,17.7926
4FGL J2235.8-3627,13.498000144958496,12.545999526977539,9.586999893188477,7.519000053405762,67.8,0.003949999809265137,,,,,,,,,,
4FGL J2243.9+2021,11.916000366210938,11.088000297546387,8.753000259399414,6.798999786376953,108.5,0.1860000044107437,16.420000076293945,16.058000564575195,15.781000137329102,15.553000450134277,15.383999824523926,16.3518,16.0949,16.0123,15.6313,15.3968
4FGL J2247.8+4413,13.149999618530273,12.493000030517578,10.3149995803833,8.336000442504883,70.6,0.12300000339746475,,,,,,18.0197,17.5851,17.2799,17.2365,17.0154
4FGL J2251.5-4928,13.925000190734863,13.213000297546387,10.63599967956543,8.475000381469727,,0.0033199999015778303,,,,,,,,,,
4FGL J2256.6-2011,12.46399974822998,11.402000427246094,8.543000221252441,6.199999809265137,344.8,0.029999999329447746,,,,,,17.8137,17.8659,16.9994,17.0373,16.5487
4FGL J2256.7+1307,13.897000312805176,13.008999824523926,10.51200008392334,8.065999984741211,44.2,,19.591999053955078,19.027999877929688,18.593000411987305,18.29800033569336,18.0,19.0327,18.7042,18.4848,18.2807,17.9165
4FGL J2258.3-3643,13.925000190734863,13.345000267028809,10.993000030517578,8.833999633789062,10.6,0.007309999782592058,,,,,,,,,,
4FGL J2300.3+3136,13.001999855041504,12.074000358581543,9.592000007629395,7.579999923706055,67.5,,18.496000289916992,18.000999450683594,17.59000015258789,17.277999877929688,17.020999908447266,18.0632,17.6749,17.3063,17.2008,17.1426
4FGL J2304.6+3704,13.508999824523926,12.843000411987305,10.822999954223633,8.753000259399414,22.5,0.2160000056028366,,,,,,17.7576,17.4399,17.3391,17.0327,17.0366
4FGL J2311.0+0205,12.388999938964844,11.395999908447266,8.845999717712402,6.611000061035156,61.9,0.009479999542236328,17.834999084472656,17.304000854492188,16.864999771118164,16.5310001373291,16.239999771118164,17.465,17.1865,16.5784,17.1096,16.9147
4FGL J2319.7+1609,13.866999626159668,13.208999633789062,11.411999702453613,8.930999755859375,36.6,0.02710000053048134,17.89699935913086,17.591999053955078,17.34000015258789,17.145999908447266,16.974000930786133,18.569,18.1489,18.1085,18.0233,17.7347
4FGL J2324.7+0801,13.071999549865723,12.208000183105469,9.98799991607666,8.1850004196167,75.4,0.0028699999675154686,17.611000061035156,17.149999618530273,16.77400016784668,16.489999771118164,16.238000869750977,18.1742,17.5722,17.3922,17.3845,16.9429
4FGL J2325.2+3957,13.574000358581543,12.550999641418457,9.63599967956543,7.11299991607666,113.3,0.007089999970048666,,,,,,18.7102,18.1704,17.8381,17.8267,17.7184
4FGL J2325.6+1644,13.720999717712402,12.97700023651123,10.583000183105469,8.418000221252441,50.8,0.012799999676644802,18.547000885009766,18.170000076293945,17.82200050354004,17.57900047302246,17.33300018310547,18.574,18.2582,17.9965,17.62,17.6001
4FGL J2346.7+8008,14.0649995803833,13.015999794006348,10.748000144958496,8.404000282287598,141.9,0.007619999814778566,,,,,,20.0707,19.1316,18.5813,17.7696,17.8746
4FGL J2351.3-7559,13.696000099182129,13.105999946594238,11.241000175476074,8.821999549865723,,0.02500000037252903,,,,,,,,,,
4FGL J2352.0+1750,13.741999626159668,12.843000411987305,10.324999809265137,8.133999824523926,44.2,,18.336000442504883,17.96299934387207,17.611000061035156,17.389999389648438,17.194000244140625,19.0274,18.5698,18.3236,18.0532,17.4172
