"Source_Name","DataRelease","RAJ2000","DEJ2000","GLON","GLAT","Signif_Avg","Flux1000","Unc_Flux1000","Energy_Flux100","Unc_Energy_Flux100","SpectrumType","PL_Index","Unc_PL_Index","Pivot_Energy","LP_Index","Unc_LP_Index","LP_beta","Unc_LP_beta","Flags","CLASS","ASSOC1","ASSOC_PROB_BAY","ASSOC_PROB_LR","Counterpart_Catalog","RA_Counterpart","DEC_Counterpart","Unc_Counterpart","VLBI_Counterpart","Redshift","SED_class","nu_syn","nuFnu_syn","Variability_Index","Frac_Variability","Unc_Frac_Variability","Highest_energy","Gaia_G_Magnitude","AGN_Type","LabelNo","LogFlux","LogEnergy_Flux","LogSignificance","LogVariability_Index","Lognu_syn","LognuFnu_syn","LogPivot_Energy","InvRedshift"
"4FGL J0001.5+2113",1,0.381500005722046,21.2182998657227,107.649353027344,-40.167652130127,44.1346969604492,1.35905264819769e-09,6.85988557624917e-11,1.92603502591204e-11,8.20958101846458e-13,"LogParabola",2.65930795669556,0.0231073368340731,355.784423828125,2.54815053939819,0.0332636423408985,0.158776074647903,0.0235323440283537,0,"fsrq","TXS 2358+209",0.998048603534698,0.95818156003952,"crates",0.3848771,21.2267429583,3.40000013920871e-07,"RFC J0001+2113",1.10599994659424,"ISP",158489326387200,1.15247102226018e-12,1564.41760253906,1.05458319187164,0.249801725149155,-Inf,18.4836,"FSRQ",1,-8.86676371885334,-10.7153358192769,1.64478014896218,3.1943526939092,14.2000000195681,-11.9383699857047,2.55118693083737,0.474833820208386
"4FGL J0003.9-1149",1,0.998600006103516,-11.8250999450684,84.5954208374023,-71.0751037597656,12.3664884567261,3.50517698199937e-10,4.44829346968323e-11,3.21110152357029e-12,4.41956502861621e-13,"LogParabola",2.08710861206055,0.0864409655332565,1677.43737792969,1.93206882476807,0.158645793795586,0.271187216043472,0.112648956477642,0,"bll","PMN J0004-1148",0.998322486877441,0.970857858657837,"bllac",1.02047914167,-11.8162183194,1.1999999571799e-07,"RFC J0004-1148",1.30999004840851,"LSP",2454708813824,8.17359309575327e-13,4.35857391357422,0,10,-Inf,19.32226,"BLL",0,-9.45529004891979,-11.4933459633748,1.09224639644648,0.639344415237421,12.3899999819784,-12.0875869864761,3.22464631606772,0.432902297864426
"4FGL J0004.0+0840",1,1.00730001926422,8.67570018768311,103.495979309082,-52.3978462219238,6.89971160888672,1.91857113529537e-10,3.54946939895573e-11,2.48675559311184e-12,4.60142557737186e-13,"PowerLaw",2.03531503677368,0.128196597099304,2554.3271484375,1.6673219203949,0.295443385839462,0.469106525182724,0.244834363460541,0,"bll","SDSS J000359.23+084138.1",0.992267787456512,0,"rfc",0.996792179167,8.6939406,4.19999992118392e-07,"RFC J0003+0841",2.05712890625,"ISP",301995156045824,2.59305652037384e-13,11.352560043335,0.378928303718567,0.394661515951157,-Inf,19.76158,"BLL",0,-9.71702209373253,-11.6043668965872,0.838830938666735,1.05509380754901,14.4799999769987,-12.5861880168909,3.40727651926347,0.327104296438269
"4FGL J0004.3+4614",2,1.07570004463196,46.2426986694336,114.488967895508,-15.8549089431763,7.11504602432251,2.40936770534717e-10,3.92383105174421e-11,2.48675559311184e-12,4.60142557737186e-13,"PowerLaw",2.58496904373169,0.1102090254426,917.122741699219,2.52697110176086,0.158780246973038,0.0672923773527145,0.0817702859640121,0,"fsrq","MG4 J000421+4615",0.998864591121674,0.874343931674957,"cgrabs",1.06719851493835,46.2549934387207,1.3e-07,"RFC J0004+4615",1.80999994277954,"LSP",2570395844608,2.29443092129855e-13,44.8602905273438,1.06099951267242,0.300658047199249,-Inf,20.491125,"FSRQ",1,-9.61809691514615,-11.6043668965872,0.852177713702756,1.65186208186428,12.4100000104483,-12.6393250131275,2.96242746268795,0.35587189336767
"4FGL J0004.4-4737",1,1.10909998416901,-47.6232986450195,323.985992431641,-67.5378265380859,19.5527496337891,4.35961794442719e-10,3.74674458125668e-11,6.5130097495758e-12,4.71926317469062e-13,"PowerLaw",2.36556005477905,0.0591547936201096,915.582763671875,2.30428576469421,0.0781823173165321,0.0920369178056717,0.0475452020764351,0,"fsrq","PKS 0002-478",0.997179925441742,0.973249971866608,"bzcat",1.1485645375,-47.6054455472,8.80000001757253e-08,"RFC J0004-4736",0.879999995231628,"LSP",13182567448576,2.52001999996587e-12,139.123046875,0.88832825422287,0.222168579697609,-Inf,19.847563,"FSRQ",1,-9.36055156850601,-11.1862182717132,1.29120783931825,2.14339908039855,13.1200000020759,-11.5985960124564,2.96169760825693,0.531914894966153
"4FGL J0005.9+3824",1,1.49860000610352,38.4010009765625,113.232276916504,-23.613338470459,16.4557456970215,4.25147389515601e-10,4.8877246000556e-11,8.3591545144146e-12,6.57985330717453e-13,"LogParabola",2.67211556434631,0.0566135756671429,450.062713623047,2.55204963684082,0.0889158323407173,0.189904108643532,0.0695975795388222,0,"fsrq","S4 0003+38",0.992690801620483,0.909059286117554,"cgrabs",1.48823080417,38.3375414,7.50000026528141e-08,"RFC J0005+3820",0.229000002145767,"LSP",13182567448576,7.26000639814095e-12,26.7695159912109,0.314990162849426,0.109259396791458,-Inf,18.399437,"FSRQ",1,-9.3714604832285,-11.077837646998,1.21631756726022,1.42764051895508,13.1200000020759,-11.1390629965622,2.65327303440365,0.813669648701428
"4FGL J0006.3-0620",1,1.59920001029968,-6.34929990768433,93.6470184326172,-66.6251831054688,5.2548656463623,1.39768474571866e-10,3.13496832660132e-11,1.42504779677977e-12,3.81683102007938e-13,"PowerLaw",2.1278440952301,0.149941086769104,2162.20825195312,2.10563063621521,0.227268546819687,0.169534549117088,0.172836139798164,0,"bll","PKS 0003-066",0.990141093730927,0.999468803405762,"cgrabs",1.55788704167,-6.39314870278,6.79999985209179e-08,"RFC J0006-0623",0.347000002861023,"LSP",8317637754880,8.18035222893698e-12,20.4125785827637,0.474207848310471,0.34798663854599,-Inf,17.154104,"BLL",0,-9.8545907746807,-11.846170568968,0.720561616693588,1.3098978696612,12.9200000022897,-11.0872279961098,3.3348975204769,0.742390495824799
"4FGL J0006.4+0135",1,1.60940003395081,1.59819996356964,100.477447509766,-59.2974891662598,6.01141786575317,1.51911871970611e-10,3.21952534076964e-11,1.96877063263212e-12,4.16911893463129e-13,"PowerLaw",2.05246686935425,0.156270951032639,2602.171875,1.74092161655426,0.334045827388763,0.321143865585327,0.24654033780098,0,"bll","NVSS J000626+013611",0.997290968894958,0.821436405181885,"whsp2",1.61218634167,1.60288485,1.50000005305628e-06,"RFC J0006+0136",0.787000000476837,"ISP",229086760796160,2.24388189236022e-13,6.26467037200928,0,10,19.6749992370605,19.612198,"BLL",0,-9.81840828453187,-11.7058048774549,0.778976917701311,0.796898224670378,14.3599999915058,-12.6490000060817,3.41533597858178,0.55959708994581
"4FGL J0008.0+4711",1,2.00239992141724,47.1949996948242,115.316253662109,-15.03355884552,47.1915130615234,2.05329353519801e-09,8.06263875108293e-11,1.82660431918835e-11,1.1171772057797e-12,"LogParabola",2.04704880714417,0.0277926120907068,1362.56066894531,1.92862987518311,0.0432520695030689,0.0791311115026474,0.0203012954443693,0,"bll","MG4 J000800+4712",0.999955236911774,0.973673701286316,"bllac",1.99988861667,47.20215795,2.3999999143598e-07,"RFC J0007+4712",0.280000001192093,"LSP",33496544313344,1.29830282809273e-12,6.43400430679321,0,10,68.1520004272461,19.009436,"BLL",0,-8.68754896022313,-10.7383555197542,1.67386390198241,0.808481347274049,13.5250000051545,-11.8866239968805,3.13435584863791,0.781249999272404
"4FGL J0009.1+0628",1,2.29730010032654,6.48280000686646,104.480735778809,-54.8682975769043,15.1436672210693,4.77001493859319e-10,4.72849190358282e-11,5.13099372018155e-12,5.72554536334285e-13,"PowerLaw",2.09905457496643,0.0722695514559746,1881.513671875,2.06306958198547,0.0888237878680229,0.0460004732012749,0.0437916181981564,0,"bll","TXS 0006+061",0.993144929409027,0.866401731967926,"bzcat",2.26638275,6.47256675278,1.59999999027605e-07,"RFC J0009+0628",1.56262898445129,"LSP",24547088662528,1.7127540705153e-12,13.0460004806519,0.210369467735291,0.162408873438835,45.6535987854004,17.992191,"BLL",0,-9.32148026084701,-11.2897985168769,1.18023105752988,1.11547739018712,13.3899999912543,-11.7663049916672,3.27450737843494,0.390224260346497
"4FGL J0010.6+2043",1,2.65019989013672,20.7332000732422,110.218742370605,-41.1282691955566,5.65001916885376,1.72612577009623e-10,3.44380322869764e-11,1.94978321682582e-12,4.42065194129412e-13,"PowerLaw",2.3178699016571,0.149617612361908,1386.23889160156,2.24944400787354,0.204874336719513,0.0839310809969902,0.115888640284538,0,"fsrq","TXS 0007+205",0.969851732254028,0,"bzcat",2.61976269167,20.7971634917,1.39999997372797e-07,"RFC J0010+2047",0.600000023841858,"LSP",3630780645376,3.63813661271792e-13,26.9593143463135,0.703226983547211,0.27255243062973,-Inf,19.31853,"FSRQ",1,-9.7629275636215,-11.7100136722118,0.752049921255419,1.43070884263334,12.5600000116834,-12.4391209971264,3.14183807902342,0.624999990686774
"4FGL J0010.6-3025",1,2.66750001907349,-30.4258003234863,10.263708114624,-80.4823150634766,15.5498876571655,3.49237666563695e-10,3.66138855345532e-11,4.52254466515312e-12,4.40705198029301e-13,"PowerLaw",2.45603561401367,0.0664989352226257,735.708312988281,2.39259767532349,0.0919875428080559,0.106107525527477,0.0597391314804554,0,"fsrq","PKS 0008-307",0.996741950511932,0.964344203472137,"cgrabs",2.64892584167,-30.4631718333,1.80000000682412e-07,"RFC J0010-3027",1.19000005722046,"LSP",9660508667904,6.70165420553481e-13,91.5943756103516,0.814305067062378,0.209091380238533,25.3733997344971,19.475267,"FSRQ",1,-9.45687892218704,-11.3446171353065,1.1917272557391,1.96186880645843,12.9849999945157,-12.1738179848121,2.86670566329347,0.456620992635588
"4FGL J0011.4+0057",1,2.85509991645813,0.964600026607513,102.407234191895,-60.3026924133301,14.14528465271,4.28820673414876e-10,4.46310106927417e-11,5.85535916627911e-12,5.83512567691596e-13,"PowerLaw",2.33421564102173,0.0810818523168564,1181.69921875,2.28578352928162,0.108864665031433,0.0473205745220184,0.0580177679657936,0,"fsrq","RX J0011.5+0058",0.998675644397736,0.919763207435608,"cgrabs",2.87668005833,0.964410311111,1.59999999027605e-07,"RFC J0011+0057",1.49199998378754,"LSP",6918309937152,8.55606330143338e-13,71.9757919311523,0.864576518535614,0.229260876774788,-Inf,19.987932,"FSRQ",1,-9.36772428550377,-11.2324464602587,1.15061169140823,1.85718645200705,12.8400000143103,-12.0677260109914,3.07250694840629,0.401284111759953
"4FGL J0013.6-0424",1,3.42079997062683,-4.40170001983643,99.6602020263672,-65.5531768798828,4.9868426322937,1.64735516894332e-10,3.69103116126812e-11,2.21306675242394e-12,6.45883737118713e-13,"PowerLaw",2.30758213996887,0.235098883509636,2000.30358886719,2.29443120956421,0.152970373630524,-0.0694393292069435,0.0540401786565781,0,"fsrq","PKS 0011-046",0.991885423660278,0.957833230495453,"cgrabs",3.4755456625,-4.39785967222,1.1999999571799e-07,"RFC J0013-0423",1.07500004768372,"LSP",1445439733760,6.40667965727537e-13,10.0312223434448,0,10,-Inf,20.39543,"FSRQ",1,-9.78321275706391,-11.6550054863113,0.697825663585354,1.00135385671616,12.1599999888873,-12.1933669907819,3.30109591414597,0.481927699768624
"4FGL J0013.9-1854",1,3.48040008544922,-18.9118003845215,74.5878067016602,-78.0919189453125,13.3196725845337,2.97637775537041e-10,3.61050495056858e-11,3.14804324101636e-12,4.5475737975656e-13,"PowerLaw",1.99755084514618,0.0897148922085762,2498.28393554688,1.95521128177643,0.117528922855854,0.0372646450996399,0.0555453263223171,0,"bll","RBS 0030",0.999507367610931,0.98459005355835,"bzcat",3.48351326667,-18.9018600611,8.00000009348878e-07,"RFC J0013-1854",0.0948460027575493,"HSP",87096361895329792,5.1275984326582e-12,4.38526010513306,0,10,70.8078994750977,17.404144,"BLL",0,-9.52631194991999,-11.5019593108728,1.12449354942302,0.64199535799256,16.9400000144591,-11.290085993885,3.39764179538065,0.913370462586826
"4FGL J0016.2-0016",1,4.06099987030029,-0.280600011348724,104.012275695801,-61.8526916503906,20.8544845581055,4.1683503870793e-10,4.41710279464047e-11,9.94986211477755e-12,6.76541776160194e-13,"LogParabola",2.74067974090576,0.0493952184915543,372.341644287109,2.61365985870361,0.0761023685336113,0.184830158948898,0.0543808713555336,0,"fsrq","S3 0013-00",0.997476994991302,0.978962540626526,"cgrabs",4.04620230417,-0.253457036111,7.50000026528141e-08,"RFC J0016-0015",1.57631003856659,"LSP",2570395844608,6.77034817098132e-13,82.1356048583984,0.506649494171143,0.133597806096077,-Inf,19.783754,"FSRQ",1,-9.38003578184404,-11.002182937667,1.31919946024098,1.91453145969594,12.4100000104483,-12.1693889967731,2.57094161229321,0.388152041109299
"4FGL J0017.5-0514",1,4.39489984512329,-5.23470020294189,101.209854125977,-66.6678161621094,23.468843460083,7.58199503181345e-10,5.55432991267146e-11,1.22021611564938e-11,8.88278491560646e-13,"LogParabola",2.56299996376038,0.043876014649868,830.785949707031,2.59415245056152,0.0575594156980515,0.105125546455383,0.0373558700084686,0,"FSRQ","PMN J0017-0512",1,0.938685059547424,"identified",4.39923841667,-5.21160222222,1.10000001996013e-07,"RFC J0017-0512",0.226999998092651,"LSP",8491804655616,2.60723387324191e-12,230.156051635742,0.921786427497864,0.225164383649826,-Inf,17.638842,"FSRQ",1,-9.12021650448578,-10.9135632434877,1.37049168818061,2.36202239855416,12.9289999951544,-11.5838200101425,2.91948914311546,0.814995926287271
"4FGL J0017.8+1455",1,4.47109985351562,14.9228000640869,110.965263366699,-47.1678314208984,8.06875896453857,2.35950120552886e-10,3.67807694023892e-11,2.78181275757683e-12,4.57147232395261e-13,"PowerLaw",2.19297409057617,0.114869751036167,1576.22387695312,2.03090786933899,0.227359220385551,0.196419045329094,0.175124377012253,0,"bll","GB6 J0017+1450",0.955666124820709,0,"bzcat",4.40376599583,14.8505221083,2.20000003992027e-07,"RFC J0017+1451",0.302711993455887,"ISP",158489326387200,1.44106645019737e-12,14.2200937271118,0.419043809175491,0.27101719379425,-Inf,18.230825,"BLL",0,-9.62717979642894,-11.5556721055042,0.906806742119865,1.15290245891367,14.2000000195681,-11.8413159926151,3.19761790199882,0.767629380111224
"4FGL J0019.6+7327",1,4.90310001373291,73.4560012817383,120.632820129395,10.7264795303345,21.7299900054932,1.10905018502194e-09,6.99060392905793e-11,2.11172052066999e-11,1.44546950364005e-12,"PowerLaw",2.62431955337524,0.0435655526816845,989.607177734375,2.60709929466248,0.0560827627778053,0.0741568207740784,0.0318682491779327,512,"fsrq","S5 0016+73",0.999850630760193,0.992717146873474,"bzcat",4.94077657083,73.4583382333,6.79999985209179e-08,"RFC J0019+7327",1.78100001811981,"LSP",2089296068608,1.19320482314111e-12,318.910064697266,0.970003545284271,0.234962463378906,-Inf,18.286098,"FSRQ",1,-8.95504880138468,-10.6753635597946,1.33705952657086,2.50366822565095,12.3199999870611,-11.9232849998127,2.99546283662018,0.35958288151184
"4FGL J0023.7-6820",1,5.93470001220703,-68.3380966186523,306.789306640625,-48.5821685791016,14.7766704559326,2.34702229873207e-10,2.90613626913183e-11,5.01313530618108e-12,4.56959773839638e-13,"PowerLaw",2.80685782432556,0.068155400454998,413.801116943359,2.76517033576965,0.083742618560791,0.0825329571962357,0.0549019239842892,0,"fsrq","PKS 0021-686",0.996154010295868,0.977951169013977,"rfc",6.028012125,-68.3484964083,5.30000022536115e-07,"RFC J0024-6820",0.354000002145767,"LSP",22646443999232,5.69638043332321e-12,33.3634338378906,0.376792907714844,0.119750320911407,-Inf,17.440496,"FSRQ",1,-9.6294827842104,-11.299890573477,1.1695765879483,1.52327074280806,13.3550000177063,-11.2444010140033,2.61679165859091,0.738552436052613
"4FGL J0025.2-2231",1,6.30340003967285,-22.5328006744385,69.1958465576172,-82.484504699707,5.4304633140564,1.08918714325501e-10,2.52715608856091e-11,1.47555546340522e-12,3.77358246646947e-13,"PowerLaw",2.50313782691956,0.163939237594604,957.588684082031,2.51719260215759,0.147873282432556,-0.0362237766385078,0.0659388527274132,0,"fsrq","PMN J0025-2228",0.948940575122833,0.931091785430908,"bzcat",6.351030875,-22.4632213139,1.30000003650821e-07,"RFC J0025-2227",0.833999991416931,"LSP",94406090686464,3.80602830068327e-13,9.34484100341797,0.0686897933483124,1.47999823093414,-Inf,19.205278,"FSRQ",1,-9.96289749370589,-11.8310444615296,0.734836884129226,0.970571916530726,13.9750000140671,-12.4195279867308,2.98117900532884,0.545256272998894
"4FGL J0028.4+2001",1,7.12220001220703,20.031099319458,115.611595153809,-42.5142211914062,19.1002883911133,6.0482446828658e-10,4.92756078995793e-11,6.20806444445732e-12,5.62701090150303e-13,"PowerLaw",2.41374850273132,0.0519584566354752,797.103820800781,2.35851621627808,0.0697769448161125,0.111032553017139,0.0485096946358681,0,"fsrq","TXS 0025+197",0.997634172439575,0.94375205039978,"bzcat",7.12424369167,20.0074288944,6.79999985209179e-08,"RFC J0028+2000",1.55169999599457,"LSP",2570395844608,6.58100147727519e-13,81.1226272583008,0.567847549915314,0.150882318615913,12.9609003067017,20.231464,"FSRQ",1,-9.21837064768725,-11.2070437834176,1.28103992461545,1.90914200738998,12.4100000104483,-12.1817080117114,2.90151489086212,0.391895599627586
"4FGL J0030.3-4224",1,7.59579992294312,-42.4127006530762,317.267669677734,-74.1244506835938,38.7667770385742,1.02989694550359e-09,5.23063814483749e-11,1.6141648781498e-11,6.41300597695182e-13,"PowerLaw",2.52362370491028,0.0316175483167171,624.177551269531,2.50336742401123,0.0376619137823582,0.0509511083364487,0.0223951414227486,0,"fsrq","PKS 0027-426",0.999426126480103,0.97215348482132,"bzcat",7.57288592917,-42.4129118778,3.09999990122378e-07,"RFC J0030-4224",0.495000004768372,"LSP",10115794075648,1.70387998415372e-12,78.6083755493164,0.298343926668167,0.0789371207356453,91.8713989257812,17.97942,"FSRQ",1,-8.98720622989508,-10.7920521065325,1.58845969647935,1.89546882162545,13.0049999799527,-11.7685609988037,2.79530814508054,0.668896318936758
"4FGL J0032.4-2849",1,8.10760021209717,-28.8223991394043,9.84528636932373,-85.4748306274414,7.377357006073,1.64242994205033e-10,2.87672472648604e-11,2.35183096955471e-12,3.70868402177829e-13,"PowerLaw",2.36427736282349,0.119504235684872,1026.10876464844,2.30343413352966,0.159960970282555,0.0909850597381592,0.10608809441328,0,"bll","PMN J0032-2849",0.99433034658432,0.918336272239685,"at20g",8.13790435833,-28.8223311722,6.89999978931155e-07,"RFC J0032-2849",0.323888003826141,"LSP",43651581345792,2.43243923267467e-12,14.1119470596313,0.443072021007538,0.255796432495117,-Inf,18.46571,"BLL",0,-9.7845131462308,-11.6285938950226,0.867900800405099,1.14958693855354,13.6399999813133,-11.6139580004918,3.01119339721159,0.755350903633782
"4FGL J0033.5-1921",1,8.39540004730225,-19.3593006134033,94.1859664916992,-81.2170867919922,67.0898666381836,2.78796918884439e-09,9.42168565387647e-11,3.18027167101054e-11,1.57329910818044e-12,"LogParabola",1.76029932498932,0.020419716835022,1571.14721679688,1.61963415145874,0.036298718303442,0.0724449530243874,0.013653477653861,0,"bll","KUV 00311-1938",0.999974846839905,0.995744407176971,"bllac",8.39325065417,-19.3592032028,3.49999993431993e-07,"RFC J0033-1921",0.610000014305115,"HSP",7079457944764416,8.08252423323275e-12,74.2455978393555,0.25645124912262,0.0696977227926254,364.523010253906,16.70404,"BLL",0,-8.5547120301396,-10.4975357793296,1.8266569285824,1.87067070861883,15.8500000061912,-11.0924529846015,3.1962168804232,0.621118006903625
"4FGL J0035.2+1514",1,8.81229972839355,15.2405004501343,117.152572631836,-47.4495048522949,31.9386653900146,1.16255272075705e-09,6.89029736045121e-11,1.32388796106331e-11,9.26714868038081e-13,"LogParabola",1.85481703281403,0.0387786701321602,1944.44714355469,1.71762692928314,0.0596687272191048,0.0810696929693222,0.0277528930455446,0,"bll","RX J0035.2+1515",0.999627947807312,0.980746507644653,"bzcat",8.81135048333,15.251153775,3.49999993431993e-07,"RFC J0035+1515",1.09026002883911,"ISP",970509936230400,3.50520957745348e-12,28.9359703063965,0.26975291967392,0.0935292914509773,263.986999511719,16.40323,"BLL",0,-8.93458734311354,-10.878148767125,1.50431676446802,1.46143805008814,14.986999986121,-11.4552860103334,3.28879614209673,0.478409377877919
"4FGL J0035.8-0837",2,8.9576997756958,-8.632399559021,110.920310974121,-71.139274597168,4.43832302093506,1.17817686162702e-10,3.05200378858395e-11,1.17691913072843e-12,3.40569749051473e-13,"PowerLaw",2.10296845436096,0.175779074430466,2421.60229492188,1.97484064102173,0.310684144496918,0.258294850587845,0.208807453513145,0,"bll","PMN J0035-0836",0.988191604614258,0.959726870059967,"rfc",8.94270992279053,-8.59834480285645,1.6e-07,"RFC J0035-0835",0.0320000015199184,"LSP",5754399490048,3.52099182058738e-13,17.346118927002,0.515668034553528,0.384873658418655,-Inf,20.631607,"BLL",0,-9.9287895106837,-11.9292533776706,0.64721890697767,1.23920231963782,12.7600000088058,-12.4533349838131,3.3841028195241,0.968992246634894
"4FGL J0037.6+3653",1,9.40450000762939,36.8964004516602,119.860954284668,-25.8929290771484,6.11448192596436,1.81452713965413e-10,3.38808772704091e-11,2.1130443315226e-12,4.91614182088901e-13,"PowerLaw",2.3518123626709,0.137322619557381,1428.56713867188,2.26774144172668,0.201548054814339,0.107343718409538,0.116857841610909,0,"fsrq","4C +36.01",0,0.870867431163788,"nvss",9.44226244167,36.9863565306,7.55247739903098e-08,"RFC J0037+3659",0.36599999666214,"LSP",36307803832320,1.11148340965067e-12,12.5965700149536,0.231965869665146,0.343019366264343,-Inf,18.225983,"FSRQ",1,-9.74123653172692,-11.6750913913842,0.786359665587104,1.10025230492955,13.5599999803271,-11.954097015332,3.15490065582799,0.732064423457927
"4FGL J0037.8+1239",1,9.4694995880127,12.6527004241943,117.773231506348,-50.083179473877,20.4825801849365,7.29609317406954e-10,5.49790456216837e-11,8.17696778343535e-12,6.45216464891657e-13,"PowerLaw",2.21578621864319,0.0558147132396698,1310.30200195312,2.21956324577332,0.0577369630336761,-0.00459756702184677,0.0256742183119059,0,"bll","NVSS J003750+123818",0.999415814876556,0.910648107528687,"bzcat",9.46200105417,12.6388553694,3.00000010611257e-07,"RFC J0037+1238",0.0890000015497208,"HSP",1124604974202880,6.32822613755302e-12,61.5361442565918,0.530985772609711,0.146079242229462,81.2487030029297,17.437693,"BLL",0,-9.13690962852752,-11.0874077133282,1.31138466370511,1.78913028065785,15.0510000000911,-11.1987180098301,3.11737140456096,0.918273644239607
"4FGL J0038.2-2459",1,9.56519985198975,-24.9899005889893,68.0495300292969,-86.3492050170898,43.5561141967773,1.44878820051986e-09,6.7030714312466e-11,3.42341953396552e-12,4.16264950026807e-13,"LogParabola",2.26222634315491,0.0293979048728943,703.054748535156,2.16459965705872,0.0437445528805256,0.0890856459736824,0.0239211618900299,0,"fsrq","PKS 0035-252",0.998734354972839,0.999371767044067,"cgrabs",9.56139794583,-24.9839542417,6.79999985209179e-08,"RFC J0038-2459",1.19599997997284,"LSP",2570395844608,1.75558959730759e-12,1644.31408691406,1.79920613765717,0.425534933805466,42.2966003417969,19.008774,"FSRQ",1,-8.83899509973844,-11.4655398755856,1.63904912778317,3.21598477742851,12.4100000104483,-11.7555770012181,2.84698914587459,0.455373410346009
"4FGL J0040.4-2340",1,10.1012001037598,-23.6704006195068,86.5547790527344,-85.7383422851562,8.10641860961914,1.83218357152626e-10,3.02307380517508e-11,2.24549979305211e-12,3.84453726449616e-13,"PowerLaw",2.34916043281555,0.132836163043976,1340.81359863281,2.30798244476318,0.174955874681473,0.0519168712198734,0.0929120853543282,0,"bll","PMN J0040-2340",0.998642563819885,0.867174446582794,"bzcat",10.1037706375,-23.6668797417,7.90000001416047e-07,"RFC J0040-2340",0.212999999523163,"ISP",316227771695104,1.59278807591173e-12,18.1786861419678,0.513067305088043,0.231587186455727,-Inf,18.453196,"BLL",0,-9.73703101532599,-11.6486869806264,0.908829026639029,1.259562491542,14.5000000077983,-11.797842004227,3.12736840595598,0.82440230865054
"4FGL J0041.4+3800",1,10.3697004318237,38.0097007751465,120.770721435547,-24.8202533721924,7.08980655670166,1.49882606326202e-10,3.34942906743407e-11,1.82414760380167e-12,4.01014182797865e-13,"PowerLaw",1.9358172416687,0.167319938540459,4417.62939453125,1.98665249347687,0.127612769603729,-0.0579196363687515,0.0477739758789539,0,"fsrq","B3 0038+377",0.980367422103882,0.844798624515533,"rfc",10.3459950292,37.9821662111,7.59999977617554e-07,"RFC J0041+3758",0.379999995231628,"HSP",1798870950477824,1.13662443172735e-12,12.3426122665405,0.496368110179901,0.394232571125031,78.5281982421875,17.491962,"FSRQ",1,-9.82424876351495,-11.7389400229577,0.8506343857468,1.09140708618667,15.2550000085342,-11.9443830130367,3.64518927906344,0.724637683663291
"4FGL J0042.2+2319",1,10.5580997467041,23.3271007537842,120.193061828613,-39.4956893920898,14.3082704544067,4.02789163134187e-10,4.14862554032336e-11,5.07667866078698e-12,5.27252178549042e-13,"PowerLaw",2.32186245918274,0.0772511661052704,1199.91259765625,2.22990345954895,0.119283638894558,0.120398484170437,0.0773366913199425,0,"fsrq","PKS 0039+230",0.989513099193573,0.969076931476593,"bzcat",10.5189382125,23.3336283389,7.50000026528141e-08,"RFC J0042+2320",1.42599999904633,"LSP",1862087081984,4.24367382597171e-13,15.5867900848389,0.283764898777008,0.147261098027229,15.7080001831055,20.503805,"FSRQ",1,-9.39492222246384,-11.2944203253217,1.15558714057299,1.19275668658231,12.2699999872473,-12.3722580038999,3.07914961293261,0.412201154325269
"4FGL J0043.7-1116",1,10.9282999038696,-11.2821998596191,116.024574279785,-74.0502624511719,8.47491264343262,2.0266369138433e-10,3.43626828380739e-11,2.78146017503034e-12,4.81719319381929e-13,"PowerLaw",1.91150856018066,0.118665471673012,3149.52368164062,1.59234702587128,0.311310350894928,0.267733067274094,0.195302113890648,0,"bll","1RXS J004349.3-111612",0.998929142951965,0.834859728813171,"bzcat",10.9527783458,-11.2686986167,2.79999994745594e-07,"RFC J0043-1116",0.263999998569489,"HSP",3019951761784832,1.03174890506152e-12,16.6322860717773,0.53038364648819,0.260813593864441,37.3084983825684,17.83487,"BLL",0,-9.69322405122745,-11.5557271539106,0.928135230335804,1.22095194616022,15.4800000059512,-11.9864259833432,3.49824487820968,0.791139241401688
"4FGL J0043.8+3425",1,10.9716997146606,34.4315986633301,121.161643981934,-28.414192199707,56.530647277832,2.64628718937843e-09,9.22506723788352e-11,2.61908428972335e-11,1.27920579944679e-12,"LogParabola",1.95261120796204,0.0223561581224203,1202.20043945312,1.8642350435257,0.0340254902839661,0.0516627840697765,0.0139943845570087,0,"fsrq","GB6 J0043+3426",0.996961951255798,0,"bzcat",10.9535129,34.4405811889,1.80000000682412e-07,"RFC J0043+3426",0.966000020503998,"LSP",58884366532608,3.00963626850143e-13,190.192810058594,0.445095747709274,0.110160507261753,109.971000671387,19.234661,"FSRQ",1,-8.57736302560802,-10.5818505244947,1.75228395817516,2.27919409508878,13.7700000073536,-12.5214859881696,3.07997688238491,0.508646993677875
"4FGL J0047.9+2233",1,11.9981002807617,22.5631999969482,121.888893127441,-40.301570892334,10.3109102249146,3.88480858592999e-10,4.78975054063469e-11,7.20138748980248e-12,8.99354104643563e-13,"PowerLaw",2.50893878936768,0.0835017040371895,1176.55883789062,2.51313376426697,0.0900683030486107,0.0150777287781239,0.0412920527160168,0,"fsrq","GB6 J0048+2234",0.997303366661072,0.841975450515747,"bzcat",12.0109026792,22.5900334333,1.1999999571799e-07,"RFC J0048+2235",1.16100001335144,"LSP",4466835718144,3.35978125745942e-13,125.620307922363,1.24879252910614,0.31294846534729,22.1662006378174,20.449713,"FSRQ",1,-9.41063037509276,-11.142583820081,1.01329700555595,2.09905985361844,12.6499999802275,-12.4736889969467,3.0706136504515,0.46274872458197
"4FGL J0049.6-4500",1,12.4188003540039,-45.0085983276367,303.946533203125,-72.1161804199219,7.36723947525024,1.25026586306198e-10,2.43358770635194e-11,2.23434768950592e-12,3.77345398851203e-13,"PowerLaw",2.63264465332031,0.131913781166077,717.8330078125,2.58268713951111,0.179944545030594,0.0600255951285362,0.103780493140221,0,"fsrq","PMN J0049-4457",0.918298482894897,0.923258662223816,"bzcat",12.3192668333,-44.9531012194,5.80000005356851e-07,"RFC J0049-4457",0.120999999344349,"LSP",3388441624576,6.94293320752104e-12,9.28370952606201,0.0800871700048447,0.776973068714142,-Inf,18.12465,"FSRQ",1,-9.90299762652508,-11.6508492448799,0.867304787011038,0.967721543545844,12.5300000080983,-11.1584570127277,2.8560234244364,0.892060660646637
"4FGL J0049.7+0237",1,12.4377002716064,2.62730002403259,122.0830078125,-60.2416687011719,36.9388160705566,1.29806398962984e-09,6.49328854573916e-11,1.25307576814837e-11,6.71526256910276e-13,"PowerLaw",2.21067404747009,0.0342021733522415,1014.31903076172,2.16413831710815,0.0436748154461384,0.0572453923523426,0.023398419842124,0,"bll","PKS 0047+023",0.999559998512268,0.980056524276733,"cgrabs",12.4301497625,2.61771626944,8.19999996792831e-08,"RFC J0049+0237",1.47399997711182,"LSP",22908676079616,1.5301816888233e-12,115.451965332031,0.415864884853363,0.107600979506969,35.4142990112305,18.29341,"BLL",0,-8.88670389793769,-10.9020226682765,1.56748297171429,2.0624013302856,13.3599999915058,-11.815256999399,3.00617457384121,0.404203722413698
"4FGL J0050.0-5736",1,12.519700050354,-57.6164016723633,303.290588378906,-59.5109062194824,19.6074199676514,3.84894754956733e-10,3.43915868006306e-11,5.53126901919887e-12,4.99599710560017e-13,"PowerLaw",2.61662864685059,0.0605902634561062,681.860046386719,2.61155557632446,0.0638879984617233,0.0084957480430603,0.035607386380434,0,"fsrq","PKS 0047-579",0.999685108661652,0.999567866325378,"bzcat",12.4978043333,-57.640927775,8.80000001757253e-08,"RFC J0049-5738",1.79700005054474,"LSP",3580964372480,1.39834714987797e-12,65.857063293457,0.507078886032104,0.137495294213295,-Inf,17.683537,"FSRQ",1,-9.41465800708901,-11.2571752186394,1.29242045100951,1.81860236069289,12.5540000001763,-11.8543849984326,2.83369524368979,0.357525914168375
"4FGL J0050.4-0452",1,12.612099647522,-4.88059997558594,122.280921936035,-67.7510986328125,27.5016956329346,9.43886746540556e-10,5.93266061277298e-11,1.40071261880981e-11,7.2319992876213e-13,"PowerLaw",2.37810564041138,0.0423647128045559,855.376892089844,2.33581876754761,0.0541925169527531,0.069212943315506,0.0308084990829229,0,"fsrq","PKS 0047-051",0.998908996582031,0.963469743728638,"bzcat",12.5897282875,-4.87238754167,1.70000006960436e-07,"RFC J0050-0452",0.920000016689301,"LSP",3548133982208,5.65551295031441e-13,206.619964599609,0.779649317264557,0.191114604473114,32.2178993225098,18.187275,"FSRQ",1,-9.02508011195528,-10.8536509588381,1.43935947133298,2.31517228280092,12.5500000110004,-12.2475279988043,2.93215751366287,0.520833328806071
"4FGL J0050.7-0929",1,12.6752996444702,-9.4935998916626,122.332298278809,-72.3644943237305,76.2987899780273,3.92684551542288e-09,1.12229336934888e-10,3.4208143262493e-11,1.38112329732543e-12,"LogParabola",2.0163779258728,0.0180858410894871,924.4345703125,1.92101919651031,0.0278672017157078,0.0611109919846058,0.0120614534243941,0,"BLL","PKS 0048-09",1,0.992659747600555,"identified",12.6721557792,-9.48478064167,6.79999985209179e-08,"RFC J0050-0929",0.634999990463257,"ISP",131825674485760,6.60209864208894e-12,157.929748535156,0.307749032974243,0.0769384205341339,101.727996826172,15.674981,"BLL",0,-8.40595618381211,-10.4658704976576,1.88251765053637,2.19846394386377,14.1200000020759,-11.1803179911546,2.9658761780611,0.611620798674539
"4FGL J0051.1-0648",1,12.7824001312256,-6.80959987640381,122.711502075195,-69.6812133789062,24.3996925354004,9.08823349909937e-10,6.36213581817202e-11,9.20903717865906e-12,7.48743731945889e-13,"LogParabola",2.35056924819946,0.044781256467104,754.061096191406,2.23256206512451,0.0702648386359215,0.148496612906456,0.0420478954911232,0,"fsrq","PKS 0048-071",0.998803913593292,0.999431371688843,"bzcat",12.7842076083,-6.83395262222,9.49999972021942e-08,"RFC J0051-0650",1.97500002384186,"LSP",1482518036480,2.3221218784647e-12,152.874267578125,0.765455543994904,0.1911930590868,12.6527996063232,19.45809,"FSRQ",1,-9.04152052339498,-11.0357857736961,1.38738435375593,2.18433438934089,12.1709999857436,-11.6341149896984,2.87740653507912,0.336134451087707
"4FGL J0051.5-4220",1,12.8793001174927,-42.3455009460449,302.876098632812,-74.7827453613281,9.63953304290771,1.54471116453614e-10,3.02824085252063e-11,3.64350737080965e-12,4.82569279675049e-13,"LogParabola",2.79624104499817,0.0797489434480667,330.422424316406,2.55586385726929,0.147871494293213,0.280532538890839,0.11260949075222,0,"fsrq","PKS 0048-427",0.969329118728638,0.998993813991547,"bzcat",12.7895909208,-42.4425814528,7.50000026528141e-08,"RFC J0051-4226",1.74899995326996,"LSP",1135010775040,6.77058181654949e-13,24.0780582427979,0.377348899841309,0.144906580448151,-Inf,18.647467,"FSRQ",1,-9.8111527145401,-11.4384803475612,0.984055996371677,1.38162146064058,12.0549999844527,-12.1693740094744,2.51906951330453,0.363768649326636
"4FGL J0054.7-2455",1,13.6944999694824,-24.9330005645752,141.986465454102,-87.6800918579102,28.2262763977051,7.29883098404827e-10,4.96232568925059e-11,9.23074290615222e-12,9.10991984973131e-13,"PowerLaw",1.7745269536972,0.0456635802984238,3205.099609375,1.68321800231934,0.0677728578448296,0.0767950192093849,0.031284473836422,0,"bll","FRBA J0054-2455",0.999653577804565,0.979380905628204,"bzcat",13.6948312708,-24.9247829056,6.70000019908912e-07,"RFC J0054-2455",0.119999997317791,"HSP",5649369663537152,2.95699771092617e-12,16.9720611572266,0.183973118662834,0.0991650894284248,113.34400177002,16.561594,"BLL",0,-9.13674669300729,-11.0347633447965,1.45065358992194,1.22973458803673,15.7519999934975,-11.5291490116702,3.50584153124319,0.892857144995383
"4FGL J0056.3-0935",1,14.0874004364014,-9.59969997406006,126.946327209473,-72.4331512451172,24.0733413696289,7.22474857717259e-10,5.36140749851644e-11,7.98799047740939e-12,7.44159779370729e-13,"PowerLaw",1.87294960021973,0.0538120940327644,2962.75048828125,1.86355173587799,0.0639586672186852,0.00691217370331287,0.026972072198987,0,"bll","TXS 0053-098",0.999765455722809,0.98556923866272,"bllac",14.0836688542,-9.60829255278,2.00000002337219e-07,"RFC J0056-0936",0.103147000074387,"ISP",146217715630080,7.02636993726857e-12,22.6710052490234,0.278173208236694,0.112627431750298,310.407989501953,16.970404,"BLL",0,-9.14117726185121,-11.0975624615293,1.38153637434975,1.35547077748976,14.1649999946073,-11.1532689884061,3.47169507836989,0.906497502085006
"4FGL J0056.8+1626",1,14.2019996643066,16.4360008239746,124.799835205078,-46.4162712097168,5.66245603561401,1.6787447820743e-10,3.4132537074516e-11,2.26006474819684e-12,4.58061269036775e-13,"PowerLaw",2.19545984268188,0.153755336999893,1974.42431640625,1.86441791057587,0.366420924663544,0.232787266373634,0.217401176691055,0,"bll","TXS 0054+161",0.996032118797302,0.824620604515076,"cgrabs",14.2303930542,16.4203724917,7.50000026528141e-08,"RFC J0056+1625",0.206000000238419,"LSP",1862087081984,4.29716483750509e-13,10.7911052703857,0.302905708551407,0.418718665838242,-Inf,19.766743,"BLL",0,-9.77501532420848,-11.6458791186483,0.753004843088993,1.03306592922844,12.2699999872473,-12.3668179866359,3.29544049102415,0.82918739618765
"4FGL J0058.0-0539",1,14.5108003616333,-5.65500020980835,127.413467407227,-68.4692535400391,13.5918054580688,4.12366474300541e-10,4.54774759517385e-11,6.10876583692632e-12,6.11549493770985e-13,"PowerLaw",2.45725989341736,0.0755428299307823,870.527282714844,2.44354152679443,0.0841937884688377,0.0255340505391359,0.0416182093322277,0,"fsrq","PKS 0055-059",0.999304175376892,0.983342826366425,"bzcat",14.5211096417,-5.66452168889,6.79999985209179e-08,"RFC J0058-0539",1.24559998512268,"LSP",3630780645376,7.97201280683391e-13,55.3970031738281,0.535949766635895,0.155788242816925,60.4375,18.410868,"FSRQ",1,-9.384716650416,-11.2140465220574,1.13327714977124,1.7434862712217,12.5600000116834,-12.0984320122881,2.93978238665017,0.445315286170778
"4FGL J0059.2+0006",1,14.8072996139526,0.116599999368191,127.180526733398,-62.690860748291,6.24440145492554,1.72477462867526e-10,3.34159054593552e-11,2.37561641365513e-12,5.09276648630319e-13,"PowerLaw",2.37638735771179,0.161781534552574,1449.26000976562,2.37549662590027,0.173452436923981,0.000136369999381714,0.0813545733690262,0,"fsrq","PKS 0056-00",0.993997871875763,0.98871260881424,"bzcat",14.7729788833,0.114339091667,1.0000000116861e-07,"RFC J0059+0006",0.719017028808594,"LSP",17782794092544,1.62009316552469e-12,11.8658380508423,0.305830001831055,0.335887849330902,-Inf,17.46165,"FSRQ",1,-9.76326764489049,-11.6242236827488,0.795490816244043,1.07429841663707,13.2499999998084,-11.7904600100809,3.16114630864327,0.581727803297606
"4FGL J0059.3-0152",1,14.8360996246338,-1.87249994277954,127.554191589355,-64.6732635498047,10.3464736938477,2.22073179290128e-10,3.7529316460061e-11,2.56412404329998e-12,4.91311635472669e-13,"PowerLaw",1.80544006824493,0.111453153192997,4984.30810546875,1.64309906959534,0.197894260287285,0.125830993056297,0.104560606181622,0,"bll","RX J0059.3-0150",0.994422197341919,0.856172740459442,"bzcat",14.8205318875,-1.83824018611,6.09999972311925e-07,"RFC J0059-0150",0.143999993801117,"HSP",92257143058595840,2.46784558934066e-12,8.87659931182861,0,10,97.8647994995117,18.247087,"BLL",0,-9.65350388985163,-11.5910609690059,1.01479235788466,0.948246616344272,16.9650000016152,-11.6076820171652,3.69760488043465,0.874125878862416
"4FGL J0101.0-0059",1,15.262900352478,-0.990400016307831,128.373764038086,-63.7605247497559,5.90792226791382,1.57208218665161e-10,3.22621582227178e-11,2.09133405038031e-12,5.55823941560118e-13,"PowerLaw",2.37818884849548,0.183187857270241,1628.80810546875,2.38888025283813,0.187198594212532,-0.00997777283191681,0.0816144421696663,0,"bll","NVSS J010058-005547",0.983082711696625,0,"bllac",15.2424520625,-0.929946438889,7.20000002729648e-07,"RFC J0100-0055",0.670000016689301,"ISP",158489326387200,8.06335900827015e-13,13.5923957824707,0.324954599142075,0.394368797540665,-Inf,19.001892,"BLL",0,-9.80352475328626,-11.6795765914532,0.77143477255085,1.13329601180276,14.2000000195681,-12.0934840034972,3.21186992184993,0.598802389225393
"4FGL J0102.4+4214",1,15.6069002151489,42.2370986938477,125.1044921875,-20.588285446167,15.7367382049561,3.71131458898333e-10,3.83769266365519e-11,7.91229061436471e-12,5.70106949929899e-13,"PowerLaw",2.6797182559967,0.0587582029402256,509.376251220703,2.6228461265564,0.0816368088126183,0.154859870672226,0.068738155066967,0,"fsrq","GB6 J0102+4214",0.998095870018005,0.807724237442017,"crates",15.6131249667,42.2386094194,1.59999999027605e-07,"RFC J0102+4214",0.874000012874603,"LSP",63826347163648,1.30176620351252e-12,136.278854370117,0.861770749092102,0.216818541288376,-Inf,19.996931,"FSRQ",1,-9.43047223118911,-11.101697769705,1.19691471999334,2.13442847400923,13.804999990097,-11.8854670078122,2.70703869287685,0.533617925896415
"4FGL J0104.8-2416",1,16.214599609375,-24.2807998657227,170.384887695312,-85.8474731445312,15.5145835876465,3.30941302140175e-10,3.7000374986107e-11,6.49993383769476e-12,4.80133294233909e-13,"PowerLaw",2.59194231033325,0.0669742524623871,556.1689453125,2.530437707901,0.0898824855685234,0.102076694369316,0.0606892742216587,0,"fsrq","PKS 0102-245",0.997422397136688,0.963236033916473,"cgrabs",16.2425224083,-24.2745683528,1.10000001996013e-07,"RFC J0104-2416",1.74699997901917,"LSP",1462177234944,1.48280140336438e-12,82.0261154174805,0.673728704452515,0.178262650966644,-Inf,18.883024,"FSRQ",1,-9.48024902863278,-11.1870910639833,1.19074012358668,1.91395214477419,12.1650000179659,-11.8289170116139,2.7452067355962,0.364033493861567
"4FGL J0108.1-0039",1,17.0275993347168,-0.658699989318848,132.217620849609,-63.2294654846191,7.96383476257324,1.95869376273805e-10,3.45075391872118e-11,3.88556201103007e-12,6.59781582666719e-13,"PowerLaw",2.7438759803772,0.117596030235291,680.935913085938,2.70655918121338,0.157247617840767,0.0915633663535118,0.0946973413228989,0,"fsrq","PKS 0105-008",0.974699676036835,0.943555355072021,"bzcat",17.1118440125,-0.623379177778,1.1999999571799e-07,"RFC J0108-0037",1.37462604045868,"LSP",10115794075648,1.26416563848986e-12,11.1794214248657,0.260045558214188,0.263437896966934,-Inf,17.472689,"FSRQ",1,-9.70803345964047,-11.4105461555924,0.901122240500636,1.04841932783572,13.0049999799527,-11.8981960184831,2.83310623980876,0.421118939555991
"4FGL J0108.6+0134",1,17.1695003509521,1.5819000005722,131.843704223633,-60.9911880493164,167.521820068359,1.10309912315643e-08,1.6968799976258e-10,1.15525790322923e-10,1.68913743669313e-12,"LogParabola",2.3618586063385,0.0084353145211935,508.149139404297,2.28440237045288,0.0109457820653915,0.101786777377129,0.00713634816929698,0,"fsrq","4C +01.02",0.999797403812408,0.997790157794952,"cgrabs",17.1615462917,1.58342145278,6.79999985209179e-08,"RFC J0108+0135",2.09899997711182,"LSP",3250872909824,6.03653889028055e-12,6428.14453125,0.821747601032257,0.193925455212593,32.2948989868164,17.753254,"FSRQ",1,-7.95738546062811,-9.93732105174922,2.22407138282421,3.80808563293553,12.511999991446,-11.2192119970892,2.70599119439904,0.322684739395181
"4FGL J0109.1+1815",1,17.2950992584229,18.2646999359131,128.832290649414,-44.4036865234375,21.5707511901855,7.0183053813011e-10,5.12806117014541e-11,7.25460446923676e-12,6.1207061554519e-13,"PowerLaw",2.11035537719727,0.0531289540231228,1572.55517578125,2.04847860336304,0.0730746388435364,0.0620798580348492,0.0368472635746002,0,"bll","MG1 J010908+1816",0.999532580375671,0.984205067157745,"bzcat",17.2840702583,18.2687503417,2.00000002337219e-07,"RFC J0109+1816",0.144999995827675,"ISP",239883285168128,3.02695520558449e-12,8.6378870010376,0,10,78.5865020751953,16.94352,"BLL",0,-9.15376773863864,-11.1393862608983,1.33386526944524,0.936407518402517,14.3799999878088,-11.5189940059055,3.19660589234748,0.873362448597338
"4FGL J0110.0-4019",1,17.5158996582031,-40.317798614502,287.826812744141,-76.2593383789062,9.36599540710449,1.60266577786672e-10,2.76925427034058e-11,2.28081225780996e-12,4.25725210292938e-13,"PowerLaw",1.81524980068207,0.113108336925507,3930.72875976562,1.69572806358337,0.17215795814991,0.132714048027992,0.0985847264528275,0,"bll","RBS 0158",0.989128232002258,0.939140439033508,"whsp2",17.4857913958,-40.3475150889,3.0999999580672e-06,"RFC J0109-4020",0.312999993562698,"HSP",20183664084123648,1.59652597132159e-12,19.4061813354492,0.499376624822617,0.2578966319561,35.6195983886719,18.405582,"BLL",0,-9.7951570365742,-11.6419104616558,0.971553940476846,1.28794008520285,16.3050000096248,-11.7968240122264,3.59447307633057,0.761614626734763
"4FGL J0110.2+4151",2,17.5580997467041,41.8591003417969,126.675727844238,-20.8759860992432,5.09115028381348,6.89409085374848e-11,2.65502394375394e-11,2.57882430687584e-11,1.12057422802653e-12,"PowerLaw",1.6552482843399,0.196286141872406,11470.65234375,1.64274370670319,0.21564707159996,0.0185028854757547,0.0909837856888771,0,"bll","6C B010709.9+413321",0.995890736579895,0.897511661052704,"bllac",17.5200500488281,41.8307609558105,1.5e-06,"RFC J0110+4149",0.096000000834465,"HSP",3890451438370816,5.35575880519779e-12,14.9709796905518,0,10,126.401000976562,18.092558,"BLL",0,-10.1615229975423,-10.5885782449708,0.706815917007403,1.17525022120337,15.5899999987082,-11.271178989526,4.05958811722426,0.912408758429404
"4FGL J0110.7-1254",1,17.6933994293213,-12.9076995849609,141.53157043457,-75.0767669677734,9.23862838745117,2.18112847227836e-10,3.62394871056271e-11,2.45634177060972e-12,4.57931002145751e-13,"PowerLaw",2.03051257133484,0.120829164981842,2793.28051757812,2.03929328918457,0.111086912453175,-0.0220259930938482,0.0412801913917065,0,"bll","1RXS J011050.0-125455",0.999540746212006,0.984969913959503,"bllac",17.7083447208,-12.9177348917,1.39999997372797e-06,"RFC J0110-1255",0.233999997377396,"HSP",99999998430674944,1.93763061151486e-12,7.600905418396,0,10,93.0724029541016,18.935263,"BLL",0,-9.66131875296402,-11.6097112064383,0.965607498495198,0.880865328437663,16.9999999931845,-11.7127290129774,3.44611455228487,0.810372773197153
"4FGL J0111.4+0534",1,17.8572998046875,5.57609987258911,132.07746887207,-56.9402389526367,4.67710828781128,1.04750014218169e-10,3.0058216332618e-11,1.62669779989882e-12,3.9242296478309e-13,"PowerLaw",1.91677594184875,0.190256282687187,4545.9189453125,1.81810164451599,0.294476807117462,0.133032828569412,0.182909995317459,0,"bll","1RXS J011130.5+053612",0.996919989585876,0.930419683456421,"bllac",17.8758351583,5.60755374167,4.19999992118392e-07,"RFC J0111+0536",0.345999985933304,"ISP",301995156045824,5.62776550621508e-13,14.5831260681152,0,10,37.8642997741699,19.428902,"BLL",0,-9.97984590941301,-11.7886931207119,0.669977425126479,1.1638506301966,14.4799999769987,-12.2496640067381,3.65762168789636,0.742942058284354
"4FGL J0112.0-6634",1,18.0235996246338,-66.5752029418945,299.712249755859,-50.4237213134766,10.8816013336182,1.83013007526434e-10,2.70745474650891e-11,3.73135940548441e-12,4.26742300350946e-13,"PowerLaw",2.72710204124451,0.0850162729620934,501.890838623047,2.67542672157288,0.111708700656891,0.117392182350159,0.0699729174375534,0,"fsrq","PKS 0110-668",0.999269008636475,0.95995968580246,"bzcat",18.0788038167,-66.5792188611,1.39999997372797e-07,"RFC J0112-6634",1.18879997730255,"LSP",5888436338688,9.0761149680943e-13,24.5442276000977,0.378443330526352,0.142715811729431,-Inf,17.635807,"FSRQ",1,-9.73751804198435,-11.4281329175898,1.03669281072801,1.38994936952639,12.7699999841527,-12.0421000114988,2.70060926826271,0.456871349766911
"4FGL J0112.1+2245",1,18.0293998718262,22.7514991760254,129.147644042969,-39.8705368041992,126.490158081055,7.98296984072522e-09,1.46135978318362e-10,7.51468332005345e-11,1.81639978665687e-12,"LogParabola",2.08539962768555,0.0111684072762728,755.253540039062,2.00573134422302,0.0167815200984478,0.0570882968604565,0.00751093588769436,0,"BLL","S2 0109+22",1,0.986346542835236,"identified",18.0242696583,22.7441073306,6.79999985209179e-08,"RFC J0112+2244",0.264999985694885,"LSP",64268770738176,1.58313154252632e-11,423.796356201172,0.298287481069565,0.0718080997467041,119.121002197266,14.82736,"BLL",0,-8.09783551146944,-10.1240893165077,2.10205673533499,2.62715721832917,13.8079999932863,-10.8004829980752,2.87809276958362,0.790513842931535
"4FGL J0112.1-0321",1,18.0307998657227,-3.36260008811951,135.574432373047,-65.7253265380859,8.66929912567139,2.48091519550186e-10,3.89272468426238e-11,3.49259184941053e-12,5.18036785343567e-13,"PowerLaw",2.5255811214447,0.0991014465689659,744.412963867188,2.47995066642761,0.139027819037437,0.141139805316925,0.0942920222878456,0,"fsrq","TXS 0110-037",0,0.802590012550354,"at20g",18.1630619708,-3.47856078889,1.58953753270907e-07,"RFC J0112-0328",0.771770000457764,"ISP",301995156045824,4.9146998319996e-13,20.3152198791504,0.409683793783188,0.173471540212631,-Inf,19.010109,"FSRQ",1,-9.60538808085276,-11.4568521638344,0.937983988115517,1.30782152721793,14.4799999769987,-12.3085030017967,2.87181392771365,0.564407343922538
"4FGL J0112.8+3208",1,18.2227001190186,32.1399002075195,128.202926635742,-30.5121898651123,67.6126022338867,2.75949063599512e-09,8.69276803316943e-11,3.00522627616484e-11,9.56742714566805e-13,"LogParabola",2.34056615829468,0.0189679563045502,500.217803955078,2.25157999992371,0.028769476339221,0.0669494718313217,0.014162671752274,0,"fsrq","4C +31.03",0.999595046043396,0.989559710025787,"bzcat",18.20972105,32.1381757111,9.49999972021942e-08,"RFC J0112+3208",0.602999985218048,"LSP",7328245481472,1.22294804491552e-11,1040.77709960938,0.757851719856262,0.180063515901566,32.0247001647949,18.0118,"FSRQ",1,-8.55917107532314,-10.5221228225664,1.8300276511272,3.01735772780536,12.8650000088944,-10.9125919929112,2.69915914525502,0.62383032390607
"4FGL J0113.1-3553",1,18.2893009185791,-35.8940010070801,276.476806640625,-80.0917358398438,19.7164936065674,4.43646508418993e-10,3.87992693529071e-11,3.53127596608438e-12,3.96757225597927e-13,"PowerLaw",2.4037652015686,0.0564538985490799,757.01025390625,2.33584356307983,0.0778636038303375,0.0893291980028152,0.0471909940242767,0,"fsrq","PMN J0113-3551",0.996201455593109,0.956172585487366,"bzcat",18.3160682833,-35.8634352,1.59999999027605e-07,"RFC J0113-3551",1.22000002861023,"LSP",6309573296128,1.34279588316633e-12,161.092636108398,0.955153822898865,0.236661359667778,17.1555004119873,18.853867,"FSRQ",1,-9.3529629321104,-11.4520683413821,1.29482968227255,2.20707568833615,12.7999999897666,-11.8719899989111,2.87910176217477,0.450450444645274
"4FGL J0113.4+4948",1,18.368200302124,49.8054008483887,126.576210021973,-12.9103670120239,38.3134498596191,1.68027680658156e-09,7.61039911645334e-11,1.20191209415643e-11,7.16963489445777e-13,"LogParabola",2.21924328804016,0.0313742607831955,991.585571289062,2.13445806503296,0.043097048997879,0.0687547400593758,0.0227304995059967,0,"fsrq","S4 0110+49",0.999903202056885,0.991173326969147,"bzcat",18.3625283708,49.8066786861,7.50000026528141e-08,"RFC J0113+4948",0.388999998569489,"LSP",20892960686080,3.96740019309449e-12,463.396820068359,1.00990879535675,0.241607576608658,46.2683982849121,18.219717,"FSRQ",1,-8.7746191672811,-10.920127294745,1.58335125894053,2.66595304923923,13.3199999870611,-11.4014939898746,2.99633019865737,0.71994240534909
"4FGL J0113.7+0225",1,18.4279003143311,2.41960000991821,134.101272583008,-59.9682350158691,7.97684955596924,2.35333447173858e-10,3.78794877409216e-11,3.14818093469227e-12,7.38709223999101e-13,"PowerLaw",2.48273062705994,0.148750334978104,1426.65222167969,2.5182671546936,0.167056828737259,-0.0268311146646738,0.082879364490509,0,"bll","UGC 773",0.994109511375427,0.926909565925598,"cgrabs",18.4297706375,2.37147675278,7.50000026528141e-08,"RFC J0113+0222",0.0469999983906746,"LSP",19054607728640,1.64831798384057e-12,14.2461805343628,0.335993707180023,0.232353538274765,10.8829002380371,17.247536,"BLL",0,-9.6283163435816,-11.5019403154869,0.901831401299252,1.15369844362927,13.280000012513,-11.7829590030116,3.15431811704358,0.95510983909941
"4FGL J0114.8+1326",1,18.7119007110596,13.4342002868652,131.633972167969,-49.0416069030762,31.4513893127441,1.10941145159416e-09,6.06782124545902e-11,1.27828572379918e-11,7.58025369904103e-13,"PowerLaw",2.10644292831421,0.0405101627111435,1461.27612304688,2.103670835495,0.0454894416034222,0.00263038510456681,0.0200287960469723,0,"bll","GB6 J0114+1325",0.999711632728577,0.934342265129089,"bllac",18.719903725,13.4270916861,2.3999999143598e-07,"RFC J0114+1325",0.583000004291534,"ISP",630957338001408,2.03597772321928e-12,48.3364791870117,0.320167273283005,0.0937787368893623,98.929801940918,17.106653,"BLL",0,-8.95490735554887,-10.8933720613575,1.49763983444048,1.68427501335877,14.7999999955406,-11.6912269781702,3.16473228806636,0.631711937643074
"4FGL J0115.8+2519",1,18.9538993835449,25.3323993682861,129.852233886719,-37.2115631103516,42.7789344787598,1.72127456732341e-09,7.40086117390071e-11,1.22758175152837e-11,8.08686071666204e-13,"PowerLaw",1.91789197921753,0.0324893519282341,2499.0400390625,1.91703295707703,0.038172721862793,0.00082204258069396,0.0157710965722799,0,"bll","RX J0115.7+2519",0.999801397323608,0.979862332344055,"bllac",18.94225895,25.331484725,2.00000002337219e-07,"RFC J0115+2519",0.358000010251999,"HSP",5649369663537152,2.52703348697925e-12,305.507019042969,0.811010122299194,0.196270227432251,190.014999389648,17.599424,"BLL",0,-8.76414984811376,-10.9109495761456,1.63122996313037,2.48502119263622,15.7519999934975,-11.5973890029895,3.39777321435158,0.736377019477661
"4FGL J0116.0-1136",1,19.0006008148193,-11.6059999465942,144.503860473633,-73.4403991699219,28.0583820343018,8.44581238279574e-10,5.40502365087292e-11,1.26903036690162e-11,6.26344191356071e-13,"PowerLaw",2.36208057403564,0.0409492664039135,775.661499023438,2.3327956199646,0.0490817166864872,0.0573391504585743,0.028944069519639,0,"fsrq","PKS 0113-118",0.803329467773438,0.932426929473877,"cgrabs",19.0521751167,-11.6042873333,7.50000026528141e-08,"RFC J0116-1136",0.670000016689301,"LSP",6309573296128,5.09853010505212e-12,298.313751220703,1.0095077753067,0.244138121604919,12.9247999191284,18.04305,"FSRQ",1,-9.07335857032072,-10.8965279854545,1.44806262414659,2.47467327328034,12.7999999897666,-11.2925550119954,2.88967223520255,0.598802389225393
"4FGL J0117.8-2109",1,19.4542999267578,-21.1578006744385,169.555313110352,-81.5263442993164,18.1546802520752,7.0491162906805e-10,5.77891727526758e-11,1.1362875917964e-11,9.13397938014093e-13,"PowerLaw",2.37612676620483,0.0614593960344791,1358.47802734375,2.33239436149597,0.089762918651104,0.114899143576622,0.0533169694244862,0,"fsrq","PKS 0115-214",0.998105406761169,0.969648003578186,"cgrabs",19.4532505708,-21.1851758722,6.79999985209179e-08,"RFC J0117-2111",1.49000000953674,"LSP",5236004487168,1.89645261300386e-12,139.060333251953,0.918706297874451,0.230203658342361,12.3464002609253,20.026814,"FSRQ",1,-9.15186532473015,-10.9445117357703,1.25898860433775,2.14320326581841,12.719000010062,-11.7220580046185,3.13305261832952,0.401606424164652
"4FGL J0118.9-2141",1,19.7254009246826,-21.6947994232178,173.40576171875,-81.7201538085938,58.2410202026367,3.04986169652466e-09,9.74657438090887e-11,3.15114635773828e-11,1.33056629950112e-12,"LogParabola",2.25972509384155,0.0200892798602581,1069.17053222656,2.25052952766418,0.028398621827364,0.0901199653744698,0.0156206944957376,0,"fsrq","PKS 0116-219",0.999515533447266,0.981075286865234,"cgrabs",19.7385924333,-21.6917056167,6.79999985209179e-08,"RFC J0118-2141",1.16499996185303,"LSP",5058246737920,3.86083266051829e-12,206.097930908203,0.403278887271881,0.098944678902626,48.4174003601074,17.810192,"FSRQ",1,-8.51571985435749,-10.5015314251719,1.76522897386842,2.31407363176145,12.7040000101218,-11.4133190215276,3.02904698051121,0.461893772572678
"4FGL J0119.0-1458",1,19.7611999511719,-14.9799003601074,152.185363769531,-76.2582015991211,14.6600761413574,3.11496550775558e-10,3.76358388898268e-11,3.29633217423242e-12,5.17293673174546e-13,"PowerLaw",1.80341935157776,0.0815811231732368,3796.89404296875,1.6502171754837,0.153150096535683,0.120122127234936,0.0793003588914871,0,"bll","1RXS J011905.4-145906",0.999079167842865,0.955696880817413,"whsp2",19.7692488458,-14.9829572222,1.60000001869776e-06,"RFC J0119-1458",0.114698998630047,"HSP",12161860249845760,1.22507592178328e-12,13.5592069625854,0.265672415494919,0.169519126415253,56.8951988220215,17.99017,"BLL",0,-9.50654675795324,-11.4819690305407,1.16613622594532,1.13223428968999,16.0850000086911,-11.9118369958792,3.57942847778345,0.8971031652751
"4FGL J0123.1+3421",1,20.790599822998,34.3538017272949,130.348831176758,-28.0606498718262,12.4688282012939,2.24048737895721e-10,3.59947349704015e-11,3.23785616374028e-12,5.19895162077316e-13,"PowerLaw",1.69710004329681,0.098814383149147,6752.18017578125,1.65584444999695,0.132223382592201,0.0276185870170593,0.0550534650683403,0,"bll","1ES 0120+340",0.999642252922058,0.995537459850311,"bllac",20.7859886042,34.3468514917,7.20000002729648e-07,"RFC J0123+3420",0.272000014781952,"HSP",436515840033030144,9.59402869649129e-12,14.8346881866455,0.404522895812988,0.236549437046051,275.160003662109,18.29193,"BLL",0,-9.64965749819802,-11.4897424479487,1.09582564115904,1.17127842222398,17.6400000077532,-11.0179989868594,3.82944402252512,0.786163512876548
"4FGL J0123.7-2311",1,20.9377002716064,-23.1940994262695,186.413925170898,-81.7001342773438,20.6685619354248,5.33490751575272e-10,4.58043047935064e-11,6.48366169780923e-12,6.6103893192615e-13,"PowerLaw",1.86487555503845,0.0605678260326385,3111.09838867188,1.83911871910095,0.0725531950592995,0.0240212064236403,0.0314784906804562,0,"bll","1RXS J012338.2-231100",0.997836053371429,0.949055135250092,"bllac",20.9097906375,-23.1830217028,2.1000000742788e-06,"RFC J0123-2310",0.404000014066696,"HSP",901571153632428032,4.75824718168538e-12,17.6569652557373,0.28822061419487,0.131212711334229,166.360000610352,18.442142,"BLL",0,-9.27287310496424,-11.1881796536952,1.31531026060232,1.24691606243847,17.9550000077201,-11.3225530009592,3.49291374591475,0.712250705114662
"4FGL J0124.8-0625",1,21.2178001403809,-6.43279981613159,145.440093994141,-67.83154296875,9.16565418243408,2.49189557877116e-10,3.60795317233542e-11,2.97270368043723e-12,4.45895165408772e-13,"PowerLaw",2.21438121795654,0.109978675842285,1539.08972167969,2.18869972229004,0.13863131403923,0.0612379163503647,0.102222971618176,0,"bll","PMN J0124-0624",0.99746173620224,0,"bzcat",21.2103580625,-6.416925625,2.3999999143598e-07,"RFC J0124-0625",2.11700010299683,"LSP",36307803832320,6.69022942514225e-13,45.9445037841797,1.00999701023102,0.295917898416519,-Inf,19.912306,"BLL",0,-9.60347016045333,-11.5268483791787,0.962163467408676,1.66223356536369,13.5599999803271,-12.1745589889041,3.18726393789166,0.320821291933405
"4FGL J0126.0-2221",1,21.5203990936279,-22.3610000610352,183.585403442383,-80.8067016601562,13.6752605438232,3.17072534894436e-10,3.65240199196037e-11,6.83838576043261e-12,5.80303925572234e-13,"PowerLaw",2.58719944953918,0.0719113945960999,671.771240234375,2.53999352455139,0.0972898676991463,0.112516969442368,0.0639657825231552,0,"fsrq","PKS 0123-226",0.993825852870941,0.949861705303192,"bzcat",21.5625069167,-22.3760008278,1.1999999571799e-07,"RFC J0126-2222",0.720000028610229,"LSP",19275249090560,1.32058090591275e-12,114.903282165527,0.975156128406525,0.249409228563309,-Inf,17.734898,"FSRQ",1,-9.4988413753188,-11.1650464038463,1.13593560935039,2.06033243431073,13.2849999990683,-11.8792349864184,2.82722140695597,0.581395339166364
"4FGL J0127.2-0819",1,21.8073997497559,-8.33049964904785,148.845947265625,-69.3813781738281,23.4215965270996,7.25943971602305e-10,5.17161348467798e-11,7.79129538663881e-12,5.85203597820022e-13,"PowerLaw",2.17851972579956,0.0517687238752842,1303.40710449219,2.10266971588135,0.0728563517332077,0.0978067442774773,0.0421634577214718,0,"bll","PMN J0127-0821",0.997763395309448,0.926977038383484,"cgrabs",21.8179633458,-8.358026925,1.39999997372797e-07,"RFC J0127-0821",0.360000014305115,"LSP",22908676079616,1.20272400979532e-12,9.08056831359863,0,10,24.0014991760254,18.356318,"BLL",0,-9.1390968968797,-11.1083903301966,1.36961649531694,0.958113029989825,13.3599999915058,-11.919834019189,3.11508008387866,0.735294109912892
"4FGL J0129.8+1440",1,22.4682006835938,14.6815996170044,136.669815063477,-47.1623382568359,11.5803709030151,2.66889677025262e-10,3.7598275187678e-11,4.53904752326095e-12,5.42458547699021e-13,"PowerLaw",2.70149636268616,0.076841302216053,462.246032714844,2.62119817733765,0.109725460410118,0.164963662624359,0.0839555636048317,0,"fsrq","4C +14.06",0.944329679012299,0.90044778585434,"crates",22.4806131875,14.7799545583,1.0000000116861e-07,"RFC J0129+1446",1.62635898590088,"LSP",5308844343296,3.4032433988973e-13,16.5688400268555,0.263976514339447,0.133438900113106,-Inf,18.909033,"FSRQ",1,-9.57366822388078,-11.3430352702243,1.06372246945646,1.2192921048243,12.7249999919001,-12.4681069891887,2.66487319245978,0.3807552605597
"4FGL J0132.7-1654",1,23.1760005950928,-16.9102993011475,168.099990844727,-76.0185852050781,60.9297752380371,2.1219979107201e-09,7.75487798976293e-11,2.17269813251875e-11,7.64663722965797e-13,"LogParabola",2.34347081184387,0.0214641951024532,484.678039550781,2.26897668838501,0.0276638362556696,0.0607386380434036,0.0156438536942005,0,"fsrq","PKS 0130-17",0.999819457530975,0.99963790178299,"bzcat",23.1811977542,-16.913478325,7.50000026528141e-08,"RFC J0132-1654",1.01999998092651,"LSP",10964782022656,6.47184346044827e-12,259.034973144531,0.430757761001587,0.104997798800468,24.8542003631592,18.090166,"FSRQ",1,-8.67325504803278,-10.6630006089249,1.78482957607195,2.41335840353417,13.040000002425,-11.1889719958899,2.6854533425658,0.495049509624912
"4FGL J0133.1-5201",1,23.2938003540039,-52.0201988220215,288.255798339844,-63.9024276733398,54.935173034668,1.71980096830282e-09,6.62880791924003e-11,9.92288889944959e-12,5.73053919854932e-13,"LogParabola",2.32349896430969,0.0239379666745663,569.542724609375,2.22676849365234,0.034617867320776,0.0814302265644073,0.019079128280282,0,"fsrq","PKS 0131-522",0.999246060848236,0.999423325061798,"bzcat",23.27401045,-52.0010959556,3.89925070010122e-08,"RFC J0133-5200",0.925000011920929,"LSP",4365158449152,8.72171692506418e-13,1417.04113769531,1.2400141954422,0.293722808361053,18.7359008789062,17.620697,"FSRQ",1,-8.76452181086533,-11.0033618711484,1.73985049679361,3.15138245830303,12.6400000126105,-12.0593980130395,2.75552630851365,0.519480516263538
"4FGL J0134.5+2637",1,23.6271991729736,26.6294002532959,134.733139038086,-35.2534141540527,25.4101276397705,8.87102724611566e-10,5.78042995413863e-11,9.43173403961106e-12,7.38233367665597e-13,"PowerLaw",1.98734188079834,0.050833560526371,2472.59936523438,1.95317840576172,0.0672921016812325,0.0257126037031412,0.0298276618123055,0,"fsrq","RX J0134.4+2638",0.999055564403534,0.934782028198242,"bzcat",23.6174783083,26.6452809972,3.09999990122378e-07,"RFC J0134+2638",0.570999979972839,"HSP",4786300817244160,4.48957277604523e-12,10.8685626983643,0.0904282331466675,0.127465844154358,242.259002685547,17.579878,"FSRQ",1,-9.0520260868776,-11.0254084541765,1.40500684659735,1.03617211506683,15.6799999903835,-11.3477949841267,3.39315375341618,0.636537245542988
"4FGL J0137.0+4751",1,24.2602996826172,47.8637008666992,130.798324584961,-14.3102970123291,72.2126388549805,3.63713792417286e-09,9.88702938964359e-11,4.4538560339813e-11,1.2264394144354e-12,"LogParabola",2.30151844024658,0.0172676853835583,687.736755371094,2.19622755050659,0.0280566606670618,0.0987123548984528,0.0145118031650782,0,"fsrq","OC 457",0.99953293800354,0.990222454071045,"bzcat",24.2441450333,47.8580833639,6.79999985209179e-08,"RFC J0136+4751",0.859000027179718,"LSP",4518559350784,1.43248139045093e-11,1410.48083496094,0.811476051807404,0.192344710230827,41.0127983093262,17.623575,"FSRQ",1,-8.43924022972025,-10.3512638251686,1.85861321563888,3.14936718951495,12.6549999910648,-10.8439110112991,2.83742223537632,0.537923606981919
"4FGL J0137.6-2430",1,24.4069004058838,-24.516300201416,201.395980834961,-79.2871856689453,40.1094360351562,9.39860522741753e-10,5.36082948865424e-11,1.64448402811823e-11,6.25141214835589e-13,"LogParabola",2.5362229347229,0.0306453593075275,378.757080078125,2.40627145767212,0.0481199286878109,0.115857668220997,0.0278002005070448,0,"fsrq","PKS 0135-247",0.999651730060577,0.99955803155899,"bzcat",24.4097768583,-24.5149681861,7.50000026528141e-08,"RFC J0137-2430",0.834999978542328,"LSP",3845917769728,6.77424652831271e-12,343.578735351562,0.644941687583923,0.155969604849815,25.4855995178223,17.48876,"FSRQ",1,-9.02693659182376,-10.7839703402013,1.60324655556077,2.53602627679699,12.5849999942719,-11.1691390025633,2.57836075982091,0.544959134437904
"4FGL J0140.6-0758",1,25.1625995635986,-7.97450017929077,156.522094726562,-67.5780029296875,6.7910418510437,1.45920275862466e-10,3.25885464447229e-11,2.01922506493091e-12,4.42391511878276e-13,"PowerLaw",1.8552041053772,0.14520563185215,4350.337890625,1.6656950712204,0.275031447410583,0.145582035183907,0.141471654176712,0,"bll","RX J0140.7-0758",0.99833881855011,0.97574108839035,"whsp2",25.1703808583,-7.98027323333,1.60000001869776e-06,"RFC J0140-0758",0.490000009536743,"HSP",33496544430784512,1.24907061690299e-12,12.6407337188721,0.475353538990021,0.350643217563629,29.5442008972168,18.917896,"BLL",0,-9.83588435798062,-11.6948152714427,0.831936406894567,1.10177228287116,16.5250000066772,-11.9034130078514,3.63852298990521,0.671140935301679
"4FGL J0141.4-0928",1,25.3626003265381,-9.48250007629395,159.065887451172,-68.769401550293,58.082462310791,2.38492514625932e-09,8.6343446281667e-11,2.08585839572839e-11,8.31874987731324e-13,"LogParabola",2.15446066856384,0.0227762814611197,707.64501953125,2.08693027496338,0.0318497084081173,0.0478486232459545,0.0146207995712757,0,"bll","PKS 0139-09",0.999898612499237,0.992738604545593,"cgrabs",25.3576339792,-9.47879838333,6.79999985209179e-08,"RFC J0141-0928",0.730000019073486,"LSP",17378008104960,3.96253386006351e-12,256.4931640625,0.501260995864868,0.122000768780708,145.093994140625,17.466726,"BLL",0,-8.62252524726398,-10.6807151781919,1.76404501928504,2.40907579498586,13.2399999954383,-11.4020270136888,2.84981545441301,0.578034675708014
"4FGL J0145.0-2732",1,26.2584991455078,-27.5363006591797,217.973541259766,-78.0956573486328,29.1186771392822,6.0184796035756e-10,4.55261280063457e-11,1.20726571101182e-11,5.63070369410251e-13,"LogParabola",2.60343742370605,0.039593730121851,326.56201171875,2.48011231422424,0.0619918368756771,0.0967834070324898,0.0359244644641876,0,"fsrq","PKS 0142-278",0.99876868724823,0.981751382350922,"bzcat",26.2641441417,-27.5595356806,9.49999972021942e-08,"RFC J0145-2733",1.14800000190735,"LSP",3491403137024,3.47462553521027e-12,810.14208984375,1.37766349315643,0.327645421028137,10.177300453186,18.206186,"FSRQ",1,-9.22051320694372,-10.9181971341063,1.46417164110254,2.90856119594438,12.5429999977906,-11.4590919930177,2.51396566276292,0.465549347817521
"4FGL J0148.6+0127",1,27.157600402832,1.46220004558563,150.926849365234,-58.2664527893066,10.2372264862061,2.69501865268751e-10,3.73410954934705e-11,3.12388548188991e-12,4.97894477383132e-13,"PowerLaw",2.30565619468689,0.122199200093746,1529.37487792969,2.34894037246704,0.0924939289689064,-0.0577130131423473,0.0344103686511517,0,"bll","PMN J0148+0129",0.998588383197784,0.859342992305756,"bzcat",27.1408125042,1.48373301944,3.3000000598804e-07,"RFC J0148+0129",0.939999997615814,"LSP",52480746455040,3.86759499209841e-13,17.2134838104248,0.383532911539078,0.214626148343086,19.25950050354,19.148973,"BLL",0,-9.56943822464005,-11.5053048952476,1.01018231163116,1.23586877541334,13.7200000035589,-12.4125590107798,3.18451395203173,0.515463918159259
"4FGL J0152.2+2206",1,28.0727005004883,22.1133003234863,141.057632446289,-38.6071357727051,14.2136459350586,3.69875241545969e-10,4.23350937639455e-11,7.35096272047597e-12,6.08831507344781e-13,"PowerLaw",2.67747783660889,0.0641538575291634,500.167083740234,2.61181688308716,0.0872958898544312,0.119952782988548,0.0558039098978043,0,"fsrq","PKS 0149+21",0.99872624874115,0.980312585830688,"bzcat",28.0752460208,22.1188055083,6.79999985209179e-08,"RFC J0152+2207",1.32000005245209,"LSP",6382634926080,2.48139551441151e-12,34.6217765808105,0.40581750869751,0.129812091588974,-Inf,18.425518,"FSRQ",1,-9.43194473821645,-11.1336557797171,1.1527054928733,1.53934934948526,12.8050000043666,-11.6053040071763,2.69911510718584,0.431034473013509
"4FGL J0153.5-5107",2,28.3959999084473,-51.1292991638184,280.987274169922,-63.2691650390625,4.71353721618652,4.56250488778398e-11,1.93757076355494e-11,3.84867268263256e-12,5.97196012259993e-13,"PowerLaw",3.24127388000488,0.205842703580856,243.937484741211,3.30034828186035,1.25183272361755,-0.0615543089807034,0.00150270760059357,0,"fsrq","PKS 0152-513",0.977534413337708,0.937098205089569,"cgrabs",28.5820655822754,-51.1310348510742,9.7e-07,"RFC J0154-5107",1.58200001716614,"LSP",8317637754880,5.51714002174769e-13,13.7552251815796,0.25493586063385,0.249444574117661,-Inf,18.735533,"FSRQ",1,-10.3407966572782,-11.4146890226989,0.673346940444839,1.13846770445431,12.9200000022897,-12.2582859937655,2.38727854145932,0.387296666673746
"4FGL J0153.9+0823",1,28.497200012207,8.39309978485107,148.225219726562,-51.3806076049805,38.1820411682129,1.61673707754773e-09,7.95766785799401e-11,1.56672799733748e-11,1.09545022792396e-12,"LogParabola",1.95256543159485,0.0330209508538246,1487.01611328125,1.82157063484192,0.0562751106917858,0.0798818320035934,0.0245285090059042,0,"bll","GB6 J0154+0823",0.999318361282349,0.953285396099091,"bzcat",28.5115427,8.39751872222,1.30000003650821e-07,"RFC J0154+0823",0.680999994277954,"ISP",891250945294336,3.98863234107871e-12,43.9335746765137,0.30197149515152,0.0886157378554344,60.6643981933594,17.746675,"BLL",0,-8.7913606016486,-10.8050063956878,1.5818591415641,1.64279654128318,14.9500000034893,-11.3991759936725,3.17231567455505,0.594883999645421
"4FGL J0159.5+1046",1,29.885799407959,10.773699760437,148.745239257812,-48.6547698974609,26.7974414825439,9.93044646513397e-10,6.13948267225162e-11,9.58693020802759e-12,7.20762859118818e-13,"PowerLaw",1.99460887908936,0.0460140369832516,2166.71533203125,1.96122372150421,0.0568602941930294,0.0314075239002705,0.025687649846077,0,"bll","RX J0159.5+1047",0.999497711658478,0.966867685317993,"bllac",29.8933028292,10.7849356528,2.49999999368811e-07,"RFC J0159+1047",0.194999992847443,"HSP",6309573245796352,2.96295453450224e-12,34.1979751586914,0.337107956409454,0.10682737082243,64.8970031738281,17.463657,"BLL",0,-9.00303122552423,-11.0183204342412,1.42809333122821,1.53400039250525,15.7999999863022,-11.5282750125653,3.33580185647486,0.836820088690714
"4FGL J0202.4+0849",1,30.6187000274658,8.82880020141602,150.980194091797,-50.1343040466309,7.84570026397705,1.87369314508246e-10,3.74923911361513e-11,2.09725184267817e-12,4.72487283673106e-13,"PowerLaw",1.83348989486694,0.120123162865639,4812.009765625,1.66041684150696,0.217284053564072,0.224382191896439,0.128103420138359,0,"fsrq","TXS 0159+085",0.999053597450256,0.941284954547882,"bllac",30.6100978792,8.82047046389,4.59999995428007e-07,"RFC J0202+0849",0.629000008106232,"HSP",5495408507748352,7.73077457084936e-13,13.4459323883057,0.21993362903595,0.425387442111969,46.7655982971191,19.135775,"FSRQ",1,-9.72730153207646,-11.6783494153533,0.894631712385496,1.1285909231124,15.739999981758,-12.1117769905586,3.68232650003787,0.613873538995579
"4FGL J0202.6-0258",1,30.6700992584229,-2.98250007629395,161.19889831543,-60.4482879638672,8.38786506652832,2.51485832158949e-10,3.83240696122389e-11,2.91936657140224e-12,4.95870814028188e-13,"PowerLaw",2.37612366676331,0.109155356884003,1157.84008789062,2.36879301071167,0.122265681624413,0.0281472411006689,0.063470259308815,256,"fsrq","WISE J020239.94-030207.9",0.982365667819977,0,"rfc",30.666374925,-3.03554099167,6.00000021222513e-07,"RFC J0202-0302",1.34440994262695,"LSP",10964782022656,3.12227403220094e-13,10.4240436553955,0.0982979387044907,0.395241469144821,-Inf,18.836319,"FSRQ",1,-9.59948647656633,-11.534711369232,0.923651435463607,1.01803622151282,13.040000002425,-12.505528982936,3.06364858206641,0.426546561596426
"4FGL J0203.7+3042",1,30.9326992034912,30.7138996124268,140.802001953125,-29.6369075775146,50.3439064025879,2.25319340962926e-09,8.40008965163896e-11,2.04330632275207e-11,1.05152453584723e-12,"LogParabola",2.23866701126099,0.0252673737704754,879.859741210938,2.14070463180542,0.0377053059637547,0.0985298454761505,0.0209217853844166,0,"bll","NVSS J020344+304238",0.999925374984741,0.977444052696228,"bzcat",30.9344611875,30.7105101417,1.1999999571799e-07,"RFC J0203+3042",0.760999977588654,"LSP",10115794075648,1.53860453024068e-12,773.127685546875,1.01113820075989,0.240516439080238,44.9603004455566,19.7727,"BLL",0,-8.64720152770379,-10.6896665211265,1.70194691131695,2.88825122554705,13.0049999799527,-11.8128729931672,2.94441344661267,0.567859178152464
"4FGL J0205.0-1700",1,31.2637004852295,-17.0021991729736,185.980834960938,-70.2019729614258,34.7479209899902,8.40356950693177e-10,5.28176807845782e-11,1.22796261006752e-11,5.69851349267736e-13,"LogParabola",2.63249444961548,0.0329695343971252,385.891754150391,2.56403851509094,0.047791201621294,0.0816504508256912,0.0272542331367731,0,"fsrq","PKS 0202-17",0.997853100299835,0.999535202980042,"bzcat",31.2403097375,-17.0221779972,7.50000026528141e-08,"RFC J0204-1701",1.74000000953674,"LSP",2786121220096,1.38348349703471e-12,234.404479980469,0.559539139270782,0.137045532464981,-Inf,17.433,"FSRQ",1,-9.07553620347607,-10.9108148567197,1.54092882534094,2.36996590773941,12.4450000080224,-11.8590260169997,2.58646549853707,0.364963502379357
"4FGL J0206.4-1151",1,31.6018009185791,-11.8576002120972,175.612991333008,-66.7086791992188,34.1398544311523,1.06812658717814e-09,5.83096418371731e-11,1.21632825339502e-11,6.25409283822737e-13,"PowerLaw",2.39911079406738,0.0347342267632484,740.073059082031,2.37906646728516,0.0411990508437157,0.0440811589360237,0.023867592215538,0,"fsrq","PMN J0206-1150",0.999402761459351,0.968559384346008,"bzcat",31.6086864,-11.8443678972,1.1999999571799e-07,"RFC J0206-1150",1.66299998760223,"LSP",6918309937152,1.01878369022229e-12,206.085662841797,0.604802310466766,0.148965552449226,14.2236003875732,19.337814,"FSRQ",1,-8.97137727459668,-10.9149492051619,1.53326166499541,2.3140477794295,12.8400000143103,-11.9919180163028,2.86927459485259,0.375516336708812
"4FGL J0208.5-0046",1,32.1349983215332,-0.776799976825714,161.207778930664,-57.8009414672852,9.11142635345459,2.26196714137039e-10,3.40006911514479e-11,2.69065845992511e-12,4.21581118539155e-13,"PowerLaw",2.32631826400757,0.122869834303856,1277.39343261719,2.33187174797058,0.1270781904459,-0.00750804878771305,0.0571926236152649,0,"bll","PKS 0205-010",0.997202336788177,0.958323776721954,"bzcat",32.1097746083,-0.79563715,1.50000005305628e-07,"RFC J0208-0047",2.02500009536743,"LSP",16904409317376,6.64911756296377e-13,6.81725263595581,0,10,-Inf,20.479202,"BLL",0,-9.64551370817501,-11.5701414261246,0.959586369173369,0.833609388522224,13.2280000000242,-12.1772359882255,3.1063246790167,0.330578501974736
"4FGL J0208.6+3523",1,32.1706008911133,35.3972015380859,140.216659545898,-24.868480682373,10.1193370819092,2.31336852452024e-10,3.70789267345462e-11,2.99733653695566e-12,4.88694425638397e-13,"PowerLaw",1.87976288795471,0.105154357850552,4178.67578125,1.80571103096008,0.155652746558189,0.0931894704699516,0.0791442096233368,0,"bll","MS 0205.7+3509",0.999653995037079,0.975302278995514,"bllac",32.1590116333,35.3868909917,8.90000023900939e-07,"RFC J0208+3523",0.317999988794327,"HSP",21877616365535232,7.85078328301853e-13,9.7495813369751,0.0638260096311569,0.909224271774292,67.575798034668,19.743336,"BLL",0,-9.63575517768468,-11.5232644923105,1.00515206279046,0.988985966781068,16.340000002502,-12.1050870109589,3.62103867603082,0.758725347877108
"4FGL J0209.3-5228",1,32.3493003845215,-52.4799003601074,278.344573974609,-60.7667236328125,53.667537689209,1.74981384937212e-09,6.59166748961937e-11,1.87615426666676e-11,9.69416929542943e-13,"PowerLaw",1.85092031955719,0.0278020445257425,2558.61962890625,1.80724549293518,0.0369776822626591,0.0295676048845053,0.0160715822130442,0,"bll","PMN J0209-5229",0.999933481216431,0.991229474544525,"bllac",32.3400659333,-52.4896637167,8.29823363801552e-07,"RFC J0209-5229",0.163000002503395,"HSP",13803842353233920,1.12576562655287e-11,72.3839645385742,0.31556510925293,0.0851588398218155,179.921005249023,16.433132,"BLL",0,-8.75700815045117,-10.7267314546523,1.72971166995593,1.8596423661454,16.1399999907881,-10.9485520159586,3.40800572733091,0.859845226008141
"4FGL J0209.9+7229",1,32.4978981018066,72.4877014160156,128.835845947266,10.5224599838257,14.254114151001,7.7802719822273e-10,7.25259574618775e-11,5.33194668972392e-12,8.47899441630551e-13,"LogParabola",2.27530312538147,0.066739596426487,1976.75817871094,2.07610940933228,0.130684062838554,0.265835464000702,0.0898802801966667,0,"bll","S5 0205+722",0.999814629554749,0.985465466976166,"qso",32.4657933375,72.4907415694,8.80000001757253e-08,"RFC J0209+7229",0.894999980926514,"LSP",6309573296128,1.18288625422514e-12,151.226837158203,1.24054062366486,0.307736724615097,-Inf,20.229834,"BLL",0,-9.1090052207075,-11.2731142014327,1.15394023242862,2.17962886917756,12.7999999897666,-11.9270570149134,3.29595354433899,0.527704490799559
"4FGL J0210.7-5101",1,32.6945991516113,-51.021800994873,276.105773925781,-61.7737464904785,120.410354614258,5.2890780644077e-09,1.08816157473601e-10,4.74044623000047e-11,1.01877642606774e-12,"LogParabola",2.34160828590393,0.0119653698056936,476.579315185547,2.23913240432739,0.0190180707722902,0.0852508246898651,0.00993841048330069,512,"FSRQ","PKS 0208-512",1,0.999840021133423,"identified",32.692501775,-51.0171921722,6.79999985209179e-08,"RFC J0210-5101",1.00300002098083,"LSP",8609937752064,6.06986466297754e-12,1486.39868164062,0.512904345989227,0.121625997126102,24.4463005065918,16.985,"FSRQ",1,-8.27662002294296,-10.3241807751813,2.0806638354141,3.17213531145281,12.9350000116124,-11.2168209920841,2.67813518887967,0.49925111808552
"4FGL J0211.2+1051",1,32.8091011047363,10.8569002151489,152.585159301758,-47.3681488037109,85.5306167602539,5.26461851890758e-09,1.27593519083646e-10,5.18218176703833e-11,1.58320568027087e-12,"LogParabola",2.11900305747986,0.0154389524832368,838.039611816406,2.05091691017151,0.0230571813881397,0.0523817241191864,0.00999056454747915,0,"BLL","MG1 J021114+1051",1,0.990100681781769,"identified",32.8049058167,10.8596663083,1.30000003650821e-07,"RFC J0211+1051",0.200000002980232,"ISP",166724724850688,5.05833985808835e-11,306.750091552734,0.346747368574142,0.0843185633420944,396.923004150391,14.841105,"BLL",0,-8.27863309288035,-10.2854873580354,1.93212160373273,2.48678470101874,14.222000009366,-10.2959919947753,2.92326454701536,0.833333331263728
"4FGL J0212.4-3502",1,33.114200592041,-35.048900604248,242.513931274414,-70.9800796508789,14.2208404541016,3.25886345686754e-10,3.50258884396215e-11,3.79043975026749e-12,4.58927221311939e-13,"PowerLaw",2.03680300712585,0.0830522105097771,2006.62805175781,2.02506375312805,0.100869938731194,0.00932170171290636,0.0431134626269341,0,"bll","RBS 0292",0.999178469181061,0.950161576271057,"bllac",33.12710435,-35.0583716056,3.29999988935015e-06,"RFC J0212-3503",0.39300000667572,"ISP",562341309579264,5.43217814480412e-13,14.717059135437,0.285831600427628,0.169202715158463,75.0855026245117,18.375856,"BLL",0,-9.48693383565982,-11.4213104021597,1.15292526403035,1.16782103494354,14.7499999879436,-12.2650259960846,3.30246687919438,0.71787508629409
"4FGL J0212.9+2244",1,33.2426986694336,22.7465991973877,146.443862915039,-36.3748931884766,17.194091796875,5.54131407426439e-10,4.90184004497962e-11,5.81381557479554e-12,6.92494781136255e-13,"PowerLaw",2.05449843406677,0.0607071295380592,2188.78491210938,1.99317157268524,0.0857425332069397,0.119985438883305,0.0487513281404972,0,"bll","MG3 J021252+2246",0.999172806739807,0.955712854862213,"bzcat",33.2201452958,22.7478482639,1.50000005305628e-07,"RFC J0212+2244",0.458999991416931,"ISP",451855960244224,2.90345438663797e-12,37.337818145752,0.519405961036682,0.160321608185768,237.179000854492,17.149874,"BLL",0,-9.25638723391258,-11.2355387489878,1.23537924104652,1.57214893613728,14.6550000152525,-11.5370849923574,3.34020308634018,0.68540096359345
"4FGL J0216.5+2313",1,34.141300201416,23.2294998168945,147.151351928711,-35.6068840026855,10.6683177947998,2.5793731039947e-10,3.97852202571602e-11,3.64867814781067e-12,5.47517272405512e-13,"PowerLaw",1.85319530963898,0.0957931354641914,4286.85693359375,1.69765448570251,0.168374419212341,0.181670129299164,0.0979343056678772,0,"bll","RBS 0298",0.999697506427765,0.982274174690247,"bllac",34.1337258542,23.2473219944,2.90000002678426e-06,"RFC J0216+2314",0.287999987602234,"HSP",15667510267346944,1.87134118964649e-12,10.9056043624878,0,10,51.0099983215332,18.187641,"BLL",0,-9.5884858330128,-11.4378644443346,1.02809594425746,1.03764973814219,16.1949999879771,-11.727847023151,3.63213898992828,0.776397523001238
"4FGL J0216.8-6635",1,34.2168006896973,-66.5896987915039,290.344604492188,-48.397533416748,25.8587265014648,7.34952931846777e-10,4.89002484338474e-11,6.06848208836719e-12,6.25733948163287e-13,"LogParabola",1.98793756961823,0.0463914461433887,1608.89367675781,1.78779089450836,0.0847718566656113,0.144799128174782,0.042932253330946,0,"bll","RBS 0300",0.999462962150574,0.952745914459229,"bzcat",34.2119581792,-66.6118334889,1.69999998433923e-06,"RFC J0216-6636",0.330000013113022,"HSP",3427677839032320,2.82370936528775e-12,30.3873443603516,0.282992511987686,0.0995557829737663,81.5001983642578,17.2142,"BLL",0,-9.13374047328827,-11.2169199255779,1.41260713280248,1.48269274746263,15.534999996651,-11.5491800057602,3.20652734483048,0.751879691835026
"4FGL J0217.0-0821",1,34.2517013549805,-8.35859966278076,174.080703735352,-62.3940849304199,13.1129808425903,3.5918404361901e-10,3.99087048130742e-11,4.47912887335811e-12,4.89249428730493e-13,"PowerLaw",2.3432469367981,0.074767492711544,1006.51306152344,2.27129483222961,0.109740294516087,0.12957301735878,0.0688230469822884,0,"fsrq","PKS 0214-085",0.998771667480469,0.96742171049118,"bllac",34.2610930125,-8.34787558333,1.1999999571799e-07,"RFC J0217-0820",0.60699999332428,"LSP",5754399490048,1.34644617504065e-12,6.75449323654175,0,10,-Inf,19.25822,"FSRQ",1,-9.44468296466102,-11.3488064418681,1.11770142672724,0.829592771147925,12.7600000088058,-11.8708110030769,3.00281941510222,0.622277538365993
"4FGL J0217.2+0837",1,34.3162994384766,8.62339973449707,156.115478515625,-48.6399955749512,37.2699890136719,1.61502389239843e-09,7.41219793876091e-11,1.72638847661943e-11,8.20939019888223e-13,"PowerLaw",2.26912784576416,0.0319744683802128,1028.91528320312,2.24058389663696,0.039136465638876,0.0417297258973122,0.020173005759716,0,"bll","ZS 0214+083",0.999746084213257,0.979877173900604,"bllac",34.3213541542,8.61774953056,1.39999997372797e-07,"RFC J0217+0837",0.0850000008940697,"LSP",36307803832320,7.5603169558125e-12,66.3912658691406,0.289003014564514,0.07944355905056,36.7116012573242,16.492796,"BLL",0,-8.79182104840406,-10.7628614715011,1.57135926473392,1.82211094933289,13.5599999803271,-11.1214599969227,3.01237961815211,0.921658985415643
"4FGL J0217.4+7352",1,34.3532981872559,73.8804016113281,128.90185546875,12.0134449005127,14.4875907897949,4.7242543210757e-10,5.20392860747787e-11,1.29276624127872e-11,1.0701371429625e-12,"PowerLaw",2.93982172012329,0.055627629160881,364.129547119141,2.8761990070343,0.0735217779874802,0.104767389595509,0.0495992079377174,0,"fsrq","S5 0212+73",0.996285438537598,0.97774076461792,"qso",34.3783890167,73.8257282694,6.79999985209179e-08,"RFC J0217+7349",2.36700010299683,"LSP",1380384243712,2.39815372421459e-12,41.1247520446777,0.318410277366638,0.0963063091039658,-Inf,18.906704,"FSRQ",1,-9.32566673102744,-10.8884799973939,1.16099617058569,1.61410329245462,12.1399999934273,-11.6201229816048,2.56125592098326,0.297000287915032
"4FGL J0217.8+0144",1,34.462100982666,1.73459994792938,162.163635253906,-54.4189529418945,63.7832374572754,2.84177037457312e-09,9.29351665068801e-11,3.15848597276513e-11,1.12839197621145e-12,"LogParabola",2.2363600730896,0.0201637912541628,633.035400390625,2.1595938205719,0.0286566689610481,0.0638452097773552,0.014190842397511,0,"fsrq","PKS 0215+015",0.999229907989502,0.981999039649963,"cgrabs",34.4539781458,1.74713863333,6.79999985209179e-08,"RFC J0217+0144",1.7150000333786,"LSP",7328245481472,7.68424126412759e-12,458.696441650391,0.577834486961365,0.138764768838882,50.0129013061523,18.640938,"FSRQ",1,-8.54641101757138,-10.5005210475219,1.80470655902966,2.66152537109428,12.8650000088944,-11.1143990079391,2.80142799716494,0.368324120701973
"4FGL J0219.1-1724",1,34.7821006774902,-17.4020004272461,191.831069946289,-67.5503921508789,10.6850719451904,2.65266419940957e-10,3.7255996898633e-11,3.08196545541206e-12,4.73304284220183e-13,"PowerLaw",2.10345411300659,0.117309898138046,2450.16381835938,2.10491824150085,0.127773553133011,-0.00356827769428492,0.0522504672408104,0,"bll","1RXS J021905.8-172503",0.999491930007935,0.911951720714569,"bllac",34.77293045,-17.4203025306,5.59999989491189e-07,"RFC J0219-1725",0.128000006079674,"HSP",17782794545528832,2.85941366071074e-12,17.5448265075684,0.507939040660858,0.221744999289513,12.8601999282837,17.95584,"BLL",0,-9.57631772384872,-11.5111722334333,1.0287774507204,1.24414907804141,16.2500000108713,-11.543723012334,3.3891951223364,0.88652481791686
"4FGL J0220.2+3246",1,35.0730018615723,32.7793006896973,143.731979370117,-26.4784564971924,5.8327374458313,1.44281447900241e-10,3.29621434314031e-11,2.80599393547021e-12,5.71431573934134e-13,"PowerLaw",2.74386477470398,0.128803998231888,510.986358642578,2.50066924095154,0.237627357244492,0.313171684741974,0.190421789884567,0,"fsrq","CRATES J022048+324116",0.812896609306335,0.873268723487854,"crates",35.2002209,32.6851288306,1.39999997372797e-07,"RFC J0220+3241",1.62000000476837,"LSP",11967405228032,6.51538393549311e-13,20.0098667144775,0.444525569677353,0.209787979722023,-Inf,18.15746,"FSRQ",1,-9.84078950807859,-11.5519132719373,0.765872427588424,1.30124419581464,13.0779999969139,-12.1860599872955,2.70840930630823,0.381679388618325
"4FGL J0220.8-0841",1,35.2088012695312,-8.69320011138916,176.017395019531,-61.9572792053223,6.41435670852661,1.04181087368094e-10,2.8301982285539e-11,1.4945854883569e-12,3.97267749295896e-13,"PowerLaw",1.7421361207962,0.156140223145485,6589.08251953125,1.48781549930573,0.326791405677795,0.312165826559067,0.218057438731194,0,"bll","RX J0220.8-0842",0.998542666435242,0.891400814056396,"bllac",35.201949425,-8.71400375278,1.90000002930901e-06,"RFC J0220-0842",0.430000007152557,"HSP",1412537568460800,1.0006241711949e-12,11.2183103561401,0,10,121.422996520996,18.098087,"BLL",0,-9.98221111402274,-11.8254792388316,0.807153107796529,1.04992745065786,15.1500000073292,-11.9997290104574,3.81882494654475,0.699300695802945
"4FGL J0221.1+3556",1,35.2809982299805,35.9359016418457,142.608917236328,-23.4855194091797,120.707664489746,7.80392461763313e-09,1.39016784195256e-10,8.68206548321204e-11,1.84765245637986e-12,"LogParabola",2.28754377365112,0.0110928472131491,764.402038574219,2.25428748130798,0.0150174153968692,0.0483337454497814,0.00760834338143468,0,"FSRQ","B2 0218+357",1,0.997393012046814,"identified",35.2728905208,35.9371844333,1.70000006960436e-07,"RFC J0221+355B",0.944000005722046,"LSP",7030723051520,2.79616629329793e-12,3494.66162109375,0.972962737083435,0.229687497019768,101.521003723145,19.982449,"FSRQ",1,-8.10768693434468,-10.0613769428822,2.0817348470644,3.54340513052341,12.8469999909,-11.5534370038441,2.88332183659903,0.514403290666955
"4FGL J0221.5+2513",1,35.3809013366699,25.2304992675781,147.429229736328,-33.3201599121094,8.69886779785156,2.43878112149432e-10,4.44157106926912e-11,1.82480484715863e-12,3.6096104404082e-13,"LogParabola",2.02208948135376,0.108344562351704,2704.208984375,1.74360060691833,0.259130835533142,0.409393042325974,0.194133788347244,0,"fsrq","2MASS J02212698+2514338",0.996667563915253,0,"rfc",35.3623545625,25.2426847861,2.00000002337219e-07,"RFC J0221+2514",0.481799989938736,"ISP",144543970230272,4.32976164687141e-13,23.5711154937744,0.551055908203125,0.267902284860611,-Inf,19.893127,"FSRQ",1,-9.61282717549306,-11.7387835741302,0.939462730648123,1.37238013582629,14.1599999794357,-12.3635360108747,3.43204025134272,0.674854910777361
"4FGL J0222.6+4302",1,35.6696014404297,43.035701751709,140.146118164062,-16.7655353546143,176.652572631836,1.49723788922529e-08,2.00691560592325e-10,1.57772711562032e-10,2.95157171273375e-12,"LogParabola",1.97057342529297,0.00889110658317804,1197.03125,1.89460277557373,0.014281696639955,0.0437355786561966,0.00561000127345324,0,"BLL","3C 66A",1,0.998907744884491,"identified",35.6650478958,43.0354996861,7.50000026528141e-08,"RFC J0222+4302",0.444000005722046,"ISP",707945767632896,2.87774960111564e-11,1169.67553710938,0.41252276301384,0.0979205891489983,264.467010498047,14.570545,"BLL",0,-7.82470919112664,-9.80196811039698,2.24711996654683,3.06806540705777,14.8499999897238,-10.5409469976075,3.07810548835579,0.692520772879061
"4FGL J0223.0-3447",1,35.7550010681152,-34.7942008972168,239.947448730469,-68.9842834472656,5.96317911148071,1.23275598062911e-10,2.72579528393102e-11,2.11054589603632e-12,3.92881555196997e-13,"PowerLaw",2.54895281791687,0.145686939358711,731.05078125,2.40050172805786,0.268256604671478,0.169111207127571,0.200588598847389,0,"fsrq","PKS 0220-349",0.979158759117126,0.998826801776886,"cgrabs",35.735006875,-34.6913138972,7.50000026528141e-08,"RFC J0222-3441",1.49000000953674,"LSP",1479108329472,8.47264478628235e-13,7.42515563964844,0,10,-Inf,20.946901,"FSRQ",1,-9.90912288184252,-11.6756051992174,0.775477854115065,0.870705561387507,12.1699999827657,-12.0719810009094,2.86394754556343,0.401606424164652
"4FGL J0223.1-1117",1,35.7916984558105,-11.2965002059937,181.070678710938,-63.2642364501953,11.6328945159912,2.4907204076996e-10,3.5635092099362e-11,3.40423761228947e-12,5.08203776370536e-13,"PowerLaw",1.87733948230743,0.0981116890907288,3638.9716796875,1.69787275791168,0.214232847094536,0.145838707685471,0.110442161560059,0,"bll","1RXS J022314.6-111741",0.998994052410126,0.89173036813736,"bzcat",35.8093866375,-11.2940215944,7.30000010662479e-07,"RFC J0223-1117",0.0421090014278889,"HSP",2344228852072448,7.89985264704196e-13,21.0116271972656,0.47191059589386,0.225861072540283,32.2504997253418,17.703104,"BLL",0,-9.60367502084094,-11.4679801342206,1.0656877900437,1.32245968664817,15.3700000068088,-12.1023810093644,3.56097867570074,0.959592517318062
"4FGL J0223.2-1653",2,35.812801361084,-16.8868007659912,191.931213378906,-66.4395751953125,6.02632904052734,1.41884490267863e-10,3.7693088233981e-11,3.40423761228947e-12,5.08203776370536e-13,"LogParabola",2.71659636497498,0.115202806890011,731.777709960938,2.89456415176392,0.279880613088608,0.422814011573792,0.190046310424805,16,"fsrq","PKS 0221-171",0.960454404354095,0.874994695186615,"bzcat",35.9323501586914,-16.9438056945801,1.6e-07,"RFC J0223-1656",1.01499998569489,"LSP",38018941452288,3.92910828655654e-13,23.2153816223145,0.579293310642242,0.236376687884331,-Inf,18.478668,"FSRQ",1,-9.84806507571393,-11.4679801342206,0.780052840676877,1.36577582714082,13.5800000207927,-12.4057060018306,2.86437917668872,0.496277919155985
"4FGL J0224.2+0700",1,36.0577011108398,7.01259994506836,159.625869750977,-49.1339225769043,6.86823034286499,2.16996365320909e-10,3.83273690562902e-11,3.78541078691064e-12,5.98431623265866e-13,"PowerLaw",2.50219416618347,0.114288315176964,926.157287597656,2.48940706253052,0.140697881579399,0.0698406547307968,0.0824449807405472,0,"fsrq","PKS 0221+067",0.99119359254837,0.936838507652283,"bzcat",36.1184508125,6.98981711111,6.79999985209179e-08,"RFC J0224+0659",0.510999977588654,"LSP",7943282491392,4.95730930263893e-12,21.8423633575439,0.476655125617981,0.214327663183212,-Inf,18.237797,"FSRQ",1,-9.66354754050305,-11.4218869846426,0.836844851858376,1.33929962751301,12.9000000078813,-11.3047539832053,2.9666847483828,0.661813378446147
"4FGL J0224.9+1843",1,36.2294006347656,18.7194004058838,151.778121948242,-38.8599472045898,7.10657548904419,1.70426853185468e-10,3.70500748136937e-11,5.83562278361205e-12,7.78854086259939e-13,"PowerLaw",2.9506242275238,0.104640237987041,321.7880859375,2.75305795669556,0.182647287845612,0.329146802425385,0.152042433619499,4,"fsrq","TXS 0222+185",0.979332208633423,0.882261991500854,"bzcat",36.2694535,18.7802130222,1.70000006960436e-07,"RFC J0225+1846",2.69000005722046,"LSP",3767038115840,6.14477544368108e-13,52.2118988037109,0.799464404582977,0.227374896407127,-Inf,19.060244,"FSRQ",1,-9.76846197487771,-11.2339127887955,0.851660373656589,1.71776948759836,12.5760000145264,-12.2114939834614,2.50756996049829,0.271002705824688
"4FGL J0226.5+0938",1,36.6313018798828,9.63510036468506,158.275802612305,-46.6080474853516,8.81323432922363,2.96739827154724e-10,4.23712696873135e-11,3.97823397488284e-12,5.450198669113e-13,"PowerLaw",2.15078067779541,0.102532520890236,1918.40100097656,2.04393458366394,0.171972304582596,0.120380833745003,0.0901217311620712,0,"fsrq","NVSS J022634+093843",0.994730651378632,0.838203370571136,"rfc",36.6427354083,9.64562062778,1.59999999027605e-07,"RFC J0226+0938",2.60500001907349,"LSP",8912509075456,5.16927917571658e-13,79.7972640991211,1.17817759513855,0.319039940834045,-Inf,20.311335,"FSRQ",1,-9.527624160617,-11.4003096779707,0.94513531744265,1.90198800153841,12.9499999850948,-12.2865700123865,3.28293939235949,0.277392508934579
"4FGL J0227.2+3928",1,36.8053016662598,39.470401763916,142.377548217773,-19.757303237915,6.19060897827148,1.6679942149711e-10,3.49657178211338e-11,4.58262204225401e-12,7.79947287310456e-13,"PowerLaw",2.79079627990723,0.135780081152916,631.417175292969,2.76079750061035,0.163889050483704,0.0382319949567318,0.0983165204524994,16,"fsrq","B2 0224+39",0.987044751644135,0.878481268882751,"bzcat",36.7808998583,39.5281994722,1.1999999571799e-07,"RFC J0227+3931",1.57099997997284,"LSP",20892960686080,1.99148477656591e-13,28.4413928985596,0.66083300113678,0.221013054251671,-Inf,19.27958,"FSRQ",1,-9.77780545993958,-11.3388859602835,0.791733373235636,1.45395086186592,13.3199999870611,-12.7008230091034,2.80031639103975,0.388953717537782
"4FGL J0228.0-3026",1,37.0139999389648,-30.44700050354,227.595642089844,-68.6141510009766,6.53966522216797,1.52003937214928e-10,2.90159112015242e-11,2.24054260387907e-12,4.06708602343139e-13,"PowerLaw",2.19749999046326,0.149304628372192,1950.7861328125,2.11627864837646,0.233146250247955,0.084734745323658,0.12956340610981,16,"fsrq","PKS 0225-306",0.940695881843567,0.93083930015564,"bzcat",36.9189028125,-30.4343414083,1.50000005305628e-07,"RFC J0227-3026",0.302799999713898,"LSP",10964782022656,1.06531732220472e-12,32.9192504882812,1.06137382984161,0.31833291053772,25.0566005706787,18.201668,"FSRQ",1,-9.81814516278831,-11.6496467935703,0.815555516537341,1.51744993855393,13.040000002425,-11.9725210112339,3.29020965974277,0.767577525498623
"4FGL J0228.3-5547",1,37.0853996276855,-55.793098449707,278.263031005859,-56.4473533630371,66.4427108764648,3.55619245162586e-09,9.52249529229121e-11,2.62402079231894e-11,1.62447258336001e-12,"LogParabola",2.23215270042419,0.0164208188652992,1197.61755371094,2.22594094276428,0.0287894289940596,0.112824521958828,0.0165600087493658,0,"fsrq","PKS 0226-559",0.967669785022736,0.946385204792023,"bzcat",37.0899932333,-55.7675779333,1.1999999571799e-07,"RFC J0228-5546",2.46399998664856,"LSP",5308844343296,4.64430794169801e-13,1596.33032226562,0.985324263572693,0.233343347907066,23.858699798584,18.499592,"FSRQ",1,-8.44901474420983,-10.5810327280031,1.82244734344631,3.20312276313857,12.7249999919001,-12.3330789920027,3.07831815291944,0.288683603884048
"4FGL J0229.5-3644",1,37.3876991271973,-36.7388000488281,243.935791015625,-67.1615676879883,33.0220413208008,7.02254809858971e-10,4.71110962740884e-11,1.31411548309757e-11,6.0191169539911e-13,"LogParabola",2.60318470001221,0.0340806394815445,347.534637451172,2.46319317817688,0.0527171120047569,0.128600746393204,0.0327138155698776,0,"fsrq","PKS 0227-369",0.999340951442719,0.966881334781647,"bzcat",37.3685377208,-36.7324506083,8.19999996792831e-08,"RFC J0229-3643",2.11500000953674,"LSP",3019951833088,1.21198710789638e-12,267.601409912109,0.636114180088043,0.154953896999359,31.3950996398926,19.689024,"FSRQ",1,-9.15350527756169,-10.8813664677532,1.51880391650272,2.42748839727006,12.4800000162052,-11.9165019998061,2.54099809555708,0.32102728633658
"4FGL J0230.8+4032",1,37.7085990905762,40.5415992736816,142.611022949219,-18.5013160705566,27.8257904052734,9.00502894474187e-10,5.61774654572744e-11,1.0788605252221e-11,8.77277796847847e-13,"LogParabola",2.45024466514587,0.0423502400517464,718.814880371094,2.30577349662781,0.0721020102500916,0.140605822205544,0.0420582853257656,0,"fsrq","B3 0227+403",0.999356627464294,0.978154063224792,"cgrabs",37.6904616125,40.5480746389,1.0000000116861e-07,"RFC J0230+4032",1.01900005340576,"LSP",5308844343296,1.33009608101892e-12,291.932281494141,0.924665689468384,0.224113464355469,43.3214988708496,18.600292,"FSRQ",1,-9.04551488689537,-10.9670346971537,1.44444750953049,2.46528212136556,12.7249999919001,-11.8761169861388,2.85661705897139,0.495294687245374
"4FGL J0231.2-4745",1,37.8208999633789,-47.7653999328613,266.269287109375,-61.6366539001465,18.5572109222412,3.14189618766392e-10,3.43563059945762e-11,6.15473861112492e-12,4.9667615940191e-13,"PowerLaw",2.75861048698425,0.0639465525746346,439.504638671875,2.76962399482727,0.0642591044306755,-0.0233209189027548,0.043814592063427,0,"fsrq","PMN J0231-4746",0.998441517353058,0.968675971031189,"bzcat",37.7991834458,-47.7698841917,3.09999990122378e-07,"RFC J0231-4746",0.764999985694885,"LSP",1306170884096,1.22390021294744e-12,53.1132850646973,0.428776681423187,0.119916796684265,-Inf,17.989706,"FSRQ",1,-9.50280816871347,-11.2107903866249,1.26851270398946,1.72520316342911,12.1159999986581,-11.912253989652,2.6429634631162,0.566572242552341
"4FGL J0231.8+1322",1,37.9616012573242,13.3691997528076,157.123504638672,-42.7387199401855,18.4189434051514,5.76132697105436e-10,5.17776585495788e-11,9.2343042934484e-12,7.64939598208586e-13,"PowerLaw",2.67823815345764,0.0535362772643566,550.972595214844,2.65927338600159,0.0618835836648941,0.0524360649287701,0.0365943573415279,0,"fsrq","4C +13.14",0.998427748680115,0.987667500972748,"bzcat",37.9412252542,13.3818656472,6.79999985209179e-08,"RFC J0231+1322",2.06500005722046,"LSP",2187761680384,1.74930285101044e-12,232.259719848633,0.995758235454559,0.243132621049881,15.0299997329712,17.69122,"FSRQ",1,-9.23947747667504,-11.0345958184585,1.26526471345727,2.36597389785748,12.3400000112029,-11.7571349960464,2.74112999804787,0.326264267970965
"4FGL J0232.8+2018",1,38.2139015197754,20.3159008026123,152.936386108398,-36.5778465270996,12.4631118774414,2.95117430493264e-10,4.47812828485716e-11,3.52723883087491e-12,5.69471119565845e-13,"PowerLaw",1.78801262378693,0.0965168699622154,5796.84423828125,1.78114211559296,0.111625835299492,0.00889652594923973,0.0482854843139648,0,"bll","1ES 0229+200",0.998189926147461,0.966911733150482,"bllac",38.2025640875,20.2881905,5.6999999742402e-07,"RFC J0232+2017",0.138999998569489,"HSP",11220184108942491648,6.84272343648429e-12,6.79880952835083,0,10,179.884002685547,17.773285,"BLL",0,-9.53000513904804,-11.4525651330687,1.0956264935643,0.83243287439298,19.0499999831984,-11.1647710126028,3.76319163099631,0.877963126651392
"4FGL J0237.6-3602",1,39.4244003295898,-36.0421981811523,241.129806518555,-65.7761688232422,12.3779010772705,2.6221114168834e-10,3.46687782648569e-11,3.58038034983799e-12,5.17519349856749e-13,"PowerLaw",1.86152756214142,0.0900188386440277,3578.22192382812,1.80847406387329,0.117651082575321,0.0436938665807247,0.0556607693433762,0,"bll","RBS 0334",0.995761334896088,0.906895279884338,"bzcat",39.3918601292,-36.0579043944,5.80000005356851e-07,"RFC J0237-3603",0.41100001335144,"HSP",10715192857985024,2.95878902975555e-12,26.0761432647705,0.653323233127594,0.232370689511299,132.848999023438,17.406042,"BLL",0,-9.58134885852328,-11.4460708350708,1.09264700754025,1.41624335842922,16.0299999921212,-11.5288860001923,3.55366727231439,0.708717215122328
"4FGL J0237.8+2848",1,39.4737014770508,28.8043994903564,149.469589233398,-28.5244960784912,154.824996948242,1.06214175232822e-08,1.62945476556153e-10,8.95020585423012e-11,1.44363600934616e-12,"LogParabola",2.31564021110535,0.00876961648464203,464.329467773438,2.20854234695435,0.0136232497170568,0.0871353074908257,0.00687520438805223,0,"FSRQ","4C +28.07",1,0.998353242874146,"identified",39.468357,28.8024972361,6.79999985209179e-08,"RFC J0237+2848",1.2059999704361,"LSP",5754399490048,7.17906680283709e-12,5286.5400390625,0.735003709793091,0.173516348004341,42.1335983276367,17.762629,"FSRQ",1,-7.97381751889886,-10.0481669758206,2.18984108012122,3.72317152580385,12.7600000088058,-11.1439320054399,2.66682624620182,0.45330916292003
"4FGL J0238.4-3116",1,39.6208992004395,-31.2828006744385,229.459335327148,-66.3344573974609,34.7164840698242,9.47937395245901e-10,5.32625298033107e-11,1.21375062778206e-11,8.75830332737471e-13,"PowerLaw",1.82003653049469,0.0397381298243999,2751.150390625,1.82432675361633,0.0465646088123322,-0.00340490997768939,0.019072026014328,0,"bll","1RXS J023832.6-311658",0.999629199504852,0.982546985149384,"bzcat",39.6353347708,-31.2827961944,3.19999998055209e-07,"RFC J0238-3116",0.23199999332428,"HSP",20183664084123648,1.18432529408463e-11,36.5158767700195,0.312387734651566,0.0975397303700447,407.766998291016,16.40311,"BLL",0,-9.02322034388245,-10.915870532456,1.54053573532955,1.56248173279645,16.3050000096248,-10.9265289952291,3.43951433158683,0.811688316086529
"4FGL J0238.6+1637",1,39.6679992675781,16.6179008483887,156.775894165039,-39.1053810119629,135.264938354492,1.08999262948828e-08,1.76932288264986e-10,1.05665608207683e-10,2.23875670606055e-12,"LogParabola",2.16450357437134,0.0100037008523941,888.910766601562,2.08959102630615,0.0160177815705538,0.0919369831681252,0.00828354246914387,0,"BLL","PKS 0235+164",1,0.997986495494843,"identified",39.6622087833,16.6164651667,6.79999985209179e-08,"RFC J0238+1636",0.939999997615814,"LSP",10764651855872,1.81882113536869e-11,5222.951171875,1.074911236763,0.253691822290421,82.5048980712891,17.356,"BLL",0,-7.96257643874139,-9.97606634283502,2.13118523892959,3.71791596574043,13.0319999886863,-10.7402100077764,2.94885816646221,0.515463918159259
"4FGL J0238.7+2555",1,39.6991004943848,25.9237995147705,151.204620361328,-30.9882011413574,6.37596607208252,1.61432256451377e-10,3.94743959741817e-11,1.85228351753941e-12,4.69982017713144e-13,"PowerLaw",1.93877732753754,0.165890023112297,5252.16015625,1.97777163982391,0.146333917975426,-0.0392042919993401,0.0580039173364639,0,"bll","NVSS J023853+255407",-Inf,0,"rfc",39.7245403292,25.9019871278,2.40000008489005e-06,"RFC J0238+2554",0.583999991416931,"HSP",3162277582733312,5.51659358385276e-13,8.36044216156006,0,10,51.4382019042969,19.53729,"BLL",0,-9.79200968275418,-11.7322925378058,0.804545997417769,0.922229246727009,15.4999999893654,-12.258329010023,3.72033796073715,0.631313134733967
"4FGL J0239.7+0415",1,39.940299987793,4.26429986953735,166.875427246094,-49.1404075622559,16.4600486755371,3.81420811601529e-10,4.10919978599544e-11,9.30050481073863e-12,6.13095240808298e-13,"PowerLaw",2.77527856826782,0.0580299235880375,411.182281494141,2.74447846412659,0.0685144737362862,0.0654875338077545,0.0446784272789955,0,"fsrq","PKS 0237+040",0.998132467269897,0.978003263473511,"bzcat",39.9635960375,4.2726144,8.19999996792831e-08,"RFC J0239+0416",0.977999985218048,"LSP",12882495406080,1.25446625743458e-12,162.939743041992,0.82523512840271,0.204863265156746,-Inf,17.573933,"FSRQ",1,-9.41859561407681,-11.0314934782667,1.21643111517066,2.21202702708735,13.109999996263,-11.9015410158217,2.61403439194268,0.505561176680071
"4FGL J0242.3+1102",1,40.595100402832,11.0476999282837,161.80322265625,-43.2950706481934,14.3952503204346,4.85730233812376e-10,5.59807512845456e-11,6.64631284036377e-12,7.7278060253011e-13,"LogParabola",2.58181524276733,0.0635949224233627,564.625427246094,2.43543982505798,0.105427987873554,0.243510231375694,0.07890734821558,0,"fsrq","OD 166",0.997309029102325,0.981459438800812,"bzcat",40.6215452292,11.0168688861,7.50000026528141e-08,"RFC J0242+1101",2.6800000667572,"LSP",2570395844608,1.32252834985497e-12,93.2521209716797,0.802837312221527,0.207420036196709,-Inf,20.674332,"FSRQ",1,-9.31360486344228,-11.1774192204383,1.15821922126955,1.96965871839838,12.4100000104483,-11.8785950096114,2.75176043219562,0.271739125505287
"4FGL J0243.2-0550",1,40.8176002502441,-5.84649991989136,179.319427490234,-55.9426193237305,7.83049821853638,1.65612010216698e-10,3.13911986682402e-11,4.01395670174276e-12,5.28277779594105e-13,"PowerLaw",2.77436327934265,0.103498831391335,455.459747314453,2.76356172561646,0.113333627581596,0.0188425295054913,0.0726326555013657,16,"fsrq","PKS 0240-060",0.997611403465271,0.962678253650665,"cgrabs",40.8019561625,-5.84869315278,9.49999972021942e-08,"RFC J0243-0550",1.80499994754791,"LSP",3273407070208,9.98132024081222e-13,57.2780952453613,0.806618571281433,0.229431733489037,-Inf,18.621517,"FSRQ",1,-9.78090817128482,-11.3964273165261,0.893789395094669,1.75798856729241,12.5150000161092,-12.000812010278,2.65845000086624,0.356506245525668
"4FGL J0244.6-5819",1,41.157600402832,-58.3255996704102,278.447204589844,-53.0861549377441,24.7225246429443,5.17294040935923e-10,3.98214378138917e-11,6.70203476049736e-12,6.36068725901745e-13,"PowerLaw",1.74569129943848,0.0509036891162395,3911.919921875,1.6911278963089,0.0666178464889526,0.0447195805609226,0.0291677415370941,0,"bll","RBS 0351",0.99995481967926,0.991506457328796,"bllac",41.1679212583,-58.3318450083,9.99376879917691e-07,"RFC J0244-5819",0.264999985694885,"HSP",108392690944573440,5.5068848786588e-12,39.9550704956055,0.464146375656128,0.138874739408493,142.246994018555,16.709486,"BLL",0,-9.28626252449746,-11.173793324001,1.39309281846022,1.60157190126023,17.0349999981668,-11.2590940023431,3.5923899560737,0.790513842931535
"4FGL J0245.4+2408",1,41.3544998168945,24.1497993469238,153.748565673828,-31.8139839172363,12.2614526748657,3.81025766493792e-10,4.60775514965484e-11,7.89451923971507e-12,7.24175819137585e-13,"PowerLaw",2.67610812187195,0.0689825490117073,550.780151367188,2.6476423740387,0.0838155075907707,0.0819875299930573,0.0577818155288696,0,"fsrq","B2 0242+23",0.987996935844421,0.823131442070007,"bzcat",41.3202331375,24.0931040333,9.49999972021942e-08,"RFC J0245+2405",2.24300003051758,"LSP",4786301173760,3.94165846880415e-13,107.838508605957,0.946951329708099,0.242101699113846,-Inf,20.087875,"FSRQ",1,-9.41904565459289,-11.1026743125076,1.08854192624312,2.03277387299056,12.6800000227327,-12.4043210085547,2.74097828106378,0.308356457166114
"4FGL J0245.5-4502",2,41.3933982849121,-45.0475006103516,258.712066650391,-61.0584983825684,5.12773656845093,7.57921503335979e-11,2.44502786073131e-11,7.89451923971507e-12,7.24175819137585e-13,"PowerLaw",2.96210169792175,0.189733326435089,406.394287109375,2.99605870246887,0.158937901258469,-0.065749004483223,0.115144476294518,4,"fsrq","PKS 0244-452",0.980408608913422,0.967720210552216,"rfc",41.4754600524902,-44.9943389892578,1.7e-07,"RFC J0245-4459",0.282799988985062,"ISP",519995985494016,6.76082974326864e-12,11.2379751205444,0.223730266094208,0.305303901433945,-Inf,16.59591,"FSRQ",1,-10.1203757711929,-11.1026743125076,0.709925705705997,1.05068806628689,14.7159999907799,-11.1700000006842,2.60894759422096,0.779544752562081
"4FGL J0245.9-4650",1,41.4966011047363,-46.8462982177734,261.815673828125,-60.1005935668945,77.3614654541016,2.64659005821954e-09,8.02206981398434e-11,3.74941154512864e-11,9.18862208543203e-13,"LogParabola",2.4174599647522,0.0173641294240952,522.421264648438,2.30845904350281,0.0333908200263977,0.114608198404312,0.0178540498018265,0,"fsrq","PKS 0244-470",0.999893188476562,0.994169414043427,"bzcat",41.5004916,-46.8547868778,1.1999999571799e-07,"RFC J0246-4651",1.38499999046326,"LSP",10764651855872,4.37501944394736e-12,1149.3251953125,0.686948955059052,0.163179591298103,30.5631008148193,18.052046,"FSRQ",1,-8.57731332323994,-10.4260368876742,1.88852468797,3.06044292733726,13.0319999886863,-11.3590200124976,2.71802084616043,0.419287213416618
"4FGL J0250.6+1712",1,42.6562995910645,17.2080993652344,159.440979003906,-37.0745658874512,14.5849761962891,4.19389162287231e-10,4.90032875388735e-11,5.31799517616838e-12,6.73629121233921e-13,"PowerLaw",1.84045469760895,0.0785068422555923,4242.79736328125,1.76626598834991,0.110475368797779,0.0598071478307247,0.053142637014389,0,"bll","RGB J0250+172",0.999611020088196,0.977607548236847,"bzcat",42.658167225,17.2024666861,2.29999997714003e-07,"RFC J0250+1712",1.10029995441437,"HSP",114815359269208064,2.42154755449031e-12,22.1809310913086,0.420642733573914,0.175458028912544,44.869499206543,17.974089,"BLL",0,-9.37738279661666,-11.2742520609428,1.16390572465907,1.34597977262154,17.0599999891044,-11.6159069978337,3.62765229028411,0.476122469030302
"4FGL J0251.5-5958",1,42.8975982666016,-59.9738998413086,279.320343017578,-51.2900276184082,9.45477390289307,2.00310920628333e-10,2.86375229086033e-11,2.86699093285381e-12,4.01581545794727e-13,"PowerLaw",2.21496891975403,0.111692391335964,1794.54724121094,2.09461569786072,0.180943161249161,0.152170121669769,0.115523308515549,0,"fsrq","PKS 0250-602",0.997359752655029,0.959318459033966,"bzcat",42.85936165,-60.0017350556,7.79999993483216e-07,"RFC J0251-6000",1.37300002574921,"LSP",2018366324736,2.8153344998165e-13,33.3271827697754,0.721518635749817,0.239083617925644,-Inf,19.57381,"FSRQ",1,-9.69829537302626,-11.5425736805512,0.97565114778709,1.52279860321191,12.30499999162,-12.5504699976886,3.25395489556264,0.421407496480864
"4FGL J0252.8-2219",1,43.2006988525391,-22.3202991485596,209.742385864258,-62.0937995910645,97.4665374755859,3.93213106519852e-09,9.99684640623499e-11,5.05138778028602e-11,1.05224021770128e-12,"LogParabola",2.35972714424133,0.0140653643757105,406.869171142578,2.25241661071777,0.0203253775835037,0.0860265791416168,0.0112269185483456,0,"fsrq","PKS 0250-225",0.999948978424072,0.992453694343567,"cgrabs",43.199806875,-22.3237404917,1.30000003650821e-07,"RFC J0252-2219",1.4190000295639,"LSP",4786301173760,1.37061661933252e-12,1195.59167480469,0.566899359226227,0.134593695402145,57.2322998046875,20.338606,"FSRQ",1,-8.40537201476059,-10.296589290689,1.98885553791284,3.07758288227978,12.6800000227327,-11.8630840064741,2.60945478420106,0.413393959395809
"4FGL J0252.9+3834",1,43.2466011047363,38.5774002075195,147.563598632812,-18.4118766784668,7.98304176330566,2.04381150892274e-10,3.55117463213261e-11,3.55389198972156e-12,5.30157244060109e-13,"PowerLaw",2.6318359375,0.107234850525856,634.298095703125,2.51810216903687,0.172075644135475,0.151181861758232,0.129601866006851,0,"fsrq","B2 0249+38",0.991790533065796,0.955670416355133,"qso",43.2870336375,38.5902775528,1.10000001996013e-07,"RFC J0253+3835",1.12199997901917,"LSP",4518559350784,8.44973342597338e-13,17.4571170806885,0.435260146856308,0.20989602804184,-Inf,18.79478,"FSRQ",1,-9.68955915961826,-11.4492957754561,0.90216840128981,1.24197252463155,12.6549999910648,-12.0731569920509,2.80229340755564,0.471253539060929
"4FGL J0253.2-5441",1,43.3061981201172,-54.6935997009277,272.527893066406,-54.6420516967773,22.3141593933105,4.57903603923171e-10,3.71150367384221e-11,4.23103349231346e-12,4.10894896666486e-13,"PowerLaw",2.53209900856018,0.0512422434985638,630.272338867188,2.48682284355164,0.064292311668396,0.0662218108773232,0.040802363306284,0,"fsrq","PKS 0252-549",0.996355712413788,0.999522924423218,"cgrabs",43.3715850125,-54.6976211056,9.49999972021942e-08,"RFC J0253-5441",0.538999974727631,"LSP",4120975245312,5.45586969699641e-12,176.193771362305,0.837926208972931,0.206583723425865,10.9039001464844,17.458776,"FSRQ",1,-9.33922593835091,-11.3735535368362,1.34858053098282,2.24599055157436,12.6150000057266,-11.2631360105201,2.79952824740651,0.649772590267247
"4FGL J0253.5+3216",1,43.3829002380371,32.282600402832,150.935897827148,-23.8666667938232,10.3010969161987,3.34347466379725e-10,4.30482698099421e-11,4.69520602952578e-12,5.7481894678163e-13,"PowerLaw",2.17345190048218,0.0921297371387482,2050.96752929688,2.15296196937561,0.105667158961296,0.0353690572082996,0.0502712167799473,0,"fsrq","MG3 J025334+3217",0.999764204025269,0.925574421882629,"bzcat",43.3902089583,32.2891366,1.0000000116861e-07,"RFC J0253+3217",0.859000027179718,"LSP",6237348429824,1.52045650375632e-12,97.163703918457,1.45090901851654,0.370647996664047,37.1287994384766,20.591227,"FSRQ",1,-9.47580196345099,-11.3283453457785,1.01288347317967,1.98750406192444,12.7950000052221,-11.8180259993599,3.31195878471804,0.537923606981919
"4FGL J0255.8+0534",1,43.962100982666,5.57660007476807,170.192947387695,-45.5718612670898,5.93418312072754,2.13500578327697e-10,4.28055577095243e-11,2.18457522037363e-12,5.07967474507043e-13,"PowerLaw",2.18896174430847,0.150127291679382,2410.80029296875,2.10557579994202,0.239787891507149,0.112145021557808,0.131722718477249,0,"bll","PMN J0255+0533",0.997686445713043,0.871440768241882,"bzcat",43.95631285,5.56529404444,8.70000008035277e-07,"RFC J0255+0533",0.680821001529694,"LSP",20892960686080,8.48781711148411e-13,16.9965190887451,0.650384187698364,0.344209551811218,-Inf,20.09811,"BLL",0,-9.6706009442259,-11.6606329968547,0.773360943917866,1.23035998635811,13.3199999870611,-12.0712039868269,3.38216123557284,0.594947349592796
"4FGL J0256.3+0334",1,44.0964012145996,3.56979990005493,172.272918701172,-46.9785766601562,14.7785873413086,4.74229600033738e-10,4.83630045733374e-11,4.56302313642243e-12,5.73090186417602e-13,"PowerLaw",2.0863516330719,0.0759887993335724,2191.57983398438,2.0718731880188,0.0861595124006271,0.0179214458912611,0.038811556994915,0,"bll","PKS B0253+033",0.995236456394196,0.948869824409485,"rfc",44.1172948,3.55881766111,6.70000019908912e-07,"RFC J0256+0333",0.400000005960464,"ISP",420726641262592,1.16852502066861e-12,23.1718444824219,0.362524569034576,0.146158218383789,112.582000732422,17.587584,"BLL",0,-9.32401134211212,-11.3407473291684,1.16963292261119,1.36496060507419,14.6240000132935,-11.9323619839804,3.34075729558198,0.714285711244661
"4FGL J0257.9-1215",1,44.492000579834,-12.2636995315552,192.557693481445,-56.8588485717773,10.5444183349609,2.30441971060813e-10,3.56943363755136e-11,3.62132741328625e-12,4.78963602720123e-13,"PowerLaw",2.6477689743042,0.0907639786601067,520.483337402344,2.63253712654114,0.101045668125153,0.0199281051754951,0.0553641431033611,0,"fsrq","PMN J0257-1211",0.985417544841766,0.902964532375336,"bzcat",44.4208524583,-12.2003835944,1.10000001996013e-07,"RFC J0257-1212",1.39100003242493,"LSP",25118864572416,6.48061194551824e-13,47.1923675537109,0.702020585536957,0.207680374383926,-Inf,18.720934,"FSRQ",1,-9.63743841873811,-11.4411322077554,1.02302262761423,1.67387176563962,13.400000004449,-12.1883839830162,2.71640683069565,0.418235042425244
"4FGL J0259.4+0746",1,44.8577995300293,7.78329992294312,169.120559692383,-43.3190841674805,38.1279525756836,2.03413241806061e-09,9.22578749507075e-11,2.13590881092962e-11,9.58665221859056e-13,"LogParabola",2.19814848899841,0.0302067771553993,954.085815429688,2.12206387519836,0.0424619503319263,0.0620489232242107,0.0205125696957111,0,"fsrq","PKS 0256+075",0.999591827392578,0.990607142448425,"bzcat",44.8628192708,7.79434527778,7.50000026528141e-08,"RFC J0259+0747",0.89300000667572,"LSP",12882495406080,1.02109228190816e-12,259.154144287109,0.631511688232422,0.154049679636955,50.6943016052246,17.729696,"FSRQ",1,-8.69162077876768,-10.6704172927275,1.58124348481848,2.41355815829086,13.109999996263,-11.9909350064807,2.97958743916053,0.528262016097977
"4FGL J0301.0-1652",1,45.2714004516602,-16.8687992095947,200.814514160156,-58.3567886352539,4.57643270492554,1.41939307529704e-10,3.28665428206421e-11,1.85015848128134e-12,4.61920920350606e-13,"PowerLaw",2.31437468528748,0.170571997761726,1583.29602050781,2.28203439712524,0.22853422164917,0.0467123351991177,0.103605672717094,16,"bll","PMN J0301-1652",0.980587959289551,0.920633375644684,"at20g",45.3192611083,-16.8791948694,1.50000005305628e-07,"RFC J0301-1652",0.277999997138977,"LSP",39810718760960,4.44002083363482e-12,21.662727355957,0.970130980014801,0.409649163484573,12.6830997467041,17.550854,"BLL",0,-9.8478973178669,-11.7327910691115,0.660527080574549,1.33571313377942,13.6000000186065,-11.3526149920675,3.19956212020299,0.782472615210229
"4FGL J0301.6-7155",1,45.4035987854004,-71.9279022216797,290.001190185547,-41.7762413024902,14.2389469146729,2.88584128815828e-10,3.17260939741715e-11,4.82679608088121e-12,4.64583178785144e-13,"PowerLaw",2.53878092765808,0.074816033244133,767.028564453125,2.49405908584595,0.0938320904970169,0.065311074256897,0.0547102503478527,0,"fsrq","PKS 0301-721",0.999240159988403,0.97557520866394,"bzcat",45.4101906458,-71.9428886611,2.60000007301642e-07,"RFC J0301-7156",0.823199987411499,"LSP",6760829550592,1.34423440260878e-12,43.0564308166504,0.605852127075195,0.17442624270916,-Inf,19.187382,"FSRQ",1,-9.53972755736326,-11.3163410485645,1.15347787089786,1.63403802593152,12.8299999869389,-11.8715249940178,2.88481153755182,0.548486181935399
"4FGL J0303.3-7913",1,45.8409004211426,-79.2236022949219,295.705932617188,-35.9820861816406,9.92760848999023,2.7386357071002e-10,3.66899739756565e-11,3.97568393137315e-12,5.26762986528817e-13,"PowerLaw",2.46614384651184,0.095767967402935,955.373901367188,2.43824696540833,0.113723337650299,0.032769039273262,0.0563065186142921,0,"fsrq","PMN J0303-7914",0.998618543148041,0.935166120529175,"bzcat",45.8370976708,-79.2490328194,2.00000002337219e-07,"RFC J0303-7914",1.11500000953674,"LSP",12161860501504,1.1605263191411e-12,26.0116939544678,0.472829282283783,0.173766791820526,13.6035995483398,19.33417,"FSRQ",1,-9.56246573368918,-11.4005881495053,0.996844641779401,1.4151686355916,13.0850000176777,-11.9353450058947,2.98017337317611,0.472813236638725
"4FGL J0303.3+0555",1,45.8465003967285,5.92490005493164,171.838760375977,-44.0638771057129,5.37617254257202,9.84042153318043e-11,3.70434932728259e-11,1.49768511394782e-12,4.67423571636622e-13,"PowerLaw",1.68745613098145,0.201188921928406,11118.537109375,1.56249296665192,0.345609605312347,0.0851887613534927,0.155043587088585,0,"bll","GB6 J0303+0554",0.99703061580658,0.889498770236969,"bllac",45.8758363167,5.90838300556,3.29999988935015e-06,"RFC J0303+0554",0.195999994874001,"HSP",10185914374422528,2.11522227684668e-12,8.78752326965332,0,10,51.9580001831055,18.34869,"BLL",0,-10.0069862973397,-11.8245794868034,0.730473198491535,0.943866488055608,16.0080000210575,-11.6746439883193,4.04604764991512,0.836120404921365
"4FGL J0303.4-2407",1,45.8624992370605,-24.1224994659424,214.627456665039,-60.1761054992676,103.378707885742,5.18048048903097e-09,1.20312662610367e-10,6.0324245598764e-11,1.91241857419588e-12,"LogParabola",1.91017401218414,0.0141584984958172,945.116821289062,1.84855270385742,0.0209377314895391,0.0312611944973469,0.00789056438952684,0,"BLL","PKS 0301-243",1,0.996222734451294,"identified",45.8604285917,-24.1198409472,2.00000002337219e-07,"RFC J0303-2407",0.266000002622604,"HSP",2511886390132736,1.21817026951798e-11,365.383361816406,0.395708680152893,0.0954397693276405,254.257995605469,15.860609,"BLL",0,-8.28562995761824,-10.2195081005728,2.01443109968697,2.56274876733004,15.3999999928461,-10.9142920040316,2.97548549285375,0.789889413845524
"4FGL J0303.6-6211",1,45.9244995117188,-62.1898994445801,280.245635986328,-48.7023124694824,31.592830657959,8.69144312076742e-10,5.0714276528252e-11,1.12481777364559e-11,6.01701468597865e-13,"LogParabola",2.45032382011414,0.0405003726482391,665.568542480469,2.34550738334656,0.0601280778646469,0.0950272530317307,0.0350242480635643,0,"fsrq","PKS 0302-623",0.999566555023193,0.999518394470215,"bzcat",45.9609639958,-62.1904305389,7.50000026528141e-08,"RFC J0303-6211",1.35099995136261,"LSP",3548133982208,2.89939253161897e-12,153.055114746094,0.556391537189484,0.139361754059792,26.2621994018555,18.399652,"FSRQ",1,-9.06090810763057,-10.9489178298285,1.49958853961382,2.18484784728774,12.5500000110004,-11.5376929841014,2.82319278721596,0.425350923304108
"4FGL J0304.5-0054",1,46.1422996520996,-0.914799988269806,179.160217285156,-48.6935920715332,7.23670244216919,1.90067128702509e-10,3.59346163936181e-11,2.09360870653819e-12,4.4501590455194e-13,"PowerLaw",2.04878807067871,0.132214367389679,2833.88818359375,2.04336380958557,0.142058625817299,0.00825026631355286,0.0658239051699638,0,"bll","RX J0304.5-0054",0.998877704143524,0.938326239585876,"bzcat",46.1414966667,-0.90130895,6.30249928690318e-07,"RFC J0304-0054",0.510999977588654,"HSP",2238721101398016,1.02096770707855e-12,13.856575012207,0.557968735694885,0.306646108627319,84.8744964599609,18.498875,"BLL",0,-9.72109298601469,-11.6791044842956,0.859540715726687,1.14165589715068,15.3499999927892,-11.9909879943082,3.45238271034114,0.661813378446147
"4FGL J0305.1-1608",1,46.2919006347656,-16.1466007232666,200.36003112793,-57.165096282959,12.6820764541626,2.47203674197394e-10,3.7027238913856e-11,3.19848119344213e-12,5.12299621127643e-13,"PowerLaw",1.78558838367462,0.100811012089252,4982.65380859375,1.71882498264313,0.145816057920456,0.0589455999433994,0.0689676627516747,0,"bll","PKS 0302-16",0.990131199359894,0.982587099075317,"rfc",46.3127894583,-16.1379695417,8.39999984236783e-07,"RFC J0305-1608",0.310999989509583,"HSP",26001594571030528,1.24238152317963e-12,25.840690612793,0.478356033563614,0.211500957608223,30.2199001312256,18.927143,"BLL",0,-9.60694507860023,-11.495056198521,1.10319036701218,1.41230411633996,16.4149999822848,-11.9057450161018,3.69746071373329,0.762776512587219
"4FGL J0309.0+1029",1,47.2616996765137,10.4926996231079,169.171768188477,-39.7175254821777,30.4007244110107,1.59498059204566e-09,8.71432370708192e-11,1.85513930606174e-11,1.11459680460918e-12,"LogParabola",2.35048460960388,0.0347221568226814,734.20166015625,2.22581696510315,0.0505969822406769,0.114668317139149,0.0310842134058475,0,"fsrq","PKS 0306+102",0.999846875667572,0.988096475601196,"bzcat",47.2650979083,10.4878724861,6.79999985209179e-08,"RFC J0309+1029",0.862999975681305,"LSP",5754399490048,1.02617636610347e-11,496.848419189453,1.10087203979492,0.263635098934174,42.9472007751465,19.022715,"FSRQ",1,-8.79724459713267,-10.731623472797,1.4828839324231,2.69622391237412,12.7600000088058,-10.9887779918138,2.86581536218361,0.536768659717399
"4FGL J0309.9-6058",1,47.4920997619629,-60.9733009338379,278.108642578125,-48.9407577514648,63.5261840820312,1.93811300341906e-09,6.68527316838308e-11,2.77683449151356e-11,8.70449762616077e-13,"LogParabola",2.49100041389465,0.0205528140068054,527.193115234375,2.41342282295227,0.0302755013108253,0.0983131602406502,0.0179688949137926,0,"fsrq","PKS 0308-611",0.999902009963989,0.999553322792053,"bzcat",47.4837464625,-60.97751565,7.50000026528141e-08,"RFC J0309-6058",1.47899997234344,"LSP",5754399490048,2.18201628640613e-12,781.659484863281,0.671718776226044,0.159914270043373,15.1106996536255,18.294569,"FSRQ",1,-8.71262090461726,-10.5564500048606,1.80295276873224,2.89301760209872,12.7600000088058,-11.6611420121941,2.72196973004718,0.403388467590293
"4FGL J0310.9+3815",1,47.7296981811523,38.255199432373,150.918563842773,-16.9214401245117,11.1824445724487,3.68525848726264e-10,4.37397860986177e-11,5.58222305185874e-12,6.23775553779127e-13,"PowerLaw",2.39579796791077,0.0854378342628479,1149.7998046875,2.30537247657776,0.124714963138103,0.100700221955776,0.0720036327838898,0,"fsrq","B3 0307+380",0.998798012733459,0.943111777305603,"cgrabs",47.707833025,38.2482883083,6.79999985209179e-08,"RFC J0310+3814",0.944999992847443,"LSP",3672823037952,1.33675557602297e-12,17.4883403778076,0.368961930274963,0.176421195268631,14.2426996231079,20.128325,"FSRQ",1,-9.43353204494069,-11.2531928141648,1.04853675420089,1.24274859741699,12.5650000038987,-11.8739479956466,3.06062223053787,0.514138819371418
"4FGL J0312.8+0134",1,48.2221984863281,1.57239997386932,178.531341552734,-45.4798393249512,14.5139675140381,5.15805786971413e-10,5.02299382643123e-11,7.4082745146753e-12,6.27473062658063e-13,"PowerLaw",2.32731103897095,0.072687067091465,1256.73828125,2.25203895568848,0.105372734367847,0.0872453972697258,0.0610689483582973,0,"fsrq","PKS 0310+013",0.989793062210083,0.894473791122437,"cgrabs",48.1816801583,1.55487913056,1.0000000116861e-07,"RFC J0312+0133",0.663999974727631,"LSP",14621771563008,1.40631950529269e-12,84.1748580932617,0.880294620990753,0.231785118579865,24.8423004150391,18.976868,"FSRQ",1,-9.28751378969779,-11.1302829331836,1.16178614668477,1.92518239290253,13.1649999946073,-11.8519159996421,3.09924484423853,0.600961547588775
"4FGL J0312.9+3614",1,48.2276000976562,36.2341003417969,152.409271240234,-18.412935256958,13.3988103866577,3.86468218538383e-10,4.69559356675031e-11,4.29671142415655e-12,5.83664952306939e-13,"PowerLaw",1.88187265396118,0.0774819180369377,4066.18774414062,1.8342570066452,0.0967334285378456,0.0532965026795864,0.0446283854544163,0,"bll","V Zw 326",0.999422430992126,0.948066115379333,"bllac",48.20953275,36.2554288139,2.00000002337219e-07,"RFC J0312+3615",0.0715159997344017,"LSP",87096358338560,4.16679364623196e-12,10.3450031280518,0.203149259090424,0.242663219571114,140.106002807617,17.87799,"BLL",0,-9.41288621476227,-11.3668638134338,1.12706624124208,1.01473062632079,13.9399999967237,-11.3801980067474,3.60918742702261,0.93325717977881
"4FGL J0314.3+0620",1,48.5886993408203,6.34730005264282,174.152877807617,-41.8851585388184,10.5338478088379,3.06922459669678e-10,4.98718531749542e-11,3.59123364726543e-12,6.14702028427921e-13,"PowerLaw",1.89859545230865,0.109887979924679,4462.39599609375,1.7768862247467,0.176471352577209,0.11331719905138,0.102153323590755,0,"bll","NVSS J031423+061955",0.9992396235466,0.989527642726898,"bzcat",48.5996994708,6.33237231667,4.09999984185561e-06,"RFC J0314+0619",0.620000004768372,"HSP",13489628988309504,2.82445724794633e-12,4.43549203872681,0,10,63.2633018493652,17.290356,"BLL",0,-9.51297133003116,-11.4447563385617,1.02258703945725,0.646941804066498,16.1300000052282,-11.5490649945235,3.64956810724934,0.617283948800346
"4FGL J0314.6-6549",1,48.6590003967285,-65.8178024291992,282.988891601562,-45.3705406188965,7.89848184585571,1.68875496919796e-10,2.71362012721488e-11,2.39397737744618e-12,3.9363133520938e-13,"PowerLaw",2.43644523620605,0.125244304537773,1151.13317871094,2.44636869430542,0.117719396948814,-0.0233190823346376,0.0622752904891968,0,"fsrq","PKS 0313-660",0.998927474021912,0.961608231067657,"bzcat",48.5935224083,-65.806860075,2.49999999368811e-07,"RFC J0314-6548",0.635999977588654,"LSP",6760829550592,7.83566733632973e-13,6.09435796737671,0,10,-Inf,19.025406,"FSRQ",1,-9.77243336004714,-11.6208799578965,0.897543624286965,0.784927960009818,12.8299999869389,-12.1059240102811,3.06112557161707,0.611246952138672
"4FGL J0315.9-1033",1,48.9921989440918,-10.5522003173828,193.979446411133,-52.199592590332,17.8353061676025,5.66293789638905e-10,4.98499019840892e-11,8.33109536219068e-12,6.31201796559566e-13,"PowerLaw",2.47545790672302,0.0532284267246723,688.480163574219,2.43185591697693,0.0688498094677925,0.0850876942276955,0.042042650282383,0,"fsrq","PKS 0313-107",0.998944342136383,0.951854288578033,"bzcat",48.9869702083,-10.527603025,2.79999994745594e-07,"RFC J0315-1031",1.56500005722046,"LSP",7762471288832,2.47446323414086e-13,123.408737182617,0.769734680652618,0.195337012410164,11.6044998168945,19.302391,"FSRQ",1,-9.24695820111467,-11.0792978943338,1.25128056900148,2.09134590828613,12.8900000068561,-12.6065189946022,2.83789143192139,0.389863539061142
"4FGL J0316.2+0905",1,49.0583000183105,9.09459972381592,172.095764160156,-39.5753288269043,34.7460632324219,1.6018174564536e-09,8.07002659142242e-11,1.70780316971486e-11,1.26560198952796e-12,"PowerLaw",1.92938578128815,0.0365072935819626,2753.78271484375,1.86342406272888,0.0495653748512268,0.0587536543607712,0.0234794616699219,0,"bll","GB6 J0316+0904",0.999098479747772,0.960594475269318,"bzcat",49.053052175,9.07868965,1.59999999027605e-07,"RFC J0316+0904",0.372000008821487,"LSP",86099372277760,5.63923257049237e-12,57.7668571472168,0.367512762546539,0.104061618447304,119.708000183105,17.420322,"BLL",0,-8.7953869777474,-10.76756218472,1.54090560566603,1.76167874004011,13.9349999851668,-11.2487799940801,3.43992966959295,0.728862969074595
"4FGL J0316.2-2608",1,49.0690002441406,-26.1448001861572,219.58903503418,-57.7308692932129,21.7632446289062,5.41484745930632e-10,4.32518049153785e-11,5.39581400393896e-12,6.8568897304902e-13,"PowerLaw",1.87439060211182,0.0552677512168884,2644.48461914062,1.77425634860992,0.0823267102241516,0.0979377999901772,0.0421035848557949,0,"bll","RBS 0405",0.999326884746552,0.971098363399506,"bzcat",49.0622490417,-26.132595575,4.59999995428007e-07,"RFC J0316-2607",0.442999988794327,"HSP",12161860249845760,6.41330651779404e-12,11.1815204620361,0.128673553466797,0.145916044712067,62.3016014099121,17.019066,"BLL",0,-9.26641377329806,-11.2679430290622,1.33772364375515,1.04850086288623,16.0850000086911,-11.1929180029012,3.42234104541748,0.693000698382217
"4FGL J0317.7-2804",1,49.4258003234863,-28.0786991119385,223.258560180664,-57.7043380737305,3.97411012649536,8.89910090062784e-11,2.377338603754e-11,1.4523721851914e-12,3.33437189534505e-13,"PowerLaw",2.29937744140625,0.209632456302643,1500.93591308594,2.24945831298828,0.304008901119232,0.0450573600828648,0.185549035668373,4096,"fsrq","PKS 0315-282",0.992572546005249,0.92693030834198,"bzcat",49.3904137917,-28.0551701639,2.00000002337219e-07,"RFC J0317-2803",1.16600000858307,"LSP",4325138235392,2.36456362302795e-13,12.8691692352295,0,10,-Inf,21.45304,"FSRQ",1,-10.0506538690428,-11.8379220769814,0.599239897667246,1.10955051207914,12.6359999924733,-12.6262489959821,3.17636214914712,0.461680515252707
"4FGL J0319.8+1845",1,49.9721984863281,18.7532005310059,165.116973876953,-31.6984176635742,16.6379585266113,4.06918942985612e-10,4.69104893818795e-11,6.51440186516528e-12,7.66652691851222e-13,"PowerLaw",1.66301953792572,0.0650984272360802,6216.29443359375,1.61682569980621,0.08101487159729,0.0541016012430191,0.0360307395458221,0,"bll","1E 0317.0+1835",0.999924063682556,0.993077099323273,"bllac",49.9658678375,18.7596008611,2.29999997714003e-07,"RFC J0319+1845",0.189999997615814,"HSP",81283054940717056,4.36155148456074e-12,43.7766265869141,0.783770620822906,0.230598002672195,605.348999023438,17.853945,"BLL",0,-9.39049209229803,-11.1861254538706,1.22110003739832,1.64124229192503,16.9100000177617,-11.3603589966655,3.79353157655488,0.84033613613741
"4FGL J0323.7-0111",1,50.9387016296387,-1.19029998779297,184.033676147461,-45.2253952026367,23.4992561340332,7.44862893586884e-10,5.38114657000488e-11,8.69268979714066e-12,7.58061961727424e-13,"PowerLaw",1.89665162563324,0.0504900775849819,2763.20532226562,1.81028854846954,0.0742420554161072,0.0981538370251656,0.0392679758369923,0,"bll","1RXS J032342.6-011131",0.999621093273163,0.942874372005463,"bzcat",50.9317452958,-1.19616961944,2.60000007301642e-07,"RFC J0323-0111",2.07500004768372,"HSP",1096478172905472,1.5146420359255e-12,12.0143432617188,0.124753572046757,0.130932122468948,50.5973014831543,17.146193,"BLL",0,-9.12792366018926,-11.0608458181079,1.37105411495268,1.07970003601326,15.039999990796,-11.8196899943507,3.44141315672757,0.325203246989626
"4FGL J0325.0-2416",1,51.2743988037109,-24.2824993133545,217.004486083984,-55.4020729064941,4.44285821914673,9.05273217499669e-11,2.38429519183736e-11,1.5913352450006e-12,3.85533266552759e-13,"PowerLaw",2.4882640838623,0.205850660800934,1062.88391113281,2.54556894302368,0.147122576832771,-0.0853123143315315,0.0544773265719414,0,"fsrq","PKS 0323-244",0.996007144451141,0.927310705184937,"cgrabs",51.3056026458,-24.2633480472,1.70000006960436e-07,"RFC J0325-2415",1.16100001335144,"LSP",3388441624576,1.76520432927825e-13,16.4577598571777,0.599827766418457,0.356572836637497,-Inf,20.740782,"FSRQ",1,-10.0432203280379,-11.7982383183317,0.647662454221134,1.2163707210418,12.5300000080983,-12.7532050160881,3.02648583318971,0.46274872458197
"4FGL J0325.5-5635",1,51.3793983459473,-56.5909996032715,270.824432373047,-49.8216018676758,21.8782596588135,5.13774633947861e-10,3.90962956453578e-11,5.07510656763688e-12,4.9989867930908e-13,"PowerLaw",1.9475634098053,0.0551683194935322,2368.84375,1.90622389316559,0.0713011100888252,0.0371271371841431,0.0331460237503052,0,"bll","1RXS J032521.8-563543",0.998655438423157,0.936926186084747,"rfc",51.3480249083,-56.5957368722,1.20000004244503e-06,"RFC J0325-5635",0.0602350011467934,"HSP",38106581937684480,2.12266771000558e-12,36.1611785888672,0.413670569658279,0.13198110461235,256.158996582031,16.934523,"BLL",0,-9.28922734150295,-11.2945548339565,1.34001277238559,1.55824257684481,16.580999995422,-11.6731179865245,3.37453641540798,0.943187122589199
"4FGL J0325.6-1646",1,51.4179000854492,-16.7810001373291,204.879196166992,-52.9356460571289,32.2812881469727,1.0073233358554e-09,5.78722382515995e-11,1.28568839602439e-11,9.01493181319768e-13,"PowerLaw",1.86147499084473,0.0409206487238407,2719.087890625,1.80227947235107,0.0554383434355259,0.0519390478730202,0.0251410324126482,0,"bll","RBS 0421",0.999853789806366,0.995603084564209,"bllac",51.4212363125,-16.7713486222,4.79999982871959e-07,"RFC J0325-1646",0.291000008583069,"HSP",4466836049494016,6.78334645398682e-12,37.9198226928711,0.309159934520721,0.0979098379611969,168.272994995117,16.609802,"BLL",0,-8.99683110497911,-10.8908642758014,1.50895085640815,1.57886629797806,15.6500000124435,-11.1685560011257,3.43442324576203,0.774593333347492
"4FGL J0325.7+2225",1,51.4421005249023,22.4326000213623,163.678268432617,-27.9736442565918,32.3050422668457,1.15000742262339e-09,7.05642835829856e-11,2.05994579033364e-11,9.70405830344467e-13,"LogParabola",2.653165102005,0.0308151580393314,432.694427490234,2.53669261932373,0.0486905127763748,0.167116075754166,0.0313398241996765,0,"fsrq","TXS 0322+222",0.989250898361206,0.841829538345337,"bzcat",51.4033931542,22.4001015694,6.79999985209179e-08,"RFC J0325+2224",2.06599998474121,"LSP",3605786525696,3.98866920395258e-12,176.594146728516,0.464090257883072,0.115211144089699,-Inf,19.06317,"FSRQ",1,-8.93929935652119,-10.6861442084021,1.50927031359305,2.24697630464566,12.5570000114999,-11.3991719799487,2.63618130211847,0.32615786202765
"4FGL J0326.2+0225",1,51.5723991394043,2.42280006408691,180.757598876953,-42.4193382263184,21.787130355835,7.22462478730534e-10,5.72162248135832e-11,8.36954117122701e-12,7.63863148081634e-13,"PowerLaw",1.88235354423523,0.0556451976299286,3232.11376953125,1.849933385849,0.0705034583806992,0.0288259629160166,0.0308102983981371,0,"bll","1H 0323+022",0.999498188495636,0.991603493690491,"bzcat",51.5581178917,2.42074348889,2.20000003992027e-07,"RFC J0326+0225",0.146999999880791,"HSP",8016780870025216,4.65826292470051e-12,18.2366561889648,0.244451582431793,0.118806131184101,104.011001586914,17.286554,"BLL",0,-9.14118470317823,-11.0772983499238,1.33820003186639,1.26094521053801,15.9040000127929,-11.3317760023784,3.50948663942001,0.871839581607612
"4FGL J0333.7+7851",1,53.4449996948242,78.85009765625,130.5537109375,18.4620170593262,21.2038192749023,5.75330671992447e-10,4.17505960359499e-11,6.30669908657788e-12,5.1457026573748e-13,"PowerLaw",2.07767224311829,0.0558503903448582,2225.46752929688,2.01309370994568,0.0754444524645805,0.0607225075364113,0.0397123657166958,0,"bll","WN B0326.7+7840",0.999287962913513,0.954499423503876,"rfc",53.435713725,78.8412639639,1.20000004244503e-06,"RFC J0333+7850",0.400000005960464,"ISP",179887088336896,1.94199907890824e-12,13.6312742233276,0.175474628806114,0.118047349154949,49.0903015136719,17.725176,"BLL",0,-9.24008247227732,-11.200197890135,1.32641409397699,1.13453645468238,14.2549999923323,-11.7117509804142,3.3474212620874,0.714285711244661
"4FGL J0334.2-4008",1,53.5565986633301,-40.1450004577637,244.771789550781,-54.0744819641113,82.8070220947266,3.23668492008267e-09,9.07418862272635e-11,3.49290457668516e-11,1.07161089897556e-12,"LogParabola",2.18294429779053,0.0171474665403366,596.82763671875,2.07763242721558,0.0229768473654985,0.0723011642694473,0.012870330363512,0,"bll","PKS 0332-403",0.99995744228363,0.999667763710022,"cgrabs",53.5568937083,-40.1403883111,6.79999985209179e-08,"RFC J0334-4008",1.44500005245209,"LSP",8336812015616,6.70673282535117e-12,481.681701660156,0.473265618085861,0.113557182252407,85.6400985717773,17.863039,"BLL",0,-8.48989957558339,-10.4568132787726,1.91806716682934,2.68276014845484,12.9210000088257,-11.173488994209,2.77584892538377,0.408997946236075
"4FGL J0336.4+3224",1,54.1015014648438,32.4110984802246,158.915512084961,-18.6968231201172,15.0197057723999,4.50365744697478e-10,7.2546794960271e-11,1.29278367524965e-11,1.49408328591061e-12,"LogParabola",2.80015802383423,0.0534536615014076,509.301452636719,2.85891628265381,0.112931184470654,0.469136863946915,0.0997695028781891,256,"fsrq","NRAO 140",0.972871899604797,0.921416938304901,"bzcat",54.125448375,32.3081506333,7.50000026528141e-08,"RFC J0336+3218",1.25899994373322,"LSP",14454397861888,1.10444223211381e-11,46.1067237854004,0.409368395805359,0.120678834617138,-Inf,17.209694,"FSRQ",1,-9.34643464980552,-10.8884741406303,1.1766614251665,1.66376426356678,13.1600000046399,-10.9568569949852,2.70697491487873,0.442673760472699
"4FGL J0336.5-0348",1,54.130298614502,-3.81200003623962,189.680252075195,-44.2467956542969,6.92724800109863,9.8472258125426e-11,3.0388649929769e-11,1.36829816140688e-12,3.83692697839694e-13,"PowerLaw",1.6343959569931,0.167061939835548,10103.6044921875,1.62022018432617,0.19865570962429,0.0121050598099828,0.0898548513650894,0,"bll","1RXS J033623.3-034727",0.997763514518738,0.907148897647858,"bzcat",54.0991774833,-3.79405558056,4.69999986307812e-06,"RFC J0336-0347",0.161791995167732,"HSP",999999986991104,1.26369422738526e-12,7.22701215744019,0,10,107.491996765137,18.723667,"BLL",0,-10.0066861029034,-11.863819256604,0.840560736009965,0.858958785298433,14.9999999943503,-11.8983579983828,4.00447633732732,0.86073927532581
"4FGL J0336.8-3612",1,54.219898223877,-36.2126998901367,238.024154663086,-53.9347648620605,10.050986289978,1.68768637953676e-10,2.7908366589946e-11,3.75258418089386e-12,4.98351848069595e-13,"PowerLaw",2.81290030479431,0.0984836295247078,490.706481933594,2.79483437538147,0.113803543150425,0.0231461115181446,0.065985344350338,0,"fsrq","PKS 0335-364",0.994835257530212,0.960868358612061,"cgrabs",54.2250977708,-36.2683955,1.1999999571799e-07,"RFC J0336-3616",1.53699994087219,"LSP",3630780645376,9.65283734020994e-13,12.5480737686157,0.158850759267807,0.165450885891914,-Inf,18.298565,"FSRQ",1,-9.77270825456527,-11.425669556543,1.00220868059015,1.09857706319821,12.5600000116834,-12.0153450120368,2.69082179478426,0.394166347381235
"4FGL J0337.8-1157",1,54.4743003845215,-11.9596996307373,200.008712768555,-48.1957168579102,5.86212730407715,1.37040240266728e-10,3.17788295678412e-11,2.47715541655535e-12,5.43032632749352e-13,"PowerLaw",2.72350120544434,0.13545523583889,541.126831054688,2.7022385597229,0.156710669398308,0.0466242544353008,0.0886691883206367,0,"fsrq","PKS 0335-122",0.870058715343475,0.857867658138275,"bzcat",54.4810481125,-12.0679287167,1.37264962063455e-07,"RFC J0337-1204",3.44199991226196,"LSP",2792543748096,1.00055279003437e-13,10.506986618042,0.192457109689713,0.467190653085709,-Inf,20.372562,"FSRQ",1,-9.86315188861214,-11.6060467449543,0.768055245500899,1.02147817912969,12.4459999855147,-12.9997599926691,2.73329906838111,0.225123822546583
"4FGL J0339.2-1736",1,54.8119010925293,-17.6002998352051,208.076370239258,-50.2443695068359,21.6099395751953,6.77908840174268e-10,5.30088056782674e-11,6.97928086851318e-12,6.67606107115221e-13,"PowerLaw",1.93089914321899,0.0538268834352493,2647.29956054688,1.89957463741302,0.0656396374106407,0.0348572246730328,0.0293497443199158,0,"bll","PKS 0336-177",0.999773859977722,0.976532459259033,"bzcat",54.807094975,-17.6002164944,1.39999997372797e-07,"RFC J0339-1736",0.0655599981546402,"HSP",3162277582733312,2.53640142743039e-12,21.2922649383545,0.322381675243378,0.125665351748466,148.223007202148,16.952845,"BLL",0,-9.16882870269792,-11.1561893239279,1.33465355252896,1.3282218614341,15.4999999893654,-11.5957820110737,3.42280308755428,0.938473668054189
"4FGL J0339.5-0146",1,54.8771018981934,-1.77690005302429,188.000076293945,-42.4563217163086,99.6133117675781,5.9929163853667e-09,1.30129615416585e-10,5.83750062177479e-11,1.33356498586978e-12,"LogParabola",2.32376837730408,0.0124915689229965,523.2587890625,2.24222922325134,0.0183966942131519,0.0814996808767319,0.00974007975310087,0,"fsrq","PKS 0336-01",0.999955117702484,0.999792337417603,"cgrabs",54.8789074542,-1.77661225833,6.79999985209179e-08,"RFC J0339-0146",0.850000023841858,"LSP",4698941161472,4.96562600066364e-12,1506.34692382812,0.54550302028656,0.129428192973137,43.9740982055664,16.743258,"FSRQ",1,-8.22236178164394,-10.2337730601674,1.99831737899499,3.17792500490116,12.6720000069706,-11.3040259935943,2.71871653182064,0.540540533574329
"4FGL J0340.5-2118",1,55.1477012634277,-21.3157997131348,213.779266357422,-51.1782760620117,30.3778381347656,8.96099028313557e-10,5.27432715557996e-11,9.34310441513819e-12,5.73546201851349e-13,"PowerLaw",2.26135039329529,0.040736299008131,1008.26342773438,2.21929311752319,0.0507883541285992,0.063237726688385,0.0291575081646442,0,"bll","PKS 0338-214",0.999678730964661,0.999475598335266,"bllac",55.1483660583,-21.3253255833,6.79999985209179e-08,"RFC J0340-2119",0.232999995350838,"LSP",57543992803328,4.32046022222354e-12,41.4179267883301,0.294939070940018,0.0890708565711975,28.2700996398926,16.914595,"BLL",0,-9.04764399360388,-11.029508797608,1.48255686368248,1.61718835609962,13.7599999929782,-11.3644699889892,3.00357401451513,0.811030011168378
"4FGL J0342.2+3858",1,55.5730018615723,38.9780006408691,155.667541503906,-12.798773765564,8.98026561737061,3.14622911057327e-10,4.40967470871634e-11,4.29732638362879e-12,6.16997067586639e-13,"PowerLaw",2.25705575942993,0.109612755477428,1912.89855957031,2.24840259552002,0.119483537971973,0.0223193541169167,0.0688055455684662,0,"fsrq","GB6 J0342+3858",0.999658048152924,0.901934742927551,"bzcat",55.5677870375,38.9850767361,1.50000005305628e-07,"RFC J0342+3859",0.944999992847443,"LSP",5308844343296,6.54141942436209e-13,97.2005004882812,1.66132009029388,0.425365209579468,26.2169990539551,20.336168,"FSRQ",1,-9.50220965493754,-11.3668016602267,0.953289182374692,1.98766850112729,12.7249999919001,-12.1843280037734,3.28169194013344,0.514138819371418
"4FGL J0343.2-2529",1,55.8135986328125,-25.4943008422852,220.510406494141,-51.6486663818359,18.0455989837646,4.08974881738189e-10,3.83766490807957e-11,5.89585585214492e-12,6.2083779957256e-13,"PowerLaw",2.53656935691833,0.0616758018732071,719.490112304688,2.46163892745972,0.0904860645532608,0.144029930233955,0.0622618086636066,0,"fsrq","PKS 0341-256",0.997738897800446,0.966765344142914,"bzcat",55.8313495667,-25.5048350306,1.30000003650821e-07,"RFC J0343-2530",1.4190000295639,"LSP",27861211676672,3.18095116219608e-12,194.480651855469,1.11750900745392,0.27345010638237,12.1715002059937,18.784245,"FSRQ",1,-9.38830336450485,-11.2294531430905,1.25637130208,2.28887640149529,13.44499999985,-11.4974429986548,2.85702482995988,0.413393959395809
"4FGL J0343.4+3621",1,55.8726005554199,36.3563995361328,157.540863037109,-14.7009525299072,9.5231351852417,4.2823949941706e-10,5.42847052031892e-11,5.46769747533649e-12,7.6564281173766e-13,"PowerLaw",2.35375118255615,0.089119054377079,1300.16735839844,2.18766593933105,0.16246372461319,0.154948458075523,0.102426655590534,0,"fsrq","OE 367",0.99939239025116,0.973724186420441,"bzcat",55.8706350792,36.370119375,6.79999985209179e-08,"RFC J0343+3622",1.48500001430511,"LSP",2018366324736,7.69920694039528e-13,7.11480903625488,0,10,-Inf,20.687748,"FSRQ",1,-9.36831327728513,-11.2621955227119,0.97877994938187,0.852163247974241,12.30499999162,-12.1135540071844,3.11399925857672,0.402414484604997
"4FGL J0345.2-2353",1,56.3186988830566,-23.8850002288818,218.175643920898,-50.8335952758789,28.6773490905762,7.7838152590104e-10,4.94748825241587e-11,1.15770743686072e-11,6.08793289218201e-13,"PowerLaw",2.44574046134949,0.0422118529677391,756.423278808594,2.41013979911804,0.052374254912138,0.0732411965727806,0.0327963829040527,0,"bll","NVSS J034518-235218",0.998243272304535,0.84546560049057,"wise",56.3263242667,-23.8723275528,5.80000005356851e-07,"RFC J0345-2352",0.103644996881485,"ISP",251188645724160,7.69936686021572e-13,24.0232582092285,0.179793104529381,0.0692650377750397,26.5053997039795,18.527216,"BLL",0,-9.10880748015806,-10.9364011768867,1.45753900304372,1.38063190924202,14.400000004449,-12.1135449865704,2.8787648857237,0.906088463976777
"4FGL J0348.5-2749",1,57.1417007446289,-27.8302993774414,224.538024902344,-50.9259834289551,71.4024124145508,3.39654526726463e-09,9.55250392675744e-11,8.71825528436787e-12,5.28248668765774e-13,"LogParabola",2.17699098587036,0.0169889461249113,604.557495117188,2.08773684501648,0.0248993895947933,0.0631154328584671,0.0120299160480499,0,"fsrq","PKS 0346-27",0.999050259590149,0.999494731426239,"cgrabs",57.1589357125,-27.8204349139,7.50000026528141e-08,"RFC J0348-2749",0.99099999666214,"LSP",14125375684608,1.81696270442483e-12,3723.33203125,1.84982132911682,0.436515390872955,101.940002441406,19.251705,"FSRQ",1,-8.46896259299958,-11.0595704182996,1.85371288517433,3.57093176651921,13.1500000073292,-11.7406539870721,2.78143760978694,0.502260171610484
"4FGL J0349.4-1159",1,57.3539009094238,-11.9940996170044,201.935440063477,-45.704231262207,14.8905649185181,3.04125613581618e-10,3.8395984308659e-11,3.87540173563128e-12,5.60935629542736e-13,"PowerLaw",1.75845396518707,0.0870737433433533,4820.6025390625,1.64582896232605,0.156196460127831,0.064733475446701,0.071233294904232,0,"bll","1ES 0347-121",0.999833106994629,0.992796182632446,"bllac",57.34661065,-11.9909314583,1.90000002930901e-06,"RFC J0349-1159",0.187999993562698,"HSP",1819700814940209152,7.37617172202887e-12,12.5243768692017,0.221869021654129,0.220519468188286,39.2219009399414,18.28121,"BLL",0,-9.51694700185942,-11.4116832705707,1.17291117433654,1.09775612743355,18.2599999895777,-11.1321689811815,3.68310132517564,0.841750846311957
"4FGL J0349.8-2103",1,57.469898223877,-21.0576000213623,214.40397644043,-49.0348205566406,35.8855628967285,1.08823772215771e-09,6.16261347508029e-11,1.52135457009983e-11,7.06713225266664e-13,"LogParabola",2.47796273231506,0.0312468856573105,494.659240722656,2.33934164047241,0.0529697872698307,0.177073925733566,0.0326816625893116,0,"fsrq","PKS 0347-211",0.998729646205902,0.97325986623764,"bzcat",57.4909444792,-21.0465948722,6.79999985209179e-08,"RFC J0349-2102",2.94400000572205,"LSP",1698243674112,6.87259873576734e-13,353.099975585938,0.736542582511902,0.177762240171432,-Inf,20.10544,"FSRQ",1,-8.96327622399068,-10.8177695565637,1.55491976291404,2.54789768753508,12.2300000055367,-12.1628790121115,2.69430612653861,0.253549695372509
"4FGL J0353.7+8257",1,58.4404983520508,82.9604034423828,128.352996826172,22.0988960266113,8.56508350372314,1.2458875597865e-10,2.60489026182587e-11,1.88583523796915e-12,3.82877188070604e-13,"PowerLaw",1.69543743133545,0.114254020154476,7429.49755859375,1.6574422121048,0.137928768992424,0.0481422804296017,0.0616590902209282,0,"bll","WN B0343.1+8247",0.996468484401703,0.942726731300354,"whsp2",58.2855164958,82.9420708667,8.90000023900939e-07,"RFC J0353+8256",0.0693999975919724,"HSP",3548133954945024,2.76697978765506e-12,10.5861787796021,0.120816588401794,0.991156697273254,222.791000366211,17.628527,"BLL",0,-9.90452115058835,-11.7244962534686,0.932731601397197,1.02473922409121,15.5500000076634,-11.5579940132992,3.87095944432471,0.935103798627039
"4FGL J0354.7-1617",2,58.6778984069824,-16.2870006561279,208.3271484375,-46.323616027832,5.01762056350708,1.25431900976913e-10,2.9820566155303e-11,1.24476895804748e-11,1.19356998243281e-12,"PowerLaw",2.52867221832275,0.171537131071091,917.746826171875,2.48013043403625,0.230657279491425,0.0774459689855576,0.150560557842255,0,"fsrq","PKS 0352-164",0.986733078956604,0.900631368160248,"bzcat",58.6042861938477,-16.2729034423828,2.3e-07,"RFC J0354-1616",1.18700003623962,"LSP",27542287286272,4.26579507394748e-13,35.3271598815918,1.2793869972229,0.384049564599991,-Inf,18.70722,"FSRQ",1,-9.90159199575171,-10.9049112506217,0.700497816523107,1.54810872383924,13.4400000039876,-12.3700000116131,2.96272289126546,0.457247363250814
"4FGL J0357.0-4955",1,59.260799407959,-49.9325981140137,258.692291259766,-48.0745658874512,18.5880928039551,4.10371986392377e-10,3.5011774729421e-11,4.73392852695653e-12,4.26547442115496e-13,"PowerLaw",2.16791772842407,0.0632300898432732,1411.36242675781,2.08551359176636,0.0892622098326683,0.0903600081801414,0.050514928996563,0,"bll","PKS 0355-500",0.99976772069931,0.95821750164032,"bzcat",59.2507743917,-49.9301731944,5.70000020161388e-06,"RFC J0357-4955",0.64300000667572,"ISP",630957338001408,1.91638610362588e-12,11.260401725769,0.114377915859222,0.156007647514343,42.8642997741699,17.142658,"BLL",0,-9.38682229353575,-11.324778303353,1.26923483209524,1.05155388466919,14.7999999955406,-11.717516987021,3.14963855147919,0.608642724246422
"4FGL J0401.7+2112",1,60.4496002197266,21.2007007598877,171.452911376953,-23.2478923797607,15.2293043136597,6.14434003676223e-10,5.67478390667286e-11,8.61073365387988e-12,7.68648816470985e-13,"PowerLaw",2.419842004776,0.0619031302630901,981.557312011719,2.40977215766907,0.0678974092006683,0.0249795187264681,0.038167480379343,0,"fsrq","TXS 0358+210",0.999159514904022,0.921129643917084,"bzcat",60.4381920083,21.1746075111,6.79999985209179e-08,"RFC J0401+2110",0.833999991416931,"LSP",21627186184192,1.16638252875556e-12,122.277198791504,0.936501622200012,0.235963314771652,34.5457992553711,19.639288,"FSRQ",1,-9.21152475781979,-11.064959844103,1.18268006488303,2.08734548105726,13.3350000190151,-11.9331589942746,2.99191566263573,0.545256272998894
"4FGL J0402.0-2616",1,60.5102996826172,-26.2730007171631,223.070999145508,-47.6840209960938,17.4024868011475,5.94007287801901e-10,5.32485930349047e-11,4.99537650827664e-12,5.43302653300409e-13,"LogParabola",2.13361763954163,0.0630788430571556,1629.69250488281,1.99510049819946,0.10802585631609,0.170476675033569,0.0644937381148338,0,"bll","PKS 0359-264",0.999163568019867,0.936539590358734,"bzcat",60.5032710125,-26.2609480417,2.69999986812763e-07,"RFC J0402-2615",1.91999995708466,"LSP",39810718760960,1.19452982661611e-12,31.2124099731445,0.44498997926712,0.147220298647881,21.9300003051758,18.864527,"BLL",0,-9.22620822668087,-11.3014317728425,1.24061131304389,1.49432730271309,13.6000000186065,-11.9228030017341,3.21210566818893,0.342465758457889
"4FGL J0402.1-3147",1,60.5483016967773,-31.7926006317139,231.241836547852,-48.5424156188965,13.0360431671143,2.84983647791393e-10,3.40604940085587e-11,3.56867833894992e-12,4.24612114132555e-13,"PowerLaw",2.39427447319031,0.0891628041863441,951.285095214844,2.40849041938782,0.0954839289188385,-0.0136261731386185,0.0448328517377377,260,"fsrq","PKS 0400-319",0.997896194458008,0.963539361953735,"cgrabs",60.5886083417,-31.7905403944,7.50000026528141e-08,"RFC J0402-3147",1.28799998760223,"LSP",4168693841920,1.09848209087909e-12,17.6821594238281,0.267743349075317,0.149858236312866,-Inf,20.419333,"FSRQ",1,-9.54518005886063,-11.4474925951978,1.11514578990361,1.24753530188659,12.6200000007518,-11.959207019213,2.97831069225116,0.437062939431209
"4FGL J0403.3+2601",1,60.8390998840332,26.0205993652344,168.055633544922,-19.5925025939941,5.48960971832275,1.96235888649809e-10,4.06741272607203e-11,3.88606724924245e-12,6.8083944515171e-13,"PowerLaw",2.58591437339783,0.116867750883102,771.575378417969,2.50832986831665,0.202715665102005,0.278674453496933,0.146084234118462,0,"fsrq","OF 200",0.995875477790833,0.948983252048492,"bzcat",60.7732753583,26.0004174417,6.79999985209179e-08,"RFC J0403+2600",2.10899996757507,"LSP",2089296068608,1.03395352175906e-12,11.7940835952759,0.428028434514999,0.336285680532455,-Inf,20.041168,"FSRQ",1,-9.7072215636368,-11.4104896881103,0.739541469549574,1.07166420168822,12.3199999870611,-11.985498983193,2.88737836051174,0.321646835133283
"4FGL J0403.5-2437",1,60.8988990783691,-24.6168003082275,220.810806274414,-46.9634971618652,9.20598602294922,2.3110537095139e-10,3.53583967660498e-11,2.38588922923944e-12,4.37051653548459e-13,"PowerLaw",2.42952442169189,0.109785981476307,915.305480957031,2.42123055458069,0.119021572172642,0.0203662216663361,0.0756473988294601,4,"bll","TXS 0401-248",0.947246789932251,0.915256083011627,"bllac",60.9239002625,-24.7356830167,3.09999990122378e-07,"RFC J0403-2444",0.59799998998642,"LSP",5533501227008,1.73033419190172e-12,25.9279403686523,0.555728316307068,0.202624663710594,-Inf,20.453226,"BLL",0,-9.63618996128227,-11.6223497233844,0.96407031118791,1.41376801919682,12.7430000105837,-11.7618700103497,2.96156606297637,0.625782231706083
"4FGL J0403.9-3605",1,60.9749984741211,-36.0870018005371,237.747680664062,-48.4825706481934,137.662246704102,4.93512297694565e-09,1.06132609645204e-10,9.06262495603549e-11,1.21051898973462e-12,"LogParabola",2.52843570709229,0.0106977047398686,348.520416259766,2.39308905601501,0.0173151884227991,0.13758485019207,0.0102924443781376,0,"FSRQ","PKS 0402-362",1,0.999871134757996,"identified",60.973957925,-36.08386475,6.79999985209179e-08,"RFC J0403-3605",1.41700005531311,"LSP",3767038115840,2.18293595005692e-11,6080.07958984375,0.869819104671478,0.20529505610466,32.1044998168945,16.775293,"FSRQ",1,-8.30670202079709,-10.0427459923004,2.13881485313891,3.78390926433914,12.5760000145264,-10.6609590068217,2.54222822406745,0.413736026940411
"4FGL J0405.6-1308",1,61.4188995361328,-13.1437997817993,205.787307739258,-42.6322326660156,21.142858505249,5.57567714221108e-10,4.70983356481991e-11,9.0569019298159e-12,5.76228734866513e-13,"PowerLaw",2.54781579971313,0.0509182475507259,577.607116699219,2.55657744407654,0.0522097833454609,-0.012865224853158,0.0268521495163441,0,"fsrq","PKS 0403-13",0.997345149517059,0.999492108821869,"bzcat",61.3916808042,-13.1371363611,7.50000026528141e-08,"RFC J0405-1308",0.570999979972839,"LSP",87096358338560,2.94095238613512e-12,79.7428588867188,0.483471512794495,0.127850726246834,41.1319007873535,16.79002,"FSRQ",1,-9.25370238186407,-11.0430203348707,1.32516370336553,1.90169180163575,13.9399999967237,-11.5315120066409,2.76163253553831,0.636537245542988
"4FGL J0407.5+0741",1,61.8921012878418,7.69980001449585,183.889282226562,-31.1410865783691,18.2158164978027,8.12000688910075e-10,6.34529928600358e-11,9.24274632524424e-12,7.65244692699923e-13,"PowerLaw",2.31134819984436,0.0567022375762463,1332.18054199219,2.29269123077393,0.0658108294010162,0.0374162904918194,0.0327061116695404,0,"bll","TXS 0404+075",0.998759329319,0.954850256443024,"bzcat",61.8711945083,7.70207530556,9.49999972021942e-08,"RFC J0407+0742",1.13300001621246,"LSP",6918309937152,1.21514755722918e-12,32.0582008361816,0.373078584671021,0.120218805968761,25.2408008575439,18.410501,"BLL",0,-9.09044360229858,-11.0341989663682,1.2604486426404,1.50593914531557,12.8400000143103,-11.9153709818193,3.12456308600367,0.468823250069959
"4FGL J0416.5-1852",1,64.1372985839844,-18.8724002838135,214.326522827148,-42.399169921875,24.7809677124023,6.62830679232229e-10,4.76247791203477e-11,1.00487977314212e-11,5.63455857492678e-13,"PowerLaw",2.39455318450928,0.046192791312933,758.724304199219,2.37012219429016,0.0537725761532784,0.0368970893323421,0.0299726128578186,0,"fsrq","PKS 0414-189",0.998442530632019,0.983491003513336,"bzcat",64.1522685417,-18.8523167083,6.79999985209179e-08,"RFC J0416-1851",1.53600001335144,"LSP",2264644190208,1.32021607188171e-12,159.130264282227,0.768038272857666,0.190893113613129,47.527099609375,19.717106,"FSRQ",1,-9.17859739839254,-10.9978858954418,1.39411826184434,2.20175278405153,12.3549999774889,-11.8793549845923,2.88008399603263,0.394321764485503
"4FGL J0416.9+0105",1,64.2268981933594,1.08800005912781,191.821899414062,-33.1533966064453,19.9431095123291,6.17131346025701e-10,5.62144046589719e-11,8.32476622358858e-12,7.75542553354408e-13,"PowerLaw",1.87605381011963,0.0644651278853416,3730.71850585938,1.88780426979065,0.0679539814591408,-0.0108532989397645,0.0278126504272223,0,"bll","1ES 0414+009",0.999828159809113,0.996893584728241,"bllac",64.2187271,1.089972025,1.59999999027605e-07,"RFC J0416+0105",0.287000000476837,"HSP",48977882898235392,1.11452800113931e-11,22.8648719787598,0.368044018745422,0.143924802541733,256.635986328125,16.392406,"BLL",0,-9.20962239385421,-11.0796279535251,1.29979287407395,1.35916877409309,16.6900000085248,-10.9529090159343,3.57179248142787,0.777000776712896
"4FGL J0422.1-0644",1,65.5343017578125,-6.74100017547607,200.776306152344,-36.1163597106934,34.7767105102539,1.24631760467508e-09,6.8185498913742e-11,1.63454891982662e-11,7.68954615693734e-13,"LogParabola",2.49066090583801,0.0322827994823456,576.353515625,2.44515371322632,0.043317623436451,0.0820185989141464,0.0265739262104034,0,"fsrq","PMN J0422-0643",0.999213933944702,0.940348565578461,"bzcat",65.544980925,-6.72925839444,1.59999999027605e-07,"RFC J0422-0643",0.241999998688698,"LSP",40738029043712,2.52417813213779e-12,475.466369628906,0.845398128032684,0.20291930437088,19.426399230957,17.62223,"FSRQ",1,-8.90437127037255,-10.7866020770458,1.54128850018515,2.67711980413124,13.6100000134676,-11.5978800000322,2.76068894660129,0.805152979916102
"4FGL J0422.8+0225",1,65.7022018432617,2.42759990692139,191.481185913086,-31.1821689605713,7.35440397262573,1.57006352363709e-10,5.02458560869279e-11,4.05022066232719e-12,8.61630591094537e-13,"LogParabola",2.83094191551208,0.104316547513008,467.171264648438,2.62995862960815,0.240655109286308,0.627600729465485,0.253686279058456,0,"fsrq","PKS 0420+022",0.974484026432037,0.877499103546143,"cgrabs",65.7175610583,2.32414744444,6.79999985209179e-08,"RFC J0422+0219",2.27699995040894,"LSP",783429664768,6.67290604283027e-13,19.2811813354492,0.453933954238892,0.20448799431324,-Inf,19.516718,"FSRQ",1,-9.80408277599398,-11.3925213151013,0.866547481701407,1.28513363909739,11.8940000121967,-12.1756849901451,2.66947612180037,0.30515716055327
"4FGL J0423.3-0120",1,65.8259963989258,-1.3342000246048,195.288101196289,-33.1269073486328,65.9607162475586,3.36108296750126e-09,1.03247035920795e-10,4.17085914417026e-11,1.28207893520388e-12,"LogParabola",2.33185529708862,0.0189799889922142,599.477111816406,2.23655104637146,0.029078571125865,0.088262066245079,0.0152993882074952,0,"FSRQ","PKS 0420-01",1,0.999867618083954,"identified",65.81583635,-1.34251820833,6.79999985209179e-08,"RFC J0423-0120",0.916000008583069,"LSP",5929253208064,2.649170986746e-11,1230.34497070312,0.845373094081879,0.20060969889164,34.6048011779785,19.411518,"FSRQ",1,-8.4735207669464,-10.3797744766472,1.81928536287111,3.09002689832339,12.772999997236,-10.5768900099158,2.77777260628125,0.521920665720417
"4FGL J0424.7+0036",1,66.1945037841797,0.602800011634827,193.584732055664,-31.77712059021,38.6147613525391,1.67385250104957e-09,7.53262105468444e-11,1.95913528455716e-11,8.98607956708458e-13,"PowerLaw",2.21334338188171,0.035095538944006,1326.02270507812,2.16129422187805,0.0451556257903576,0.0565041825175285,0.0246062837541103,0,"bll","PKS 0422+00",0.999904632568359,0.99113655090332,"bllac",66.1951752667,0.601758188889,6.79999985209179e-08,"RFC J0424+0036",0.26800000667572,"LSP",46773515059200,9.23364162908058e-12,50.1920585632324,0.293278098106384,0.082976795732975,48.7251014709473,15.751952,"BLL",0,-8.77628281444464,-10.7079355735468,1.58675335515016,1.70063500808131,13.6700000086396,-11.0346269850516,3.12255096042299,0.788643528971007
"4FGL J0424.9-5331",1,66.2498016357422,-53.5256996154785,262.192535400391,-43.0142593383789,29.4237880706787,7.63561547323377e-10,4.76904106483378e-11,9.71971114704928e-12,5.16609704234033e-13,"LogParabola",2.26451897621155,0.042535338550806,806.811828613281,2.14162135124207,0.0690684840083122,0.114580534398556,0.0389718860387802,0,"bll","PMN J0425-5331",0.999837219715118,0.962343275547028,"bzcat",66.2678048375,-53.5328498139,5.90000013289682e-07,"RFC J0425-5331",0.389999985694885,"LSP",83176378597376,4.21300537858937e-12,86.5545120239258,0.491295129060745,0.128526031970978,19.1921997070312,16.636246,"BLL",0,-9.11715595063689,-11.0123466413604,1.46869858383302,1.93728971225783,13.9200000077647,-11.375407986425,2.90677225674923,0.719424467835575
"4FGL J0428.6-3756",1,67.1729965209961,-37.940299987793,240.710342407227,-43.6146545410156,249.909332275391,2.36849935220107e-08,2.46702352990624e-10,2.13844802976482e-10,2.96746828498673e-12,"LogParabola",2.09770226478577,0.00629578717052937,808.987548828125,1.99499213695526,0.0108925374224782,0.0816864669322968,0.0049952594563365,0,"bll","PKS 0426-380",0.999971270561218,0.999791085720062,"cgrabs",67.1684344625,-37.9387723944,7.50000026528141e-08,"RFC J0428-3756",1.11000001430511,"LSP",4786301173760,7.14476568186573e-12,3498.59545898438,0.444593518972397,0.105094961822033,116.545997619629,16.603706,"BLL",0,-7.62552672971818,-9.66990129984281,2.39778247413378,3.54389372811084,12.6800000227327,-11.146012009664,2.90794183741344,0.473933646075984
"4FGL J0429.3-4326",1,67.3426971435547,-43.4441986083984,248.312301635742,-43.5465469360352,6.87087392807007,1.37837699587529e-10,2.56305653784095e-11,1.53338832516864e-12,3.53550278246392e-13,"PowerLaw",2.40863060951233,0.142271533608437,1207.82836914062,2.37359261512756,0.171221420168877,0.0480957366526127,0.0955887511372566,0,"fsrq","PKS 0427-435",0.996053695678711,0.948612630367279,"bzcat",67.3543276042,-43.4768166833,1.50000005305628e-06,"RFC J0429-4328",1.42299997806549,"LSP",10964782022656,2.27893523279885e-13,14.2045259475708,0.325243324041367,0.334059983491898,-Inf,20.050829,"FSRQ",1,-9.86063198356336,-11.8143478476757,0.837011979854282,1.15242674444477,13.040000002425,-12.6422680172671,3.08200522598147,0.412711518387381
"4FGL J0430.3-2507",1,67.5751037597656,-25.1282997131348,223.61865234375,-41.2287254333496,14.4557504653931,3.73193198566213e-10,3.93914935392647e-11,4.22873715211214e-12,4.93936109461496e-13,"PowerLaw",2.17641735076904,0.0813725665211678,1582.98645019531,2.1488983631134,0.099098227918148,0.0277336891740561,0.0484172031283379,0,"bll","PMN J0430-2507",0.999713957309723,0.949530303478241,"bzcat",67.5668169,-25.1274892472,4.1000001260727e-07,"RFC J0430-2507",0.515999972820282,"ISP",451855960244224,1.11936057211465e-12,9.10667514801025,0.0447300262749195,0.606672704219818,24.5265998840332,17.254347,"BLL",0,-9.42806627985608,-11.3737893086897,1.16004064284299,0.959359844762637,14.6550000152525,-11.9510299945658,3.19947719747095,0.659630618686395
"4FGL J0433.6-6030",1,68.4011993408203,-60.511100769043,270.858093261719,-40.1500663757324,35.6382865905762,9.35152510983528e-10,5.02182288808495e-11,1.2204980949504e-11,6.52821926291208e-13,"LogParabola",2.43878769874573,0.0341973751783371,643.176574707031,2.33231949806213,0.0486930795013905,0.125387594103813,0.0324352346360683,0,"fsrq","PKS 0432-606",0.999891102313995,0.977486670017242,"bzcat",68.3921185458,-60.5038248139,1.50000005305628e-07,"RFC J0433-6030",0.93010002374649,"LSP",56234132635648,1.05713148738223e-12,175.019515991211,0.559000670909882,0.138674274086952,20.871000289917,18.391285,"FSRQ",1,-9.02911755567584,-10.9134628941273,1.55191681595559,2.24308647848471,13.7500000009006,-11.9758709912233,2.80833021848179,0.518107863684139
"4FGL J0434.1-2014",1,68.529296875,-20.2444000244141,217.851333618164,-38.9538841247559,12.4436483383179,3.37490896340498e-10,3.86246555572622e-11,4.03297967938032e-12,4.64193895995113e-13,"PowerLaw",2.26807045936584,0.0777551606297493,1138.29455566406,2.15066385269165,0.119680754840374,0.172242075204849,0.0859692320227623,0,"bll","TXS 0431-203",0.998830199241638,0.926785528659821,"bzcat",68.5329756167,-20.2547603778,2.20000003992027e-07,"RFC J0434-2015",0.927999973297119,"ISP",112201843081216,1.09718028933059e-12,25.5070896148682,0.450065761804581,0.166885927319527,-Inf,18.862783,"BLL",0,-9.47173793756602,-11.3943739662282,1.09494772930214,1.40666090799003,14.0499999909079,-11.9597220030287,3.05625465867302,0.518672206353756
"4FGL J0438.4-1254",1,69.6099014282227,-12.9053001403809,209.777465820312,-35.2736854553223,7.34752511978149,2.20547399787385e-10,3.77022475739341e-11,4.1330324579425e-12,5.54614351406385e-13,"PowerLaw",2.43283343315125,0.118400730192661,1025.95300292969,2.39761233329773,0.148681744933128,0.0445539578795433,0.0738854855298996,0,"fsrq","PKS 0436-129",0.982687294483185,0.942355751991272,"bzcat",69.6459208625,-12.8509330667,7.50000026528141e-08,"RFC J0438-1251",1.27600002288818,"LSP",4315190657024,8.81641439541558e-13,30.8782253265381,0.584302127361298,0.212923958897591,-Inf,19.29415,"FSRQ",1,-9.65649805810615,-11.3837311840602,0.866141079516864,1.48965233204454,12.6349999888031,-12.0547080049927,3.01112746697874,0.439367306653639
"4FGL J0438.9-4521",1,69.7446975708008,-45.3583984375,250.833786010742,-41.7659645080566,29.3525238037109,7.59674489980711e-10,4.63893159996509e-11,8.55249551734438e-12,6.51231781174932e-13,"PowerLaw",2.41721630096436,0.0439352542161942,880.016174316406,2.37553477287292,0.0558593906462193,0.0618689320981503,0.0336915552616119,0,"bll","PKS 0437-454",0.999470949172974,0.985403120517731,"cgrabs",69.7535611042,-45.3729341806,6.79999985209179e-08,"RFC J0439-4522",2.01699995994568,"LSP",5445026578432,1.19806671094319e-12,29.9048919677734,0.214289128780365,0.0747864842414856,49.2876014709473,19.64719,"BLL",0,-9.11937245704527,-11.0679071447714,1.46764544891931,1.47574223785046,12.7360000039886,-11.9215189988183,2.94449065436813,0.331455092236065
"4FGL J0440.2-2458",1,70.0679016113281,-24.9685001373291,224.197906494141,-39.0084991455078,11.9083518981934,1.78917769488862e-10,3.07205164085111e-11,2.86801073341725e-12,5.18974457592442e-13,"PowerLaw",1.62892091274261,0.0987852215766907,6966.9599609375,1.45233821868896,0.17326632142067,0.172116622328758,0.0939888656139374,0,"bll","RBS 0570",0.999190866947174,0.953903377056122,"bllac",70.077614825,-24.9925868194,2.1000000742788e-06,"RFC J0440-2459",0.600000023841858,"ISP",226464431603712,7.45864633076854e-13,8.24013423919678,0,10,76.8886032104492,18.714573,"BLL",0,-9.74734652467732,-11.5424192276712,1.07585165979947,0.9159342868024,14.3550000016193,-12.1273399854526,3.84304331465487,0.624999990686774
"4FGL J0442.6-0017",1,70.6612014770508,-0.296099990606308,197.199722290039,-28.462345123291,75.3369522094727,3.26521476523567e-09,9.67641036742073e-11,4.79258854824138e-11,1.14800703665541e-12,"LogParabola",2.44077014923096,0.0171457193791866,424.644073486328,2.35937094688416,0.0205926913768053,0.0668592005968094,0.013104242272675,0,"fsrq","PKS 0440-00",0.999933063983917,0.999614119529724,"cgrabs",70.6610863542,-0.295394686111,7.50000026528141e-08,"RFC J0442-0017",0.449000000953674,"LSP",1958844694528,5.92836587112733e-12,1000.95733642578,0.626982450485229,0.149057850241661,28.1653003692627,18.702011,"FSRQ",1,-8.48608824829724,-10.3194298543169,1.87700804664264,3.00041556704003,12.2920000046608,-11.2270650015691,2.6280250672642,0.690131124459517
"4FGL J0448.6-1632",1,72.1516036987305,-16.5482997894287,215.036102294922,-34.4392852783203,26.2978477478027,7.82926723452704e-10,5.24510886112939e-11,9.03104761112994e-12,7.36089791550376e-13,"PowerLaw",1.90474379062653,0.0474482588469982,2431.1826171875,1.8401153087616,0.0664880946278572,0.0566592998802662,0.0306958705186844,0,"bll","RBS 0589",0.999949753284454,0.987745583057404,"bllac",72.1567769417,-16.5453451944,4.1000001260727e-07,"RFC J0448-1632",0.319999992847443,"HSP",18535315765460992,3.389143783325e-12,18.5881671905518,0.224963009357452,0.102014273405075,141.447998046875,18.489878,"BLL",0,-9.10627888301145,-11.0442618681424,1.41992020668364,1.26923657006934,16.2679999890184,-11.4699100059693,3.38581758190302,0.75757576168076
"4FGL J0449.1+1121",1,72.2823028564453,11.3569002151489,187.428375244141,-20.7369861602783,43.8836784362793,2.39180053540622e-09,1.0048677862029e-10,3.30699044537308e-11,1.20362075341218e-12,"LogParabola",2.50716710090637,0.0234359577298164,482.260711669922,2.38185906410217,0.0349339991807938,0.138906210660934,0.0217820126563311,0,"fsrq","PKS 0446+11",0.999800741672516,0.992809236049652,"bzcat",72.2819629375,11.3579434444,6.79999985209179e-08,"RFC J0449+1121",2.15300011634827,"LSP",5308844343296,4.00036861275543e-12,179.167984008789,0.394191414117813,0.0974864959716797,13.7026996612549,19.808994,"FSRQ",1,-8.6212750412323,-10.4805670598573,1.64230302404447,2.25326040705297,12.7249999919001,-11.3978999888946,2.68328188269741,0.317158250269326
"4FGL J0449.4-4350",1,72.3582000732422,-43.8349990844727,248.804275512695,-39.9149436950684,142.294174194336,1.13307310201094e-08,1.74650932605047e-10,1.03912732585254e-10,2.58923590033822e-12,"LogParabola",1.86044836044312,0.0101656569167972,1581.18298339844,1.74972081184387,0.0172717142850161,0.0618687868118286,0.00665466580539942,0,"bll","PKS 0447-439",0.999989926815033,0.995413303375244,"bllac",72.3529092792,-43.8358228333,7.4000001859531e-07,"RFC J0449-4350",0.204999998211861,"HSP",4466836049494016,2.66704904688941e-11,338.413330078125,0.275653511285782,0.0665746778249741,444.036987304688,14.20367,"BLL",0,-7.94574207003438,-9.98333123441855,2.15318711957096,2.52944746153411,15.6500000124435,-10.5739689975844,3.19898213184351,0.829875519903679
"4FGL J0451.8-4651",1,72.9555969238281,-46.8574981689453,252.734924316406,-39.5031051635742,15.973051071167,4.16488288301764e-10,3.98515699606694e-11,6.10610477111417e-12,5.80052390668218e-13,"PowerLaw",2.45277571678162,0.0788691863417625,1092.57434082031,2.37456917762756,0.109508045017719,0.100256517529488,0.0676403120160103,0,"fsrq","PKS 0450-469",0.99724942445755,0.960954189300537,"bzcat",72.9722716042,-46.8888578194,9.99999997475243e-07,"RFC J0451-4653",0.601999998092651,"LSP",2786121220096,2.56001193551028e-13,174.406845092773,1.18544793128967,0.29289585351944,-Inf,19.31504,"FSRQ",1,-9.38039720649592,-11.214235748166,1.20338788024688,2.24156352605343,12.4450000080224,-12.5917580098779,3.03845099686408,0.62421972608652
"4FGL J0453.1-2806",1,73.2886962890625,-28.1144008636475,228.997253417969,-37.0319137573242,48.7193145751953,1.18717524699719e-09,5.9050458967036e-11,2.31734544747786e-11,7.1058453175385e-13,"LogParabola",2.65141987800598,0.0251604039222002,317.973663330078,2.53939390182495,0.0383396111428738,0.0963554829359055,0.021829629316926,0,"fsrq","PKS 0451-28",0.999126493930817,0.999565899372101,"cgrabs",73.311028325,-28.1270352333,7.50000026528141e-08,"RFC J0453-2807",2.56399989128113,"LSP",3162277675008,3.48315668842469e-12,318.197265625,0.459098488092422,0.111313097178936,10.7722997665405,17.51603,"FSRQ",1,-8.92548516715653,-10.6350092209573,1.6877011696432,2.50269644328958,12.500000002038,-11.458026988537,2.50239115034894,0.280583622476076
"4FGL J0455.7-4617",1,73.9462966918945,-46.2871017456055,251.994781494141,-38.8249778747559,33.3501319885254,9.78300773724072e-10,5.37131901456878e-11,1.60225582801488e-11,7.32711038110151e-13,"LogParabola",2.51866984367371,0.035095352679491,690.716430664062,2.48331308364868,0.0451788194477558,0.0815858170390129,0.0272319782525301,0,"fsrq","PKS 0454-46",0.998533368110657,0.999774217605591,"cgrabs",73.9615520083,-46.2662999194,7.50000026528141e-08,"RFC J0455-4615",0.857999980449677,"LSP",2786121220096,2.98821601144028e-12,167.047134399414,0.507770657539368,0.126399293541908,30.4298992156982,16.903322,"FSRQ",1,-9.00952760299696,-10.7952681400465,1.52309755704642,2.22283902995801,12.4450000080224,-11.5245880115468,2.8392997870643,0.538213138063639
"4FGL J0456.6-3136",1,74.1557998657227,-31.6151008605957,233.483932495117,-37.0877456665039,18.2805328369141,3.95814492293312e-10,3.81352449618788e-11,5.64150245616069e-12,4.6359189273884e-13,"PowerLaw",2.5205545425415,0.0596507377922535,627.083740234375,2.45578289031982,0.0789831727743149,0.0828866884112358,0.0506396852433681,0,"fsrq","PMN J0456-3135",0.999334990978241,0.939893841743469,"bzcat",74.1528472917,-31.6034664,1.50000005305628e-07,"RFC J0456-3136",0.865000009536743,"LSP",6309573296128,9.9153259387752e-13,20.8977565765381,0.264570325613022,0.106774099171162,-Inf,18.833591,"FSRQ",1,-9.40250830864455,-11.2486052184416,1.26198885030148,1.32009966607635,12.7999999897666,-12.0036930050003,2.79732554002262,0.536193026748775
"4FGL J0457.0+0646",1,74.2545013427734,6.78039979934692,192.668319702148,-21.6713695526123,9.9907922744751,3.15785481097564e-10,4.3944990008038e-11,5.60871011093256e-12,7.02950664257379e-13,"PowerLaw",2.53939485549927,0.0996188968420029,894.75,2.46048808097839,0.13810870051384,0.102631822228432,0.0908870622515678,0,"fsrq","4C +06.21",0.993741393089294,0.945625424385071,"bzcat",74.2821247875,6.75201687778,1.39999997372797e-07,"RFC J0457+0645",0.405000001192093,"LSP",7079457718272,4.30871744533379e-12,68.4476470947266,1.08707094192505,0.292552053928375,27.4790000915527,18.4525,"FSRQ",1,-9.500607841472,-11.2511370061441,0.999599929346048,1.83535852374335,12.8499999922969,-11.3656519848988,2.95170170706204,0.711743771638103
"4FGL J0457.0-2324",1,74.2608032226562,-23.4148998260498,223.710144042969,-34.899055480957,230.261306762695,1.80791897008703e-08,2.09716327637111e-10,2.03494998629594e-10,2.30459423246343e-12,"LogParabola",2.20567345619202,0.00653003854677081,477.743408203125,2.10095024108887,0.00854564923793077,0.0755853578448296,0.00480497302487493,0,"FSRQ","PKS 0454-234",1,0.999886572360992,"identified",74.263246775,-23.4144500694,6.79999985209179e-08,"RFC J0457-2324",1.00300002098083,"LSP",7311390670848,5.2009061120295e-12,4410.27734375,0.482901513576508,0.114072538912296,111.023002624512,16.358353,"FSRQ",1,-7.74282103825926,-9.69144626012063,2.3622209650104,3.64446590127575,12.8639999902593,-11.2839209861397,2.6791947034701,0.49925111808552
"4FGL J0501.2-0158",1,75.3022994995117,-1.97490000724792,201.438491821289,-25.290491104126,90.9059829711914,4.5190367004011e-09,1.13849298044588e-10,4.42136986744668e-11,1.11278857222591e-12,"LogParabola",2.37328457832336,0.0144948316738009,453.923889160156,2.26773309707642,0.0223011393100023,0.0882072523236275,0.0115740662440658,0,"fsrq","S3 0458-02",0.999771595001221,0.999512612819672,"cgrabs",75.3033745292,-1.98729344167,6.79999985209179e-08,"RFC J0501-0159",2.29099988937378,"LSP",5011872415744,4.2090298260633e-12,1438.0439453125,0.627146244049072,0.148716360330582,15.6909999847412,18.576767,"FSRQ",1,-8.34495413162366,-10.3544431528905,1.9585924672249,3.15777215789325,12.7000000068864,-11.3758179967398,2.6569830394457,0.303859019633781
"4FGL J0502.4+0609",1,75.6181030273438,6.16270017623901,194.007843017578,-20.8595409393311,9.71424865722656,3.47858741811535e-10,4.91458714002579e-11,6.59921292958665e-12,9.87952991984842e-13,"PowerLaw",2.65029168128967,0.111656367778778,904.638610839844,2.63741040229797,0.124336712062359,0.0208550058305264,0.0721275731921196,0,"fsrq","PKS 0459+060",0.989267945289612,0.955394506454468,"bzcat",75.5643580542,6.15208161667,9.49999972021942e-08,"RFC J0502+0609",1.10599994659424,"LSP",5308844343296,8.37880329354612e-13,47.6091918945312,0.738951802253723,0.210205003619194,-Inf,18.604242,"FSRQ",1,-9.45859707819736,-11.1805078585067,0.987409215986847,1.67769080994071,12.7249999919001,-12.0768180052507,2.95647511990872,0.474833820208386
"4FGL J0505.3+0459",1,76.3431015014648,4.99940013885498,195.472778320312,-20.8602600097656,83.2903747558594,6.29337293389653e-09,1.43858563950161e-10,6.94959090274949e-11,1.96274507063832e-12,"LogParabola",2.36817073822021,0.0142973642796278,821.561889648438,2.32119631767273,0.0209973156452179,0.10558108240366,0.012595945969224,0,"fsrq","PKS 0502+049",0.999865591526031,0.996074318885803,"bzcat",76.3466030375,4.99520125278,7.50000026528141e-08,"RFC J0505+0459",0.953999996185303,"LSP",7244359401472,5.94882216403692e-12,2859.76245117188,1.11148941516876,0.262547522783279,27.5000991821289,17.808146,"FSRQ",1,-8.20111653198452,-10.1580407600009,1.92059481614935,3.45632995955215,12.8599999880534,-11.225569013817,2.91464028514221,0.511770727713536
"4FGL J0505.6+0415",1,76.4041976928711,4.26599979400635,196.177307128906,-21.1905765533447,15.8622932434082,5.50258005826976e-10,6.46419792693642e-11,6.42259422728442e-12,7.68596720556597e-13,"PowerLaw",1.94155812263489,0.0842926055192947,4433.7998046875,1.87543475627899,0.111919574439526,0.0550405345857143,0.0552661381661892,0,"bll","MG1 J050533+0415",0.999794542789459,0.985895454883575,"bllac",76.3948711583,4.26516068889,2.60000007301642e-07,"RFC J0505+0415",0.0272000003606081,"HSP",3019951761784832,2.31610368904567e-12,9.70342826843262,0.103768981993198,0.285539299249649,104.421997070312,17.866102,"BLL",0,-9.25943363008096,-11.1922895153856,1.20036597434108,0.986925199732003,15.4800000059512,-11.6352420016923,3.64677607991912,0.97352024887942
"4FGL J0505.8-0419",1,76.4598007202148,-4.31820011138916,204.327087402344,-25.3994064331055,12.4418325424194,5.12264952678976e-10,5.28401662702738e-11,6.46362434061909e-12,7.14903884788815e-13,"PowerLaw",2.40235328674316,0.0705070123076439,1009.73321533203,2.38074517250061,0.0821134671568871,0.0267839133739471,0.0425899177789688,0,"fsrq","S3 0503-04",0.999533116817474,0.967571556568146,"bzcat",76.4634932792,-4.32405939722,1.70000006960436e-07,"RFC J0505-0419",1.48099994659424,"LSP",6918309937152,4.86487857376955e-13,62.1710929870605,0.70564192533493,0.192211046814919,69.1408996582031,20.620672,"FSRQ",1,-9.29050535596983,-11.1895238922609,1.09488435177336,1.7935885024667,12.8400000143103,-12.312927995149,3.00420664267959,0.403063289611407
"4FGL J0507.7-6104",1,76.9327011108398,-61.0814018249512,270.43017578125,-35.9651260375977,23.9269180297852,6.69936606190191e-10,4.41361079628333e-11,1.02389962827742e-11,7.28356665345015e-13,"PowerLaw",2.51633834838867,0.0505394339561462,1034.38940429688,2.49537563323975,0.0655191242694855,0.0703924745321274,0.0379962362349033,0,"fsrq","PMN J0507-6104",0.998899936676025,0.979846954345703,"bzcat",76.9777945583,-61.078643175,1.30000003650821e-07,"RFC J0507-6104",1.08899998664856,"LSP",6237348429824,9.87799902638087e-13,69.8409423828125,0.501230776309967,0.132800444960594,19.6443004608154,19.320276,"FSRQ",1,-9.17396629115642,-10.9897426146705,1.3788867617619,1.8441100907905,12.7950000052221,-12.0053310209804,3.01468406322678,0.478697944658357
"4FGL J0508.2-1937",1,77.0560989379883,-19.6180992126465,220.445617675781,-31.1985969543457,7.98888349533081,2.51928283789837e-10,4.14533234127656e-11,2.68599682426429e-12,4.32922713520037e-13,"LogParabola",2.33922290802002,0.112890608608723,1233.29614257812,2.11197066307068,0.210761159658432,0.379410624504089,0.17914691567421,0,"fsrq","PMN J0508-1936",0.998191952705383,0.915054380893707,"bzcat",77.0791669708,-19.5989370861,2.09999996059196e-07,"RFC J0508-1935",1.87999999523163,"LSP",10115794075648,2.66427477952844e-13,11.7493162155151,0.31891667842865,0.243943631649017,-Inf,20.689661,"FSRQ",1,-9.59872307186553,-11.5708945051466,0.902486087737164,1.07001259235501,13.0049999799527,-12.5744209863039,3.09106737314466,0.347222222797113
"4FGL J0509.4+1012",1,77.3509979248047,10.2007999420166,191.376907348633,-17.2448863983154,16.7366409301758,7.34549199243872e-10,6.28029572791178e-11,8.81170050121005e-12,8.15965784523032e-13,"PowerLaw",2.40804529190063,0.0561695285141468,956.237487792969,2.35522079467773,0.0751420930027962,0.098413959145546,0.0457794144749641,0,"fsrq","PKS 0506+101",0.999249458312988,0.976265728473663,"bzcat",77.3644044417,10.195722275,6.79999985209179e-08,"RFC J0509+1011",0.620999991893768,"LSP",6309573296128,9.69016099999775e-13,80.2204513549805,0.687757134437561,0.182530462741852,34.9894981384277,19.457806,"FSRQ",1,-9.13397911036447,-11.0549402724021,1.22366829882609,1.90428510118123,12.7999999897666,-12.0136690071773,2.98056576552845,0.61690314929103
"4FGL J0509.6-0402",1,77.4216995239258,-4.03660011291504,204.550384521484,-24.4203128814697,8.3395471572876,2.62609767265332e-10,4.41297449971234e-11,3.25341641647936e-12,5.6171332776106e-13,"PowerLaw",2.02807688713074,0.133997276425362,3213.66943359375,2.05096316337585,0.135823011398315,-0.0178117174655199,0.0530698895454407,0,"bll","1H 0506-039",0.999035596847534,0.982047200202942,"bllac",77.4090791125,-4.01269116389,1.60000001869776e-06,"RFC J0509-0400",0.303999990224838,"HSP",151356124979789824,5.04582270063891e-12,10.7698135375977,0.269009917974472,0.316509515047073,15.726900100708,18.488253,"BLL",0,-9.58068912519798,-11.4876603462463,0.921142468811523,1.03220818423638,17.1800000003907,-11.2970680137247,3.50700120206344,0.76687117139286
"4FGL J0510.0+1800",1,77.5180969238281,18.013500213623,184.73323059082,-12.7821092605591,62.8522834777832,4.34407620986121e-09,1.27542018613092e-10,3.67998687078597e-11,1.57574008095157e-12,"LogParabola",2.20018649101257,0.0202699080109596,996.553039550781,2.08459615707397,0.0297369863837957,0.0924551412463188,0.0159063059836626,0,"fsrq","PKS 0507+17",0.999927997589111,0.992827594280243,"bzcat",77.5098713708,18.0115504583,7.50000026528141e-08,"RFC J0510+1800",0.416000008583069,"LSP",13963683168256,6.15919554941557e-12,1833.77368164062,1.41557693481445,0.33477047085762,97.8206024169922,17.504498,"FSRQ",1,-8.3621025643511,-10.4341537307709,1.7983210606025,3.26334573543453,13.1449999862436,-11.2104760071967,2.99850041811049,0.706214684984824
"4FGL J0515.6-4556",1,78.9058990478516,-45.948299407959,251.733642578125,-35.3772888183594,38.4933662414551,1.3023182532379e-09,5.98606927915135e-11,9.21695185451821e-12,7.32047831641242e-13,"PowerLaw",2.41864633560181,0.0342095494270325,970.767944335938,2.39319062232971,0.0463011376559734,0.050261165946722,0.0251624118536711,0,"fsrq","PKS 0514-459",0.999029338359833,0.999528527259827,"cgrabs",78.9385421583,-45.9453327694,1.10000001996013e-07,"RFC J0515-4556",0.194000005722046,"LSP",16405897412608,2.72799773222421e-12,822.076965332031,1.35552942752838,0.321956098079681,23.42799949646,17.569345,"FSRQ",1,-8.88528287234577,-11.035412681076,1.58538589176914,2.91491247940653,13.2149999915452,-11.564155995043,2.98711542708731,0.837520934009771
"4FGL J0516.4+7350",1,79.1042022705078,73.8495025634766,138.628433227539,19.771089553833,17.9848365783691,3.93614585370017e-10,3.62129458364446e-11,4.51121518613151e-12,4.80256730651246e-13,"PowerLaw",1.87756884098053,0.063721738755703,3438.38891601562,1.8004275560379,0.0878206416964531,0.0662513002753258,0.0424676425755024,0,"bll","GB6 J0516+7350",0.999897062778473,0.960617423057556,"bzcat",79.1301260917,73.8524047944,2.29999997714003e-07,"RFC J0516+7351",0.250999987125397,"HSP",7943282168430592,1.71233600215759e-12,4.75455665588379,0,10,191.070999145508,18.67961,"BLL",0,-9.40492881718085,-11.345706456449,1.25490649589737,0.677110026871777,15.8999999902235,-11.7664110121092,3.53635499815871,0.799360519817306
"4FGL J0516.7-6207",1,79.179801940918,-62.1248016357422,271.518188476562,-34.7638282775879,57.0796928405762,2.08276995650181e-09,7.27108095954776e-11,2.32667843325096e-11,1.04287856562274e-12,"LogParabola",2.17592072486877,0.0245441067963839,879.509582519531,2.10632729530334,0.0353508405387402,0.0479889586567879,0.0162630770355463,0,"bll","PKS 0516-621",0.999878168106079,0.983793616294861,"cgrabs",79.1871923708,-62.1181636917,6.79999985209179e-08,"RFC J0516-6207",1.29999995231628,"LSP",4591980118016,3.27484697346114e-12,211.081344604492,0.440703868865967,0.108278371393681,55.0112991333008,18.098854,"BLL",0,-8.68135869555347,-10.6332636357571,1.75648162740684,2.32444985200334,12.6619999990209,-11.4848089888429,2.94424057558732,0.434782617709588
"4FGL J0521.3-1734",1,80.3407974243164,-17.574499130249,219.554443359375,-27.5566158294678,12.090799331665,4.10675243811554e-10,4.84982436155246e-11,3.18238556167028e-12,5.35495638716993e-13,"LogParabola",2.37400722503662,0.0759125500917435,1001.00054931641,2.25966095924377,0.137733370065689,0.246838748455048,0.102175816893578,0,"fsrq","TXS 0519-176",0.997870564460754,0.949116230010986,"bzcat",80.3481559542,-17.6250510389,1.70000006960436e-07,"RFC J0521-1737",0.347000002861023,"LSP",57543992803328,1.23503421031734e-12,4.3062424659729,0,10,-Inf,18.594643,"FSRQ",1,-9.38650147635279,-11.4972472045883,1.08245501333853,0.634098479428361,13.7599999929782,-11.9083210123264,3.00043431580601,0.742390495824799
"4FGL J0521.6+0103",1,80.4105987548828,1.05330002307892,201.286163330078,-19.3544044494629,8.9566125869751,2.60759053238857e-10,4.33887682727008e-11,2.70745296841735e-12,5.13458904300573e-13,"PowerLaw",1.97765958309174,0.115863472223282,3439.76098632812,1.96869826316833,0.127558022737503,0.0215386226773262,0.0568776577711105,0,"bll","NVSS J052140+010257",0.999651372432709,0.840741753578186,"bzcat",80.4200452583,1.04879917222,5.20000014603283e-07,"RFC J0521+0102",1.49647402763367,"LSP",31622776750080,1.06974184285041e-12,20.2840461730957,0.646556973457336,0.299309015274048,38.5055999755859,20.06787,"BLL",0,-9.58376060446068,-11.5674390788335,0.952143789467596,1.30715459047265,13.500000002038,-11.9707210164762,3.53652826643051,0.400564952381207
"4FGL J0525.4-4600",1,81.371696472168,-46.0069999694824,251.98046875,-33.6748733520508,10.0356588363647,2.68697425420683e-10,3.53461912516728e-11,3.33687981760034e-12,5.12370365319398e-13,"PowerLaw",2.37613034248352,0.112584479153156,1344.93395996094,2.3212718963623,0.156202957034111,0.0488932654261589,0.0866168811917305,0,"fsrq","PKS 0524-460",0.995864510536194,0.984540402889252,"bzcat",81.3808339375,-45.9651902944,1.0000000116861e-07,"RFC J0525-4557",1.47899997234344,"LSP",15488165871616,2.07339961172393e-12,7.25885343551636,0,10,14.546199798584,16.30041,"FSRQ",1,-9.57073649482827,-11.4766594347875,1.00154588899145,0.86086802759367,13.1899999910969,-11.6833169871289,3.12870095978178,0.403388467590293
"4FGL J0525.8-0052",1,81.4665985107422,-0.870899975299835,203.612594604492,-19.3614387512207,11.8304443359375,4.73944661294468e-10,5.31616348165009e-11,6.03970779639029e-12,7.02859808115325e-13,"PowerLaw",2.09759211540222,0.0786709859967232,2196.56665039062,2.03304123878479,0.126200780272484,0.184639453887939,0.0860373377799988,0,"bll","PMN J0525-0051",0.998448193073273,0.936815738677979,"at20g",81.47758755,-0.861208138889,5.20000014603283e-07,"RFC J0525-0051",1.20000004768372,"LSP",46773515059200,1.04010929643378e-12,28.1022605895996,0.561285555362701,0.194836363196373,16.1875,18.76581,"BLL",0,-9.32427236443874,-11.2189840722208,1.07300105646409,1.44874125663464,13.6700000086396,-11.9829210219089,3.34174438559256,0.454545444693446
"4FGL J0526.2-4830",1,81.571403503418,-48.5150985717773,254.998687744141,-33.7541961669922,60.9405632019043,2.65724864334516e-09,8.56658077807992e-11,2.10409051293325e-11,1.13138567525012e-12,"LogParabola",2.29555630683899,0.0224937088787556,841.168334960938,2.22618103027344,0.0324931889772415,0.0670428276062012,0.0168602578341961,0,"fsrq","PKS 0524-485",0.999907076358795,0.98274028301239,"cgrabs",81.5694638167,-48.5102199444,8.80000001757253e-08,"RFC J0526-4830",1.29999995231628,"LSP",3299894099968,1.85274213505837e-12,731.632446289062,0.720735847949982,0.171762689948082,34.7094993591309,18.278376,"FSRQ",1,-8.57556780600355,-10.6769355818082,1.78490646357797,2.86429295723608,12.5185000027453,-11.7321850216494,2.92488291568978,0.434782617709588
"4FGL J0528.7-5920",1,82.1863021850586,-59.3438987731934,268.019622802734,-33.5360679626465,12.4062080383301,2.81043216476817e-10,3.29344572447265e-11,3.42755533157268e-12,4.24703810531293e-13,"PowerLaw",2.05904316902161,0.0894131138920784,2368.48315429688,1.99973785877228,0.123057290911674,0.0575137175619602,0.0581417828798294,0,"bll","1RXS J052846.9-592000",0.998630106449127,0.89278918504715,"rfc",82.1918658,-59.3343763611,1.16633759716933e-06,"RFC J0528-5920",1.12999999523163,"HSP",1584893129654272,1.19250171803226e-12,14.7352771759033,0.248278617858887,0.204588651657104,39.067699432373,17.92865,"BLL",0,-9.55122689278428,-11.4650155255967,1.09363905952613,1.16835830949936,15.1999999827896,-11.9235409866011,3.3744703001799,0.469483569126137
"4FGL J0530.9+1332",1,82.7363967895508,13.5402002334595,191.361221313477,-11.0065412521362,26.466100692749,1.80824366591281e-09,1.05801312155762e-10,2.57749741688906e-11,1.89332273817233e-12,"LogParabola",2.56030297279358,0.0343033410608768,885.710693359375,2.58449220657349,0.058428555727005,0.277662545442581,0.0507343001663685,0,"FSRQ","PKS 0528+134",1,0.993979275226593,"identified",82.7350697875,13.531985975,6.79999985209179e-08,"RFC J0530+1331",2.0699999332428,"LSP",1348962877440,2.48637720655365e-12,463.976959228516,1.13653743267059,0.272454500198364,10.9062004089355,19.913464,"FSRQ",1,-8.74274304751603,-10.5888017612846,1.42268996047906,2.66649641432995,12.1299999983414,-11.6044329841828,2.94729188803213,0.325732906105869
"4FGL J0532.6+0732",1,83.1719970703125,7.54930019378662,196.843063354492,-13.7285375595093,76.8346405029297,5.34426369824814e-09,1.35084485264336e-10,5.91557774987095e-11,1.63100576881098e-12,"LogParabola",2.35713529586792,0.0160409454256296,647.68505859375,2.2654390335083,0.0229177214205265,0.0940863117575645,0.0129606034606695,0,"FSRQ","OG 050",1,0.99726814031601,"identified",83.1624936375,7.54537370278,2.20000003992027e-07,"RFC J0532+0732",1.25399994850159,"LSP",3318944628736,3.23369456212141e-12,575.56005859375,0.479814380407333,0.114717625081539,37.4277992248535,18.48608,"FSRQ",1,-8.27211212091638,-10.2280028332292,1.88555706361833,2.76009064813079,12.5210000069627,-11.4903010036781,2.81136387845712,0.443655733295282
"4FGL J0532.9-8325",1,83.2453994750977,-83.4324035644531,295.845397949219,-29.1541881561279,8.19164657592773,2.47510012485463e-10,4.32719450549346e-11,3.63433567095173e-12,6.42763186425865e-13,"PowerLaw",2.07672476768494,0.118288911879063,3619.66723632812,2.0180082321167,0.161404699087143,0.115642100572586,0.0873646885156631,0,"fsrq","PKS 0541-834",0.999242544174194,0.924270629882812,"bzcat",83.4098358083,-83.4099259806,1.09999996311672e-06,"RFC J0533-8324",0.773999989032745,"LSP",13182567448576,8.95521449963826e-13,83.8615036010742,1.60038125514984,0.411154240369797,69.997802734375,20.263557,"FSRQ",1,-9.60640722792543,-11.4395749632939,0.913371206640125,1.92356264485261,13.1200000020759,-12.0479240072584,3.55866864675715,0.563697861433043
"4FGL J0533.8-3749",1,83.4748992919922,-37.8308982849121,242.710433959961,-30.8624610900879,8.42482852935791,2.08028719250741e-10,3.23692496417838e-11,2.93820198206396e-12,4.33782269002383e-13,"PowerLaw",2.34161067008972,0.120507188141346,1207.22021484375,2.30329942703247,0.171527236700058,0.150491699576378,0.147143080830574,0,"fsrq","PKS 0532-378",0.947654485702515,0.917153775691986,"cgrabs",83.572860625,-37.7904425972,7.78217028596373e-08,"RFC J0534-3747",1.66799998283386,"LSP",371535216640,3.15532430912591e-13,31.6083374023438,0.851661920547485,0.279465734958649,35.7933006286621,20.101854,"FSRQ",1,-9.68187670469525,-11.5319183526299,0.92556107043222,1.49980165256285,11.5699999854386,-12.5009559966654,3.08178649906839,0.374812596114725
"4FGL J0536.4-3401",1,84.1044006347656,-34.0167999267578,238.551376342773,-29.4903907775879,21.8728656768799,1.18991139164137e-09,7.4499073576817e-11,2.20155213503936e-11,8.99415145225874e-13,"LogParabola",2.61543703079224,0.0287893041968346,288.600067138672,2.49765062332153,0.0440779104828835,0.0826341882348061,0.0231249742209911,16,"fsrq","PKS 0534-340",0.999467372894287,0.985753893852234,"bzcat",84.1184681625,-34.0198522889,7.50000026528141e-08,"RFC J0536-3401",0.684000015258789,"LSP",17378008104960,1.2456097351482e-12,422.5380859375,0.660542488098145,0.158788591623306,11.0818004608154,17.845627,"FSRQ",1,-8.92448537772846,-10.6572710255386,1.33990568592401,2.62586586066328,13.2399999954383,-11.9046180061684,2.46029642778988,0.593824222647839
"4FGL J0536.4-3343",1,84.1146011352539,-33.7230987548828,238.227401733398,-29.4082717895508,23.7871723175049,8.13340506056193e-10,7.25524293421209e-11,1.0895137222966e-11,9.65748965173208e-13,"PowerLaw",1.76929366588593,0.0560075081884861,6397.99951171875,1.6553590297699,0.0815799385309219,0.107221163809299,0.0420010350644588,0,"bll","1RXS J053629.4-334302",0.999926328659058,0.988795340061188,"bllac",84.121114775,-33.7173509806,6.70000019908912e-07,"RFC J0536-3343",0.340000003576279,"HSP",13803842353233920,7.53437069678231e-12,19.2533092498779,0.250792235136032,0.115241415798664,100.148002624512,17.021585,"BLL",0,-9.08972759838886,-10.9627672954956,1.3763428186706,1.28450538659478,16.1399999907881,-11.1229530159875,3.80604420260369,0.746268654724728
"4FGL J0538.2-3910",1,84.5746002197266,-39.1696014404297,244.438491821289,-30.2972564697266,8.45859718322754,1.78133854888962e-10,3.11821436727033e-11,2.24556094205464e-12,4.16244810971453e-13,"PowerLaw",1.96367013454437,0.120996035635471,3147.31030273438,1.8952978849411,0.158855646848679,0.0664957985281944,0.0742710381746292,0,"bll","NVSS J053810-390844",0.996645092964172,0.829403400421143,"bzcat",84.5431830875,-39.1451270056,2.600000016173e-06,"RFC J0538-3908",0.439999997615814,"HSP",22908676952031232,1.76572070766795e-12,31.0643501281738,1.02606666088104,0.342862635850906,128.826995849609,18.926868,"BLL",0,-9.74925353368556,-11.6486751541667,0.927298343405457,1.49226227252501,16.3600000080447,-11.7530779897228,3.49793956341583,0.694444445594225
"4FGL J0538.8-4405",1,84.7089004516602,-44.0862007141113,250.083099365234,-31.0903759002686,221.647186279297,1.74717111889322e-08,2.02929506532001e-10,1.99304045489512e-10,2.60428549385405e-12,"LogParabola",2.11065173149109,0.0068764379248023,620.676086425781,2.01848125457764,0.0103445900604129,0.0620041228830814,0.00469146994873881,0,"BLL","PKS 0537-441",1,0.999915838241577,"identified",84.7098398292,-44.0858163639,6.79999985209179e-08,"RFC J0538-4405",0.892000019550323,"LSP",6237348429824,2.4626007830153e-11,9772.9921875,0.851136386394501,0.200783938169479,145.723007202148,17.362282,"BLL",0,-7.75766455789533,-9.70048388586579,2.34566222247889,3.99002755159676,12.7950000052221,-10.6086059867748,2.7928650130938,0.528541220754148
"4FGL J0539.9-2839",1,84.9952011108398,-28.6585006713867,232.938079833984,-27.2744960784912,34.1103324890137,7.5557171630436e-10,4.94755625357612e-11,1.62592821151275e-11,7.97316206113674e-13,"LogParabola",2.73129987716675,0.0313600264489651,393.481994628906,2.67696952819824,0.0407760851085186,0.111876010894775,0.0287485271692276,0,"fsrq","PKS 0537-286",0.999591469764709,0.98477578163147,"cgrabs",84.9761728125,-28.6655411167,6.79999985209179e-08,"RFC J0539-2839",3.10400009155273,"LSP",1380384243712,8.84510509540498e-13,107.257629394531,0.361772805452347,0.0927622020244598,18.9571990966797,18.970171,"FSRQ",1,-9.12172430760945,-10.7888986334235,1.532885952695,2.03042819396724,12.1399999934273,-12.0532970025413,2.5949248642371,0.243664711913214
"4FGL J0540.8-5415",1,85.206901550293,-54.2574996948242,261.987182617188,-31.8535861968994,12.8148174285889,3.4558914063787e-10,3.85890659704291e-11,6.87950260994108e-12,6.60391446388742e-13,"PowerLaw",2.62659311294556,0.0715378895401955,719.669555664062,2.60529041290283,0.0920489951968193,0.0877510011196136,0.0596726536750793,0,"fsrq","PKS 0539-543",0.993863463401794,0.99910581111908,"bzcat",85.1910335458,-54.3061376472,9.49999972021942e-08,"RFC J0540-5418",1.18499994277954,"LSP",4518559350784,1.97635527734996e-12,115.186302185059,1.01934361457825,0.258828371763229,-Inf,17.746466,"FSRQ",1,-9.46143991270688,-11.162442960248,1.10771242321467,2.06140083638627,12.6549999910648,-11.7041349822568,2.85713313102324,0.457665915875448
"4FGL J0541.6-0541",1,85.4140014648438,-5.69740009307861,210.056869506836,-18.1054210662842,6.8129358291626,4.49634024457524e-10,7.17115047899064e-11,9.77876286889501e-12,1.49168383808268e-12,"PowerLaw",2.54691600799561,0.0962355807423592,1470.85229492188,2.73097085952759,0.192714005708694,0.17354479432106,0.0919005125761032,0,"fsrq","PKS 0539-057",0.998264193534851,0.999519884586334,"bzcat",85.4086806958,-5.69706346389,8.19999996792831e-08,"RFC J0541-0541",0.837999999523163,"LSP",5339492646912,1.31476459493823e-12,14.3802614212036,0.29925000667572,0.248548716306686,-Inf,20.833452,"FSRQ",1,-9.34714083250338,-11.0097160852121,0.833334298352016,1.15776678123144,12.7274999927749,-11.8811519994718,3.16756906244802,0.544069641055186
"4FGL J0543.9-5531",1,85.9813995361328,-55.5326995849609,263.511596679688,-31.4779853820801,50.190990447998,1.66721414451843e-09,6.9883383801983e-11,1.75056046047839e-11,1.10154333571311e-12,"LogParabola",1.76379024982452,0.0270677618682384,2273.41455078125,1.63474059104919,0.0441895164549351,0.0695356652140617,0.0173985101282597,0,"bll","1RXS J054357.3-553206",0.999990880489349,0.996239423751831,"bllac",85.9883846042,-55.5353685556,3.34779542754404e-07,"RFC J0543-5532",0.273000001907349,"HSP",48977882898235392,8.05832917755156e-12,56.8824119567871,0.295970410108566,0.0834938064217567,230.878005981445,16.44108,"BLL",0,-8.77800861384347,-10.7568228850711,1.70062576595215,1.75497800328631,16.6900000085248,-11.0937549959357,3.35667863532952,0.785545953261343
"4FGL J0550.3-5733",1,87.5847015380859,-57.5536003112793,265.923248291016,-30.7034912109375,5.91828584671021,1.55624957365319e-10,3.03976462057154e-11,1.90028114771534e-12,4.28733003959847e-13,"PowerLaw",2.21795392036438,0.139472439885139,1925.88049316406,2.21515798568726,0.14438059926033,0.00719041051343083,0.0658485814929008,0,"fsrq","PKS 0549-575",0.998345911502838,0.999270379543304,"bzcat",87.5399174583,-57.5401101333,8.19999996792831e-08,"RFC J0550-5732",2.00099992752075,"LSP",4518559350784,3.9719976439867e-12,16.0398101806641,0.369753330945969,0.291170209646225,23.0002994537354,19.120758,"FSRQ",1,-9.80792075453856,-11.721182140169,0.772195937277962,1.20519922442334,12.6549999910648,-11.4009910177809,3.28462933430997,0.333222267294802
"4FGL J0550.5-3216",1,87.6251983642578,-32.277099609375,237.559646606445,-26.1820049285889,14.224760055542,3.34089228504197e-10,3.8547116887333e-11,3.53913903392011e-12,5.04431457541699e-13,"PowerLaw",1.88939523696899,0.0852198675274849,3289.77001953125,1.9269905090332,0.088286817073822,-0.0261775925755501,0.0347926057875156,0,"bll","PKS 0548-322",0.997000575065613,0.976667165756226,"bllac",87.6690433167,-32.271245675,7.59999977617554e-07,"RFC J0550-3216",0.0689999982714653,"HSP",229086769520312320,1.65437143151426e-11,9.00919532775879,0.125600919127464,0.30052325129509,182.121002197266,16.865114,"BLL",0,-9.47613752638701,-11.4511023759106,1.15304494941277,0.95468600293021,17.3600000080447,-10.7813669781285,3.51716553845465,0.935453696554691
"4FGL J0600.6-3939",1,90.1507034301758,-39.6506996154785,246.087707519531,-26.213472366333,10.9025421142578,2.25409080290007e-10,3.86269280450158e-11,6.23215541672995e-12,6.39891948022581e-13,"LogParabola",2.85726237297058,0.068824477493763,293.774749755859,2.67893433570862,0.106738671660423,0.197591602802277,0.0753196403384209,16,"fsrq","PKS 0558-396",0.998532056808472,0.961597740650177,"cgrabs",90.1309061792,-39.6172765417,1.59999999027605e-07,"RFC J0600-3937",1.66100001335144,"LSP",3273407070208,7.79591343737229e-13,8.87615203857422,0,10,-Inf,18.873459,"FSRQ",1,-9.64702859299083,-11.2053617248177,1.03752777293817,0.948224732603269,12.5150000161092,-12.1081329917556,2.46801446499762,0.375798570079875
"4FGL J0601.1-7035",1,90.2957992553711,-70.5895004272461,281.020324707031,-29.630485534668,44.8519592285156,1.63784197315664e-09,6.73216829505385e-11,2.27759148346829e-11,9.15922611192943e-13,"LogParabola",2.41848802566528,0.0265751220285892,655.723754882812,2.3142237663269,0.0385105088353157,0.116488449275494,0.0229341667145491,0,"fsrq","PKS 0601-70",0.999831020832062,0.974829018115997,"bzcat",90.2968656667,-70.6024422222,1.50000005305628e-07,"RFC J0601-7036",2.40899991989136,"LSP",8550666993664,3.02156541974463e-12,578.055297851562,0.781779527664185,0.187124714255333,31.8250007629395,19.006102,"FSRQ",1,-8.78572800336732,-10.6425241698028,1.65178141869669,2.76196938583069,12.931999993134,-11.5197679984281,2.81672091712336,0.293341162657425
"4FGL J0601.8-2003",1,90.472900390625,-20.0590000152588,226.024429321289,-19.616605758667,8.8894157409668,2.35503561096806e-10,3.80513745512623e-11,4.30871267484423e-12,5.86571373070721e-13,"PowerLaw",2.62113332748413,0.0955857038497925,616.041625976562,2.55148696899414,0.131342485547066,0.133015930652618,0.100615225732327,0,"fsrq","PMN J0601-2004",0.997748970985413,0.931154429912567,"bzcat",90.4701096833,-20.0792255444,2.3999999143598e-07,"RFC J0601-2004",1.21599996089935,"LSP",5308844343296,8.9074624412544e-13,22.3886699676514,0.428913801908493,0.166169747710228,-Inf,19.4281,"FSRQ",1,-9.62800252143105,-11.3656524657376,0.948873217796702,1.35002829443357,12.7249999919001,-12.0502460001967,2.78961005846499,0.451263545868546
"4FGL J0608.0+6721",1,92.0056991577148,67.3511962890625,146.8076171875,20.8721942901611,13.7911548614502,3.44360623349971e-10,3.5655530611356e-11,5.78833161957171e-12,5.04426741262248e-13,"PowerLaw",2.49039840698242,0.0672266334295273,818.682800292969,2.42465591430664,0.0913019254803658,0.0871518701314926,0.0519628077745438,0,"fsrq","S4 0602+67",0.999508082866669,0.9704869389534,"bzcat",91.9694650833,67.3487250194,6.79999985209179e-08,"RFC J0607+6720",1.97000002861023,"LSP",3981071613952,1.93639527155953e-12,80.3700942993164,0.825116157531738,0.215304508805275,-Inf,19.166533,"FSRQ",1,-9.46298651470826,-11.2374465956552,1.13960063520811,1.90509447789175,12.5999999900092,-11.7130059865239,2.91311566639259,0.336700333456877
"4FGL J0608.0-0835",1,92.0101013183594,-8.58570003509521,215.761489868164,-13.5159721374512,31.27170753479,1.96932559148877e-09,1.00490608889725e-10,2.2212121031373e-11,1.32141834367078e-12,"LogParabola",2.42796802520752,0.0325125195086002,675.838012695312,2.35794043540955,0.0451728701591492,0.0708606541156769,0.0252782814204693,0,"fsrq","PKS 0605-08",0.999875843524933,0.999510228633881,"bzcat",91.9987468375,-8.58054951944,7.50000026528141e-08,"RFC J0607-0834",0.870000004768372,"LSP",1350516867072,3.08230784645813e-12,289.748687744141,0.7547727227211,0.182935282588005,18.8943004608154,18.78756,"FSRQ",1,-8.70568247538187,-10.6534099687708,1.49515159575174,2.46202147774428,12.1305000126113,-11.5111239881545,2.8298426151387,0.53475935692517
"4FGL J0608.1-6028",1,92.0279998779297,-60.4754981994629,269.465179443359,-28.6325702667236,8.19922637939453,2.21592494353828e-10,3.39697679707651e-11,5.1451451606177e-12,7.69159746744769e-13,"PowerLaw",2.70431327819824,0.0972433313727379,826.296325683594,2.66602444648743,0.17013244330883,0.182281583547592,0.107480868697166,0,"fsrq","PKS 0607-605",0.979142189025879,0.96717643737793,"rfc",91.9795282292,-60.5311087611,2.69999986812763e-07,"RFC J0607-6031",1.10000002384186,"LSP",6382634926080,1.10332131885577e-12,47.1620140075684,0.874561071395874,0.252542078495026,-Inf,18.479534,"FSRQ",1,-9.65444495385299,-11.2886023679247,0.913772877382516,1.67359234293911,12.8050000043666,-11.9572979901129,2.91713582157057,0.476190470784159
"4FGL J0608.1-1521",1,92.0301971435547,-15.3639001846313,222.119888305664,-16.3826160430908,21.0258388519287,8.27320822960331e-10,6.22002935268817e-11,1.32250078943574e-11,9.37249084766167e-13,"PowerLaw",2.58262085914612,0.0444496758282185,611.7021484375,2.54775857925415,0.0572601780295372,0.0855394676327705,0.038155123591423,0,"fsrq","PMN J0608-1520",0.998236417770386,0.927240788936615,"bzcat",92.0063830458,-15.3436052083,1.80000000682412e-07,"RFC J0608-1520",1.09399998188019,"LSP",12589253787648,6.75331481275049e-13,310.823913574219,1.06399130821228,0.257870584726334,13.5221996307373,19.960926,"FSRQ",1,-9.08232604471292,-10.8786040600508,1.3227533315328,2.49251442433031,13.0999999886058,-12.1704830047218,2.78654000584178,0.477554922948044
"4FGL J0610.9-6054",1,92.7304992675781,-60.9164009094238,270.001098632812,-28.3313732147217,8.49194049835205,2.22755758283455e-10,3.30654253977158e-11,3.50597957783638e-12,6.59218990159416e-13,"PowerLaw",2.58241868019104,0.108955800533295,1114.76745605469,2.5606153011322,0.147903874516487,0.12185500562191,0.0972739681601524,16,"fsrq","PKS 0609-609",0.85767650604248,0.865239799022675,"bzcat",92.626230725,-60.9771557806,1.29765808765114e-07,"RFC J0610-6058",1.77300000190735,"LSP",1803017781248,4.19275996300233e-13,26.4749946594238,0.685048222541809,0.240190893411636,-Inf,19.897207,"FSRQ",1,-9.65217106054179,-11.4551906179795,0.929006942473719,1.42283588117299,12.2560000097284,-12.3775000003981,3.04718428165755,0.360620266610952
"4FGL J0618.1-2428",1,94.5325012207031,-24.4825000762939,231.855712890625,-17.8344593048096,7.11990213394165,2.290302114627e-10,3.85462668728298e-11,3.11758388202299e-12,5.61244030850699e-13,"PowerLaw",2.36282634735107,0.130993381142616,1387.63916015625,2.22141170501709,0.206755086779594,0.205945923924446,0.143744096159935,256,"fsrq","PMN J0618-2426",0.986150562763214,0.906224548816681,"bzcat",94.5943967833,-24.4438740306,2.09999996059196e-07,"RFC J0618-2426",0.299499988555908,"ISP",254097278107648,1.39762929961956e-12,9.7369213104248,0,10,-Inf,18.459852,"FSRQ",1,-9.6401072259303,-11.5061818525216,0.852474024117023,0.988421660240833,14.4050000129089,-11.8546080034675,3.14227654743969,0.769526747831116
"4FGL J0622.3-2605",1,95.5955963134766,-26.0963001251221,233.805541992188,-17.5559196472168,50.4988708496094,2.05169925493465e-09,7.79105599479912e-11,2.13600630238897e-11,1.04365919118693e-12,"PowerLaw",1.90891802310944,0.0281000602990389,2310.95581054688,1.87289905548096,0.03639055788517,0.0283597894012928,0.0160035453736782,0,"bll","PMN J0622-2605",0.999372780323029,0.983994662761688,"rfc",95.5919319625,-26.0957334139,3.49999993431993e-07,"RFC J0622-2605",0.41448700428009,"HSP",2466039224860672,4.06359104351828e-12,122.137237548828,0.416676133871078,0.106466166675091,189.356994628906,16.936586,"BLL",0,-8.68788629925936,-10.6703974702349,1.70328166744012,2.0868480930721,15.3919999802099,-11.3910900055667,3.36379164110043,0.706970086663295
"4FGL J0622.4-6433",1,95.6140975952148,-64.5577011108398,274.2490234375,-27.3859558105469,4.64511299133301,7.19737741627924e-11,2.57242196294305e-11,2.93922698679783e-12,5.36266723302065e-13,"PowerLaw",3.03618216514587,0.197849839925766,353.954071044922,3.07944989204407,0.170001730322838,-0.0655887052416801,0.0809500589966774,0,"fsrq","RX J062308.0-643619",0.992258071899414,0.953807651996613,"bzcat",95.7820679875,-64.6057561917,1.39999997372797e-07,"RFC J0623-6436",0.128888994455338,"LSP",59566213562368,1.8702126652892e-11,7.87520122528076,0,10,-Inf,16.240969,"FSRQ",1,-10.1428257231691,-11.531766873503,0.666996282574138,0.89626165959339,13.7749999942363,-10.7281090062388,2.54894691178333,0.885826688816712
"4FGL J0625.8-5441",1,96.4523010253906,-54.6918983459473,263.436431884766,-25.4365139007568,8.8644962310791,2.04115835344965e-10,3.43637826527576e-11,4.13218591288622e-12,5.54909525447844e-13,"PowerLaw",2.73225545883179,0.0964044779539108,499.576446533203,2.67948579788208,0.122789546847343,0.0882992520928383,0.0790158435702324,0,"fsrq","PMN J0625-5438",0.997357070446014,0.953455030918121,"bzcat",96.4676279458,-54.6474183667,1.1999999571799e-07,"RFC J0625-5438",2.05100011825562,"LSP",1717908406272,5.74396758455664e-13,23.0803070068359,0.4319908618927,0.159844532608986,-Inf,18.92029,"FSRQ",1,-9.69012330132919,-11.3838201471901,0.947654059702404,1.36324158136792,12.2350000048322,-12.2407880196515,2.6986019545584,0.327761377004384
"4FGL J0629.3-1959",1,97.3478012084961,-19.9999008178711,228.65022277832,-13.667200088501,38.1934089660645,2.02210870270392e-09,9.07502684110995e-11,2.18151538500244e-11,1.17675021202995e-12,"LogParabola",2.23071694374084,0.0295969694852829,838.915100097656,2.14809513092041,0.041004192084074,0.0703809186816216,0.021546121686697,0,"bll","PKS 0627-199",0.999923348426819,0.999575257301331,"bllac",97.3490077583,-19.9888121194,6.79999985209179e-08,"RFC J0629-1959",1.72399997711182,"LSP",4168693841920,5.2036252910781e-12,368.034698486328,0.797723352909088,0.192142203450203,30.8729000091553,20.239637,"BLL",0,-8.69419550170469,-10.6612417198314,1.58198842320908,2.56588876609403,12.6200000007518,-11.283693984185,2.9237180115739,0.367107198385615
"4FGL J0630.9-2406",1,97.7414016723633,-24.1110000610352,232.683609008789,-14.9953031539917,85.424690246582,4.81932538320962e-09,1.23224028203417e-10,4.17609904990179e-11,1.77303842181092e-12,"LogParabola",1.81395208835602,0.0165500212460756,1757.04504394531,1.65421104431152,0.0267666075378656,0.092576690018177,0.0119813149794936,0,"bll","TXS 0628-240",0.999969303607941,0.986234188079834,"bllac",97.7480072125,-24.1128339444,2.79999994745594e-07,"RFC J0630-2406",1.23800003528595,"HSP",1778279400865792,5.6286984621845e-12,117.944328308105,0.269985675811768,0.0688326731324196,83.0684967041016,15.836817,"BLL",0,-8.31701375073513,-10.3792292091639,1.93158341270412,2.0716770614258,15.2499999977597,-11.2495920165231,3.24478289529503,0.446827517530503
"4FGL J0633.4-2222",1,98.3695983886719,-22.3724002838135,231.279876708984,-13.7676801681519,12.0356149673462,4.20978724102739e-10,5.30165807088867e-11,4.85389809942727e-12,7.55247752358412e-13,"LogParabola",2.59621214866638,0.0754896849393845,667.306457519531,2.39213967323303,0.137127980589867,0.289716780185699,0.113738849759102,0,"fsrq","PMN J0633-2223",0.998331010341644,0.969702184200287,"bzcat",98.3614722,-22.3895426361,1.59999999027605e-07,"RFC J0633-2223",1.50800001621246,"LSP",602559610880,5.25863478196414e-13,99.5090255737305,0.881127715110779,0.229434862732887,-Inf,19.120232,"FSRQ",1,-9.37573985247375,-11.3139093452931,1.08046828572876,1.99786247350049,11.7800000178787,-12.2791269903741,2.82432532753552,0.398724080357138
"4FGL J0634.9-2335",1,98.7304992675781,-23.5949001312256,232.56965637207,-13.9596843719482,12.77308177948,4.37322927870909e-10,4.91900790933197e-11,7.05213838714247e-12,7.46117306393151e-13,"PowerLaw",2.61204051971436,0.0720557868480682,731.980041503906,2.56337833404541,0.0996352955698967,0.079191617667675,0.0577335543930531,0,"fsrq","PMN J0634-2335",0.99769389629364,0.999333381652832,"cgrabs",98.7458374917,-23.5866547972,6.79999985209179e-08,"RFC J0634-2335",1.5349999666214,"LSP",2570395844608,1.85557710689899e-12,22.6547603607178,0.315228521823883,0.123918354511261,-Inf,20.608511,"FSRQ",1,-9.35919775296205,-11.1516791739418,1.10629569274899,1.35515947262563,12.4100000104483,-11.7315209942093,2.86449923955171,0.394477322748363
"4FGL J0635.6-7518",1,98.9021987915039,-75.3046035766602,286.404907226562,-27.1710758209229,25.9230422973633,6.46389552994009e-10,4.53768828068135e-11,1.30605474352175e-11,6.95106678379881e-13,"PowerLaw",2.70087313652039,0.0417167916893959,515.647583007812,2.69035148620605,0.0458548031747341,0.0165401883423328,0.0273282118141651,0,"fsrq","PKS 0637-75",0.996908068656921,0.999636352062225,"bzcat",98.9437828667,-75.2713376167,6.79999985209179e-08,"RFC J0635-7516",0.652999997138977,"LSP",6237348429824,9.32571207756805e-12,448.183288574219,0.96616518497467,0.231910616159439,11.180100440979,15.728378,"FSRQ",1,-9.18950567128316,-10.8840386191474,1.41368596847262,2.65145565894757,12.7950000052221,-11.0303179971009,2.71235298642425,0.604960678603029
"4FGL J0638.6+7320",1,99.6710968017578,73.3438034057617,141.339645385742,25.0028533935547,10.2807397842407,1.51440873730202e-10,2.7145320713462e-11,5.61371175239467e-12,5.86679576447535e-13,"PowerLaw",3.02699780464172,0.0926603823900223,324.585510253906,3.02233076095581,0.100436359643936,0.00596413621678948,0.0581520199775696,0,"fsrq","S5 0633+73",0.969958484172821,0.859368860721588,"bzcat",99.8415052667,73.4161224694,9.49999972021942e-08,"RFC J0639+7324",1.85000002384186,"LSP",13489629298688,1.40669845563601e-11,51.8354072570801,0.568066477775574,0.158734634518623,-Inf,18.001583,"FSRQ",1,-9.81975689339773,-11.2507498908748,1.01202436686293,1.71462651502173,13.1300000152207,-10.8517989893376,2.51132912868421,0.35087719004717
"4FGL J0644.6+6039",1,101.162300109863,60.6562004089355,154.980667114258,22.616527557373,13.0203647613525,3.16087211960081e-10,3.50364216805676e-11,3.64131511401689e-12,4.39140179298372e-13,"PowerLaw",2.07102084159851,0.0854305699467659,2635.86645507812,2.04777359962463,0.105657763779163,0.0222472138702869,0.0450908541679382,0,"bll","NVSS J064435+603849",0.989549279212952,0.839245438575745,"rfc",101.148938871,60.6475445472,6.00000021222513e-07,"RFC J0644+6038",0.358200013637543,"ISP",226464431603712,4.5734824347804e-13,34.609375,0.652987480163574,0.201104000210762,50.6856994628906,18.681171,"BLL",0,-9.50019307419369,-11.4387417362385,1.11462315102354,1.5391937565752,14.3550000016193,-12.3397529845559,3.42092340315572,0.736268583389122
"4FGL J0648.0-3045",1,102.010101318359,-30.7509002685547,240.532669067383,-14.1514415740967,27.7566528320312,1.07221520551093e-09,6.62766994063979e-11,1.38592253992598e-11,8.35868917484217e-13,"LogParabola",2.48759460449219,0.0357672497630119,542.651000976562,2.38547658920288,0.0515383183956146,0.129810661077499,0.0322642214596272,0,"fsrq","PKS 0646-306",0.993400692939758,0.953857898712158,"bzcat",102.058735258,-30.7387943667,6.79999985209179e-08,"RFC J0648-3044",1.15299999713898,"LSP",2089296068608,7.03161378949602e-13,422.16064453125,0.953640222549438,0.228949710726738,13.6176996231079,19.192337,"FSRQ",1,-8.969718038164,-10.858261042035,1.44336709347506,2.62547774422609,12.3199999870611,-12.1529449908491,2.73452060844844,0.464468184546611
"4FGL J0650.7+2503",1,102.698600769043,25.0548000335693,190.279815673828,11.0017166137695,76.0693588256836,3.78158748759461e-09,1.08955601485494e-10,3.84410350773301e-11,1.68339387568439e-12,"LogParabola",1.7406393289566,0.017970098182559,1964.83898925781,1.68048632144928,0.0266775283962488,0.0285986252129078,0.00924011506140232,0,"bll","1ES 0647+250",0.9999880194664,0.99710077047348,"bllac",102.693709192,25.0498960083,1.39999997372797e-07,"RFC J0650+2502",0.202999994158745,"HSP",19952622760886272,1.52740424474995e-11,276.736145019531,0.478954136371613,0.116628997027874,332.010986328125,15.416065,"BLL",0,-8.42232584768357,-10.4152049268744,1.88120975568395,2.44206588685089,16.2999999915372,-10.8160460068008,3.29332696746368,0.831255199381192
"4FGL J0654.4+4514",1,103.606002807617,45.2445983886719,171.206802368164,19.388204574585,38.9292335510254,1.54216683867503e-09,6.95391036420467e-11,1.74670035379965e-11,9.82774300307965e-13,"LogParabola",2.26999735832214,0.0317517630755901,908.707458496094,2.18304252624512,0.0461224168539047,0.0802573785185814,0.0234922841191292,0,"FSRQ","B3 0650+453",1,0.986699819564819,"identified",103.598806875,45.2398739889,8.80000001757253e-08,"RFC J0654+4514",0.927999973297119,"LSP",9332543455232,2.30825623372122e-12,691.167602539062,1.19728899002075,0.284989804029465,79.1999969482422,19.800697,"FSRQ",1,-8.81186863977636,-10.7577815917847,1.59027585329851,2.83958337303527,12.9700000208136,-11.6367159829017,2.95842409267275,0.518672206353756
"4FGL J0654.7+4246",1,103.685600280762,42.7790985107422,173.681518554688,18.6091365814209,10.9546947479248,3.25990789917796e-10,4.455336100051e-11,3.31139803078084e-12,5.26394791471041e-13,"PowerLaw",2.00612616539001,0.0901874303817749,3486.43090820312,1.97025215625763,0.117375113070011,0.0685723200440407,0.0559361502528191,0,"bll","B3 0651+428",0.999253451824188,0.938954412937164,"bllac",103.681358042,42.7996488722,1.1999999571799e-07,"RFC J0654+4247",0.126000002026558,"LSP",26001595695104,1.18027983220248e-12,18.5127449035645,0.442933887243271,0.191753104329109,111.61799621582,17.575274,"BLL",0,-9.4867946697001,-11.4799886138169,1.03960028046917,1.26747081681289,13.4150000010598,-11.9280150137332,3.54238106306354,0.888099465541932
"4FGL J0656.3+4235",1,104.091796875,42.5936012268066,173.973510742188,18.8261451721191,7.07593536376953,2.26719629181638e-10,4.673144163303e-11,2.38045976160006e-12,5.42618413309354e-13,"PowerLaw",1.99240946769714,0.122910268604755,4437.32373046875,1.96727275848389,0.173780426383018,0.104187309741974,0.085603155195713,16,"bll","4C +42.22",0.994097471237183,0.948606491088867,"bllac",104.044425312,42.6174309472,1.1999999571799e-07,"RFC J0656+4237",0.0590000003576279,"ISP",323593640607744,9.9926577429299e-13,13.1525449752808,0.33552747964859,0.339277505874634,91.8280029296875,17.48436,"BLL",0,-9.64451087741992,-11.6233391552786,0.849783857125414,1.11900979554678,14.5099999780944,-12.0003189872917,3.6471211143662,0.944287062948344
"4FGL J0659.6-2742",1,104.906600952148,-27.7012996673584,238.753189086914,-10.5924520492554,10.0313405990601,4.62229698960925e-10,6.11282136020463e-11,3.75736464511278e-12,6.86983618863185e-13,"LogParabola",2.45842599868774,0.0789515897631645,931.196533203125,2.35689902305603,0.143456667661667,0.305693507194519,0.11177135258913,0,"fsrq","TXS 0657-276",0.99226039648056,0.939940631389618,"bzcat",104.957987425,-27.7551421222,1.59999999027605e-07,"RFC J0659-2745",1.72699999809265,"LSP",7244359401472,2.93185180993971e-13,31.2266368865967,0.549301147460938,0.179204702377319,-Inf,20.284609,"FSRQ",1,-9.33514215387967,-11.4251166554355,1.00135897647691,1.49452521316895,12.8599999880534,-12.5328579848331,2.96904135045277,0.366703337256851
"4FGL J0701.5-4634",1,105.390602111816,-46.5728988647461,256.802093505859,-17.7064018249512,33.5405464172363,1.26301824554531e-09,6.5693450679305e-11,1.48403841299105e-11,8.23982809067259e-13,"LogParabola",2.44187760353088,0.031986340880394,644.690673828125,2.31708192825317,0.0502803325653076,0.163174524903297,0.0330154411494732,0,"fsrq","PKS 0700-465",0.999889135360718,0.999523341655731,"cgrabs",105.393944542,-46.5768406444,1.1999999571799e-07,"RFC J0701-4634",0.822000026702881,"LSP",5308844343296,3.45206523956476e-12,378.122161865234,0.821818888187408,0.197627320885658,12.8604001998901,18.74026,"FSRQ",1,-8.89859037558686,-10.8285548575919,1.52557013352521,2.57763213225203,12.7249999919001,-11.4619210052757,2.80935138770098,0.548847412373322
"4FGL J0710.4+5908",1,107.623397827148,59.1352005004883,157.408233642578,25.4248123168945,25.7006511688232,4.88417695176935e-10,3.80710983571841e-11,6.94817727658892e-12,6.29337998814955e-13,"PowerLaw",1.68873858451843,0.0486147440969944,4958.5244140625,1.61770284175873,0.0659965127706528,0.060981959104538,0.0293644592165947,0,"bll","1H 0658+595",0.999924898147583,0.99669349193573,"bllac",107.62528455,59.1389908889,2.29999997714003e-07,"RFC J0710+5908",0.125,"HSP",524807448377163776,1.30919095009396e-11,27.473934173584,0.371184349060059,0.125339508056641,327.774993896484,17.084932,"BLL",0,-9.31120861012747,-11.1581291094445,1.40994412704507,1.43892085336088,17.719999990175,-10.8829970054553,3.6953524558908,0.888888888888889
"4FGL J0710.9+4733",1,107.732299804688,47.5530014038086,169.773025512695,22.7986545562744,11.7607593536377,2.78404660436493e-10,3.4250605823738e-11,5.06285551676866e-12,6.28940747138956e-13,"PowerLaw",2.67019248008728,0.0741895064711571,620.444274902344,2.61519384384155,0.108570173382759,0.152040660381317,0.0711522698402405,0,"bll","S4 0707+47",0.996389329433441,0.9752516746521,"bzcat",107.692103683,47.5364285083,6.79999985209179e-08,"RFC J0710+4732",1.29200005531311,"LSP",7852356272128,1.00385498524869e-12,61.448600769043,0.677892208099365,0.186423271894455,-Inf,18.464905,"BLL",0,-9.55532349900073,-11.295604466286,1.07043536361494,1.78851199812236,12.8949999959088,-11.9983290199151,2.79270278150084,0.436300163990786
"4FGL J0712.7+5033",1,108.187599182129,50.5505981445312,166.705474853516,23.8670520782471,35.2118186950684,1.09631137501509e-09,5.35016614344741e-11,1.24554463964976e-11,6.20526308288405e-13,"PowerLaw",2.20072627067566,0.0345853082835674,1185.68908691406,2.18313384056091,0.0391018725931644,0.0253953356295824,0.0199661161750555,0,"bll","GB6 J0712+5033",0.999908030033112,0.977003037929535,"bllac",108.182014942,50.5563075833,8.19999996792831e-08,"RFC J0712+5033",0.501999974250793,"LSP",14621771563008,3.74008940137727e-12,106.716506958008,0.431199371814728,0.11140102148056,154.615005493164,17.324873,"BLL",0,-8.96006607975201,-10.904640702968,1.54668845701663,2.02823160148918,13.1649999946073,-11.4271180164998,3.07397082263733,0.665778972798456
"4FGL J0713.8+1935",1,108.464698791504,19.5879001617432,197.637268066406,13.5779104232788,34.4853897094727,1.44190381856646e-09,7.48243203507748e-11,1.83276657739206e-11,9.09044432610695e-13,"LogParabola",2.39988112449646,0.0320220179855824,568.692565917969,2.27236437797546,0.0519045442342758,0.105609394609928,0.0286116767674685,0,"fsrq","MG2 J071354+1934",0.999733090400696,0.953877151012421,"bzcat",108.481996571,19.5834470278,1.10000001996013e-07,"RFC J0713+1935",0.540000021457672,"LSP",19588446158848,4.88788523544947e-12,794.154296875,1.27239322662354,0.302825570106506,26.1651992797852,19.979319,"FSRQ",1,-8.84106370803474,-10.7368928436062,1.53763513818975,2.89990489004829,13.2919999872248,-11.3108789996141,2.75487755109038,0.649350640302888
"4FGL J0719.3+3307",1,109.839996337891,33.1231994628906,185.044326782227,19.8618640899658,76.0763168334961,3.66887853431308e-09,9.97948321201925e-11,3.7559354931771e-11,1.10624335213083e-12,"LogParabola",2.20268177986145,0.0167999509721994,698.087158203125,2.08223843574524,0.0276581235229969,0.103080086410046,0.0141615401953459,0,"fsrq","B2 0716+33",0.999828696250916,0.978182435035706,"bzcat",109.830915283,33.1193634833,9.49999972021942e-08,"RFC J0719+3307",0.778999984264374,"LSP",10964782022656,1.51315002194785e-11,941.467346191406,0.710870563983917,0.168968662619591,50.293701171875,19.4624,"FSRQ",1,-8.43546666620829,-10.4252818751913,1.88124947846131,2.97380526156478,13.040000002425,-10.820118011518,2.84390964893202,0.562113551908493
"4FGL J0721.9+7120",1,110.48819732666,71.3404998779297,143.984573364258,28.0223979949951,298.164825439453,2.27581669065557e-08,2.06036659955444e-10,2.17562065585319e-10,2.50242166398296e-12,"LogParabola",2.0770001411438,0.00544937839731574,734.586181640625,1.98610329627991,0.008914764970541,0.0581422224640846,0.0037555496674031,0,"BLL","S5 0716+71",1,0.993996441364288,"identified",110.472702,71.3434342778,6.79999985209179e-08,"RFC J0721+7120",0.127000004053116,"ISP",148251802075136,4.8466872876185e-11,2733.37475585938,0.343576669692993,0.0812478289008141,275.953002929688,13.269475,"BLL",0,-7.64286272182128,-9.66241682654354,2.47445640833704,3.43669917916583,14.170999981136,-10.3145550004223,2.8660427545379,0.887311443126552
"4FGL J0723.5+2900",1,110.885200500488,29.0074996948242,189.467758178711,19.255916595459,5.99546670913696,1.46756398700099e-10,3.25848584226129e-11,3.22603879374106e-12,4.98835619078958e-13,"PowerLaw",2.67181992530823,0.1336949467659,585.69482421875,2.50410842895508,0.252196848392487,0.135928198695183,0.14331579208374,4,"fsrq","GB6 J0723+2859",0.975306510925293,0,"bzcat",110.978489879,28.991625925,1.1999999571799e-07,"RFC J0723+2859",0.966000020503998,"LSP",16595868975104,1.21150995052027e-12,40.6729011535645,0.969602823257446,0.302645295858383,-Inf,19.31107,"FSRQ",1,-9.8334029540697,-11.4913304144404,0.777822995827461,1.60930515125995,13.2199999974022,-11.9166730145118,2.76767138618748,0.508646993677875
"4FGL J0725.2+1425",1,111.323997497559,14.421199798584,203.644943237305,13.91237449646,77.2176971435547,4.07423073056634e-09,1.09972690676141e-10,4.84133011457999e-11,1.27884042331466e-12,"LogParabola",2.28887581825256,0.0164292920380831,545.026916503906,2.20341324806213,0.0232096314430237,0.065223790705204,0.0118548329919577,0,"FSRQ","4C +14.23",1,0.996727049350739,"identified",111.320032358,14.4204851722,6.79999985209179e-08,"RFC J0725+1425",1.03799998760223,"LSP",9120108249088,2.00513217141207e-12,2140.24243164062,1.07062685489655,0.253153264522552,37.2220001220703,17.960054,"FSRQ",1,-8.38995437980951,-10.315035303219,1.88771684555584,3.33046296996623,12.9599999931204,-11.6978569949026,2.73641795071786,0.490677137430472
"4FGL J0726.4-4727",1,111.613098144531,-47.4589004516602,259.369842529297,-14.1457576751709,23.9326763153076,1.02270369950475e-09,6.83022527425692e-11,1.23548914154892e-11,1.0544912382518e-12,"LogParabola",2.47857618331909,0.0418493114411831,722.097351074219,2.38879346847534,0.0625831484794617,0.124917633831501,0.0383426770567894,0,"fsrq","PMN J0726-4728",0.999563813209534,0.965096950531006,"bzcat",111.609334112,-47.4814896056,6.29999988177588e-07,"RFC J0726-4728",1.68599998950958,"LSP",4897788395520,1.29562408978517e-12,125.960655212402,0.565764844417572,0.143667459487915,-Inf,19.630865,"FSRQ",1,-8.99025017304177,-10.9081610671669,1.37899126710399,2.10023491104986,12.6900000178971,-11.8875209856669,2.85859575184145,0.372300820515857
"4FGL J0729.1+5703",1,112.285697937012,57.0558013916016,160.152191162109,27.5116729736328,7.46347951889038,1.67889507851626e-10,2.87065683723942e-11,2.36979403114845e-12,4.47305631120012e-13,"PowerLaw",2.51092743873596,0.115991555154324,877.75537109375,2.43897819519043,0.161059111356735,0.0970551744103432,0.102901235222816,0,"fsrq","TXS 0724+571",0.991069495677948,0.900599539279938,"cgrabs",112.206798471,57.0234373444,1.1999999571799e-07,"RFC J0728+5701",0.425999999046326,"LSP",78523561672704,2.26280951441671e-12,37.2310943603516,0.791322410106659,0.249844133853912,-Inf,18.03379,"FSRQ",1,-9.77497644397227,-11.6252893987253,0.872941345374642,1.57090580193628,13.8949999901093,-11.6453520038533,2.9433734956472,0.701262272558749
"4FGL J0730.4+3308",1,112.623802185059,33.1343994140625,185.864547729492,22.0637016296387,13.6583461761475,3.44152262243824e-10,3.8920807549081e-11,4.02177813621507e-12,5.06947186052625e-13,"PowerLaw",1.94584882259369,0.0820363536477089,2907.52197265625,1.84591662883759,0.127004101872444,0.114572249352932,0.0721295177936554,0,"bll","1RXS J073026.0+330727",0.999069213867188,0.957748711109161,"whsp2",112.608601471,33.1230299,2.79999994745594e-07,"RFC J0730+3307",0.112000003457069,"HSP",2065380113645568,2.40119816391493e-12,5.83391237258911,0,10,53.0042991638184,17.35759,"BLL",0,-9.46324937131792,-11.3955818911921,1.13539811588607,0.765959901579197,15.3149999911338,-11.6195719974009,3.46352300545287,0.899280572743817
"4FGL J0731.9+2805",1,112.981002807617,28.0881996154785,191.077041625977,20.6509380340576,5.59422302246094,1.38080380462924e-10,3.05549231749414e-11,1.82903605455698e-12,3.87568856131601e-13,"PowerLaw",2.02444958686829,0.163121432065964,3029.68212890625,1.90505576133728,0.260652303695679,0.111604146659374,0.151061356067657,0,"bll","RGB J0731+280",0.997676432132721,0.945798873901367,"whsp2",112.969705808,28.0758166611,2.60000007301642e-07,"RFC J0731+2804",0.247999995946884,"ISP",562341309579264,1.57090887607098e-12,9.94624996185303,0.0743219256401062,1.46624755859375,22.9748001098633,18.440723,"BLL",0,-9.85986802498402,-11.7377777334843,0.747739776210234,0.997659369403481,14.7499999879436,-11.8038490064096,3.48139706516774,0.801282053884366
"4FGL J0733.7+4110",1,113.448097229004,41.1706008911133,177.688385009766,25.0419292449951,14.1678514480591,3.595758413244e-10,3.80223456886153e-11,4.61193670059368e-12,4.79466347267504e-13,"PowerLaw",2.00064730644226,0.0818898007273674,2572.62475585938,1.92802274227142,0.132164493203163,0.0517587475478649,0.060890406370163,0,"bll","GB6 J0733+4111",0.998853325843811,0.80319607257843,"bzcat",113.445045508,41.1888741722,1.20000004244503e-06,"RFC J0733+4111",0.670000016689301,"ISP",254097278107648,1.0292004878551e-12,9.32989406585693,0.109566919505596,0.276229292154312,36.7671012878418,18.192652,"BLL",0,-9.44420949472511,-11.3361166620824,1.15130399456637,0.969876712677372,14.4050000129089,-11.9875000166001,3.410376444452,0.598802389225393
"4FGL J0733.8+0455",1,113.472198486328,4.92819976806641,213.353851318359,11.6817331314087,14.2940759658813,4.65641997182686e-10,4.84538936751377e-11,5.86934537430417e-12,6.08332720135329e-13,"PowerLaw",2.43681669235229,0.0696023181080818,863.544494628906,2.34880566596985,0.102424085140228,0.118509732186794,0.0622010193765163,0,"fsrq","GB6 J0733+0456",0.999339640140533,0.930092334747314,"bzcat",113.489416225,4.93736015556,1.1999999571799e-07,"RFC J0733+0456",3.00999999046326,"LSP",1698243674112,5.69502995109716e-13,134.420379638672,0.937953174114227,0.237705707550049,17.6529998779297,19.099201,"FSRQ",1,-9.33194785670405,-11.2314103342177,1.15515608582975,2.12846511762887,12.2300000055367,-12.2445039875529,2.93628471975405,0.249376559196568
"4FGL J0734.0+5021",1,113.52449798584,50.3572006225586,167.726776123047,27.1426467895508,15.4038858413696,4.04641986584409e-10,3.80334062854981e-11,5.04680108467936e-12,4.94847435597578e-13,"PowerLaw",2.47136545181274,0.0618634782731533,841.208129882812,2.39397478103638,0.0934362486004829,0.156971588730812,0.0743385329842567,0,"fsrq","TXS 0730+504",0.99533087015152,0.964849829673767,"bzcat",113.468835738,50.3691838972,8.19999996792831e-08,"RFC J0733+5022",0.720000028610229,"LSP",9885530980352,3.8540026205125e-12,65.8882827758789,0.648711383342743,0.174540832638741,-Inf,18.752626,"FSRQ",1,-9.3929290558315,-11.2969838122722,1.18763029139402,1.81880818882423,12.9950000014841,-11.4140879943838,2.92490346128744,0.581395339166364
"4FGL J0738.1+1742",1,114.538696289062,17.706600189209,201.848358154297,18.0780010223389,77.2141571044922,6.29165253229758e-09,1.43589543033507e-10,5.76706217503276e-11,2.08054905768973e-12,"LogParabola",2.03345704078674,0.0144306505098939,1539.76159667969,1.97955524921417,0.0238950476050377,0.0604097098112106,0.0107904495671391,0,"bll","PKS 0735+17",0.999881565570831,0.997585952281952,"bllac",114.5308073,17.7052772694,7.50000026528141e-08,"RFC J0738+1742",0.42399999499321,"LSP",27289777602560,7.90443838855071e-12,142.327621459961,0.2636658847332,0.0664042383432388,180.99299621582,16.210352,"BLL",0,-8.20123527007175,-10.2390453664098,1.88769693490414,2.15328919160609,13.435999996411,-11.1021289813191,3.18745348365369,0.70224719348034
"4FGL J0739.2+0137",1,114.819999694824,1.62160003185272,216.983947753906,11.377290725708,87.0551910400391,4.83512430093924e-09,1.20380302948142e-10,6.11685493923098e-11,1.38529075363603e-12,"LogParabola",2.41110157966614,0.0142519008368254,472.398742675781,2.31323671340942,0.0198795460164547,0.0950330644845963,0.0120133189484477,0,"fsrq","PKS 0736+01",0.999955475330353,0.997619867324829,"bzcat",114.825141242,1.61794938333,6.79999985209179e-08,"RFC J0739+0137",0.188999995589256,"LSP",15135612600320,1.37122587590133e-11,1968.52392578125,0.856304883956909,0.202523842453957,105.624000549316,16.55485,"FSRQ",1,-8.31559235663411,-10.2134718186421,1.93979467290111,3.29414069764879,13.1800000033272,-10.8628909999314,2.67430873303611,0.841042896307506
"4FGL J0740.9+3203",1,115.233497619629,32.0581016540527,187.730224609375,23.8072967529297,6.83338165283203,1.87465140633059e-10,3.29807535448534e-11,2.27018469127482e-12,4.29534717256291e-13,"PowerLaw",2.44030857086182,0.131526961922646,1044.11108398438,2.46996998786926,0.125373393297195,-0.0324592962861061,0.0569838881492615,0,"bll","LEDA 1979979",0.96110063791275,0,"bzcat",115.274774054,32.0955978417,1.09999996311672e-06,"RFC J0741+3205",0.179000005125999,"HSP",2089296102162432,3.94035173413576e-13,4.4760594367981,0,10,28.1366004943848,18.756168,"BLL",0,-9.72707947800665,-11.6439388092656,0.834635677284988,0.650895844813876,15.319999994036,-12.4044650092972,3.01874670613275,0.848176417007844
"4FGL J0742.1+4902",1,115.536102294922,49.0428009033203,169.448532104492,28.1889610290527,5.10225105285645,1.27792956772232e-10,2.77742551180182e-11,1.81579805445115e-12,3.80219212234648e-13,"PowerLaw",2.26616740226746,0.154918700456619,1661.62573242188,1.92102754116058,0.381521046161652,0.38180872797966,0.292124152183533,0,"fsrq","GB6 J0742+4900",0.991090416908264,0.926446318626404,"cgrabs",115.511453962,49.0043358111,6.79999985209179e-08,"RFC J0742+4900",2.31200003623962,"LSP",977237245952,1.19536899909761e-12,17.83740234375,0.1899034678936,0.526437878608704,-Inf,20.475643,"FSRQ",1,-9.89349308138299,-11.7409324535651,0.707761823969534,1.25133160845282,11.9900000111086,-11.9224980114231,3.22053320919044,0.30193236384604
"4FGL J0742.6+5443",1,115.671501159668,54.7270011901855,163.052780151367,29.0936336517334,66.1137771606445,2.26762364441413e-09,7.09539441090534e-11,2.72475063345379e-11,8.66641394065004e-13,"LogParabola",2.32011866569519,0.0196429416537285,602.364990234375,2.22375011444092,0.0288487765938044,0.084626629948616,0.0153353707864881,0,"fsrq","GB6 J0742+5444",0.999142169952393,0.962088346481323,"bzcat",115.665794483,54.7401852583,1.1999999571799e-07,"RFC J0742+5444",0.720000028610229,"LSP",7328245481472,1.67606553636013e-12,2314.77026367188,1.35826301574707,0.321011930704117,55.1596984863281,18.800106,"FSRQ",1,-8.64442902328759,-10.5646732377802,1.82029196964267,3.36450789463234,12.8650000088944,-11.77570900389,2.77985972250562,0.581395339166364
"4FGL J0743.0-5622",1,115.769798278809,-56.3768005371094,268.842742919922,-15.6398429870605,6.87071418762207,1.98017602315304e-10,3.74363838540059e-11,4.00092025482079e-12,6.626352027847e-13,"PowerLaw",2.72400593757629,0.110763750970364,578.160278320312,2.68340539932251,0.159955650568008,0.155906438827515,0.114477232098579,0,"fsrq","PMN J0743-5619",0.997795462608337,0.957024335861206,"bzcat",115.835354833,-56.3258216139,2.20000003992027e-07,"RFC J0743-5619",2.31900000572205,"LSP",3845917769728,5.28235983600356e-13,31.1813125610352,0.53641951084137,0.194916680455208,-Inf,19.426384,"FSRQ",1,-9.7032962024222,-11.3978401047661,0.837001882856101,1.49389439263656,12.5849999942719,-12.2771720178455,2.76204825077482,0.301295570435665
"4FGL J0744.1+7434",1,116.03450012207,74.5777969360352,140.251998901367,29.5714950561523,20.4195938110352,4.22080148609894e-10,3.83275668147665e-11,5.07944858049725e-12,4.90946855651736e-13,"PowerLaw",1.9056156873703,0.0700700581073761,3999.583984375,1.9454699754715,0.0654120668768883,-0.0322870127856731,0.0256344452500343,0,"bll","MS 0737.9+7441",0.999710440635681,0.987816989421844,"bllac",116.022397408,74.5661821556,2.20000003992027e-07,"RFC J0744+7433",0.314999997615814,"HSP",15667510267346944,3.11510713058016e-12,11.0482807159424,0.159587636590004,0.152808204293251,247.570007324219,17.520025,"BLL",0,-9.37460507322327,-11.2941834317014,1.31004709879984,1.04329470031315,16.1949999879771,-11.5065270130755,3.60201482065638,0.760456275143018
"4FGL J0746.4+2546",1,116.602096557617,25.7677993774414,194.629501342773,22.8692989349365,14.9944982528687,2.3917590130651e-10,4.2050769116786e-11,6.51949718169509e-12,6.03785522013817e-13,"LogParabola",2.85900402069092,0.0629481673240662,310.453765869141,2.62367749214172,0.126533433794975,0.259713590145111,0.114298768341541,0,"fsrq","B2 0743+25",0.978209555149078,0.908136308193207,"bzcat",116.607809088,25.8172596444,6.79999985209179e-08,"RFC J0746+2549",2.98749804496765,"LSP",1698243674112,5.22233840373476e-13,87.5157928466797,0.724813997745514,0.19025856256485,-Inf,19.537336,"FSRQ",1,-9.62128258077412,-11.1857858980773,1.17593193794108,1.94208643161974,12.2300000055367,-12.2821349896343,2.49199693229689,0.250783822016423
"4FGL J0746.5+2730",1,116.627601623535,27.5153007507324,192.850311279297,23.4850883483887,8.36651706695557,1.9819430818746e-10,3.399281203742e-11,2.82916962426882e-12,4.92602215528687e-13,"PowerLaw",2.62241101264954,0.119495332241058,724.456909179688,2.39975571632385,0.188359498977661,0.243647292256355,0.149899065494537,0,"fsrq","OI 272",0.976843476295471,0,"cgrabs",116.668467963,27.5830686306,7.50000026528141e-08,"RFC J0746+2734",1.69000005722046,"LSP",2018366324736,8.87648461678214e-13,41.1131896972656,0.664394736289978,0.204803988337517,-Inf,20.081827,"FSRQ",1,-9.70290882189046,-11.5483410134212,0.92254470131398,1.61398117209008,12.30499999162,-12.0517589952358,2.86001255866567,0.371747203988273
"4FGL J0748.6+2400",1,117.163803100586,24.0165996551514,196.602416992188,22.7332077026367,19.7015762329102,6.75055622512133e-10,5.18410279981563e-11,8.08344884084544e-12,6.04269130392854e-13,"PowerLaw",2.3394455909729,0.0564255267381668,1118.20043945312,2.29087710380554,0.0714519247412682,0.061115562915802,0.040835440158844,0,"fsrq","OI 275",0.998985290527344,0.987750291824341,"cgrabs",117.150455338,24.0066972139,6.79999985209179e-08,"RFC J0748+2400",0.409853994846344,"LSP",8912509075456,4.33748523209765e-12,137.672103881836,0.821245014667511,0.206715404987335,15.9687995910645,18.136211,"FSRQ",1,-9.17066044116179,-11.092403305936,1.29450097346467,2.13884594927995,12.9499999850948,-11.3627619908476,3.04851965860055,0.709293305303566
"4FGL J0749.2+2314",1,117.321701049805,23.233699798584,197.450912475586,22.58909034729,7.11761951446533,1.59896637597079e-10,3.71406135013519e-11,1.51490191918624e-12,4.17433069447443e-13,"PowerLaw",1.94199216365814,0.16729262471199,4571.37451171875,1.9555938243866,0.157344341278076,-0.0197672434151173,0.0636859461665154,0,"bll","RX J0749.2+2313",0.997878313064575,0.866933703422546,"bllac",117.308456458,23.2213608028,3.67611119145295e-06,"RFC J0749+2313",0.174999997019768,"HSP",1995262356619264,5.22487597891946e-13,5.38701868057251,0,10,29.0230007171631,18.81153,"BLL",0,-9.79616066876401,-11.8196154842145,0.852334768272386,0.731348481552172,15.3000000090657,-12.281924013793,3.66004680249917,0.851063831945845
"4FGL J0749.7+7450",1,117.430999755859,74.8462982177734,139.902465820312,29.9114284515381,8.59766101837158,1.79722250970293e-10,3.0093160602318e-11,2.26328786441521e-12,3.80695990139998e-13,"PowerLaw",2.09489870071411,0.140417188405991,3233.0693359375,2.16332674026489,0.117174178361893,-0.0596076473593712,0.0487402863800526,0,"bll","RX J0749.4+7451",0.998856782913208,0.972301959991455,"bllac",117.373153817,74.8624197444,4.8999999080479e-07,"RFC J0749+7451",0.60699999332428,"ISP",831763769196544,8.46570263977192e-13,13.6665754318237,0.41909846663475,0.276325345039368,24.6653003692627,18.399464,"BLL",0,-9.74539815062956,-11.645260205225,0.93438031810678,1.13565970276194,14.9199999990047,-12.0723369903121,3.50961501852809,0.622277538365993
"4FGL J0749.9+1823",1,117.485298156738,18.386999130249,202.353866577148,20.9213829040527,5.77360010147095,2.26970373051749e-10,4.69798644431307e-11,3.89954995377861e-12,7.40413264553597e-13,"PowerLaw",2.52195429801941,0.115284942090511,747.536682128906,2.46891856193542,0.147520184516907,0.0607849806547165,0.077259860932827,16,"fsrq","TXS 0747+185",0.998383820056915,0.917854607105255,"cgrabs",117.501374775,18.386502,6.79999985209179e-08,"RFC J0750+1823",1.16100001335144,"LSP",4168693841920,3.37655641294288e-12,23.3821754455566,0.792485475540161,0.341306209564209,-Inf,19.507568,"FSRQ",1,-9.64403082853318,-11.4089855119142,0.761446699922437,1.36888491486897,12.6200000007518,-11.4715259900205,2.87363250864234,0.46274872458197
"4FGL J0753.0+5353",1,118.252998352051,53.8890991210938,164.192855834961,30.5047645568848,40.3978271484375,1.18672449644919e-09,5.20722978625265e-11,1.32063344635003e-11,6.00127532304068e-13,"PowerLaw",2.14036512374878,0.0325239114463329,1372.76452636719,2.09506440162659,0.0413374342024326,0.0489642359316349,0.0213223230093718,0,"bll","4C +54.15",0.999746143817902,0.993194937705994,"cgrabs",118.255769058,53.8832325167,6.79999985209179e-08,"RFC J0753+5352",0.200000002980232,"LSP",3630780645376,1.25536787996122e-12,14.5780305862427,0.0953458324074745,0.0607791319489479,107.789001464844,18.157774,"BLL",0,-8.92565009280564,-10.8792177079858,1.60635800662493,1.16369885708906,12.5600000116834,-11.9012289874696,3.13759604803811,0.833333331263728
"4FGL J0754.7+4823",1,118.692901611328,48.3931999206543,170.555114746094,30.1448440551758,45.0784301757812,1.58701363162095e-09,6.69308219958253e-11,1.31758015955996e-11,8.37891659267315e-13,"LogParabola",2.09818959236145,0.028858345001936,1063.34362792969,1.98252534866333,0.0450715757906437,0.0860782191157341,0.0222345255315304,0,"bll","GB1 0751+485",0.999776303768158,0.984359085559845,"bllac",118.690293846,48.3974301056,1.1999999571799e-07,"RFC J0754+4823",0.376709997653961,"LSP",19054607728640,2.28865849882798e-11,92.8124923706055,0.364816516637802,0.0951133295893669,47.6299018859863,16.701283,"BLL",0,-8.79941934286561,-10.8802229535002,1.65396878364145,1.96760643529733,13.280000012513,-10.6404190055514,3.02667363291252,0.726369389126316
"4FGL J0757.1+0956",1,119.285598754883,9.94909954071045,211.309310913086,19.0665874481201,40.2574691772461,1.59735014104712e-09,7.06799202498942e-11,1.99445945869847e-11,8.31691378093413e-13,"PowerLaw",2.15051007270813,0.0328770913183689,1423.06530761719,2.1238842010498,0.0402311086654663,0.0386905707418919,0.0197581183165312,0,"bll","PKS 0754+100",0.999839007854462,0.992857396602631,"bllac",119.277678967,9.94301452222,6.79999985209179e-08,"RFC J0757+0956",0.266000002622604,"LSP",7762471288832,9.87226966842059e-12,29.7233734130859,0.185812532901764,0.0640697702765465,237.102996826172,16.818085,"BLL",0,-8.79659987556027,-10.7001747871518,1.60484646908953,1.47309809753632,12.8900000068561,-11.0055829900706,3.1532248312768,0.789889413845524
"4FGL J0758.9+2703",1,119.725799560547,27.065299987793,194.310943603516,25.9392509460449,17.5447311401367,4.78101391809815e-10,4.20008333668065e-11,5.6591931661687e-12,5.10498219218058e-13,"PowerLaw",2.15466451644897,0.0667386054992676,1526.51208496094,2.10297012329102,0.0881592705845833,0.0521260425448418,0.0492926090955734,0,"bll","SDSS J075846.99+270515.5",0.992347478866577,0,"bzcat",119.695803846,27.0876590389,3.89999996741608e-07,"RFC J0758+2705",0.0989999994635582,"LSP",57543992803328,2.8136624974362e-12,11.4081239700317,0.151089370250702,0.150569900870323,27.9388999938965,17.665197,"BLL",0,-9.32047999201966,-11.2472454819669,1.24414671736478,1.05721423193347,13.7599999929782,-11.5507279979786,3.18370024683388,0.909918107814484
"4FGL J0800.9+4401",1,120.245697021484,44.0181007385254,175.755569458008,30.5372428894043,13.2217454910278,3.18327919579531e-10,3.40884022398402e-11,3.57624607011386e-12,4.07783588797159e-13,"PowerLaw",2.17230558395386,0.081183522939682,1600.1025390625,2.04527831077576,0.1285789757967,0.134993493556976,0.076182559132576,0,"bll","B3 0757+441",0.995561480522156,0.922285914421082,"bzcat",120.284484071,44.019487825,8.19999996792831e-08,"RFC J0801+4401",1.07200002670288,"LSP",18407720222720,6.83601504396225e-13,41.9818649291992,0.721051335334778,0.212818309664726,10.0057001113892,19.653492,"BLL",0,-9.49712526905234,-11.4465726064265,1.1212887930529,1.62306172701605,13.2650000049081,-12.1651969902019,3.20414781435725,0.482625476405651
"4FGL J0803.2-0337",1,120.824699401855,-3.61890006065369,224.628356933594,14.1923894882202,28.1789970397949,9.830404268385e-10,5.8992977169936e-11,1.09638157927416e-11,7.58909265725222e-13,"PowerLaw",2.00607347488403,0.0442628115415573,1920.62365722656,1.99017214775085,0.0508659482002258,0.0162021033465862,0.0222532451152802,0,"fsrq","TXS 0800-034",0.929614365100861,0,"whsp2",120.800325217,-3.60016098056,2.61987935346042e-07,"RFC J0803-0336",0.365000009536743,"HSP",5128614005702656,9.81549043432839e-13,25.5617561340332,0.261043727397919,0.0957054272294044,109.862998962402,18.660223,"FSRQ",1,-9.00742862174888,-10.9600382698188,1.44992553143358,1.40759068724539,15.7100000140391,-12.0080879958499,3.28344227397049,0.732600727482326
"4FGL J0805.4+6147",1,121.355697631836,61.793701171875,154.981918334961,32.363208770752,18.3076648712158,2.90460905327805e-10,3.39243702573988e-11,7.76611500802327e-12,5.29475551944159e-13,"LogParabola",2.79671120643616,0.053345575928688,348.926544189453,2.63483452796936,0.084808848798275,0.184520572423935,0.0571108870208263,0,"fsrq","TXS 0800+618",0.984682977199554,0.935145616531372,"cgrabs",121.325748183,61.7399168194,6.79999985209179e-08,"RFC J0805+6144",3.03299999237061,"LSP",2018366324736,5.82455850044183e-13,221.174713134766,0.914243876934052,0.223838746547699,-Inf,19.898317,"FSRQ",1,-9.53691231333553,-11.1097961822963,1.26263295390198,2.34473547266072,12.30499999162,-12.2347369884287,2.54273400916294,0.247954376863809
"4FGL J0805.4+7534",1,121.361602783203,75.5765991210938,138.892776489258,30.7945213317871,49.6948204040527,1.31603716813089e-09,5.07013771244846e-11,1.43956556744596e-11,7.24521083319413e-13,"PowerLaw",1.85391819477081,0.0272492170333862,2473.78076171875,1.82196843624115,0.0341979153454304,0.0247792527079582,0.0145251704379916,0,"bll","RX J0805.4+7534",0.999929547309875,0.9909548163414,"bllac",121.361028842,75.5736224861,1.70000006960436e-07,"RFC J0805+7534",0.120999999344349,"HSP",25118864975069184,6.35788990899222e-12,30.3382167816162,0.196267679333687,0.0646295771002769,260.415985107422,16.901106,"BLL",0,-8.88073184500306,-10.8417685496595,1.69631112541013,1.48199005025876,16.4000000114107,-11.1966869964482,3.39336120774468,0.892060660646637
"4FGL J0806.5+4503",1,121.628402709961,45.0605010986328,174.728973388672,31.6709060668945,6.92643642425537,1.48689227597032e-10,2.89175090123495e-11,3.02429934394277e-12,4.4954510491739e-13,"PowerLaw",2.60688853263855,0.125231891870499,690.953979492188,2.49259757995605,0.201262205839157,0.127579376101494,0.118747606873512,0,"fsrq","B3 0803+452",0.993511378765106,0.933785438537598,"cgrabs",121.6394689,45.0756313278,1.1999999571799e-07,"RFC J0806+4504",2.10199999809265,"LSP",4786301173760,5.68199675678172e-13,37.4251327514648,0.898164033889771,0.270965993404388,-Inf,19.756037,"FSRQ",1,-9.82772049458924,-11.5193752247487,0.840509852312279,1.57316334951279,12.6800000227327,-12.2454990185033,2.83944912245644,0.322372662996414
"4FGL J0806.5+5930",1,121.649696350098,59.5141983032227,157.677719116211,32.5734596252441,13.8567724227905,2.79447021078738e-10,3.181935270824e-11,2.91688418210811e-12,3.88690246438603e-13,"PowerLaw",1.99567544460297,0.0879585072398186,3068.0068359375,2.01838278770447,0.0914165750145912,-0.0175996571779251,0.0377614200115204,0,"bll","SBS 0802+596",0.997616112232208,0.95580667257309,"bzcat",121.608119242,59.5185860167,3.19999998055209e-07,"RFC J0806+5931",0.300000011920929,"HSP",10715192857985024,2.10368159524188e-12,19.1965255737305,0.335735410451889,0.174047693610191,95.2459030151367,17.82039,"BLL",0,-9.55370051562747,-11.5350808146458,1.14166208437345,1.28322263179207,16.0299999921212,-11.6770199926047,3.48685632294534,0.769230762176965
"4FGL J0808.2-0751",1,122.065002441406,-7.85559988021851,229.044311523438,13.1616077423096,94.4208221435547,6.20374196458329e-09,1.38655115167197e-10,7.06651473447728e-11,1.64530563652454e-12,"LogParabola",2.21904850006104,0.0135798864066601,620.533752441406,2.11189746856689,0.0208951495587826,0.0832855328917503,0.0103532653301954,0,"fsrq","PKS 0805-07",0.999981462955475,0.998131632804871,"cgrabs",122.064733467,-7.85274626944,7.50000026528141e-08,"RFC J0808-0751",1.83700001239777,"LSP",7655965851648,7.85915776901902e-12,1685.87170410156,0.746447145938873,0.176800176501274,130.354995727539,18.269495,"FSRQ",1,-8.20734627431558,-10.1507947311523,1.97506777761244,3.22682452146264,12.883999987664,-11.1046239928749,2.79276540888131,0.352485017846307
"4FGL J0808.5+4950",1,122.129898071289,49.8338012695312,169.173156738281,32.5410499572754,11.4387464523315,1.81473447380398e-10,2.84639395387032e-11,5.16431255398464e-12,4.90117169939241e-13,"PowerLaw",2.9036967754364,0.0804254412651062,344.449523925781,2.8321259021759,0.10972148925066,0.120433516800404,0.0759821236133575,0,"fsrq","OJ 508",0.992327570915222,0.971539676189423,"cgrabs",122.165276208,49.8434806667,7.50000026528141e-08,"RFC J0808+4950",1.43516099452972,"LSP",977237245952,5.42788958311086e-13,17.887674331665,0.22941929101944,0.113470293581486,-Inf,18.604122,"FSRQ",1,-9.7411869105715,-11.286987481285,1.05837843366466,1.25255387938341,11.9900000111086,-12.2653689955616,2.5371255888369,0.410650467154481
"4FGL J0809.3+4053",1,122.330001831055,40.8954010009766,179.652938842773,31.5178966522217,9.46511173248291,2.17842743843732e-10,3.31696788091751e-11,3.38909499422724e-12,4.84169453661421e-13,"PowerLaw",2.5881245136261,0.094443142414093,658.938171386719,2.49815154075623,0.137953668832779,0.103436008095741,0.0805674120783806,0,"fsrq","S4 0805+41",0.982173979282379,0.901639044284821,"cgrabs",122.236050187,40.8791358028,6.79999985209179e-08,"RFC J0808+4052",1.41799998283386,"LSP",3609940197376,1.15233040123841e-12,38.5326461791992,0.644043207168579,0.197213485836983,-Inf,18.667393,"FSRQ",1,-9.66185690146663,-11.4699162579875,0.976125745031391,1.58582883464401,12.5575000074002,-11.9384229802345,2.81884466636139,0.413564932629989
"4FGL J0809.5+5341",1,122.379096984863,53.6875991821289,164.61051940918,32.9243659973145,35.3881034851074,1.09508202505992e-09,5.5741921495267e-11,6.96272466765846e-12,6.42678889706955e-13,"LogParabola",2.29193878173828,0.034910399466753,853.843566894531,2.16458678245544,0.0589758157730103,0.112908810377121,0.0310571566224098,0,"fsrq","87GB 080551.6+535010",0.996668636798859,0.883982717990875,"cgrabs",122.423886487,53.6903037083,1.1999999571799e-07,"RFC J0809+5341",2.13299989700317,"LSP",3890451578880,3.50598456516638e-13,407.455322265625,0.895992517471313,0.215593874454498,13.6118001937866,20.502337,"FSRQ",1,-8.96055334959397,-11.1572207781234,1.54885728860466,2.61007999502138,12.5900000143934,-12.4551900001868,2.9313783106684,0.319182902290082
"4FGL J0809.6+3455",1,122.421501159668,34.9252014160156,186.482223510742,30.3564109802246,12.3025093078613,2.27914118133832e-10,3.3369636914804e-11,3.37997880552054e-12,4.70938067188842e-13,"PowerLaw",1.79805421829224,0.0934914946556091,4729.1943359375,1.79227864742279,0.100540533661842,0.00592812104150653,0.0413461774587631,0,"bll","B2 0806+35",0.999280273914337,0.982453286647797,"whsp2",122.412028117,34.9270181222,1.0000000116861e-07,"RFC J0809+3455",0.0825090035796165,"HSP",3890451438370816,5.5678560720307e-12,15.4596900939941,0.359441339969635,0.238018333911896,264.230010986328,17.53551,"BLL",0,-9.64222877162652,-11.4710860229988,1.08999370228578,1.18920078377265,15.5899999987082,-11.2543119996782,3.67478716076763,0.923779845426895
"4FGL J0809.8+5218",1,122.461700439453,52.3143005371094,166.247543334961,32.9144172668457,93.6533508300781,4.00848643167251e-09,9.72106908858628e-11,4.44627459850189e-11,1.50865344522577e-12,"LogParabola",1.87654721736908,0.0158950388431549,1345.888671875,1.81124579906464,0.025368720293045,0.0325906053185463,0.00888337194919586,0,"BLL","1ES 0806+524",1,0.996314644813538,"identified",122.454944662,52.3161808583,1.1999999571799e-07,"RFC J0809+5218",0.137999996542931,"HSP",6353309434642432,1.40111568180945e-11,329.166717529297,0.430370956659317,0.104024387896061,308.170989990234,15.1269455,"BLL",0,-8.39701958210769,-10.3520037191153,1.97152332064322,2.51741591668575,15.803000007938,-10.8535260061151,3.12900913775574,0.878734624813573
"4FGL J0811.4+0146",1,122.861000061035,1.77559995651245,220.711380004883,18.566104888916,70.0576858520508,3.78145692536691e-09,1.10079508008898e-10,3.43318255768832e-11,1.35035255546812e-12,"LogParabola",2.09203577041626,0.0185521487146616,915.560729980469,2.00543212890625,0.024411840364337,0.0688179656863213,0.0130598470568657,0,"bll","OJ 014",0.999954521656036,0.992953479290009,"bzcat",122.861280483,1.78117227222,6.79999985209179e-08,"RFC J0811+0146",1.14800000190735,"LSP",3388441624576,1.71429277023849e-12,480.793090820312,0.542339682579041,0.130315154790878,113.835998535156,17.719757,"BLL",0,-8.42234084229472,-10.4643031025781,1.84545578758796,2.68195821806254,12.5300000080983,-11.7659150064262,2.96168715674329,0.465549347817521
"4FGL J0812.9+5555",1,123.245399475098,55.9169006347656,161.957305908203,33.4624938964844,7.99568700790405,1.66962096925793e-10,2.78902873018794e-11,2.08190734617142e-12,3.65539196134357e-13,"PowerLaw",2.17534422874451,0.129999294877052,2396.71215820312,2.15785384178162,0.150812223553658,0.0198619570583105,0.0744937583804131,0,"bll","NVSS J081251+555422",0.997421085834503,0,"bzcat",123.214358108,55.9060415278,1.3000000080865e-06,"RFC J0812+5554",0.382999986410141,"HSP",1603245390692352,8.51055716784982e-13,17.9584655761719,0.427938491106033,0.244777798652649,26.2908000946045,18.459688,"BLL",0,-9.77738210947697,-11.6815386023672,0.902855785270913,1.25426922652561,15.2050000000006,-12.0700420066602,3.3796158790022,0.723065806092814
"4FGL J0816.1+4909",1,124.025497436523,49.1622009277344,170.08219909668,33.7188148498535,9.84643077850342,2.24761015354957e-10,3.18041391833557e-11,2.22751266217014e-12,3.86149093386731e-13,"PowerLaw",2.07141637802124,0.103132203221321,2464.09252929688,2.0223696231842,0.131573736667633,0.0629256889224052,0.0674575343728065,0,"bll","NVSS J081609+491005",0.9956414103508,0.811860978603363,"bllac",124.039905079,49.167899725,2.79999994745594e-07,"RFC J0816+4910",0.474999994039536,"ISP",162181001773056,1.40006756188527e-12,8.34809684753418,0,10,28.6259994506836,17.535595,"BLL",0,-9.64827901465305,-11.6521798185616,0.993278832110558,0.921587478738613,14.2099999786768,-11.8538510064318,3.39165701201858,0.677966104434571
"4FGL J0816.3+5739",1,124.099700927734,57.6615982055664,159.850952148438,33.8991584777832,40.5752906799316,1.21951726494984e-09,5.20909738954689e-11,1.40771023310338e-11,6.41280160484231e-13,"PowerLaw",2.08511400222778,0.0314337126910686,1528.62854003906,2.03293251991272,0.0412620566785336,0.0549150332808495,0.0210545044392347,0,"bll","SBS 0812+578",0.999505162239075,0.979093194007874,"bzcat",124.094697612,57.6525380361,1.59999999027605e-07,"RFC J0816+5739",0.0540000014007092,"ISP",239883285168128,2.03144467393612e-12,36.2453765869141,0.222006484866142,0.0693691298365593,108.070999145508,17.101717,"BLL",0,-8.91381204691288,-10.8514867323497,1.60826163977955,1.55925261640082,14.3799999878088,-11.6921950011158,3.18430196375724,0.9487666021547
"4FGL J0816.4-1311",1,124.112297058105,-13.1972999572754,234.796432495117,12.1213455200195,41.953670501709,1.70175673552819e-09,7.66264482421342e-11,2.05987848306277e-11,1.31425534517782e-12,"PowerLaw",1.85031485557556,0.0314417518675327,2914.57275390625,1.79265916347504,0.041931327432394,0.0504262931644917,0.0187986642122269,0,"bll","PMN J0816-1311",0.999975919723511,0.996235907077789,"bllac",124.113349304,-13.1979511278,4.99999998737621e-07,"RFC J0816-1311",0.0459779985249043,"HSP",17782794545528832,8.60185273704461e-12,85.1283340454102,0.424278020858765,0.11115488409996,178.184997558594,16.79404,"BLL",0,-8.76910252178878,-10.6861583988988,1.62276996299317,1.93007413436776,16.2500000108713,-11.0654079968013,3.46457490070047,0.956043053879006
"4FGL J0816.9+2050",1,124.230003356934,20.8498992919922,202.419616699219,27.7339572906494,13.0975847244263,3.4759498057646e-10,4.46857065239392e-11,3.53436984540378e-12,4.96018807624732e-13,"LogParabola",1.89543485641479,0.0805525183677673,2778.34033203125,1.70232534408569,0.142170175909996,0.187891855835915,0.081712931394577,0,"bll","SDSS J081649.78+205106.4",0.998689889907837,0.821823716163635,"bzcat",124.207418996,20.8517869111,2.90000002678426e-07,"RFC J0816+2051",0.0579999983310699,"ISP",245470886625280,1.2945474770279e-12,9.35610103607178,0,10,56.3166007995605,18.010618,"BLL",0,-9.45892650358035,-11.4516880067778,1.11719121645244,0.971094903087043,14.3899999912543,-11.8878820173549,3.4437854434427,0.945179585611946
"4FGL J0818.4+2816",1,124.607597351074,28.2737998962402,194.490142822266,30.4253025054932,9.18736743927002,2.36360236938182e-10,3.6614915960298e-11,2.81676786929863e-12,4.55412292078849e-13,"PowerLaw",2.06185412406921,0.111267358064651,2700.62768554688,1.94139909744263,0.172369435429573,0.14005845785141,0.10045800358057,0,"bll","GB6 J0818+2813",0.991560459136963,0,"bllac",124.613958625,28.2341118917,9.29999998788844e-07,"RFC J0818+2814",0.225999996066093,"ISP",398107162443776,5.35330514726123e-13,20.6195507049561,0.723440110683441,0.27880585193634,-Inf,17.827808,"BLL",0,-9.62642558333574,-11.5502489418806,0.963191085881761,1.31427919787843,14.5999999911531,-12.2713780004061,3.43146471552482,0.815660687772213
"4FGL J0818.8+3229",1,124.705001831055,32.4884986877441,189.771728515625,31.6186962127686,4.32715749740601,1.34681002461612e-10,3.61341512267188e-11,1.78840481920156e-12,5.45376623636157e-13,"PowerLaw",2.23341941833496,0.18292073905468,2804.7568359375,2.14139580726624,0.371224492788315,0.13914667069912,0.207872271537781,16,"fsrq","RX J0818.9+3227",0.98232513666153,0,"cgrabs",124.75970235,32.4436711278,1.0000000116861e-07,"RFC J0819+3226",0.64978700876236,"LSP",8912509075456,8.94738222314423e-13,17.0115623474121,0.421256095170975,0.57242351770401,17.6438999176025,19.19456,"FSRQ",1,-9.87069365971841,-11.7475341685122,0.636202702688794,1.23074420119054,12.9499999850948,-12.0483040096382,3.4478952151864,0.606138849856856
"4FGL J0819.4-0756",1,124.853202819824,-7.94570016860962,230.579895019531,15.4901275634766,8.57194709777832,2.07839356836104e-10,4.10005224216192e-11,2.35076411461699e-12,5.08597612809691e-13,"PowerLaw",1.84620380401611,0.128177717328072,5176.8408203125,1.82797574996948,0.158424288034439,0.0156825482845306,0.0709764063358307,0,"bll","RX J0819.2-0756",0.999070405960083,0.923579931259155,"bllac",124.823265433,-7.94059442778,8.70000008035277e-07,"RFC J0819-0756",0.449999988079071,"HSP",254097274617987072,3.13586960218326e-12,2.52887558937073,0,10,44.070499420166,19.017797,"BLL",0,-9.6822722102037,-11.6287909475913,0.933079482106859,0.40292746430731,17.4050000069444,-11.5036420047343,3.71406481131704,0.689655178083676
"4FGL J0819.4+4035",2,124.853996276855,40.5968017578125,180.377105712891,33.3541793823242,4.93302297592163,1.18169668494872e-10,2.98771354878546e-11,2.35076411461699e-12,5.08597612809691e-13,"PowerLaw",1.99503564834595,0.172610372304916,3770.29248046875,1.91646826267242,0.225256323814392,0.067299447953701,0.115285083651543,0,"bll","GB6 J0819+4037",0.986931204795837,0,"bzcat",124.857917785645,40.6288681030273,4.1e-07,"RFC J0819+4037",0.388999998569489,"LSP",38018941452288,8.72366523636814e-13,11.0730218887329,0,10,169.837005615234,19.127737,"BLL",0,-9.9274939828096,-11.6287909475913,0.693113138225722,1.04426615841315,13.5800000207927,-12.0593010084748,3.57637504191047,0.71994240534909
"4FGL J0820.3+3639",1,125.089202880859,36.6652984619141,185.036224365234,32.8448829650879,13.8509435653687,3.71418007460989e-10,3.87116519395825e-11,4.43594163138106e-12,4.95564852175112e-13,"PowerLaw",2.21786069869995,0.0770069435238838,1611.48205566406,2.197021484375,0.0894921272993088,0.0406678020954132,0.0441151708364487,0,"bll","MG2 J082018+3640",0.999180138111115,0.942081272602081,"crates",125.084121721,36.6679061278,2.3999999143598e-07,"RFC J0820+3640",0.39300000667572,"LSP",55911351582720,7.73627689687473e-13,13.3650989532471,0.204748585820198,0.156038179993629,68.9512023925781,18.55326,"BLL",0,-9.4301370441844,-11.3530141769809,1.1414793597741,1.12597217855758,13.7474999908783,-12.1114679943759,3.20722547387599,0.71787508629409
"4FGL J0820.9+2353",1,125.22550201416,23.8899993896484,199.509704589844,29.6242904663086,9.23825359344482,2.41682923673991e-10,3.58117667464963e-11,2.74752681543589e-12,4.91206576282155e-13,"PowerLaw",2.19222521781921,0.137272909283638,2139.34594726562,2.30280303955078,0.111952863633633,-0.0724720284342766,0.0406437925994396,0,"bll","GB6 J0820+2353",0.999202370643616,0.892160296440125,"bllac",125.213329125,23.8958935111,2.70111104327952e-06,"RFC J0820+2353",0.40200001001358,"ISP",767361472790528,1.00660712404332e-12,14.167742729187,0.350151658058167,0.241013273596764,55.2426986694336,18.59951,"BLL",0,-9.61675403397856,-11.561058060237,0.965589879616753,1.15130066193774,14.8849999906213,-11.9971400003031,3.3302810187184,0.713266756674498
"4FGL J0823.1+4042",1,125.799697875977,40.7076988220215,180.374252319336,34.0801734924316,10.7036476135254,2.72048938931846e-10,3.48689237206212e-11,3.97427576959153e-12,5.20016430090309e-13,"PowerLaw",2.45601582527161,0.103419803082943,1173.8232421875,2.47106552124023,0.0971044823527336,-0.0234941504895687,0.0422842167317867,0,"fsrq","B3 0819+408",0.967156529426575,0.845296263694763,"bzcat",125.739816425,40.697157475,1.10000001996013e-07,"RFC J0822+4041",0.865499973297119,"LSP",13489629298688,1.18874029543525e-12,58.7951774597168,0.871604025363922,0.244226276874542,29.3715991973877,18.458298,"FSRQ",1,-9.56535296362664,-11.4007420010771,1.02953180277609,1.76934170552298,13.1300000152207,-11.9249130155066,3.06960270447373,0.536049324210164
"4FGL J0824.4+2440",1,126.108100891113,24.6709003448486,198.947662353516,30.6346225738525,17.614652633667,4.89249862845043e-10,4.42096810548964e-11,4.40418925287678e-12,6.77375473420727e-13,"PowerLaw",2.52929735183716,0.0732323750853539,948.662963867188,2.55565857887268,0.0649807080626488,-0.0361713841557503,0.0295959785580635,0,"fsrq","B2 0821+24",0.990429520606995,0.904254138469696,"crates",126.137538763,24.6453100361,1.10000001996013e-07,"RFC J0824+2438",1.24199998378754,"LSP",22908676079616,5.10541424674632e-13,196.857772827148,1.07608568668365,0.263506889343262,13.8028001785278,19.409477,"FSRQ",1,-9.31046928741886,-11.3561340271857,1.2458740831818,2.29415256735736,13.3599999915058,-12.2919690140517,2.97711194590367,0.446030333287801
"4FGL J0824.7+5552",1,126.197700500488,55.8815994262695,161.954284667969,35.1179504394531,23.0390930175781,5.06942821054679e-10,3.80518117015782e-11,9.16394998079495e-12,5.28730162950575e-13,"PowerLaw",2.61155796051025,0.0465097762644291,595.265258789062,2.59391975402832,0.0525371171534061,0.030020646750927,0.0297937802970409,0,"fsrq","OJ 535",0.99946004152298,0.99373060464859,"cgrabs",126.196818192,55.8785192528,7.50000026528141e-08,"RFC J0824+5552",1.41700005531311,"LSP",3630780645376,9.45910450661502e-13,110.032821655273,0.561714351177216,0.142770126461983,21.2131004333496,18.09137,"FSRQ",1,-9.29504102271959,-11.0379172899676,1.3624653781707,2.04152225004559,12.5600000116834,-12.024149976309,2.77471053674883,0.413736026940411
"4FGL J0824.9+3915",1,126.236099243164,39.2574005126953,182.167297363281,34.1925888061523,22.6996212005615,6.13739004062808e-10,4.49582003569926e-11,9.01541168107922e-12,5.64905706847835e-13,"PowerLaw",2.43177485466003,0.0506214275956154,851.269897460938,2.37036085128784,0.0695650577545166,0.102550677955151,0.0436232164502144,0,"fsrq","4C +39.23",0.998495995998383,0.989618599414825,"cgrabs",126.231182742,39.2783066806,6.79999985209179e-08,"RFC J0824+3916",1.21599996089935,"LSP",2786121220096,1.75587257407461e-12,35.6744804382324,0.347841590642929,0.107166923582554,16.9034996032715,18.359034,"FSRQ",1,-9.21201627575309,-11.0450144368019,1.3560186099738,1.55235765678453,12.4450000080224,-11.7555070045941,2.93006727617664,0.451263545868546
"4FGL J0825.8+0309",1,126.456703186035,3.16560006141663,221.208938598633,22.389627456665,22.2006759643555,7.02627123150279e-10,5.10320154190058e-11,8.06935074315618e-12,6.00342312754437e-13,"PowerLaw",2.20045185089111,0.0565033629536629,1381.78698730469,2.2012939453125,0.0612733401358128,-0.000490264152176678,0.0271909851580858,0,"bll","PKS 0823+033",0.999512493610382,0.993534207344055,"bzcat",126.45974315,3.15681110833,6.79999985209179e-08,"RFC J0825+0309",0.505999982357025,"LSP",10964782022656,6.6190095938945e-12,5.49271392822266,0,10,45.0806007385254,18.347418,"BLL",0,-9.15327508937585,-11.0931614070385,1.34636619801461,0.739786980665344,13.040000002425,-11.1792069894251,3.140441098488,0.664010631948953
"4FGL J0827.0-0708",1,126.762496948242,-7.14429998397827,230.889984130859,17.5239334106445,15.3077583312988,3.86224913162536e-10,4.48763456950552e-11,4.47510561593645e-12,6.15831983932086e-13,"PowerLaw",1.81210923194885,0.0756463259458542,4190.12939453125,1.6790783405304,0.126509770750999,0.156080558896065,0.0695606619119644,0,"bll","PMN J0827-0708",0.999612867832184,0.976399779319763,"bzcat",126.775698125,-7.14608281111,1.3000000080865e-06,"RFC J0827-0708",0.246999993920326,"ISP",623734813622272,3.8929692802725e-12,17.6845588684082,0.294014930725098,0.162695243954659,88.8347015380859,17.212965,"BLL",0,-9.4131597157973,-11.3491967105431,1.18491159725433,1.24759423104896,14.7949999847792,-11.4097190233203,3.6222274345327,0.801924622995542
"4FGL J0829.4+0857",1,127.353500366211,8.95619964599609,216.000717163086,25.8155822753906,7.97023296356201,2.05228223304488e-10,3.51927931241391e-11,2.22986147775661e-12,4.28729019516863e-13,"PowerLaw",2.06512975692749,0.129879549145699,2448.51904296875,2.06695055961609,0.136721223592758,-0.00180818664375693,0.0567474849522114,0,"fsrq","TXS 0826+091",0.989346861839294,0.939604520797729,"rfc",127.376329325,8.97257983333,5.30000022536115e-07,"RFC J0829+0858",0.86599999666214,"LSP",12359474085888,2.73572858160501e-13,8.70811748504639,0,10,68.122200012207,20.565855,"FSRQ",1,-9.68776291460045,-11.6517221151198,0.901471015663468,0.939924279666618,13.0919999912661,-12.5629269922437,3.38890348602387,0.535905681558831
"4FGL J0830.8+2410",1,127.701499938965,24.172700881958,200.028213500977,31.859260559082,43.2378807067871,1.39511124874758e-09,6.5957017625351e-11,2.25382039420463e-11,9.44592169239977e-13,"LogParabola",2.5217456817627,0.0276357252150774,517.588500976562,2.41244721412659,0.0436043292284012,0.130470991134644,0.0271983351558447,0,"FSRQ","S3 0827+24",1,0.983770132064819,"identified",127.717025804,24.1832834167,6.79999985209179e-08,"RFC J0830+2410",0.939000010490417,"LSP",3388441624576,6.53110985432415e-12,1632.69555664062,1.58730745315552,0.375419437885284,14.2045001983643,17.17359,"FSRQ",1,-8.85539115956544,-10.6470806956163,1.63586439897452,3.21290521082522,12.5300000080983,-11.1850130112744,2.71398461924894,0.515729754816802
"4FGL J0832.4+4912",1,128.107803344727,49.2126998901367,170.149627685547,36.386531829834,13.655294418335,3.06021763485376e-10,3.33976665767288e-11,3.88061284495311e-12,4.29394963596258e-13,"PowerLaw",2.37817859649658,0.0797822400927544,1028.54797363281,2.38805842399597,0.0821069404482841,-0.0128546301275492,0.038716446608305,0,"bll","OJ 448",0.998426079750061,0.966094970703125,"crates",128.096736367,49.2225106139,7.50000026528141e-08,"RFC J0832+4913",0.547999978065491,"LSP",8317637754880,2.75735705969338e-12,4.47205543518066,0,10,66.2009963989258,18.185768,"BLL",0,-9.51424768650696,-11.4110996831264,1.13530106828973,0.650507178385488,12.9200000022897,-11.5595069919596,3.01222455290786,0.645994841194819
"4FGL J0833.4-0458",1,128.365097045898,-4.96960020065308,229.804077148438,20.0162906646729,10.826771736145,3.75811826103245e-10,4.94495416836216e-11,1.35670706440105e-12,3.2924040555514e-13,"LogParabola",2.13107061386108,0.0876403301954269,1656.27661132812,1.65654647350311,0.327525079250336,0.683386921882629,0.25902396440506,0,"fsrq","PMN J0833-0454",0.921190202236176,0.815900385379791,"crates",128.327044179,-4.91650151667,3.89999996741608e-07,"RFC J0833-0454",3.45000004768372,"LSP",6237348429824,2.41767001384063e-13,14.7128105163574,0.367215722799301,0.206515669822693,-Inf,18.719557,"FSRQ",1,-9.42502955757618,-11.8675139136134,1.03449898052373,1.1676956418068,12.7950000052221,-12.616602975993,3.2191328691285,0.224719098715631
"4FGL J0833.9+4223",1,128.47590637207,42.3988990783691,178.614852905273,36.2715682983398,17.4200401306152,4.31350427598787e-10,3.90338213140939e-11,6.58886443669071e-12,4.95027304737994e-13,"PowerLaw",2.43448519706726,0.0639408677816391,860.873229980469,2.40442132949829,0.0778260603547096,0.0419500805437565,0.042805191129446,0,"fsrq","OJ 451",0.999049365520477,0.954287707805634,"cgrabs",128.474522375,42.4005140472,1.10000001996013e-07,"RFC J0833+4224",0.249072998762131,"LSP",24547088662528,3.26212798093528e-12,26.1623992919922,0.308163970708847,0.111405722796917,-Inf,16.859787,"FSRQ",1,-9.36516976710865,-11.1811894277997,1.24104915115871,1.41767756960221,13.3899999912543,-11.4864990045699,2.93493920305247,0.800593721096389
"4FGL J0835.7+0936",1,128.947402954102,9.61530017852783,216.102111816406,27.5186805725098,6.59143686294556,1.85454887557945e-10,3.42423173149697e-11,2.23438563658196e-12,4.34935074067333e-13,"PowerLaw",2.23936367034912,0.129472494125366,1716.77197265625,2.21459150314331,0.15260349214077,0.0431634411215782,0.0757384598255157,0,"bll","GB6 J0835+0936",0.998342096805573,0.877286970615387,"bzcat",128.930050154,9.62166004167,3.40000013920871e-07,"RFC J0835+0937",0.349999994039536,"ISP",272270123597824,9.18874026346883e-13,16.9200668334961,0.555233061313629,0.329002797603607,53.3123016357422,19.280422,"BLL",0,-9.73176171660081,-11.650841869096,0.818980096479978,1.22840207414989,14.4349999884995,-12.0367440244272,3.23471261455891,0.740740744011229
"4FGL J0836.5-2026",1,129.130905151367,-20.4473991394043,243.68977355957,12.1113977432251,11.1860570907593,1.73821679272379e-10,4.03847962016091e-11,5.66926150122327e-12,7.10228588180623e-13,"LogParabola",2.90615010261536,0.0803982093930244,273.632781982422,2.63361072540283,0.14965908229351,0.284665703773499,0.117212355136871,0,"fsrq","PKS 0834-20",0.961927711963654,0.99930065870285,"bzcat",129.163396858,-20.2831956139,7.50000026528141e-08,"RFC J0836-2016",2.75200009346008,"LSP",1122018394112,1.23168033931698e-12,25.2267932891846,0.366629540920258,0.13298773765564,-Inf,19.043032,"FSRQ",1,-9.75989605872047,-11.2464735102133,1.04867703152526,1.40186204856266,12.0499999767025,-11.9095019909412,2.43716812587417,0.266524513616897
"4FGL J0836.9+5833",1,129.23860168457,58.556999206543,158.496490478516,36.5342178344727,9.00802707672119,1.91703167229385e-10,2.76411636634943e-11,2.4790269663455e-12,4.16946235566942e-13,"PowerLaw",2.3161301612854,0.113952681422234,1649.01196289062,2.34093260765076,0.095232866704464,-0.0482444502413273,0.03815533593297,0,"bll","NVSS J083705+583151",-Inf,0,"rfc",129.275063346,58.5313754222,8.99999974990351e-07,"RFC J0837+5831",0.611000001430511,"LSP",40926063886336,7.31932472530089e-13,6.2971568107605,0,10,147.541000366211,19.236887,"BLL",0,-9.7173707118539,-11.6057187490404,0.954629682930553,0.799144508166292,13.611999977857,-12.1355289847344,3.21722380628038,0.620732463756695
"4FGL J0837.3+1458",1,129.346099853516,14.9677000045776,210.720001220703,30.0811882019043,6.60881233215332,1.34147512542704e-10,3.16561360458323e-11,1.47383830400444e-12,3.79487999184469e-13,"PowerLaw",1.84905767440796,0.157578229904175,4820.10205078125,1.66079986095428,0.356597810983658,0.139936327934265,0.180410146713257,0,"bll","RGB J0837+149",0.997826755046844,0.853517830371857,"bzcat",129.352971967,14.9721553028,1.50000005305628e-06,"RFC J0837+1458",0.277999997138977,"HSP",66069344475414528,5.262510913151e-12,6.19986963272095,0,10,13.2594995498657,17.674917,"BLL",0,-9.87241737591037,-11.8315501606633,0.820123419555793,0.792382557500646,16.8199999978614,-11.2788069905356,3.68305623318117,0.782472615210229
"4FGL J0839.7+3540",1,129.931503295898,35.6734008789062,187.083999633789,36.5091743469238,16.4893321990967,4.09160538783482e-10,3.84119125396154e-11,4.68986351490064e-12,5.09218047502896e-13,"PowerLaw",1.98166382312775,0.0684039145708084,2258.9453125,1.87931489944458,0.104917675256729,0.0864922627806664,0.0517550185322762,0,"bll","NVSS J083943+354001",0.998949468135834,0.927667915821075,"bzcat",129.930680137,35.6670545139,2.00000002337219e-07,"RFC J0839+3540",0.41499999165535,"LSP",38018941452288,1.6629607847013e-12,10.8401165008545,0.151067361235619,0.176432266831398,32.1990013122559,17.922337,"BLL",0,-9.38810625818319,-11.328839796003,1.21720306752323,1.03503394967528,13.5800000207927,-11.7791179920244,3.3539057170793,0.706713785086416
"4FGL J0839.8+0105",1,129.963302612305,1.08770000934601,225.032653808594,24.4604568481445,22.3841457366943,7.5210065952902e-10,5.83486106653375e-11,6.24288294670539e-12,6.6987349911854e-13,"LogParabola",2.41909885406494,0.0474311038851738,648.627868652344,2.24138903617859,0.0842027440667152,0.192372545599937,0.0542343370616436,0,"fsrq","PKS 0837+012",0.99821275472641,0.965582847595215,"cgrabs",129.9567126,1.07409345833,1.10000001996013e-07,"RFC J0839+0104",1.12300002574921,"LSP",3235936468992,6.75491672146034e-13,101.857978820801,0.602180123329163,0.155119091272354,-Inf,18.487122,"FSRQ",1,-9.12372403048222,-11.204614807961,1.34994052472263,2.00799505417197,12.5099999865382,-12.1703800008438,2.81199560443858,0.471031553401465
"4FGL J0841.3+7053",1,130.341796875,70.8887023925781,143.549240112305,34.4244613647461,75.8184280395508,1.61962854239306e-09,5.78359998781863e-11,5.3070069172545e-11,9.92327097229517e-13,"LogParabola",2.81962108612061,0.0138752413913608,373.682006835938,2.77457046508789,0.0199693292379379,0.231309980154037,0.0168289430439472,0,"FSRQ","4C +71.07",1,0.998436987400055,"identified",130.351521996,70.8950480583,6.79999985209179e-08,"RFC J0841+7053",2.21799993515015,"LSP",2754228781056,4.37322660723494e-12,3386.98168945312,0.884325265884399,0.208872005343437,-Inf,16.763008,"FSRQ",1,-8.79058457835054,-10.2751503463025,1.879774775859,3.52981284878783,12.4400000122548,-11.3591980182596,2.57250218663745,0.310752026150473
"4FGL J0842.5+0251",1,130.633102416992,2.86619997024536,223.677963256836,25.9125061035156,6.15002059936523,1.46497536324119e-10,3.25252498545314e-11,1.89698387206838e-12,4.11584069777426e-13,"PowerLaw",2.02866077423096,0.165865242481232,3383.41137695312,1.88044238090515,0.309424728155136,0.0982255712151527,0.169497311115265,0,"bll","NVSS J084225+025251",0.995001912117004,0,"bzcat",130.606290996,2.88130329444,7.30000010662479e-07,"RFC J0842+0252",0.425000011920929,"ISP",146217715630080,6.10458298494487e-13,12.7067613601685,0.413340359926224,0.420715123414993,52.8641014099121,19.134174,"BLL",0,-9.83416967885825,-11.7219363614158,0.788876570438127,1.104034873714,14.1649999946073,-12.2143439981438,3.52935480531947,0.701754380094341
"4FGL J0844.2+5312",1,131.050903320312,53.2140998840332,165.048553466797,38.0946655273438,30.8343963623047,7.8611944731577e-10,4.43533682004116e-11,8.18640901595336e-12,5.3086175863179e-13,"PowerLaw",2.03479075431824,0.0423368029296398,1737.20446777344,1.99617505073547,0.0524871796369553,0.0384278297424316,0.0260757971554995,0,"bll","NVSS J084411+531250",0.999545037746429,0.937758564949036,"bllac",131.048745167,53.2140512861,2.00000002337219e-07,"RFC J0844+5312",0.435000002384186,"LSP",87096358338560,1.12480174913748e-12,50.059944152832,0.359759867191315,0.103661201894283,41.7041015625,17.49514,"BLL",0,-9.1045114598527,-11.0869065605784,1.48903545076504,1.699490360771,13.9399999967237,-11.9489240169685,3.23985093761792,0.69686411034045
"4FGL J0846.9+4608",1,131.726303100586,46.1377983093262,174.06037902832,38.7919158935547,5.95281744003296,1.07480677136174e-10,2.5788813792782e-11,2.28307238565872e-12,4.0529670006402e-13,"PowerLaw",2.75068974494934,0.145014002919197,522.697998046875,2.60765767097473,0.251261085271835,0.13741447031498,0.168701723217964,0,"fsrq","WISE J084734.29+460928.0",0.934643507003784,0,"crates",131.892910513,46.1577793528,1.10000001996013e-07,"RFC J0847+4609",1.21648001670837,"LSP",10115794075648,3.85514753800664e-13,15.7610473632812,0.397395431995392,0.220801889896393,-Inf,18.966839,"FSRQ",1,-9.96866960614306,-11.6414803188235,0.774722563888552,1.19758507412941,13.0049999799527,-12.413958996675,2.71825083673663,0.451165809058397
"4FGL J0847.2+1134",1,131.811904907227,11.5691995620728,215.454132080078,30.8988018035889,19.0369815826416,4.20337847861774e-10,4.38470336427965e-11,5.03250392747123e-12,6.4149141727754e-13,"PowerLaw",1.72490084171295,0.065456748008728,4900.1474609375,1.68925881385803,0.0811398103833199,0.038245864212513,0.0350378416478634,0,"bll","RX J0847.1+1133",0.999730825424194,0.993329703807831,"bzcat",131.803876038,11.5639324722,5.30000022536115e-07,"RFC J0847+1133",0.19819900393486,"ISP",309029540724736,1.63006153713896e-12,17.1803607940674,0.30029171705246,0.152811512351036,87.5659027099609,17.473024,"BLL",0,-9.37640150369552,-11.2982158775067,1.27959808974588,1.23503227993919,14.4899999964492,-11.7877960000528,3.69020914951991,0.834585904942352
"4FGL J0849.5+0456",1,132.381698608398,4.94810009002686,222.561492919922,28.4405860900879,13.5450658798218,5.38938838001712e-10,5.44041790784267e-11,5.65691504056387e-12,6.38827098858874e-13,"PowerLaw",2.07984089851379,0.065714918076992,2070.93481445312,2.0082676410675,0.0972656980156898,0.111977227032185,0.0542721934616566,0,"bll","TXS 0846+051",0.995738387107849,0.890356063842773,"bzcat",132.385622296,4.91884676944,2.60000007301642e-07,"RFC J0849+0455",1.06958997249603,"ISP",245470886625280,9.03119050897627e-13,11.9707164764404,0.139739900827408,0.177577897906303,34.9132995605469,17.835161,"BLL",0,-9.26846051834856,-11.2474203437435,1.13178112167435,1.07812014476334,14.3899999912543,-12.0442549963754,3.31616642908715,0.483187497663583
"4FGL J0850.1-1212",1,132.541198730469,-12.2121000289917,238.64762878418,19.5286521911621,50.9365119934082,2.09523220995322e-09,8.24913748420641e-11,2.32928329402249e-11,9.85498466686552e-13,"LogParabola",2.30278897285461,0.0246547162532806,621.12890625,2.20177555084229,0.0375055186450481,0.0877119824290276,0.0200476180762053,0,"fsrq","PMN J0850-1213",0.999677002429962,0.976912081241608,"bzcat",132.540148458,-12.2264933611,6.79999985209179e-08,"RFC J0850-1213",0.565999984741211,"LSP",12764387999744,6.71223276613175e-12,644.252136230469,0.85778272151947,0.204543516039848,49.8712997436523,18.155039,"FSRQ",1,-8.67876783813312,-10.6327776881297,1.70702920223183,2.80905586727194,13.1059999969933,-11.1731329914979,2.79318174101941,0.638569610308939
"4FGL J0850.5+3455",1,132.637802124023,34.9285011291504,188.458648681641,38.569507598877,14.1441869735718,3.32216976151045e-10,3.55440607502366e-11,3.76285938172294e-12,4.4989107383063e-13,"PowerLaw",2.01272892951965,0.0860537886619568,2272.67651367188,2.03783893585205,0.0883469209074974,-0.0198936779052019,0.0351240001618862,0,"bll","RX J0850.5+3455",0.99913489818573,0.936864614486694,"bzcat",132.650813304,34.9229936194,2.00000002337219e-07,"RFC J0850+3455",0.144999995827675,"HSP",3019951761784832,1.61052323820882e-12,14.4361143112183,0.252967953681946,0.178586199879646,116.348999023438,18.242071,"BLL",0,-9.47857817904793,-11.4244820109873,1.15057798869373,1.15945031232726,15.4800000059512,-11.7930330043724,3.35653762387932,0.873362448597338
"4FGL J0854.3+4408",1,133.593200683594,44.1493988037109,176.652954101562,40.0875701904297,13.9647274017334,2.77741052379099e-10,3.51419726651869e-11,2.19305368136247e-12,4.12555677554299e-13,"LogParabola",1.80426931381226,0.0774719715118408,2946.38696289062,1.48587107658386,0.164235666394234,0.292571872472763,0.103845119476318,0,"bll","B3 0850+443",0.982881665229797,0,"crates",133.541202375,44.1417447833,8.60000000102445e-07,"RFC J0854+4408",0.382158994674683,"ISP",691830983229440,2.27186758988696e-12,15.209023475647,0.341983258724213,0.196088254451752,101.495002746582,17.35706,"BLL",0,-9.5563599232601,-11.6589507375727,1.14503246248039,1.18210133024283,14.8400000077279,-11.6436169839897,3.46928978419427,0.723505764425726
"4FGL J0854.8+2006",1,133.707107543945,20.1159000396729,206.804870605469,35.8264198303223,100.243614196777,5.65336710778297e-09,1.22543017400112e-10,6.26502391631867e-11,1.47116422776622e-12,"LogParabola",2.21522283554077,0.0134455896914005,666.337646484375,2.15575551986694,0.0193476416170597,0.0510195195674896,0.00892902258783579,0,"BLL","OJ 287",1,0.996361315250397,"identified",133.703645537,20.1085113389,7.50000026528141e-08,"RFC J0854+2006",0.305999994277954,"LSP",17538805137408,4.05578556850195e-11,780.628356933594,0.483362674713135,0.115140236914158,102.679000854492,14.646616,"BLL",0,-8.24769281222114,-10.2030772667759,2.00105671638015,2.89244432331738,13.2440000029464,-10.3919250144435,2.82369435056149,0.765696787428294
"4FGL J0855.9+7144",1,133.975402832031,71.7418975830078,142.105895996094,35.2481842041016,10.29514503479,2.32804761579608e-10,3.22079203585179e-11,4.16122041338451e-12,5.60888466748233e-13,"PowerLaw",2.62108969688416,0.111600257456303,857.353820800781,2.5820209980011,0.202342554926872,0.0308059714734554,0.134481117129326,0,"fsrq","GB6 J0856+7146",0.959602117538452,0,"bzcat",134.228618675,71.7733064139,1.1999999571799e-07,"RFC J0856+7146",0.541999995708466,"LSP",10964782022656,1.65610548278489e-12,24.4612903594971,0.409027755260468,0.162711352109909,-Inf,19.939869,"FSRQ",1,-9.63300814126184,-11.3807792796934,1.01263246920226,1.38847936280772,13.040000002425,-11.7809120050315,2.93316008762865,0.648508432414459
"4FGL J0856.8+2056",1,134.200302124023,20.9461002349854,206.022109985352,36.5359230041504,14.5981025695801,4.68420580101991e-10,4.88219083216723e-11,5.76219584200177e-12,6.29634094428261e-13,"PowerLaw",2.0970094203949,0.0844833627343178,2451.05151367188,2.06352710723877,0.104017324745655,0.0287748724222183,0.049340981990099,0,"bll","TXS 0853+211",0.980352282524109,0,"bzcat",134.16558515,20.9620559667,3.19999998055209e-07,"RFC J0856+2057",0.180000007152557,"ISP",162181001773056,9.48014561817645e-13,12.6206083297729,0.169630572199821,0.183912113308907,113.047996520996,18.145134,"BLL",0,-9.32936403241183,-11.2394119852685,1.16429641077673,1.10108028897279,14.2099999786768,-12.0231849917036,3.38935243890134,0.847457621981789
"4FGL J0857.7+0137",2,134.42790222168,1.62539994716644,226.997055053711,28.5985565185547,4.95976686477661,1.40142175641955e-10,3.20793183683499e-11,1.69800913780993e-12,4.08042225225405e-13,"PowerLaw",2.36484527587891,0.151960119605064,1249.00341796875,2.30664420127869,0.235794857144356,0.218418821692467,0.164524108171463,0,"bll","RX J0857.8+0135",0.990549683570862,0,"rfc",134.45751953125,1.5917546749115,3e-07,"RFC J0857+0135",0.28099998831749,"HSP",2660724992114688,1.36164224426999e-12,4.13682126998901,0,10,-Inf,18.494919,"BLL",0,-9.85343114457071,-11.7700599769367,0.695461262836842,0.616666757749681,15.4249999889523,-11.8659369832813,3.09656362684726,0.78064013202173
"4FGL J0857.9-1949",1,134.491104125977,-19.8174991607666,246.258987426758,16.5305557250977,17.4430351257324,6.29007179675511e-10,5.52422795008223e-11,1.00056941898519e-11,7.53118433501759e-13,"PowerLaw",2.52184247970581,0.0544205605983734,695.092224121094,2.50415587425232,0.0618376173079014,0.0309992656111717,0.0344262197613716,0,"fsrq","PKS 0855-19",0.996320962905884,0.969469904899597,"bzcat",134.522346763,-19.843593125,1.39999997372797e-07,"RFC J0858-1950",0.658999979496002,"LSP",14454397861888,1.91065370989951e-12,73.9020004272461,0.582011222839355,0.155791237950325,12.4569997787476,18.037079,"FSRQ",1,-9.20134439735972,-10.9997527748575,1.24162205534835,1.86865619431845,13.1600000046399,-11.7188180180772,2.84204243015805,0.602772762121309
"4FGL J0902.4+2051",1,135.617202758789,20.8502998352051,206.672424316406,37.7576675415039,37.7238578796387,1.34170818899548e-09,6.41008357504802e-11,1.51882759841238e-11,7.48932220493576e-13,"PowerLaw",2.14506888389587,0.0364105217158794,1387.07592773438,2.11102366447449,0.045976921916008,0.0327500589191914,0.0229671318084002,0,"bll","NVSS J090226+205045",0.999717891216278,0.94979602098465,"bzcat",135.612132158,20.8462212667,2.79999994745594e-07,"RFC J0902+2050",2.0550000667572,"ISP",223872116850688,4.4033175543301e-12,77.6207656860352,0.387806326150894,0.103099405765533,-Inf,15.815507,"BLL",0,-8.87234192953932,-10.8184915199538,1.57661610002936,1.88997792250062,14.3500000058078,-11.3562199933685,3.14210023475283,0.327332235073066
"4FGL J0903.1+4652",1,135.794998168945,46.8688011169434,173.017501831055,41.5741386413574,20.2004451751709,4.48814513331897e-10,3.69713079595435e-11,5.68205465317773e-12,4.49328291587947e-13,"PowerLaw",2.46734929084778,0.0598823130130768,842.730346679688,2.49823689460754,0.056093018501997,-0.040046613663435,0.0255226530134678,0,"fsrq","S4 0859+47",0.995688498020172,0.988604664802551,"bzcat",135.766625438,46.8511492778,6.79999985209179e-08,"RFC J0903+4651",1.46200001239777,"LSP",3981071613952,1.10396425074405e-12,20.1393547058105,0.258094310760498,0.0970465391874313,-Inf,19.184965,"FSRQ",1,-9.34793310772773,-11.2454945933059,1.30536094048572,1.30404555101425,12.5999999900092,-11.9570449899727,2.92568863312646,0.4061738403592
"4FGL J0904.6+4238",1,136.164398193359,42.6497001647949,178.66389465332,41.9413833618164,9.86187076568604,2.35084979260947e-10,3.14940885870474e-11,2.6207783773019e-12,4.08590994155009e-13,"PowerLaw",2.23289084434509,0.10383802652359,1577.51037597656,2.11960434913635,0.161430433392525,0.136712044477463,0.101945236325264,0,"fsrq","4C +42.28",0.955418884754181,0.945605099201202,"crates",136.065118658,42.6346570306,1.1999999571799e-07,"RFC J0904+4238",1.34246003627777,"LSP",7328245481472,2.62954724184264e-13,4.84774971008301,0,10,-Inf,19.653103,"FSRQ",1,-9.6287751192055,-11.5815697030459,0.993959307045537,0.685540189059248,12.8650000088944,-12.5801190223454,3.19797222447056,0.426901626714207
"4FGL J0908.9+2311",1,137.241195678711,23.1944007873535,204.397308349609,39.9073600769043,18.2402000427246,4.82523299094595e-10,5.03612047897395e-11,6.20643553911338e-12,6.64456879274911e-13,"PowerLaw",1.82249569892883,0.0722223073244095,4683.68359375,1.69075226783752,0.112342067062855,0.105742678046227,0.0561135187745094,0,"bll","RX J0908.9+2311",0.999566316604614,0.934652626514435,"whsp2",137.252606087,23.1869380556,2.69999986812763e-07,"RFC J0909+2311",1.18439996242523,"ISP",506990723858432,1.37216074006657e-12,16.3547668457031,0.30380117893219,0.153128281235695,42.8345985412598,17.486214,"BLL",0,-9.31648171149342,-11.2071577508923,1.26102959698445,1.21364435718333,14.7050000133492,-11.8625950107612,3.6705875486271,0.457791621132309
"4FGL J0909.1+0121",1,137.29670715332,1.35570001602173,228.951538085938,30.9265060424805,44.3321380615234,2.07424344367269e-09,8.44840239433431e-11,3.23840572413747e-11,1.17324737165109e-12,"LogParabola",2.46958160400391,0.0232052579522133,803.565185546875,2.49057841300964,0.02961983717978,0.0991072133183479,0.0190790742635727,0,"fsrq","PKS 0906+01",0.999858975410461,0.992723643779755,"cgrabs",137.292048321,1.35989378889,7.50000026528141e-08,"RFC J0909+0121",1.02400004863739,"LSP",3630780645376,4.60018178063959e-12,840.901916503906,0.922873318195343,0.219500482082367,16.3990001678467,17.127481,"FSRQ",1,-8.68314027396473,-10.4896687415259,1.64671867706812,2.92474534228388,12.5600000116834,-11.3372250064122,2.90502111267998,0.494071134372366
"4FGL J0909.7-0230",1,137.446395874023,-2.51430010795593,232.82600402832,28.9939403533936,51.8218078613281,2.13323825271061e-09,8.23297749419361e-11,1.82943781651401e-11,9.74817448984311e-13,"LogParabola",2.29032611846924,0.0240517444908619,688.885986328125,2.19424796104431,0.0374409891664982,0.100507348775864,0.0206515956670046,0,"fsrq","PKS 0907-023",0.999453663825989,0.985292673110962,"bzcat",137.437183467,-2.52509861389,1.50000005305628e-07,"RFC J0909-0231",0.957000017166138,"LSP",55590424412160,6.94776321977925e-13,151.088684082031,0.398821920156479,0.0992307141423225,-Inf,18.634657,"FSRQ",1,-8.67096063725609,-10.7376823478083,1.71451255975948,2.17923193869533,13.7449999897276,-12.1581549907568,2.83814735020102,0.510986198890312
"4FGL J0910.6+3329",1,137.651092529297,33.4910011291504,191.118789672852,42.463752746582,36.8267822265625,1.40707256957029e-09,6.88827328509944e-11,1.63317380452721e-11,8.97022094190764e-13,"PowerLaw",1.94883739948273,0.0358771532773972,2736.97705078125,1.90202116966248,0.051006555557251,0.0458520092070103,0.0233158394694328,0,"bll","Ton 1015",0.999833524227142,0.97730952501297,"bzcat",137.654313683,33.4901167806,1.89999994404388e-07,"RFC J0910+3329",0.354000002145767,"ISP",794328230264832,8.22375154085897e-12,20.5312023162842,0.175758630037308,0.0728049874305725,-Inf,16.179474,"BLL",0,-8.85168350331068,-10.7869675946078,1.5661637736391,1.31241438259215,14.8999999975618,-11.0849300192223,3.43727115591913,0.738552436052613
"4FGL J0910.6+2247",1,137.674301147461,22.7978000640869,205.044250488281,40.1736869812012,15.1303043365479,5.66620750319657e-10,5.5683790911587e-11,4.40572448315302e-12,6.81374390503614e-13,"LogParabola",2.34483742713928,0.0629744157195091,915.270690917969,2.19364857673645,0.0932696610689163,0.1673823595047,0.0707294270396233,0,"fsrq","TXS 0907+230",0.999104499816895,0.900639653205872,"cgrabs",137.675554683,22.8098839806,1.80000000682412e-07,"RFC J0910+2248",2.66100001335144,"LSP",7095777755136,3.95098152328535e-13,151.024459838867,1.16739940643311,0.291649103164673,-Inf,20.530134,"FSRQ",1,-9.2467075251486,-11.3559826654212,1.17984766367118,2.17904729108636,12.8510000046211,-12.4032950012864,2.96154955547209,0.273149411732604
"4FGL J0910.8+3859",1,137.709106445312,38.9999008178711,183.652877807617,43.0146980285645,15.9533843994141,3.50374063096126e-10,3.54609883124191e-11,3.44649981297296e-12,4.19782589765327e-13,"PowerLaw",1.99644815921783,0.0757595598697662,2436.40161132812,1.88376891613007,0.11454115062952,0.102484449744225,0.0587620623409748,0,"bll","FBQS J091052.0+390202",0.991576850414276,0,"bllac",137.716825075,39.0339315278,6.70000019908912e-07,"RFC J0910+3902",0.198696002364159,"LSP",70794575085568,1.73786484335137e-12,39.0347442626953,0.536537349224091,0.168673545122147,-Inf,16.910076,"BLL",0,-9.45546805053805,-11.4626217407371,1.20285282971749,1.59145133841663,13.8499999794317,-11.7599840023805,3.38674887805261,0.834239872351058
"4FGL J0911.7+3349",1,137.938201904297,33.8171005249023,190.722473144531,42.7436714172363,8.40132617950439,2.74335304473183e-10,4.33451954884312e-11,2.46674729253993e-12,5.57869831059599e-13,"PowerLaw",2.19556593894958,0.114743418991566,2436.51416015625,2.19030094146729,0.123260982334614,0.0120124043896794,0.0542276538908482,16,"bll","MG2 J091151+3349",0.996791005134583,0.947912752628326,"bzcat",137.949006133,33.8213315694,2.79999994745594e-07,"RFC J0911+3349",0.45610100030899,"HSP",2818383041003520,9.83019221578729e-13,11.1354112625122,0.271046042442322,0.320386916399002,-Inf,18.683395,"BLL",0,-9.56171829902592,-11.6078753397997,0.924347846416679,1.04670626140071,15.4500000169101,-12.007437990058,3.38676893969016,0.686765547024414
"4FGL J0912.5+1556",1,138.136993408203,15.9340000152588,213.581573486328,38.2748031616211,11.4678564071655,2.27471638747367e-10,3.72886721500265e-11,2.69967815463845e-12,4.86380575571987e-13,"PowerLaw",1.80145001411438,0.108099460601807,5283.8798828125,1.85332584381104,0.092156745493412,-0.0539714582264423,0.038150604814291,0,"bll","RX J0912.5+1555",0.99965101480484,0.978142142295837,"bllac",138.127538758,15.9244469861,3.49999993431993e-07,"RFC J0912+1555",0.211999997496605,"HSP",17782794545528832,1.88485099923696e-12,13.3663177490234,0.357785224914551,0.262957692146301,212.744995117188,18.786072,"BLL",0,-9.64307274363693,-11.5686880076914,1.05948224636321,1.12601178111861,16.2500000108713,-11.7247229758385,3.72295293634131,0.825082509955039
"4FGL J0912.9-2102",1,138.227401733398,-21.0445995330811,249.566146850586,18.4843769073486,27.9223594665527,9.81670189581507e-10,6.31761379321638e-11,1.10508616146809e-11,8.66917865618988e-13,"PowerLaw",1.86638343334198,0.0473153814673424,3383.05688476562,1.84664797782898,0.0582333393394947,0.0150306709110737,0.025166368111968,0,"bll","MRC 0910-208",0.998487174510956,0.973638117313385,"bllac",138.250928033,-21.0558469111,5.39999973625527e-07,"RFC J0913-2103",0.198017001152039,"HSP",71614340528078848,6.59781300774154e-12,14.919207572937,0.15428601205349,0.103278651833534,160.373001098633,17.08504,"BLL",0,-9.00803439704334,-10.9566038595433,1.44595211380817,1.17374575639133,16.854999997009,-11.1805999971958,3.5293093003396,0.834712695260901
"4FGL J0915.9+2933",1,138.986206054688,29.55299949646,196.658706665039,42.9493789672852,54.4278297424316,2.10692197022411e-09,8.06335692660198e-11,2.09294040431907e-11,1.15633229987727e-12,"LogParabola",1.89068508148193,0.0246355012059212,1366.26110839844,1.75007438659668,0.0427303053438663,0.0792009681463242,0.0176623314619064,0,"bll","Ton 0396",0.997556805610657,0.96358585357666,"whsp2",138.968340171,29.556678575,8.19999996792831e-08,"RFC J0915+2933",0.189999997615814,"HSP",4415704463835136,7.38631811963986e-12,23.9912548065186,0.140706494450569,0.0537003763020039,149.067001342773,16.017601,"BLL",0,-8.67635154817387,-10.6792431378552,1.73582101758591,1.38005296331987,15.6449999990462,-11.1315719917529,3.13553370600737,0.84033613613741
"4FGL J0916.7+3856",1,139.189804077148,38.9478988647461,183.787582397461,44.1628646850586,18.5466709136963,4.53810294898105e-10,3.87483621577811e-11,6.61808975677136e-12,5.37020135391725e-13,"PowerLaw",2.45713472366333,0.0638607069849968,965.453125,2.39109110832214,0.0868614241480827,0.109037347137928,0.0598925985395908,0,"fsrq","4C +38.28",0.944455087184906,0.942870557308197,"bzcat",139.203769137,38.9078184722,1.10000001996013e-07,"RFC J0916+3854",1.26754105091095,"LSP",4365158449152,6.49550617286276e-13,66.2205429077148,0.604481756687164,0.16205520927906,-Inf,18.791248,"FSRQ",1,-9.34312565616654,-11.1792673470876,1.26826596605009,1.82099273698473,12.6400000126105,-12.1873870001697,2.98473119261771,0.441006348969191
"4FGL J0916.7+5238",1,139.19059753418,52.6454010009766,164.896759033203,43.0299911499023,9.10367870330811,1.25273291740058e-10,2.30988509569707e-11,1.71787475737595e-12,3.24294112613935e-13,"PowerLaw",1.84050917625427,0.118749842047691,4152.4248046875,1.71150696277618,0.191114202141762,0.129842191934586,0.0953046530485153,0,"bll","RX J0916.8+5238",0.996742844581604,0.972417116165161,"bllac",139.21639195,52.64120405,2.90000002678426e-06,"RFC J0916+5238",0.189999997615814,"HSP",20183664084123648,2.41009968059147e-12,10.2363624572754,0.178452968597412,0.609100341796875,-Inf,17.888382,"BLL",0,-9.90214151070023,-11.7650085018338,0.959216921739631,1.01014565533235,16.3050000096248,-11.6179649948378,3.61830177665505,0.84033613613741
"4FGL J0917.1-2131",1,139.282592773438,-21.5251998901367,250.625579833984,18.9210643768311,4.54149436950684,1.35699410042101e-10,3.64699451194106e-11,2.44934736555458e-12,6.14960448015733e-13,"PowerLaw",2.6456983089447,0.214768692851067,836.300659179688,2.72368478775024,0.125379532575607,-0.103075370192528,0.0420355945825577,0,"fsrq","PKS 0915-213",0.989380121231079,0.94839084148407,"bzcat",139.362567992,-21.5262396083,1.59999999027605e-07,"RFC J0917-2131",0.847000002861023,"LSP",4897788395520,5.09299200035507e-13,16.144100189209,0.460809528827667,0.255394101142883,-Inf,18.576077,"FSRQ",1,-9.8674220404465,-11.6109496190216,0.657198780091367,1.20801384410379,12.6900000178971,-12.2930270059767,2.92236243909973,0.541418515674602
"4FGL J0917.3-0342",1,139.333892822266,-3.70350003242493,235.163497924805,29.9012966156006,6.45079851150513,1.2355465262015e-10,3.45556153136251e-11,1.85542748699918e-12,4.64219591586601e-13,"PowerLaw",1.77020967006683,0.173249050974846,7078.83984375,1.79569780826569,0.178088635206223,-0.0206296816468239,0.0727138593792915,0,"bll","NVSS J091714-034315",0.997823059558868,0.91823399066925,"bzcat",139.310816129,-3.72067835278,1.3000000080865e-06,"RFC J0917-0343",0.30799999833107,"HSP",6456542194827264,3.08856672875946e-12,6.99455738067627,0,10,-Inf,18.856445,"BLL",0,-9.90814089599875,-11.7315560138894,0.809613477065639,0.844760237310782,15.809999993575,-11.5102430112539,3.84996208668082,0.764525994859282
"4FGL J0920.9+4441",1,140.229095458984,44.6990013122559,175.700531005859,44.8052177429199,66.2350311279297,4.67260674597014e-09,1.18590900988202e-10,3.61106179680437e-11,1.75124671708549e-12,"LogParabola",2.34785103797913,0.0131764262914658,811.94677734375,2.26731014251709,0.0328151844441891,0.136297643184662,0.0199810042977333,0,"fsrq","S4 0917+44",0.999573230743408,0.993130564689636,"cgrabs",140.243577025,44.6983291833,6.79999985209179e-08,"RFC J0920+4441",2.186448097229,"LSP",2910717214720,6.72371056401055e-12,2143.87646484375,0.89227569103241,0.211233109235764,31.0883007049561,17.677158,"FSRQ",1,-8.33044076835336,-10.4423650793435,1.82108774475112,3.33119975668193,12.4640000144212,-11.1723909899319,2.90952756241424,0.313829056518956
"4FGL J0921.6+6216",1,140.418502807617,62.2708015441895,152.188674926758,40.9990692138672,79.7222595214844,2.65135269295058e-09,7.25956308955666e-11,1.47136886008425e-11,6.2500091907447e-13,"LogParabola",2.32072353363037,0.0172361992299557,589.853942871094,2.22261834144592,0.0276407618075609,0.0831126570701599,0.0136092994362116,0,"fsrq","OK 630",0.999675035476685,0.991857469081879,"cgrabs",140.400962813,62.2644945389,7.50000026528141e-08,"RFC J0921+6215",1.44599997997284,"LSP",3026913329152,1.60412796327419e-12,2177.54565429688,1.03066897392273,0.243734046816826,51.0527992248535,18.4519,"FSRQ",1,-8.57653249693156,-10.8322784395649,1.90157959915798,3.33796726916827,12.480999985803,-11.7947609904613,2.77074448679836,0.408830747419345
"4FGL J0921.7+2336",1,140.445999145508,23.6021995544434,204.976852416992,42.8446884155273,14.3830690383911,3.63016394722138e-10,3.88316601096506e-11,4.42475006287579e-12,4.96683803027226e-13,"PowerLaw",2.06158995628357,0.0870619863271713,2161.74658203125,2.05920600891113,0.108772352337837,0.00203046528622508,0.0490556247532368,0,"bll","NVSS J092145+233548",0.999377608299255,0.867550492286682,"bzcat",140.439081842,23.5967202806,2.29999997714003e-07,"RFC J0921+2335",1.06190001964569,"ISP",199526228951040,1.54310689660236e-12,20.8416481018066,0.412268310785294,0.165580183267593,-Inf,18.0219,"BLL",0,-9.44007376070336,-11.3541112558994,1.15785156506114,1.31893205883186,14.2999999944586,-11.8116039877434,3.33480478097892,0.484989568103228
"4FGL J0922.4-0528",1,140.6123046875,-5.47469997406006,237.680679321289,29.9280052185059,16.399097442627,4.7363368782527e-10,4.47853178153768e-11,6.41220193262071e-12,5.50344492200594e-13,"PowerLaw",2.14227628707886,0.0713290274143219,1775.84216308594,2.04455804824829,0.104447662830353,0.140495225787163,0.0656348988413811,0,"fsrq","TXS 0919-052",0.999454140663147,0.976177573204041,"bzcat",140.598636917,-5.48532866944,9.49999972021942e-08,"RFC J0922-0529",0.973999977111816,"LSP",22908676079616,2.60436594165525e-12,12.2199430465698,0.164055615663528,0.170164510607719,28.7987003326416,18.474157,"FSRQ",1,-9.32455741541456,-11.1929928093307,1.21481994643349,1.08706918179703,13.3599999915058,-11.5842979927323,3.24940436304901,0.506585618842363
"4FGL J0923.5+4125",1,140.894897460938,41.4282989501953,180.293334960938,45.469051361084,25.5592670440674,6.53953835527687e-10,4.37463468228039e-11,7.1013767782846e-12,6.09234938973163e-13,"PowerLaw",2.35533237457275,0.04686164483428,925.144470214844,2.30871939659119,0.0590573400259018,0.0731657668948174,0.0367487743496895,0,"fsrq","B3 0920+416",0.998890578746796,0.960500478744507,"cgrabs",140.880437333,41.4242887417,9.49999972021942e-08,"RFC J0923+4125",1.73199999332428,"LSP",10115794075648,6.82508411765925e-13,29.0255107879639,0.243884980678558,0.0850313678383827,-Inf,19.32403,"FSRQ",1,-9.18445290868372,-11.1486574443448,1.40754839552388,1.46277987114764,13.0049999799527,-12.1658919916703,2.96620955729895,0.366032211728964
"4FGL J0924.0+2816",1,141.004898071289,28.2754993438721,198.863845825195,44.4368782043457,16.6718711853027,3.68859026655954e-10,3.76582758032651e-11,5.37501943995156e-12,4.61909536227795e-13,"PowerLaw",2.5055525302887,0.0691500157117844,729.047729492188,2.52294588088989,0.0615944340825081,-0.043266125023365,0.03097003698349,0,"fsrq","B2 0920+28",0.988392114639282,0.888351380825043,"bzcat",140.964680771,28.2569505417,9.49999972021942e-08,"RFC J0923+2815",0.744199991226196,"LSP",4852885225472,2.76399974956376e-12,95.9383697509766,0.785735011100769,0.203462317585945,-Inf,18.988434,"FSRQ",1,-9.43313958409417,-11.2696199606871,1.22198434606951,1.98199233436992,12.6860000200329,-11.5584620006477,2.86275596175629,0.57332874958736
"4FGL J0925.7+3126",1,141.445404052734,31.44700050354,194.542877197266,45.3520355224609,11.965672492981,2.63143395962118e-10,3.20348608751075e-11,3.2704108518522e-12,4.02579960470315e-13,"PowerLaw",2.21324515342712,0.0946145132184029,1531.47741699219,2.18931698799133,0.115404985845089,0.0249053351581097,0.0568866655230522,0,"bll","B2 0922+31B",0.998971402645111,0.972660541534424,"bzcat",141.431876092,31.4530007806,1.39999997372797e-07,"RFC J0925+3127",0.259999990463257,"LSP",47863010689024,7.89367052625445e-13,14.0713939666748,0.302738308906555,0.174980327486992,-Inf,19.034916,"BLL",0,-9.57980752487984,-11.4853976848064,1.07793711179053,1.1483371224559,13.6800000132182,-12.1027210045703,3.18511059712823,0.793650799657812
"4FGL J0928.1-2035",1,142.047805786133,-20.5972995758057,251.706085205078,21.4688816070557,13.562912940979,3.66950553276624e-10,4.01258609672439e-11,6.56738248852595e-12,5.61162390427111e-13,"PowerLaw",2.45464324951172,0.0696710348129272,815.195739746094,2.39040184020996,0.0954595059156418,0.124589897692204,0.0626359656453133,0,"fsrq","PKS 0925-203",0,0.918616354465485,"at20g",141.965934667,-20.580897925,3.98734272266665e-08,"RFC J0927-2034",0.34799998998642,"LSP",10115794075648,6.70082088774504e-12,108.029899597168,0.884228646755219,0.225722700357437,43.326301574707,16.733706,"FSRQ",1,-9.43539245314816,-11.1826076893894,1.1323529740688,2.03354397245847,13.0049999799527,-11.1738719905559,2.91126190135951,0.741839768122012
"4FGL J0930.5+4951",1,142.625396728516,49.8577003479004,168.119735717773,45.6911582946777,9.17285442352295,1.8906030907484e-10,3.67793920319492e-11,2.14107204188352e-12,4.31540924956259e-13,"PowerLaw",1.82354187965393,0.12494795769453,6166.84033203125,1.81306529045105,0.138905465602875,0.00942439958453178,0.0558556020259857,0,"bll","1ES 0927+500",0.996805787086487,0.984538018703461,"bllac",142.656558238,49.8404304139,1.50000005305628e-06,"RFC J0930+4950",0.18674199283123,"HSP",199526227608862720,4.97659162143615e-12,15.5782098770142,0.270336985588074,0.320716023445129,-Inf,18.458714,"BLL",0,-9.72339963645935,-11.6693687195033,0.962504501153693,1.19251755056366,17.2999999915372,-11.3030679959515,3.79006270409106,0.842643140666392
"4FGL J0930.9+0033",1,142.747604370117,0.557500004768372,233.22705078125,35.1101837158203,16.7760143280029,3.80984466197276e-10,4.16250020562892e-11,6.72917320823641e-12,5.79743826729928e-13,"PowerLaw",2.71594595909119,0.0600192435085773,434.802917480469,2.63577795028687,0.0831878557801247,0.133487224578857,0.0602080784738064,4,"fsrq","PKS 0928+008",0.993111610412598,0.902870178222656,"bzcat",142.717723129,0.583039441667,1.39999997372797e-07,"RFC J0930+0034",1.77100002765656,"LSP",5011872415744,7.08325704947693e-13,20.3719730377197,0.234168663620949,0.0992787629365921,-Inf,18.941338,"FSRQ",1,-9.41909273136463,-11.1720382928575,1.22468878837824,1.30903309271633,12.7000000068864,-12.1497669974867,2.63829244949295,0.360880544936588
"4FGL J0932.7+1041",1,143.180206298828,10.690299987793,222.392044067383,40.5771102905273,7.34732580184937,1.75283759729083e-10,3.27381281806094e-11,2.00474749648127e-12,4.19943431157616e-13,"PowerLaw",1.94681763648987,0.127925127744675,3271.6611328125,1.74921333789825,0.219789519906044,0.261125832796097,0.151093035936356,0,"bll","NVSS J093239+104231",0.998805522918701,0.861746430397034,"bzcat",143.164012596,10.7097717639,1.50000005305628e-06,"RFC J0932+1042",0.361000001430511,"ISP",179887088336896,9.93543788907481e-13,9.82448196411133,0,10,23.1583995819092,18.292372,"BLL",0,-9.75625831999731,-11.6979403201962,0.866129298155007,0.992309659703009,14.2549999923323,-12.002812987274,3.51476831462919,0.734753856685471
"4FGL J0934.3+3926",1,143.58610534668,39.4365005493164,183.104965209961,47.5716857910156,14.3262004852295,3.1072205919358e-10,3.32907555689044e-11,4.3601394196513e-12,4.48600249829123e-13,"PowerLaw",2.43992972373962,0.0797764286398888,965.682312011719,2.42636752128601,0.0906348824501038,0.0147569850087166,0.0463891923427582,0,"bll","GB6 J0934+3926",0.987464249134064,0,"crates",143.527792129,39.4422592306,1.30000003650821e-07,"RFC J0934+3926",0.0443990007042885,"LSP",11220184727552,5.76874051999576e-13,17.2568740844727,0.273178189992905,0.132649034261703,-Inf,20.05495,"BLL",0,-9.50762791363922,-11.3604996235256,1.15613102451489,1.23696213026609,13.0500000071426,-12.2389189953231,2.98483427669257,0.957488468799426
"4FGL J0934.5-1720",1,143.627807617188,-17.3388004302979,250.168151855469,24.7627906799316,5.63703298568726,1.83333681569309e-10,4.40241142152242e-11,1.73938662952067e-12,5.11174815583798e-13,"PowerLaw",1.9393458366394,0.139492407441139,4722.4716796875,1.944859623909,0.185632765293121,0.0652409940958023,0.0754306018352509,16,"bll","RXC J0934.4-1721",0.999546229839325,0.964115023612976,"bllac",143.625674817,-17.3559661667,2.40000008489005e-06,"RFC J0934-1721",0.249899998307228,"ISP",630957338001408,9.23553334503113e-13,8.04338645935059,0,10,-Inf,18.698662,"BLL",0,-9.73675774029732,-11.7596038726238,0.751050576147143,0.905438935683936,14.7999999955406,-12.0345380193233,3.67416936216987,0.800064006203957
"4FGL J0936.5+1847",1,144.13459777832,18.7975997924805,212.769241333008,44.6455268859863,9.69149017333984,2.32880742467856e-10,3.32974932348851e-11,2.49901553443788e-12,4.0346911467197e-13,"PowerLaw",2.07022786140442,0.109076544642448,2184.36108398438,1.89080655574799,0.20735989511013,0.149730131030083,0.121694140136242,0,"bll","GB6 J0936+1850",0.995044708251953,0,"bzcat",144.115262292,18.8342560972,9.6999997367675e-07,"RFC J0936+1850",0.831126987934113,"ISP",131825674485760,9.09921660588453e-13,4.96718168258667,0,10,-Inf,18.91716,"BLL",0,-9.63286642295408,-11.6022310441938,0.986390559744362,0.696110045298589,14.1200000020759,-12.0409959965126,3.33932443065357,0.546111769740342
"4FGL J0937.1+5008",1,144.296905517578,50.1436996459961,167.378829956055,46.6775588989258,14.4179201126099,3.02598862633729e-10,3.21223186938724e-11,4.5767252834783e-12,4.26354508338903e-13,"PowerLaw",2.39678311347961,0.0780390724539757,998.769409179688,2.25023436546326,0.135366067290306,0.176347717642784,0.0952067747712135,0,"fsrq","GB6 J0937+5008",0.998713195323944,0.937519311904907,"cgrabs",144.301363963,50.1478049306,8.80000001757253e-08,"RFC J0937+5008",0.275999993085861,"LSP",8609937752064,3.98475826987599e-12,40.5360565185547,0.558893144130707,0.167209416627884,-Inf,18.205873,"FSRQ",1,-9.51913270867511,-11.3394451551825,1.15890261483792,1.60784149681052,12.9350000116124,-11.3995980193728,2.99946523208949,0.783699063807684
"4FGL J0937.9-1434",1,144.47509765625,-14.5705995559692,248.477569580078,27.2159175872803,11.1594867706299,2.86563939244644e-10,3.98920133037883e-11,2.5988837817903e-12,4.77714113926442e-13,"PowerLaw",1.97972369194031,0.0990201309323311,3062.59057617188,1.86871719360352,0.16389088332653,0.137820243835449,0.0924047529697418,0,"bll","NVSS J093754-143350",0.998215734958649,0,"rfc",144.478021779,-14.5639634333,8.99999974990351e-07,"RFC J0937-1433",0.287000000476837,"ISP",582103225860096,1.07284005897851e-12,41.946216583252,0.742306888103485,0.230999246239662,-Inf,17.884274,"BLL",0,-9.54277846143484,-11.5852131410668,1.04764422167963,1.62269279493549,14.7650000060352,-11.9694650186496,3.48608894182971,0.777000776712896
"4FGL J0940.4+6148",1,145.120697021484,61.815601348877,151.588119506836,43.2049217224121,12.7684316635132,2.28186858297619e-10,3.24990104272338e-11,3.06736840788302e-12,4.27373522855767e-13,"PowerLaw",1.83223009109497,0.0933689698576927,4910.10546875,1.7495424747467,0.12249594181776,0.0741252228617668,0.060367189347744,0,"bll","RX J0940.3+6148",0.999109983444214,0.947820842266083,"bzcat",145.09355255,61.8072947556,4.00000004674439e-07,"RFC J0940+6148",0.210999995470047,"HSP",29512092532867072,1.4404261203943e-12,18.6708278656006,0.440296113491058,0.198654964566231,66.8191986083984,18.17667,"BLL",0,-9.64170937101847,-11.5132340597195,1.1061375564873,1.27116357501876,16.4700000039174,-11.8415090118215,3.69109082084073,0.825763834633089
"4FGL J0940.9-1335",1,145.243804931641,-13.5890998840332,248.207321166992,28.4251041412354,21.3413219451904,6.85380197040786e-10,5.38520963933031e-11,9.46780241012357e-12,6.11152404725313e-13,"LogParabola",2.40517902374268,0.0488750152289867,663.063903808594,2.3005428314209,0.0721814706921577,0.114887818694115,0.0419310927391052,0,"fsrq","TXS 0938-133",0.999508857727051,0.966332137584686,"bzcat",145.260622788,-13.5974958083,1.39999997372797e-07,"RFC J0941-1335",0.550999999046326,"LSP",9332543455232,8.85162494516922e-13,174.362152099609,0.869364023208618,0.214473202824593,-Inf,18.730822,"FSRQ",1,-9.16406844796591,-11.0237508142293,1.32922131741835,2.24145222074492,12.9700000208136,-12.0529769959755,2.82155538622382,0.644745325992828
"4FGL J0945.2+5200",1,146.316192626953,52.005298614502,164.250717163086,47.4063568115234,10.4190473556519,1.80819983985891e-10,2.69815871034584e-11,3.28444801737937e-12,4.34399722139614e-13,"PowerLaw",2.7179548740387,0.0890152081847191,531.375915527344,2.63420867919922,0.131193622946739,0.139521300792694,0.104173146188259,0,"fsrq","WISE J094452.09+520233.4",0.956859767436981,0.912987351417542,"rfc",146.217313596,52.0428380944,9.49999972021942e-08,"RFC J0944+5202",0.562979996204376,"LSP",13182567448576,8.56783340021788e-13,59.6981315612793,0.778726935386658,0.215429857373238,-Inf,19.34717,"FSRQ",1,-9.74275357355541,-11.4835376072759,1.01782801194842,1.77596073874537,13.1200000020759,-12.0671289868622,2.72540186623795,0.639803453933162
"4FGL J0945.7+5759",1,146.432006835938,57.9870986938477,156.081893920898,45.3843879699707,14.5800104141235,3.53206491832125e-10,3.82016814015618e-11,2.84770709617355e-12,4.34200933671289e-13,"LogParabola",2.09283971786499,0.0791099071502686,1977.84521484375,1.87464797496796,0.155623197555542,0.228201374411583,0.101181961596012,0,"bll","GB6 J0945+5757",0.996295094490051,0.892912685871124,"crates",146.425982717,57.9632488556,2.29999997714003e-07,"RFC J0945+5757",0.229003995656967,"LSP",96605088776192,2.63350409188123e-12,40.0580062866211,0.684194624423981,0.200577452778816,-Inf,17.931429,"BLL",0,-9.45197132281542,-11.5455046825413,1.16375783418736,1.60268933037279,13.9850000039436,-11.5794660025087,3.2961923009267,0.813667004772794
"4FGL J0946.0+4735",1,146.516693115234,47.5848999023438,170.586807250977,48.6815185546875,4.95515537261963,9.69821722929254e-11,2.42256544685793e-11,1.15247264856344e-12,3.15178818374034e-13,"PowerLaw",2.13535499572754,0.232573747634888,2990.78125,2.2242591381073,0.135549649596214,-0.0975145846605301,0.0447063483297825,0,"bll","RX J0946.0+4735",0.990071773529053,0,"bzcat",146.518646240234,47.5861625671387,2.6e-06,"",0.568867027759552,"ISP",158489326387200,3.01133440015408e-13,3.35923409461975,0,10,-Inf,19.573515,"BLL",0,-10.0133080923976,-11.9383693728528,0.69505727666457,0.526240269533574,14.2000000195681,-12.5212410146374,3.47578464927601,0.637402649367976
"4FGL J0946.2+0104",1,146.567199707031,1.07009994983673,235.366088867188,38.5628204345703,8.01786708831787,2.15229098432523e-10,4.61551907804392e-11,2.55094079540386e-12,5.52685609951642e-13,"PowerLaw",1.89072811603546,0.134770587086678,5792.8603515625,1.78407442569733,0.218538343906403,0.120453134179115,0.113276816904545,4,"bll","1RXS J094620.5+010459",0.998498499393463,0.95167863368988,"bzcat",146.584237304,1.08113655833,6.00000021222513e-07,"RFC J0946+0104",0.577000021934509,"HSP",616594988301549568,1.53747121370978e-12,10.2812013626099,0.238637074828148,0.520631492137909,-Inf,19.621603,"BLL",0,-9.66709901351506,-11.5932996207817,0.904058852701662,1.01204386511334,17.7899999904492,-11.8131930068332,3.7628930590917,0.634115400184521
"4FGL J0946.6+1016",1,146.66130065918,10.2770004272461,224.995483398438,43.4315414428711,47.0366363525391,1.81977355406815e-09,7.58774779119342e-11,2.22046565162559e-11,8.37405611433389e-13,"LogParabola",2.42601585388184,0.0247102081775665,505.180267333984,2.3441469669342,0.0307471733540297,0.0800633504986763,0.0198287833482027,0,"fsrq","TXS 0943+105",0.999384343624115,0.971901595592499,"bzcat",146.646124808,10.2850373528,7.50000026528141e-08,"RFC J0946+1017",1.00699996948242,"LSP",36307803832320,5.15368672217298e-13,291.938690185547,0.448331773281097,0.109591566026211,29.1940002441406,19.065416,"FSRQ",1,-8.73998265066174,-10.653555940538,1.6724362572483,2.46529165518193,13.5599999803271,-12.2878819844981,2.70344637839293,0.498256111213538
"4FGL J0947.6+2215",1,146.904205322266,22.2600994110107,209.16877746582,48.1897735595703,7.47016572952271,1.77066486473088e-10,3.07297035040399e-11,2.08115252461893e-12,3.89130622256012e-13,"PowerLaw",2.15368366241455,0.121660940349102,1827.68591308594,2.00096774101257,0.216747254133224,0.256174385547638,0.18311271071434,0,"bll","TXS 0944+225",0.998571336269379,0.899060308933258,"bzcat",146.910763113,22.259265575,5.90000013289682e-07,"RFC J0947+2215",0.41499999165535,"LSP",75857754324992,6.64229251028797e-13,19.7205238342285,0.367356151342392,0.268040746450424,-Inf,19.086655,"BLL",0,-9.75186363032384,-11.6816960898158,0.873330236971863,1.29491844687767,13.879999981806,-12.1776820030516,3.26190156451947,0.706713785086416
"4FGL J0949.0+4038",1,147.261795043945,40.6366996765137,181.028991699219,50.3104705810547,9.77909183502197,1.86042528604879e-10,2.85708800368267e-11,3.09389341403288e-12,4.42123361575966e-13,"PowerLaw",2.60772657394409,0.104888089001179,714.343688964844,2.61785578727722,0.101777032017708,-0.0186766516417265,0.0543026737868786,0,"fsrq","4C +40.24",0.995967388153076,0.983023703098297,"crates",147.230575629,40.6623852694,7.50000026528141e-08,"RFC J0948+4039",1.24996399879456,"LSP",2187761680384,1.88895231921504e-12,31.628849029541,0.580247819423676,0.192586407065392,-Inf,18.216295,"FSRQ",1,-9.73038776638863,-11.5094946520118,0.990298524587996,1.50008338827317,12.3400000112029,-11.7237790043668,2.85390721220787,0.444451555907454
"4FGL J0950.2+0615",1,147.559600830078,6.25829982757568,230.360290527344,42.2208938598633,12.0280714035034,3.22630089311104e-10,4.01633136470902e-11,3.75587581868952e-12,5.12120348298423e-13,"PowerLaw",2.03711271286011,0.0866514071822166,2215.4375,1.94174230098724,0.133808821439743,0.131615862250328,0.0746979042887688,0,"bll","GB6 J0950+0615",0.989763855934143,0,"bzcat",147.514447792,6.25106011667,1.70000006960436e-07,"RFC J0950+0615",0.435000002384186,"LSP",36307803832320,9.44595747107146e-13,15.012809753418,0.34230899810791,0.210550457239151,25.4895000457764,18.981554,"BLL",0,-9.49129513163894,-11.4252887753382,1.08019599758407,1.17646198113119,13.5599999803271,-12.0247540140971,3.34545950260144,0.69686411034045
"4FGL J0950.2+4553",1,147.564895629883,45.8862991333008,172.893432617188,49.7451324462891,18.9115657806396,4.06909089756269e-10,3.54036314154094e-11,4.76054699133366e-12,4.60761745597893e-13,"PowerLaw",1.987419962883,0.0689051821827888,2322.98388671875,1.96742594242096,0.0866314545273781,0.0151971522718668,0.0378812253475189,0,"bll","RX J0950.2+4553",0.999556124210358,0.914008736610413,"bllac",147.549238042,45.8889029944,3.09999990122378e-07,"RFC J0950+4553",0.399399995803833,"LSP",70794575085568,8.7204120877496e-13,11.0708923339844,0.128358006477356,0.16655145585537,-Inf,18.281588,"BLL",0,-9.39050260853232,-11.3223431435674,1.27672748768905,1.04418262721178,13.8499999794317,-12.0594629917639,3.36604619734505,0.714591970129018
"4FGL J0952.8+0712",1,148.21940612793,7.2140998840332,229.705856323242,43.2753868103027,8.15871429443359,1.77057660200042e-10,3.2743065203622e-11,2.13835242915406e-12,4.14521715563776e-13,"PowerLaw",1.98506391048431,0.120781220495701,3000.16870117188,1.89279675483704,0.203788682818413,0.249129936099052,0.141546741127968,0,"bll","SDSS J095249.57+071329.9",0.996240794658661,0,"rfc",148.206569092,7.22501137778,6.09999972311925e-07,"RFC J0952+0713",0.435000002384186,"ISP",194984452030464,6.65556585538463e-13,10.4785585403442,0.148304477334023,0.612178146839142,75.3916015625,19.030037,"BLL",0,-9.7518852792383,-11.6699207156739,0.911621725074109,1.02030154399973,14.2899999823031,-12.1768150149565,3.47714567602903,0.69686411034045
"4FGL J0955.1+3551",1,148.781600952148,35.8583984375,188.52311706543,51.7475700378418,5.18988656997681,8.63901866710037e-11,2.33094377133369e-11,1.09587675305861e-12,2.9607279085006e-13,"PowerLaw",1.89323854446411,0.171297386288643,4047.20947265625,1.87942969799042,0.192569196224213,0.0251082181930542,0.0809811279177666,0,"bll","1RXS J095508.2+355054",0.997013330459595,0.885996222496033,"bllac",148.782844217,35.8502411861,3.5999998999614e-06,"RFC J0955+3551",0.833999991416931,"ISP",506990723858432,3.80341754185193e-13,5.96012735366821,0,10,178.75,19.802818,"BLL",0,-10.0635355875753,-11.9602382857023,0.715157866023509,0.775255539673867,14.7050000133492,-12.4198259948176,3.60715568288537,0.545256272998894
"4FGL J0956.0+3936",1,149.007995605469,39.6054992675781,182.463027954102,51.7362327575684,7.87908983230591,1.51181581142801e-10,2.57795902680602e-11,1.8673862369617e-12,3.75784066407661e-13,"PowerLaw",2.39369821548462,0.130516767501831,1205.39538574219,2.3526439666748,0.164390251040459,0.0525611788034439,0.0993574485182762,0,"fsrq","WISE J095608.57+393515.8",0.998116314411163,0.934261620044708,"crates",149.035659213,39.5878347278,1.10000001996013e-07,"RFC J0956+3935",1.17300999164581,"LSP",12022644211712,3.79148210223612e-13,6.35234260559082,0,10,-Inf,20.248484,"FSRQ",1,-9.82050111687256,-11.7287658463611,0.896476052053379,0.802933913176131,13.0799999951428,-12.421190989768,3.08112952465426,0.460191165178496
"4FGL J0956.7+2516",1,149.17610168457,25.2817001342773,205.459136962891,50.9595413208008,25.457145690918,6.74938605005337e-10,4.77539223442403e-11,1.08561493128434e-11,5.84537843476007e-13,"PowerLaw",2.54700326919556,0.0427096821367741,583.911926269531,2.48781037330627,0.0576272085309029,0.0952730402350426,0.0368636474013329,0,"fsrq","OK 290",0.990383148193359,0.963056862354279,"cgrabs",149.207814079,25.2544582889,7.50000026528141e-08,"RFC J0956+2515",0.708000004291534,"LSP",4591980118016,3.78988463875518e-12,91.273323059082,0.474067807197571,0.122901402413845,-Inf,18.074976,"FSRQ",1,-9.17073573045797,-10.9643241921263,1.40580970803031,1.96034386251601,12.6619999990209,-11.4213740094289,2.76634734570882,0.585480092205733
"4FGL J0957.3-1348",1,149.331405639648,-13.8141002655029,251.514099121094,31.1803512573242,20.1158103942871,6.26990293017826e-10,5.34134750318493e-11,8.74351459290157e-12,6.82649900149435e-13,"LogParabola",2.46672344207764,0.0505433306097984,562.0546875,2.30997824668884,0.0864173248410225,0.15527418255806,0.0514658205211163,0,"fsrq","PMN J0957-1350",0.999469876289368,0.965811491012573,"bzcat",149.325762754,-13.8336601583,1.39999997372797e-07,"RFC J0957-1350",1.32299995422363,"LSP",4786301173760,1.20317276107451e-12,115.001647949219,0.691693425178528,0.176342844963074,-Inf,18.60157,"FSRQ",1,-9.20273918280792,-11.058313960788,1.30353753343612,2.060704063746,12.6800000227327,-11.9196720087412,2.74977857415267,0.430477838874607
"4FGL J0957.6+5523",1,149.416107177734,55.3838005065918,158.594680786133,47.9313926696777,180.734252929688,1.0250811754986e-08,1.43907247229791e-10,9.2972067544661e-11,1.76957862425831e-12,"LogParabola",2.01444888114929,0.00839134212583303,797.655151367188,1.90024042129517,0.0131550235673785,0.0782867819070816,0.0061805471777916,0,"fsrq","4C +55.17",0.99990439414978,0.999062061309814,"crates",149.409102708,55.3827132583,2.90000002678426e-07,"RFC J0957+5522",0.896000027656555,"LSP",15135612600320,2.27486692677692e-12,38.2088394165039,0.0611806102097034,0.0187510997056961,145.88200378418,17.300415,"FSRQ",1,-7.98924174175438,-10.0316475109443,2.25704046826995,1.58216384630754,13.1800000033272,-11.6430440032516,2.90181517427348,0.527426152644098
"4FGL J0958.0+4728",1,149.509002685547,47.4674987792969,170.001846313477,50.6696624755859,26.6616439819336,5.53353307619631e-10,4.28430971255445e-11,5.46211686991427e-12,5.7171541806289e-13,"LogParabola",2.59030628204346,0.0425736121833324,486.275482177734,2.36530709266663,0.0715936124324799,0.25384783744812,0.0656490102410316,0,"fsrq","OK 492",0.973827123641968,0.878113090991974,"cgrabs",149.581965192,47.4188451111,6.79999985209179e-08,"RFC J0958+4725",1.88199996948242,"LSP",1380384243712,8.28220521678635e-13,243.127822875977,0.848160922527313,0.206753507256508,-Inf,18.487547,"FSRQ",1,-9.25699748975355,-11.2626390117364,1.42588692490791,2.38583466114729,12.1399999934273,-12.0818540127356,2.6868823731599,0.346981266685992
"4FGL J0958.0+3222",1,149.521896362305,32.3689994812012,194.218231201172,52.2648582458496,10.2745952606201,1.87371618221022e-10,2.88237385348555e-11,3.90309746328699e-12,4.26688903393951e-13,"PowerLaw",2.6364586353302,0.093717597424984,584.366088867188,2.60823822021484,0.111166000366211,0.0660277605056763,0.0679846405982971,0,"fsrq","3C 232",0.975367844104767,0,"crates",149.58729015,32.4006137528,6.79999985209179e-08,"RFC J0958+3224",0.530600011348724,"LSP",3845917769728,3.17865937564388e-12,10.7800254821777,0.17910934984684,0.212896659970284,-Inf,15.520537,"FSRQ",1,-9.72729619244228,-11.4085906039226,1.01176472305016,1.03261978745147,12.5849999942719,-11.4977560084816,2.76668500561071,0.653338555197596
"4FGL J0958.4+5042",1,149.605697631836,50.7000007629395,165.149139404297,49.7663536071777,10.5045738220215,1.69654082449178e-10,2.61874723295197e-11,3.2794906113659e-12,3.80790776514928e-13,"PowerLaw",2.66307067871094,0.0968159139156342,574.3740234375,2.62290406227112,0.119166053831577,0.0575189404189587,0.0732709839940071,0,"fsrq","7C 0955+5054",0.990838408470154,0,"cgrabs",149.657539229,50.6659676472,1.1999999571799e-07,"RFC J0958+5039",1.15400004386902,"LSP",2371373760512,3.65840685653471e-13,28.6883850097656,0.495282083749771,0.168812543153763,-Inf,18.84293,"FSRQ",1,-9.77043568530375,-11.4841936080728,1.02137843746554,1.45770610066536,12.3750000100453,-12.436707997678,2.75919479033442,0.464252543933935
"4FGL J0958.7+6534",1,149.689697265625,65.5678024291992,145.745513916016,43.1277313232422,87.4482269287109,3.53241302875063e-09,8.36838098816628e-11,3.54894204301903e-11,1.01690086472955e-12,"LogParabola",2.21558213233948,0.0150667419657111,651.32958984375,2.16184639930725,0.020405950024724,0.0371041297912598,0.00939301121979952,0,"BLL","S4 0954+65",1,0.995609521865845,"identified",149.696854642,65.5652272194,6.79999985209179e-08,"RFC J0958+6533",0.367000013589859,"LSP",11748975312896,1.1457477328003e-11,2127.6767578125,0.930262982845306,0.219992503523827,187.787002563477,16.23876,"BLL",0,-8.45192852207634,-10.4499010929608,1.94175100829287,3.327905649487,13.0699999912579,-10.940910993462,2.81380080858089,0.731528888118965
"4FGL J1001.1+2911",1,150.293792724609,29.1879997253418,199.518280029297,52.6194915771484,26.1342887878418,7.23732740404159e-10,4.76933492699061e-11,9.70236304492778e-12,5.62199212964659e-13,"PowerLaw",2.26877188682556,0.0446696765720844,960.068969726562,2.23639631271362,0.0542729645967484,0.0603737644851208,0.0327926687896252,0,"bll","GB6 J1001+2911",0.999667048454285,0.965993225574493,"bllac",150.292523454,29.1937600944,1.50000005305628e-07,"RFC J1001+2911",0.558000028133392,"LSP",9332543455232,3.7967324596766e-12,211.577819824219,0.946796000003815,0.231287509202957,92.7994003295898,18.766273,"BLL",0,-9.14042178020629,-11.0131224788896,1.41721068581052,2.32547013768809,12.9700000208136,-11.4205900047511,2.9823024331393,0.641848512158295
"4FGL J1002.5+2215",1,150.648193359375,22.2597999572754,210.669219970703,51.5170822143555,11.1421356201172,2.55514304159377e-10,3.89382068255451e-11,2.64583320530587e-12,4.787761441645e-13,"PowerLaw",1.90663313865662,0.11364222317934,4062.27197265625,1.86820244789124,0.164414823055267,0.0269476715475321,0.0719627216458321,0,"bll","1RXS J100235.8+221609",0.998775064945221,0.902286469936371,"whsp2",150.643404021,22.27080325,6.19999980244756e-07,"RFC J1002+2216",0.550000011920929,"HSP",3427677839032320,6.97451482418315e-13,2.85302972793579,0,10,129.740997314453,19.036367,"BLL",0,-9.59258478224709,-11.5774375374344,1.04696844031173,0.455306296932649,15.534999996651,-12.1564859983065,3.60876899643702,0.645161285360696
"4FGL J1003.6+2605",1,150.912002563477,26.0988006591797,204.689010620117,52.6589469909668,8.83937931060791,2.32596192306644e-10,3.39692614315101e-11,2.78185113833374e-12,4.28866523457389e-13,"PowerLaw",2.28027629852295,0.112394593656063,1422.26721191406,2.19730186462402,0.163578197360039,0.142200917005539,0.122041657567024,0,"bll","PKS 1000+26",0.997539639472961,0.958773255348206,"bzcat",150.925950129,26.0869181972,4.99999998737621e-07,"RFC J1003+2605",0.929499983787537,"LSP",19275249090560,3.09376276767109e-13,6.54890251159668,0,10,-Inf,20.347898,"BLL",0,-9.63339739912498,-11.5556661135711,0.946421770506073,0.816168525473733,13.2849999990683,-12.5095129914257,3.15298119819236,0.518268985956163
"4FGL J1006.5+6440",1,151.625106811523,64.6762008666992,146.132431030273,44.3022193908691,9.03164768218994,1.3537712617584e-10,2.55712343660841e-11,1.39863576449628e-12,2.93026318270648e-13,"PowerLaw",1.86995661258698,0.1368368268013,4837.78857421875,2.08253002166748,0.103309281170368,-0.124344199895859,0.0441936999559402,0,"bll","RX J1006.1+6440",0.994206070899963,0.829219043254852,"bzcat",151.550947208,64.6698817861,7.09999994796817e-07,"RFC J1006+6440",0.560000002384186,"ISP",334965438939136,4.9312382519387e-13,7.33814144134521,0,10,14.8605003356934,18.838871,"BLL",0,-9.86845470946776,-11.8542953706154,0.955766987744951,0.865586078447966,14.5249999997165,-12.3070440140978,3.68464688447718,0.641025640045946
"4FGL J1006.7-2159",1,151.693099975586,-21.9909992218018,259.801910400391,26.7751121520996,50.4411506652832,2.21176965631287e-09,8.1620814273986e-11,1.44126941284406e-11,6.99344011520497e-13,"LogParabola",2.35089468955994,0.0222505275160074,507.078155517578,2.2939612865448,0.028996005654335,0.0459911115467548,0.0148469051346183,0,"fsrq","PKS 1004-217",0.999937176704407,0.976641893386841,"bzcat",151.693390271,-21.9890028028,8.19999996792831e-08,"RFC J1006-2159",0.330000013113022,"LSP",54954085580800,3.31519447310802e-12,1322.41296386719,1.16298937797546,0.275562167167664,99.3496017456055,16.635828,"FSRQ",1,-8.65526010440225,-10.8412548300291,1.70278498515487,3.12136709805612,13.7399999857356,-11.4794909902998,2.70507490192528,0.751879691835026
"4FGL J1007.0+3455",1,151.760192871094,34.9212989807129,190.027648925781,54.1875457763672,12.2002372741699,2.28976032579098e-10,3.12711731509374e-11,2.60960849284009e-12,4.40857636854752e-13,"PowerLaw",1.81788635253906,0.0899610966444016,3709.189453125,1.68588578701019,0.149534985423088,0.132848098874092,0.0776203125715256,0,"bll","EXO 1004.0+3509",0.997425675392151,0.925843358039856,"bllac",151.735300404,34.9125523611,6.39999996110419e-07,"RFC J1006+345A",0.611999988555908,"ISP",173780081049600,6.20308871542713e-13,9.97783660888672,0.161095187067986,0.319705247879028,37.4906997680664,18.088543,"BLL",0,-9.64020997383211,-11.5834246429119,1.08636827705677,0.999036387913457,14.2399999954383,-12.2073920075913,3.56927901622035,0.620347398944983
"4FGL J1008.0+0620",1,152.013595581055,6.34749984741211,233.539886474609,46.0162010192871,28.8376541137695,1.03093800163379e-09,6.00269764450267e-11,1.3443369681343e-11,7.4252957298418e-13,"PowerLaw",2.18949770927429,0.0430402792990208,1355.69006347656,2.15730953216553,0.0531056821346283,0.0470212064683437,0.0270539503544569,0,"bll","MG1 J100800+0621",0.999670028686523,0.983168125152588,"cgrabs",152.003400654,6.35589324444,1.1999999571799e-07,"RFC J1008+0621",0.649999976158142,"LSP",20892960686080,9.06627724284181e-12,84.1147155761719,0.456812381744385,0.120977997779846,61.6730003356934,17.553078,"BLL",0,-8.98676745145551,-10.8714918584706,1.45995992848557,1.92487198074993,13.3199999870611,-11.0425710045366,3.13216041290333,0.606060614817946
"4FGL J1008.8-3139",1,152.205902099609,-31.6611995697021,266.873565673828,19.5946998596191,10.1237201690674,4.10022488184225e-10,4.9996430606658e-11,5.17869818209005e-12,7.03664069286875e-13,"PowerLaw",2.31000065803528,0.0870332941412926,1473.45922851562,2.29631924629211,0.101041927933693,0.0433326922357082,0.0512553527951241,16,"bll","PKS 1006-313",0.996363580226898,0.954972743988037,"wise",152.210627071,-31.6515183556,1.7999999499807e-06,"RFC J1008-3139",0.533999979496002,"LSP",82224263200768,1.01502324340724e-12,12.6984491348267,0.234713494777679,0.176082476973534,23.0764999389648,18.31354,"BLL",0,-9.38719232321567,-11.2857793992104,1.00534013226758,1.10375068368709,13.9149999905247,-11.9935240125607,3.16833812316819,0.651890491112361
"4FGL J1010.2-3119",1,152.571594238281,-31.3206996917725,266.912963867188,20.0549297332764,22.153507232666,6.12562001123251e-10,5.84901571620833e-11,8.33217262546926e-12,8.15353752396664e-13,"PowerLaw",1.76357674598694,0.061471302062273,5748.92724609375,1.74295341968536,0.0723029896616936,0.0183828342705965,0.0302210487425327,0,"bll","1RXS J101015.9-311909",0.999968707561493,0.995639801025391,"bllac",152.566580104,-31.3190025778,1.20000004244503e-06,"RFC J1010-3119",0.142638996243477,"HSP",38018938835042304,1.0386829417397e-11,38.1449966430664,0.525989294052124,0.161937639117241,414.72900390625,17.207975,"BLL",0,-9.21284994715454,-11.0792417409432,1.34544249133637,1.5814375810115,16.5799999908956,-10.9835170007265,3.75958681259102,0.87516705038738
"4FGL J1010.8-0158",1,152.703796386719,-1.98169994354248,243.395309448242,41.6086120605469,10.5232610702515,2.87979334823163e-10,3.96965030291518e-11,4.61192022072066e-12,5.34959880213459e-13,"PowerLaw",2.535404920578,0.0903198271989822,742.842102050781,2.50361585617065,0.108585506677628,0.0455160364508629,0.0614785812795162,0,"fsrq","PKS 1008-01",0.996299862861633,0.966439783573151,"bzcat",152.715277833,-2.0054374,1.39999997372797e-07,"RFC J1010-0200",0.896000027656555,"LSP",15848931590144,1.0457936600039e-12,24.4975509643555,0.422518879175186,0.170413836836815,-Inf,18.469707,"FSRQ",1,-9.54063867576255,-11.3361182139533,1.02215034488886,1.38912266984089,13.1999999908349,-11.9805539953555,2.87089651026721,0.527426152644098
"4FGL J1011.3-0427",1,152.825302124023,-4.4576997756958,245.980987548828,40.0852890014648,3.69733119010925,1.08428960254869e-10,3.08802011739218e-11,2.71686883060451e-12,5.08531151216518e-13,"PowerLaw",2.55772709846497,0.172195166349411,780.633056640625,2.35302567481995,0.33048614859581,0.301148384809494,0.224006533622742,4096,"fsrq","PKS B1008-041",0.984097361564636,0.897585034370422,"bzcat",152.8759996,-4.39102979167,1.80000000682412e-07,"RFC J1011-0423",1.58800005912781,"LSP",5754399490048,4.54005377129724e-13,27.7921104431152,0.832164168357849,0.307874947786331,-Inf,18.691124,"FSRQ",1,-9.96485470673579,-11.5659313286486,0.567888354439679,1.44392152695004,12.7600000088058,-12.3429390034338,2.89244693794272,0.386398754695938
"4FGL J1012.3+0629",1,153.081298828125,6.49590015411377,234.204315185547,46.9850158691406,26.4226055145264,1.01838881771954e-09,6.65020816192907e-11,9.85528152142034e-12,7.19290675198908e-13,"LogParabola",2.09281539916992,0.0477088876068592,1400.75390625,1.97350919246674,0.0737985521554947,0.0933528393507004,0.0372023768723011,0,"bll","NRAO 350",0.991105139255524,0.939030706882477,"bzcat",153.0556169,6.5158887,2.20000003992027e-07,"RFC J1012+0630",0.726999998092651,"LSP",69183098322944,1.36594750267671e-12,21.1168003082275,0.243440985679626,0.0954220071434975,13.2477998733521,17.790625,"BLL",0,-8.99208637803995,-11.0063309653518,1.42197564086323,1.32462811302113,13.8400000077279,-11.86456599153,3.14636184224827,0.579038796238812
"4FGL J1012.7+2439",1,153.19889831543,24.6637992858887,207.772033691406,54.3823699951172,51.0947761535645,2.0211068374465e-09,7.87777065802686e-11,2.07954296144175e-11,8.94732747093452e-13,"LogParabola",2.31387138366699,0.0239811297506094,618.659057617188,2.16906952857971,0.0394158102571964,0.136710718274117,0.0230567026883364,0,"fsrq","MG2 J101241+2439",0.990143418312073,0,"bzcat",153.172409658,24.6564936444,1.89999994404388e-07,"RFC J1012+2439",1.80499994754791,"LSP",10964782022656,1.96215805647708e-13,731.242370605469,0.822663009166718,0.196250051259995,27.1333999633789,19.305592,"FSRQ",1,-8.6944107286979,-10.6820321030825,1.70837650084605,2.8640613479159,13.040000002425,-12.7072660120982,2.79145137569466,0.356506245525668
"4FGL J1013.7+3444",1,153.448699951172,34.7383995056152,190.288314819336,55.5774879455566,13.1712837219238,2.84176598919217e-10,3.3690612799564e-11,4.42495389288422e-12,4.91989044990038e-13,"PowerLaw",2.59148740768433,0.0771608352661133,694.804260253906,2.51659870147705,0.115223132073879,0.128389164805412,0.0761287286877632,0,"fsrq","OL 318",0.994878053665161,0.938680410385132,"cgrabs",153.456725188,34.7641064972,8.80000001757253e-08,"RFC J1013+3445",0.208000004291534,"LSP",8709635833856,1.24253894933507e-12,44.2626571655273,0.547329545021057,0.161093547940254,-Inf,18.800465,"FSRQ",1,-9.54641168776917,-11.3540912502024,1.11962810496773,1.64603748183903,12.9399999967237,-11.9056899887386,2.84186247269833,0.827814566595535
"4FGL J1014.8+2257",1,153.715896606445,22.9545001983643,210.818283081055,54.4315757751465,11.5216379165649,2.30618343866063e-10,3.43106376643476e-11,5.00557234550669e-12,5.78951166521624e-13,"PowerLaw",2.78992700576782,0.0822803527116776,428.245452880859,2.75232911109924,0.102246679365635,0.0760693997144699,0.074357882142067,0,"fsrq","OL 220",0.986703097820282,0.951459586620331,"cgrabs",153.696106104,23.02126965,6.79999985209179e-08,"RFC J1014+2301",0.565999984741211,"LSP",98855307706368,2.35402994840095e-12,9.46608638763428,0.0824833363294601,0.278738409280777,-Inf,17.356726,"FSRQ",1,-9.63710615097472,-11.3005462573887,1.06151422279914,0.976170463527462,13.9949999922709,-11.6281880162833,2.63169276031417,0.638569610308939
"4FGL J1015.0+4926",1,153.768005371094,49.4336013793945,165.533432006836,52.7126808166504,158.523773193359,8.5368911939554e-09,1.38311376240985e-10,9.35165209159372e-11,2.17976635005779e-12,"LogParabola",1.83727931976318,0.00950162764638662,1022.41955566406,1.74955677986145,0.0157242193818092,0.042783048003912,0.00553615717217326,0,"bll","1H 1013+498",0.999974489212036,0.997612774372101,"cgrabs",153.767249208,49.4335289917,1.30000003650821e-07,"RFC J1015+4926",0.211999997496605,"HSP",3981071758655488,1.75817051889515e-11,267.034057617188,0.226569876074791,0.055238950997591,656.6669921875,15.596976,"BLL",0,-8.06870025379748,-10.0291116585519,2.20009440089123,2.42656665496736,15.6000000057949,-10.7549390064955,3.00962914757858,0.825082509955039
"4FGL J1015.6+5553",1,153.910507202148,55.8893013000488,156.167144775391,49.9681625366211,12.3879508972168,2.24492174849544e-10,2.73394067801247e-11,4.01429237073536e-12,3.95812072354063e-13,"PowerLaw",2.54712080955505,0.0805516988039017,746.927124023438,2.47805023193359,0.110166102647781,0.119539156556129,0.0689475387334824,0,"fsrq","TXS 1012+560",0.994081318378448,0.829661428928375,"bzcat",153.935069225,55.850168175,5.49999981558358e-07,"RFC J1015+5551",0.676999986171722,"LSP",94406090686464,3.31234822556481e-13,54.2184791564941,0.672044157981873,0.190768733620644,-Inf,20.060938,"FSRQ",1,-9.64879879265127,-11.3963909999669,1.09299947525191,1.73414733133362,13.9750000140671,-12.4798640123185,2.87327823075994,0.596302926801337
"4FGL J1018.3-3124",1,154.591293334961,-31.4032001495361,268.43701171875,21.0266876220703,30.8443393707275,9.90345583318231e-10,6.02476540878527e-11,1.22877931788001e-11,8.03332118708144e-13,"LogParabola",2.5441038608551,0.035713542252779,584.10205078125,2.46103143692017,0.0508859604597092,0.145950675010681,0.0341622047126293,0,"fsrq","PKS 1016-311",0.999129176139832,0.969095826148987,"cgrabs",154.619806233,-31.3982915861,9.49999972021942e-08,"RFC J1018-3123",0.794000029563904,"LSP",4731512553472,1.79334975689005e-12,211.199295043945,0.632508456707001,0.15537440776825,23.156099319458,17.814508,"FSRQ",1,-9.00421323091875,-10.9105261070507,1.48917547288701,2.32469246424513,12.6749999966825,-11.7463350017518,2.76648873104952,0.557413591706064
"4FGL J1018.4+3540",1,154.607192993164,35.6801986694336,188.522186279297,56.4769859313965,17.917854309082,3.78498565822838e-10,3.63431715277862e-11,6.69537689179656e-12,5.08475965325939e-13,"PowerLaw",2.59006643295288,0.0620034821331501,655.32763671875,2.53501033782959,0.0852862820029259,0.106333561241627,0.0572768114507198,0,"fsrq","B2 1015+35B",0.96783971786499,0.871370851993561,"cgrabs",154.545783767,35.7109558139,6.79999985209179e-08,"RFC J1018+3542",1.22800004482269,"LSP",4518559350784,6.95322055141445e-13,137.460189819336,0.848226428031921,0.212854608893394,-Inf,17.769524,"FSRQ",1,-9.42193576175547,-11.1742249709417,1.25328600100025,2.13817693929247,12.6549999910648,-12.1578139948711,2.81645848356939,0.448833025081731
"4FGL J1018.4+0528",1,154.617202758789,5.4702000617981,236.723754882812,47.6702613830566,9.42842864990234,3.57423562968862e-10,4.96042200370805e-11,4.24748647712136e-12,6.9827525922897e-13,"PowerLaw",2.28355574607849,0.106159217655659,1953.99951171875,2.30758786201477,0.143021240830421,0.0963220074772835,0.0813987031579018,0,"fsrq","TXS 1015+057",0.994753837585449,0.896092712879181,"cgrabs",154.616034521,5.50832278333,6.79999985209179e-08,"RFC J1018+0530",1.94525504112244,"LSP",3845917769728,4.81157214765604e-13,35.3716850280762,0.835401773452759,0.258625745773315,15.1875,20.053411,"FSRQ",1,-9.44681682024102,-11.371867995136,0.974439318873015,1.54865574912672,12.5849999942719,-12.3177129977439,3.29092445085774,0.339529170152578
"4FGL J1022.7-0112",1,155.684005737305,-1.20659995079041,245.236770629883,44.3767356872559,21.6143684387207,6.75439537634048e-10,5.33725286189224e-11,7.72779323171546e-12,7.0751840801006e-13,"PowerLaw",1.94913196563721,0.058022391051054,2631.67797851562,1.9065797328949,0.0737848430871964,0.0413221046328545,0.034065380692482,0,"bll","RX J1022.7-0112",0.999628186225891,0.98881596326828,"bzcat",155.682192258,-1.21733377222,3.09999990122378e-07,"RFC J1022-0113",0.360000014305115,"HSP",48977882898235392,5.74993568383531e-12,12.1149282455444,0.144469633698463,0.135161161422729,89.9024963378906,17.829422,"BLL",0,-9.17041352102705,-11.1119445066141,1.33474255018261,1.0833208462361,16.6900000085248,-11.2403370131037,3.42023274637437,0.735294109912892
"4FGL J1023.1+3949",1,155.788497924805,39.8226013183594,180.822219848633,56.8671875,49.749828338623,1.42601530583875e-09,6.1185070898695e-11,1.8315363115029e-11,7.47306459335934e-13,"LogParabola",2.37421751022339,0.0259749479591846,520.319641113281,2.25047636032104,0.039643757045269,0.10769310593605,0.0226597357541323,0,"fsrq","4C +40.25",0.998420000076294,0.98595529794693,"cgrabs",155.798190271,39.8042737,7.50000026528141e-08,"RFC J1023+3948",1.33280003070831,"LSP",5248074645504,7.78782149445795e-13,1801.38586425781,1.62592267990112,0.384523928165436,24.0963001251221,17.53201,"FSRQ",1,-8.84587581304963,-10.7371844667188,1.69679158655476,3.25560675044786,12.7200000035589,-12.1085840115511,2.71627022002657,0.42866940450801
"4FGL J1023.2+2859",1,155.819305419922,28.9841995239258,200.841247558594,57.3923416137695,6.9211277961731,1.49728326959142e-10,2.98368448004016e-11,2.59906961404266e-12,4.44635268274235e-13,"PowerLaw",2.63207626342773,0.116567641496658,582.761840820312,2.432297706604,0.248707205057144,0.244115725159645,0.180045574903488,0,"fsrq","TXS 1020+292",0.990176796913147,0,"bzcat",155.850192304,28.9474966861,1.50000005305628e-07,"RFC J1023+2856",0.667572021484375,"LSP",13182567448576,5.18979282292109e-13,14.8807458877563,0.3724205493927,0.211677715182304,-Inf,20.188389,"FSRQ",1,-9.82469602812558,-11.5851820881059,0.840176868408561,1.17262470048527,13.1200000020759,-12.2848499788872,2.7654911064752,0.599674249217649
"4FGL J1023.8+3002",1,155.960800170898,30.0457992553711,198.892639160156,57.6068801879883,7.39126920700073,1.34952743424677e-10,3.10700840056022e-11,1.98529495794297e-12,4.04892617914335e-13,"PowerLaw",1.86048471927643,0.154527828097343,5162.89404296875,1.85667622089386,0.183527752757072,0.00374501990154386,0.0789224803447723,0,"bll","RX J1023.6+3001",0.991579115390778,0,"bzcat",155.91556975,30.0160428111,1.63576871159421e-07,"RFC J1023+3000",0.43299999833107,"HSP",3162277582733312,7.59309770007738e-13,16.6540679931641,0.471427410840988,0.389405339956284,106.046997070312,18.420483,"BLL",0,-9.8698182823406,-11.7021749603917,0.868719020569123,1.22152033340957,15.4999999893654,-12.1195810120368,3.71289321220078,0.697836707023476
"4FGL J1023.9-3236",1,155.996398925781,-32.603401184082,270.221252441406,20.7416820526123,22.0329837799072,7.27583437942769e-10,5.5037585600104e-11,1.04835775477374e-11,7.86852137266147e-13,"LogParabola",2.50323486328125,0.0476532876491547,638.276550292969,2.4189350605011,0.064966157078743,0.110582008957863,0.0400788709521294,0,"fsrq","PKS 1021-323",0.995738387107849,0.962230622768402,"bzcat",156.001766179,-32.571127525,1.70000006960436e-07,"RFC J1024-3234",1.567999958992,"LSP",4168693841920,1.12838937412624e-12,371.968017578125,1.2164558172226,0.292967975139618,18.111499786377,19.275408,"FSRQ",1,-9.13811719538636,-10.9794904879527,1.34307331473595,2.57050560013336,12.6200000007518,-11.9475410121835,2.8050088891338,0.389408105906872
"4FGL J1024.8+2332",1,156.210098266602,23.546199798584,210.821731567383,56.7983322143555,12.0716285705566,2.7715274519835e-10,3.4627828382483e-11,4.00504933037449e-12,4.6759780292574e-13,"PowerLaw",2.44259929656982,0.0926311165094376,943.023803710938,2.4373996257782,0.100605539977551,0.00649414211511612,0.0508537665009499,0,"bll","MG2 J102456+2332",0.999289810657501,0.905681431293488,"bllac",156.223488696,23.5427677111,1.0000000116861e-07,"RFC J1024+2332",0.16465300321579,"LSP",44668360327168,3.07213998164413e-12,16.0167484283447,0.311690777540207,0.160270944237709,11.1944999694824,17.451124,"BLL",0,-9.55728081536273,-11.3973921303219,1.08176586425599,1.20457435426024,13.6500000108123,-11.5125589996202,2.97452265529283,0.858624841252152
"4FGL J1026.9-1749",1,156.742401123047,-17.8218002319336,260.924591064453,33.0169906616211,33.2611274719238,1.23766330517583e-09,6.45022368850334e-11,1.51086539112999e-11,9.2770474462156e-13,"PowerLaw",1.94810199737549,0.0378206968307495,2127.42749023438,1.91248691082001,0.0479582920670509,0.030448354780674,0.0209182538092136,0,"bll","1RXS J102658.5-174905",0.999952971935272,0.987718522548676,"bllac",156.744079571,-17.8163515,3.70000009297655e-07,"RFC J1026-1748",0.266887992620468,"HSP",4415704463835136,2.99816833686239e-12,104.918464660645,0.548185408115387,0.140476986765862,71.1343002319336,16.448757,"BLL",0,-8.90739748503477,-10.8207742269208,1.5219369666675,2.02085192665441,15.6449999990462,-11.5231439866585,3.32785476681644,0.789335762770607
"4FGL J1027.6+6317",1,156.900497436523,63.2901992797852,145.691070556641,46.980598449707,19.4474830627441,3.58270080269563e-10,3.17080806055969e-11,3.75768686999844e-12,4.04247897092466e-13,"PowerLaw",1.96275281906128,0.0700236558914185,2763.87084960938,1.89541912078857,0.0975356176495552,0.0521111153066158,0.0482604056596756,0,"bll","RX J1027.4+6317",0.995629489421844,0.8640416264534,"bzcat",156.854015275,63.2980748861,6.09999972311925e-07,"RFC J1027+6317",0.582000017166138,"HSP",3890451438370816,6.55584961317679e-13,8.83032608032227,0.0368760712444782,0.569767475128174,64.1113967895508,18.173967,"BLL",0,-9.44578945897424,-11.4250794127128,1.28886340192426,0.945976741207224,15.5899999987082,-12.1833710174134,3.44151774542704,0.632111244721297
"4FGL J1028.4-0234",1,157.121307373047,-2.58290004730225,248.016662597656,44.5165824890137,10.7404956817627,2.6209706627256e-10,3.77512777982592e-11,4.91664911908551e-12,5.59575010026375e-13,"PowerLaw",2.61347222328186,0.0864319205284119,603.664916992188,2.56117153167725,0.111560456454754,0.0807442367076874,0.0675738751888275,0,"fsrq","PMN J1028-0237",0.997682750225067,0.930141568183899,"bzcat",157.141842988,-2.61659075,3.00000010611257e-07,"RFC J1028-0236",0.476000010967255,"LSP",10115794075648,1.73253095897552e-11,41.6455841064453,0.670081615447998,0.197937861084938,-Inf,20.33141,"FSRQ",1,-9.58153784020857,-11.3083307844051,1.0310243248353,1.61956895772656,13.0049999799527,-10.7613189961435,2.7807959368284,0.677506770033611
"4FGL J1031.1+7442",1,157.792495727539,74.7018966674805,134.212051391602,39.1991996765137,17.7112083435059,5.29409682759052e-10,4.65416316597356e-11,6.37709763467997e-12,6.30975198305517e-13,"PowerLaw",2.16206192970276,0.070740208029747,2674.263671875,2.17710638046265,0.0632243528962135,-0.0299926679581404,0.0249028243124485,0,"bll","S5 1027+74",0.999420285224915,0.961579024791718,"bzcat",157.841766679,74.6995402667,1.10000001996013e-07,"RFC J1031+7441",0.123000003397465,"ISP",162181001773056,2.70097767936239e-12,33.4116096496582,0.572844803333282,0.170342460274696,341.77099609375,17.249382,"BLL",0,-9.27620811983412,-11.1953769338238,1.24824819185157,1.52389739886845,14.2099999786768,-11.5684790047684,3.42720422476403,0.890471947439584
"4FGL J1031.3+5053",1,157.845397949219,50.8838996887207,161.443206787109,54.4539604187012,39.5223579406738,9.20542975180183e-10,4.68977218170963e-11,1.15077756351889e-11,7.84437727448239e-13,"PowerLaw",1.73506271839142,0.0338643975555897,3220.7724609375,1.67610847949982,0.0468970127403736,0.0446552895009518,0.0203303843736649,0,"bll","1ES 1028+511",0.998069405555725,0.992704093456268,"bllac",157.827188096,50.8932829833,2.20000003992027e-07,"RFC J1031+5053",0.360403001308441,"HSP",59566214233456640,9.04128161227646e-12,12.9419851303101,0.103019192814827,0.0843777656555176,167.451995849609,17.120687,"BLL",0,-9.03595593182271,-10.9390086140522,1.5968428471017,1.11200089650396,16.7749999991291,-11.0437700034086,3.50796004414604,0.735076296537273
"4FGL J1031.6+6019",1,157.909103393555,60.317798614502,148.681549072266,49.2338600158691,17.2532329559326,5.22127563407082e-10,4.44978533187257e-11,9.71267771071593e-12,8.81175720498367e-13,"PowerLaw",2.61333465576172,0.0633364543318748,965.051330566406,2.60526943206787,0.0746096149086952,0.0337045341730118,0.0380838662385941,0,"fsrq","TXS 1028+605",0.990824341773987,0.937731206417084,"bzcat",157.936484737,60.3417682861,9.49999972021942e-08,"RFC J1031+6020",1.23117303848267,"LSP",3890451578880,1.80951835546811e-12,121.078330993652,0.707564473152161,0.181803002953529,14.0275001525879,18.091887,"FSRQ",1,-9.28222337953469,-11.0126610219283,1.23687048627108,2.083066425786,12.5900000143934,-11.7424370071189,2.98455041385039,0.448194731090897
"4FGL J1032.6+3737",1,158.173400878906,37.6234016418457,184.274322509766,59.0923118591309,19.1411170959473,5.2453230647842e-10,4.5505890722275e-11,5.52820419649769e-12,5.55740620623163e-13,"PowerLaw",2.07596302032471,0.0769060030579567,2586.10424804688,2.08634257316589,0.0899787917733192,-0.00727368472144008,0.0376174226403236,0,"bll","B3 1029+378",0.997610509395599,0.910301148891449,"bzcat",158.169671387,37.6407635639,1.50000005305628e-07,"RFC J1032+3738",0.527999997138977,"ISP",118850225963008,1.36529025931975e-12,25.0233287811279,0.355748295783997,0.131130084395409,70.2814025878906,18.230501,"BLL",0,-9.28022775800766,-11.2574159237065,1.28196728006823,1.39834508214055,14.0750000117638,-11.8647750082422,3.41264602767468,0.654450263005496
"4FGL J1033.1+4115",1,158.275207519531,41.2620010375977,177.395629882812,58.3762664794922,37.293586730957,9.91430271213289e-10,5.08915860841785e-11,1.41173010781426e-11,5.72790079256258e-13,"PowerLaw",2.41234493255615,0.0326087139546871,684.740600585938,2.38458728790283,0.0387816876173019,0.0407299213111401,0.0224892441183329,0,"fsrq","S4 1030+41",0.999701142311096,0.984569311141968,"cgrabs",158.265449446,41.2683980389,6.79999985209179e-08,"RFC J1033+4116",1.11699998378754,"LSP",4988844638208,7.53834494826577e-12,111.452980041504,0.380842596292496,0.097880482673645,29.5231990814209,18.401531,"FSRQ",1,-9.00373782497072,-10.8502483230367,1.57163415387764,2.04709168518304,12.6979999794213,-11.1227239934849,2.83552607941935,0.472366560065292
"4FGL J1033.9+6050",1,158.484893798828,60.8493003845215,147.778289794922,49.1164970397949,87.8867416381836,4.6208654680413e-09,1.02058111961512e-10,4.1719322441125e-11,1.58305053093999e-12,"LogParabola",2.21514868736267,0.0143947768956423,1109.65832519531,2.13713622093201,0.0263673085719347,0.0968019813299179,0.0146399643272161,0,"FSRQ","S4 1030+61",1,0.982513010501862,"identified",158.464287392,60.8520375361,9.49999972021942e-08,"RFC J1033+6051",1.40100002288818,"LSP",10764651855872,4.57177655108221e-12,833.199035644531,0.60915607213974,0.145009145140648,45.0341987609863,17.739208,"FSRQ",1,-8.33527667535444,-10.3796627535166,1.94392336349613,2.92074875861788,13.0319999886863,-11.339915004218,3.04518927579123,0.416493123893057
"4FGL J1036.2+2202",1,159.052795410156,22.0401000976562,214.844787597656,58.9343605041504,15.36536693573,3.33640337579766e-10,3.71598689319352e-11,5.07907084446035e-12,4.8889489462009e-13,"PowerLaw",2.61476540565491,0.0670904442667961,559.518981933594,2.5930187702179,0.0777564644813538,0.0506286472082138,0.0511997416615486,0,"fsrq","OL 256",0.986107766628265,0,"bzcat",159.137419567,22.0533902861,1.1999999571799e-07,"RFC J1036+2203",0.595133006572723,"LSP",4168693841920,1.16935671215512e-12,96.7642288208008,0.779973566532135,0.202297180891037,-Inf,18.0697,"FSRQ",1,-9.47672144805449,-11.2942157294546,1.1865429359728,1.9857148397788,12.6200000007518,-11.9320529871364,2.7478148247503,0.626906970064261
"4FGL J1037.4-2933",1,159.356399536133,-29.5568008422852,270.977508544922,24.8735504150391,15.4106912612915,4.99983165980211e-10,4.71283671810152e-11,5.15757402064221e-12,6.46512737009081e-13,"PowerLaw",2.41390705108643,0.0758360400795937,1170.24450683594,2.39860582351685,0.0867353826761246,0.0392231345176697,0.0467003397643566,0,"fsrq","PKS 1034-293",0.997842967510223,0.999638438224792,"cgrabs",159.316998908,-29.5674481861,7.50000026528141e-08,"RFC J1037-2934",0.312000006437302,"LSP",6918309937152,5.28104643349181e-12,53.8766098022461,0.630462467670441,0.178645804524422,-Inf,18.105764,"FSRQ",1,-9.30104461775394,-11.2875545303881,1.18782211984958,1.73140025983306,12.8400000143103,-11.2772800139694,3.06827661121248,0.762195118211524
"4FGL J1037.7-2822",1,159.427398681641,-28.3815994262695,270.328552246094,25.8939552307129,33.9700965881348,1.54580925837422e-09,7.47234774056693e-11,1.52586727975024e-11,8.41180803397984e-13,"LogParabola",2.41724896430969,0.030895471572876,899.274536132812,2.40391540527344,0.0397576838731766,0.0945678576827049,0.0246206801384687,0,"fsrq","PKS B1035-281",0.999770820140839,0.985181033611298,"bzcat",159.426905896,-28.3844745333,1.80000000682412e-07,"RFC J1037-2823",1.06599998474121,"LSP",8472274403328,1.5653014908551e-12,374.7763671875,0.820302963256836,0.197272151708603,42.2370986938477,18.814787,"FSRQ",1,-8.81084409589385,-10.8164832397617,1.53109678171355,2.57377219714729,12.9280000134263,-11.805402001118,2.95389229610046,0.484027109092773
"4FGL J1037.7+5711",1,159.42919921875,57.1920013427734,151.782684326172,51.7844314575195,91.859992980957,3.64684793474623e-09,8.9203554265449e-11,3.24027124576354e-11,1.23346298452898e-12,"LogParabola",1.88190853595734,0.015922125428915,1414.73559570312,1.75782549381256,0.0264186840504408,0.0719935745000839,0.0113091878592968,516,"bll","GB6 J1037+5711",0.999750852584839,0.969516336917877,"bzcat",159.434615792,57.1987857806,1.10000001996013e-07,"RFC J1037+5711",0.830370008945465,"ISP",292415231492096,4.78869287973138e-12,153.191070556641,0.281995713710785,0.0706861913204193,75.9176025390625,15.854457,"BLL",0,-8.43808234539953,-10.4894186331244,1.96312640789737,2.18523345119085,14.4659999906548,-11.3197830153097,3.15067528080952,0.546337623055861
"4FGL J1044.6+8053",1,161.163803100586,80.8940963745117,128.740615844727,34.7557334899902,21.6651782989502,4.46646025720199e-10,3.66678146179744e-11,1.02841502674922e-11,9.46204594710898e-13,"LogParabola",2.78453993797302,0.0422040969133377,682.131286621094,2.82101488113403,0.0734269917011261,0.216678097844124,0.0569749213755131,0,"fsrq","S5 1039+81",0.998722016811371,0.981727838516235,"cgrabs",161.096094029,80.9109563917,6.79999985209179e-08,"RFC J1044+8054",1.25399994850159,"LSP",13489629298688,3.99448703281013e-12,47.2214813232422,0.338144361972809,0.0993811711668968,-Inf,17.85046,"FSRQ",1,-9.3500365260331,-10.9878315862624,1.33576226751909,1.67413960663977,13.1300000152207,-11.3985389843409,2.83386796933072,0.443655733295282
"4FGL J1045.8-2928",1,161.468399047852,-29.4794998168945,272.659301757812,25.9105358123779,11.7431411743164,3.37472605416167e-10,4.15630273253864e-11,5.98114006239436e-12,6.04603010451871e-13,"PowerLaw",2.54424571990967,0.0794637575745583,757.754272460938,2.49862360954285,0.101523101329803,0.0862213000655174,0.059901237487793,0,"fsrq","PKS B1043-291",0.979903161525726,0.955318748950958,"crates",161.419273662,-29.4573150417,2.00000002337219e-07,"RFC J1045-2927",2.12800002098083,"LSP",9999999827968,6.40676801975243e-13,166.508850097656,1.32132935523987,0.327973783016205,-Inf,18.949759,"FSRQ",1,-9.47176147557212,-11.223216027447,1.0697842819373,2.22143732160468,12.9999999925287,-12.1933610009286,2.87952839373775,0.319693092484838
"4FGL J1048.0-1912",2,162.004196166992,-19.2119998931885,266.764312744141,34.8496932983398,4.65920114517212,1.20966986427717e-10,3.01692247572927e-11,2.63723179579067e-12,4.78943707610258e-13,"PowerLaw",2.56187319755554,0.153075203299522,758.296691894531,2.48386645317078,0.222586944699287,0.128930106759071,0.146239265799522,0,"fsrq","PKS 1045-18",0.984220027923584,0.935536921024323,"cgrabs",162.027587890625,-19.1599235534668,9.8e-08,"RFC J1048-1909",0.595000028610229,"LSP",5888436338688,1.85404816499535e-12,5.47052383422852,0,10,-Inf,19.52298,"FSRQ",1,-9.91733313851462,-11.5788516968244,0.668311460040973,0.738028914527652,12.7699999841527,-11.7318789878183,2.87983916136031,0.626959236402854
"4FGL J1048.4+7143",1,162.106704711914,71.7296981811523,135.445495605469,42.2815361022949,155.433532714844,8.84632811448682e-09,1.29575794538539e-10,6.81961501158845e-11,1.35241590062257e-12,"LogParabola",2.28863549232483,0.00911510828882456,697.036743164062,2.20323801040649,0.0155199635773897,0.0850030556321144,0.00835000723600388,0,"FSRQ","S5 1044+71",1,0.996066093444824,"identified",162.115083025,71.7266495528,6.79999985209179e-08,"RFC J1048+7143",1.14999997615814,"LSP",9078205054976,2.96051312805024e-12,7636.94921875,1.03803145885468,0.244881346821785,31.2033996582031,18.31249,"FSRQ",1,-8.05323695648028,-10.1662401419215,2.19154471782405,3.88291990280766,12.957999988193,-11.5286330087495,2.84325567183231,0.465116284227552
"4FGL J1050.1+0432",1,162.546401977539,4.53770017623901,245.54997253418,53.3192253112793,21.7537498474121,5.89951587581794e-10,4.91225636556347e-11,1.13987482647238e-11,6.64788916190234e-13,"PowerLaw",2.60603332519531,0.0506248995661736,565.584777832031,2.55716037750244,0.0645718351006508,0.0746757909655571,0.0400692448019981,0,"fsrq","MG1 J105009+0433",0.998461306095123,0.908159732818604,"bzcat",162.541919825,4.54697698056,1.89999994404388e-07,"RFC J1050+0432",1.21724998950958,"LSP",1862087081984,9.79650171747948e-13,286.925323486328,1.1278395652771,0.273351609706879,-Inf,17.923792,"FSRQ",1,-9.2291836258303,-10.9431428373978,1.33753413014903,2.45776887994706,12.2699999872473,-12.008928981045,2.75249771232966,0.45100913506879
"4FGL J1051.4+3942",1,162.870193481445,39.7159004211426,178.36701965332,62.1666030883789,10.4272890090942,1.70635935936581e-10,2.93740622103744e-11,2.57128389760664e-12,4.61398280693359e-13,"PowerLaw",1.72752249240875,0.106722474098206,5302.07373046875,1.59905290603638,0.16157278418541,0.111777804791927,0.0766043588519096,0,"bll","RBS 0909",0.997421145439148,0.963430881500244,"rfc",162.855663283,39.7238025778,3.79999988808777e-07,"RFC J1051+3943",0.497999995946884,"ISP",434010270466048,6.88901301455769e-13,18.3123741149902,0.450356513261795,0.246480792760849,89.870002746582,18.816364,"BLL",0,-9.76792950109669,-11.5898499698927,1.01817141087815,1.26274465223181,14.6375000068258,-12.1618429947884,3.72444576272433,0.667556744129296
"4FGL J1051.9+0103",1,162.98860168457,1.06470000743866,250.192291259766,51.2690658569336,9.78610801696777,2.3112037284001e-10,3.84151599419624e-11,2.83196057750124e-12,4.8590287609479e-13,"PowerLaw",1.92770338058472,0.113812729716301,3857.69018554688,1.73943161964417,0.19627745449543,0.203494682908058,0.124874800443649,0,"bll","NVSS J105151+010312",0.997115254402161,0,"bzcat",162.965973883,1.05301983611,2.90000002678426e-07,"RFC J1051+0103",0.264999985694885,"ISP",398107162443776,5.84066107110759e-13,15.7894191741943,0.352505683898926,0.341809302568436,65.8155975341797,18.964981,"BLL",0,-9.63616177056578,-11.5479127965659,0.990610005100003,1.19836615444896,14.5999999911531,-12.2335379947907,3.58632734614089,0.790513842931535
"4FGL J1053.7+4930",1,163.42529296875,49.5080986022949,160.226379394531,58.2208557128906,19.941104888916,4.36998687236567e-10,3.67515982924171e-11,4.69741129674461e-12,4.79197356708511e-13,"PowerLaw",1.91836333274841,0.0605246648192406,2585.05541992188,1.88659405708313,0.0739087760448456,0.0293595567345619,0.0324200801551342,0,"bll","GB6 J1053+4930",0.999182283878326,0.936925768852234,"bllac",163.43385535,49.4988890306,2.00000002337219e-07,"RFC J1053+4929",0.140000000596046,"ISP",127350310174720,4.09534992723559e-12,18.1366424560547,0.237963497638702,0.129293501377106,108.189002990723,17.665432,"BLL",0,-9.3595198676675,-11.3281414121211,1.29974921786057,1.25855689144673,14.1050000070696,-11.3877089840196,3.41246985818751,0.877192981997502
"4FGL J1056.8+7012",1,164.207595825195,70.2018966674805,135.960632324219,43.9129180908203,23.0532817840576,7.45456585349302e-10,5.10438566414528e-11,9.64852069768041e-12,8.9187283860287e-13,"LogParabola",2.68214344978333,0.0410140566527843,927.427185058594,2.66870427131653,0.123777218163013,0.113930471241474,0.0748856887221336,0,"fsrq","S5 1053+70",0.999414205551147,0.963910698890686,"cgrabs",164.223406258,70.1960876528,6.79999985209179e-08,"RFC J1056+7011",2.49200010299683,"LSP",2851018375168,1.4247412928256e-12,233.775756835938,0.951863169670105,0.232597887516022,-Inf,19.02201,"FSRQ",1,-9.12757764435352,-11.0155392671828,1.36273275876058,2.36879947167491,12.4550000164004,-11.8462639884965,2.96727982193276,0.286368834623401
"4FGL J1057.3-2341",1,164.342300415039,-23.6888999938965,271.822326660156,32.2027473449707,13.4633445739746,3.85626697241293e-10,4.32523079851865e-11,5.90651355950045e-12,5.71918218079254e-13,"PowerLaw",2.50558996200562,0.0687103942036629,694.143249511719,2.38638925552368,0.108671300113201,0.160601794719696,0.0729867368936539,0,"fsrq","PKS B1054-234",0.998595952987671,0.965928018093109,"cgrabs",164.351755221,-23.7004757472,1.39999997372797e-07,"RFC J1057-2342",1.125,"LSP",977237245952,6.54703992842426e-13,22.3703594207764,0.351337432861328,0.132909551262856,-Inf,19.774836,"FSRQ",1,-9.41383290717787,-11.2286687946956,1.129152961046,1.34967296188858,11.9900000111086,-12.1839550104387,2.84144910453652,0.470588235294118
"4FGL J1057.8-2754",1,164.453994750977,-27.9015998840332,274.327239990234,28.5844707489014,16.7319469451904,4.55446846903129e-10,4.46253346775283e-11,5.46767579129304e-12,5.91528074352782e-13,"PowerLaw",1.91233682632446,0.0689966380596161,3007.21752929688,1.84480929374695,0.0952667146921158,0.0589893162250519,0.0444271862506866,0,"bll","RX J1057.8-2753",0.999915480613708,0.978801429271698,"bllac",164.461526629,-27.9030466417,2.30000000556174e-06,"RFC J1057-2754",0.0909060016274452,"HSP",5011872499630080,1.1029936512752e-11,18.0075759887695,0.323743969202042,0.147358447313309,76.3221969604492,17.533073,"BLL",0,-9.34156230023573,-11.2621972450601,1.22354647881993,1.2554552560981,15.7000000141554,-10.9574269873097,3.47816484424829,0.916669262528734
"4FGL J1058.4+0133",1,164.623992919922,1.56410002708435,251.513946533203,52.7728233337402,94.7604675292969,5.99066618534039e-09,1.33160371618146e-10,6.61403015689288e-11,1.74450634059936e-12,"LogParabola",2.23273348808289,0.0142364557832479,802.762451171875,2.19023728370667,0.0199689101427794,0.0478488765656948,0.00954394415020943,0,"BLL","4C +01.28",1,0.99900484085083,"identified",164.623355025,1.56633992778,6.79999985209179e-08,"RFC J1058+0133",0.889999985694885,"LSP",7328245481472,1.66606901885746e-11,380.504974365234,0.362560242414474,0.0873342975974083,58.0974998474121,16.306501,"BLL",0,-8.22252487969251,-10.1795338292375,1.9766271947786,2.58036033870252,12.8650000088944,-10.7783070113998,2.9045870503747,0.529100533105208
"4FGL J1058.5+8115",1,164.625503540039,81.2546997070312,127.95361328125,34.7431755065918,17.7768821716309,4.3368347801831e-10,3.61207591614843e-11,6.29818809952387e-12,6.8211419585601e-13,"PowerLaw",2.51006197929382,0.0827889516949654,1245.36730957031,2.37094020843506,0.104014448821545,0.133015230298042,0.0743582919239998,0,"fsrq","S5 1053+81",0.999083876609802,0.950047731399536,"cgrabs",164.548064104,81.2424097556,6.79999985209179e-08,"RFC J1058+8114",0.705999970436096,"LSP",7244359401472,2.42586701594549e-12,96.1878662109375,0.728175520896912,0.18919013440609,12.4618997573853,18.313602,"FSRQ",1,-9.36282712279511,-11.2007843730159,1.24985559384505,1.98312029064494,12.8599999880534,-11.6151330104868,3.09529746146603,0.586166481435738
"4FGL J1058.6+2817",1,164.650299072266,28.286600112915,203.666290283203,65.0548934936523,16.7066650390625,4.4051859382499e-10,4.05762229371831e-11,5.47871600517502e-12,4.96105489588422e-13,"PowerLaw",2.22588276863098,0.0689449310302734,1335.0986328125,2.19933724403381,0.0807071179151535,0.0387545190751553,0.042596660554409,0,"bll","GB6 J1058+2817",0.998278021812439,0.874528348445892,"bllac",164.624562308,28.2961701472,1.39999997372797e-07,"RFC J1058+2817",0.479299992322922,"LSP",22646443999232,9.52592171810096e-13,44.4016151428223,0.565356135368347,0.163856148719788,25.3889999389648,17.086046,"BLL",0,-9.35603575575326,-11.2613212110787,1.22288976529242,1.64739876819699,13.3550000177063,-12.0210929917449,3.12551335117167,0.675995406739451
"4FGL J1058.6-8003",1,164.660003662109,-80.0640029907227,298.005615234375,-18.2887420654297,39.6202774047852,1.95244620471158e-09,8.04601593684673e-11,1.97893940817595e-11,9.85530884331509e-13,"LogParabola",2.25807738304138,0.0279037524014711,968.944763183594,2.12012529373169,0.0464134141802788,0.146672144532204,0.0269761458039284,0,"bll","PKS 1057-79",0.999991476535797,0.999807476997375,"bllac",164.680457292,-80.0650443861,6.79999985209179e-08,"RFC J1058-8003",0.569000005722046,"LSP",5308844343296,7.74146198534442e-12,485.415802001953,0.805838108062744,0.193353921175003,31.4801998138428,18.72133,"BLL",0,-8.70942092329894,-10.7035675029627,1.5979175119634,2.68611391004813,12.7249999919001,-11.1111770144838,2.98629901984919,0.637348627376075
"4FGL J1058.6+5627",1,164.66520690918,56.4634017944336,149.595443725586,54.4324188232422,87.2091293334961,3.21055249052904e-09,8.30237475990536e-11,3.12912994127057e-11,1.18728963292847e-12,"LogParabola",1.93992507457733,0.0168091543018818,1103.35693359375,1.85780763626099,0.0261263400316238,0.0458120815455914,0.0103049147874117,258,"BLL","TXS 1055+567",1,0,"identified",164.657198579,56.4697797083,1.0000000116861e-07,"RFC J1058+5628",0.14300000667572,"ISP",562341309579264,6.86861244963977e-12,174.729095458984,0.318741738796234,0.0786949321627617,165.22200012207,16.181118,"BLL",0,-8.49342022524577,-10.504576401825,1.94056195066225,2.24236522865305,14.7499999879436,-11.1631309872968,3.04271602850009,0.874890633560346
"4FGL J1101.4+4108",1,165.370193481445,41.1454010009766,173.981094360352,63.4514541625977,14.3683080673218,2.53433940500258e-10,3.28168880958657e-11,2.76807092872144e-12,4.49170838327448e-13,"PowerLaw",1.79099893569946,0.084615021944046,4265.81103515625,1.62527823448181,0.146640866994858,0.138934433460236,0.0753402560949326,0,"bll","RX J1101.3+4108",0.997429192066193,0.894221365451813,"bzcat",165.353023633,41.1464945472,9.6999997367675e-07,"RFC J1101+4108",0.579999983310699,"LSP",4897788395520,2.23338193642078e-13,14.7503328323364,0.331008464097977,0.200730845332146,41.9560012817383,18.336033,"BLL",0,-9.59613522376627,-11.5578227857624,1.15740563102309,1.16880182001698,12.6900000178971,-12.6510370007548,3.6300016133716,0.632911399090411
"4FGL J1102.6+5251",1,165.673004150391,52.8568992614746,153.637115478516,57.2980499267578,7.77479982376099,1.21609861070127e-10,2.32922171133909e-11,2.1547880667272e-12,3.44269887120677e-13,"PowerLaw",2.668621301651,0.11573975533247,563.51708984375,2.51321744918823,0.215727955102921,0.212228834629059,0.182685509324074,0,"fsrq","GB6 J1102+5249",0.988290071487427,0,"bzcat",165.70768737793,52.8368492126465,6.7e-07,"",0.689840018749237,"ISP",120226444214272,1.58675183452653e-13,70.5497894287109,1.08450317382812,0.294202774763107,-Inf,19.718498,"FSRQ",1,-9.91503120767263,-11.6665954382536,0.890689216148373,1.84849572184536,14.0800000027184,-12.7994909909032,2.75090709147759,0.591771995517165
"4FGL J1102.9+3014",1,165.740097045898,30.2439002990723,199.003982543945,66.0631713867188,6.51837730407715,9.15742273677189e-11,2.27173228145583e-11,3.00317995298449e-12,4.70767576397219e-13,"PowerLaw",2.95669865608215,0.125266626477242,343.005523681641,2.89156937599182,0.162985876202583,0.12586997449398,0.114191688597202,0,"fsrq","B2 1100+30B",0.985990345478058,0,"cgrabs",165.805424571,30.2451951,1.10000001996013e-07,"RFC J1103+3014",0.38400000333786,"LSP",14454397861888,1.22706055386002e-12,8.83986568450928,0,10,-Inf,18.249905,"FSRQ",1,-10.0382267368878,-11.5224186437429,0.814139495180402,0.946445666266511,13.1600000046399,-11.9111340048701,2.535301113877,0.722543350858563
"4FGL J1103.0+1157",1,165.772201538086,11.9653997421265,238.449142456055,60.4223976135254,38.033447265625,1.21880883163783e-09,6.40031846965705e-11,1.70914619262996e-11,7.87942248340473e-13,"LogParabola",2.41281533241272,0.0315837785601616,492.589263916016,2.29750037193298,0.049246970564127,0.0976462960243225,0.0279881898313761,0,"fsrq","TXS 1100+122",0.999612808227539,0.973339259624481,"crates",165.764707638,11.9712846361,7.50000026528141e-08,"RFC J1103+1158",0.913941025733948,"ISP",127350310174720,5.68814960411057e-13,505.796936035156,0.881876051425934,0.21128012239933,31.4727001190186,17.479258,"FSRQ",1,-8.91406440748704,-10.767220788106,1.58016569066502,2.70397619419175,14.1050000070696,-12.2450289897422,2.69248494206897,0.522482138453835
"4FGL J1103.6-2329",1,165.909103393555,-23.4957008361816,273.194183349609,33.0771408081055,16.6092414855957,4.29290963888107e-10,4.72651535965429e-11,5.42157594859982e-12,6.92164262103973e-13,"PowerLaw",1.7667133808136,0.0737001001834869,4840.32861328125,1.76925563812256,0.0822629481554031,-0.00209532678127289,0.0338269919157028,0,"bll","1ES 1101-232",0.999893188476562,0.995671331882477,"bllac",165.906729271,-23.492000525,5.39999973625527e-07,"RFC J1103-2329",0.186000004410744,"HSP",147910839653892096,1.98574733045742e-11,12.7239370346069,0.236951321363449,0.156588569283485,100.602996826172,17.153585,"BLL",0,-9.36724825285491,-11.2658744539974,1.22034979945067,1.10462151130059,17.1700000024578,-10.7020760126227,3.68487484720022,0.843170317268964
"4FGL J1104.0+0020",2,166.016998291016,0.335200011730194,254.585098266602,52.8205833435059,4.86017560958862,1.44734987883588e-10,3.47250839194402e-11,1.65332721471789e-12,3.66163777900871e-13,"PowerLaw",2.53409576416016,0.189742982387543,1017.61175537109,2.54328441619873,0.18284572660923,-0.0183219686150551,0.0868172496557236,0,"bll","NVSS J110356+002238",0.976708054542542,0,"bzcat",165.983963012695,0.376752555370331,9.5e-07,"RFC J1103+0022",0.275000005960464,"HSP",1995262356619264,5.0946340245453e-13,11.1323394775391,0.303414762020111,0.389276653528214,-Inf,19.178894,"BLL",0,-9.83942647089878,-11.7816411854588,0.686651961628024,1.04658644155115,15.3000000090657,-12.2928870082874,3.00758211526907,0.784313721823628
"4FGL J1104.4+0730",1,166.116806030273,7.51000022888184,245.721832275391,57.9484367370605,16.8254718780518,4.93700913484219e-10,4.58231751154781e-11,7.00423573307685e-12,5.7633682982311e-13,"PowerLaw",2.34222674369812,0.0686992183327675,1054.27856445312,2.35134077072144,0.0684898421168327,-0.0131115233525634,0.0307535268366337,0,"bll","MG1 J110424+0730",0.999250471591949,0.901776075363159,"bzcat",166.100297683,7.51477247778,1.1999999571799e-07,"RFC J1104+0730",0.630348026752472,"ISP",141253756846080,1.4188647002103e-12,37.2658004760742,0.428956717252731,0.13821741938591,20.3216991424561,18.284733,"BLL",0,-9.30653606921395,-11.1546392458194,1.22596725305413,1.57131045438978,14.1500000073292,-11.8480590159263,3.02295537655084,0.613365970695179
"4FGL J1104.4+3812",1,166.118698120117,38.2070007324219,179.832916259766,65.0357055664062,325.522644042969,3.56632057219031e-08,3.07211561745291e-10,4.49577874928053e-10,5.27137578379411e-12,"LogParabola",1.78185248374939,0.00499470811337233,1263.74694824219,1.73550760746002,0.00646688789129257,0.0203524045646191,0.00261893379501998,0,"BLL","Mkn 421",1,0.999699532985687,"identified",166.113808104,38.2088330528,7.50000026528141e-08,"RFC J1104+3812",0.0299999993294477,"HSP",16595869595860992,2.19823950708964e-10,1349.18017578125,0.279041051864624,0.0661836341023445,815.901977539062,12.814443,"BLL",0,-7.4477796212067,-9.34719506984356,2.51258120439686,3.13006995124525,16.2200000136467,-9.65792499119338,3.10166011984481,0.970873787039827
"4FGL J1105.8+3944",1,166.458892822266,39.7425994873047,176.21989440918,64.7548294067383,6.73039197921753,1.4543646842391e-10,2.89293658473078e-11,1.51196210499555e-12,3.79556574971879e-13,"PowerLaw",2.22423529624939,0.190011397004128,2506.69409179688,2.35528349876404,0.145863950252533,-0.0895945653319359,0.0493271239101887,0,"bll","GB6 J1105+3946",0.966275453567505,0,"bzcat",166.474247663,39.7824789861,2.3999999143598e-07,"RFC J1105+3946",0.0989999994635582,"LSP",2570395844608,1.81239973116171e-12,14.7176637649536,0.489018052816391,0.343469649553299,25.4388008117676,18.758196,"BLL",0,-9.83732667979475,-11.8204590936216,0.828040358347878,1.16783887695032,12.4100000104483,-11.741746010913,3.39910133740824,0.909918107814484
"4FGL J1107.0-4449",1,166.77490234375,-44.8322982788086,284.168792724609,14.2046432495117,23.0472888946533,6.42632114189468e-10,5.82996914633149e-11,1.33106668048777e-11,8.36621245371705e-13,"LogParabola",2.70280075073242,0.0415476001799107,448.266448974609,2.55300211906433,0.0705193877220154,0.272395819425583,0.0593199767172337,0,"fsrq","PKS 1104-445",0.999531209468842,0.999574542045593,"bzcat",166.786225471,-44.8187828639,6.79999985209179e-08,"RFC J1107-4449",1.59800004959106,"LSP",5236004487168,3.90388502774508e-12,123.580932617188,0.535621762275696,0.135912880301476,-Inf,17.450846,"FSRQ",1,-9.1920375752881,-10.8758001877691,1.36261984567619,2.09195146834231,12.719000010062,-11.4085029811055,2.65153623480497,0.384911463014562
"4FGL J1107.7-3042",1,166.932693481445,-30.7152996063232,277.960510253906,27.0793857574463,5.51985883712769,1.52641316253366e-10,3.23960476500407e-11,2.39075708015346e-12,4.94397871166757e-13,"PowerLaw",2.48744773864746,0.145312443375587,958.930419921875,2.48879742622375,0.147971659898758,0.00258720014244318,0.0797980278730392,0,"fsrq","PKS 1105-304",0.997273623943329,0.951495110988617,"bzcat",166.933934246,-30.7264016111,3.80000005861802e-06,"RFC J1107-3043",0.740000009536743,"LSP",2398832820224,9.59086976504153e-13,13.3496389389038,0.467572927474976,0.314621150493622,-Inf,20.433846,"FSRQ",1,-9.81632789762485,-11.6214645494001,0.741927971381301,1.12546951971091,12.3799999821137,-12.0181420062777,2.98178709586694,0.574712640528226
"4FGL J1107.8+1501",1,166.96110534668,15.0276002883911,234.341857910156,63.0568084716797,21.6689548492432,5.78479486534889e-10,4.55575577262834e-11,6.64613676593095e-12,6.12876719860433e-13,"PowerLaw",1.95197248458862,0.0581120662391186,2365.44580078125,1.86055409908295,0.0882913842797279,0.0823936685919762,0.0446336381137371,0,"bll","RX J1107.7+1502",0.999762058258057,0.977988123893738,"bllac",166.9502637,15.0362670833,3.09999990122378e-07,"RFC J1107+1502",0.600000023841858,"ISP",363078046711808,9.70404962982729e-13,8.57395935058594,0,10,60.0507011413574,17.2824,"BLL",0,-9.23771203695883,-11.1774307259405,1.33583796465841,0.933181420175539,14.5599999903611,-12.0130469910054,3.37391300155335,0.624999990686774
"4FGL J1112.5+3448",1,168.146896362305,34.8022003173828,186.878723144531,67.5353317260742,16.8692474365234,7.78333730799829e-10,5.55581206040934e-11,1.17839687660548e-11,7.07636748677187e-13,"LogParabola",2.51791715621948,0.0392074510455132,462.719604492188,2.36944937705994,0.05231723934412,0.145365700125694,0.0381966307759285,0,"fsrq","TXS 1109+350",0.99719911813736,0.894342124462128,"bzcat",168.161538167,34.7775304611,1.10000001996013e-07,"RFC J1112+3446",1.94949996471405,"LSP",10964782022656,2.37351501300442e-12,196.499496459961,0.677731513977051,0.16649341583252,17.1613998413086,19.103867,"FSRQ",1,-9.10883414803921,-10.9287084172812,1.2270957084661,2.29336144181098,13.040000002425,-11.6246080169288,2.66531790006703,0.339040519397649
"4FGL J1114.7-0248",1,168.694305419922,-2.80189990997314,261.239196777344,52.0676422119141,6.7753791809082,1.44127071388667e-10,3.23024072768074e-11,4.08180433897343e-12,6.55815733750092e-13,"PowerLaw",2.90550303459167,0.122876361012459,418.977752685547,2.86854958534241,0.15609684586525,0.0877844989299774,0.0916204899549484,0,"fsrq","PMN J1114-0248",0.984324157238007,0.94860303401947,"bzcat",168.665266304,-2.79215075278,1.30000003650821e-07,"RFC J1114-0247",1.03999996185303,"LSP",2570395844608,4.66343597852609e-13,7.33214139938354,0,10,-Inf,19.567638,"FSRQ",1,-9.84125443798898,-11.3891478169989,0.830933605312934,0.865230831682961,12.4100000104483,-12.3312939810248,2.62219096296052,0.490196087597792
"4FGL J1117.0+2013",1,169.270797729492,20.2294006347656,225.595184326172,67.3658752441406,38.6905288696289,1.25269505879544e-09,5.99713889659625e-11,1.65292363130121e-11,8.85395706404224e-13,"PowerLaw",1.95662677288055,0.0353615470230579,1911.77502441406,1.9552047252655,0.040256392210722,0.00104224507231265,0.016450135037303,0,"bll","RBS 0958",0.999848365783691,0.996681034564972,"bllac",169.276046762,20.2353835778,3.3000000598804e-07,"RFC J1117+2014",0.139200001955032,"HSP",15848931833413632,1.10112344589575e-11,137.453079223633,0.554796636104584,0.139955177903175,188.654998779297,17.290926,"BLL",0,-8.90215463563015,-10.7817472113231,1.58760466623176,2.13815447335266,16.199999997501,-10.9581639899601,3.28143678364915,0.877808987257598
"4FGL J1117.2+0008",2,169.301193237305,0.143500000238419,259.060821533203,54.7806930541992,6.5304388999939,1.66205257889906e-10,3.52527278202341e-11,1.65292363130121e-11,8.85395706404224e-13,"PowerLaw",1.88178706169128,0.147652700543404,4112.75,1.79556393623352,0.216220051050186,0.0595416501164436,0.102369651198387,0,"bll","RX J1117.2+0006",0.987511992454529,0.89792412519455,"rfc",169.32307434082,0.109340853989124,1.8e-06,"RFC J1117+0006",0.45100000500679,"HSP",28840314550616064,1.38609815899388e-12,13.8520421981812,0.328888356685638,0.413977831602097,-Inf,19.122578,"BLL",0,-9.77935524146374,-10.7817472113231,0.814942370469555,1.14151380589282,16.4599999927621,-11.8582060133029,3.61413231103596,0.689179873569553
"4FGL J1117.6+2550",1,169.406997680664,25.8463001251221,211.088455200195,69.0003814697266,11.3082866668701,2.78394668429272e-10,3.43253238332952e-11,3.1114735354193e-12,4.15041644715591e-13,"PowerLaw",2.23459529876709,0.0940542593598366,1430.248046875,2.22513651847839,0.102995075285435,0.015096178278327,0.0503463372588158,0,"bll","RX J1117.6+2548",0.995684742927551,0.80783599615097,"bllac",169.418311617,25.8129557694,8.39999984236783e-07,"RFC J1117+2548",0.360029011964798,"HSP",2660724992114688,1.6550495782891e-12,11.230432510376,0.22833152115345,0.220398485660553,16.423900604248,18.151638,"BLL",0,-9.55533908620917,-11.5070338885475,1.05339680939139,1.05039648228573,15.4249999889523,-11.7811889920666,3.15541136337217,0.73527843244706
"4FGL J1118.2-4634",1,169.557907104492,-46.5794982910156,286.705841064453,13.334831237793,8.99917984008789,3.56375901011674e-10,5.60641082170132e-11,4.39394701179374e-12,7.53601282939276e-13,"LogParabola",2.42213582992554,0.093569815158844,1297.61059570312,2.66634035110474,0.268856734037399,0.40845650434494,0.212476134300232,0,"fsrq","PKS 1116-46",0.99767130613327,0.99074250459671,"bzcat",169.612323504,-46.5708337417,1.0000000116861e-07,"RFC J1118-4634",0.712999999523163,"ISP",141253756846080,2.91162883733764e-12,49.1438980102539,0.828979134559631,0.237413674592972,-Inf,17.025124,"FSRQ",1,-9.44809167167083,-11.3571451846992,0.954202930866577,1.6914696010086,14.1500000073292,-11.5358639879338,3.1131443831345,0.583771161867113
"4FGL J1119.0+1235",1,169.765502929688,12.5866003036499,242.29963684082,63.9430847167969,15.7669849395752,4.08964195841577e-10,4.41496804393093e-11,5.68094529751484e-12,5.72567221499704e-13,"LogParabola",2.58642935752869,0.0637874603271484,537.596496582031,2.40524482727051,0.114459447562695,0.229435384273529,0.0853269845247269,0,"fsrq","OM 127",0.995795011520386,0.97127640247345,"cgrabs",169.738755983,12.5782549972,7.50000026528141e-08,"RFC J1118+1234",2.12565088272095,"LSP",18407720222720,1.26338295294154e-12,55.3223915100098,0.528763353824615,0.151207327842712,-Inf,18.712008,"FSRQ",1,-9.38831471211266,-11.2455793925749,1.19774865279021,1.74290094578925,13.2650000049081,-11.8984649874174,2.73045642983734,0.319933363488592
"4FGL J1120.8+4212",1,170.200607299805,42.2038993835449,167.852478027344,66.1628265380859,47.3563766479492,1.20383125690182e-09,5.62841682982818e-11,1.68878730444355e-11,1.07199416444353e-12,"PowerLaw",1.62357985973358,0.0290366839617491,4360.560546875,1.56317210197449,0.0399764068424702,0.0456594862043858,0.0169433504343033,0,"bll","RBS 0970",0.999901533126831,0.995061755180359,"bzcat",170.200259829,42.2034627778,2.69999986812763e-07,"RFC J1120+4212",0.123999997973442,"HSP",20892960753188864,5.85095817282055e-12,8.86268138885498,0,10,175.774993896484,16.520481,"BLL",0,-8.91943438461669,-10.7724250445221,1.67537846605439,0.947565136808629,16.3199999884561,-11.2327730065514,3.63954232109584,0.889679716906572
"4FGL J1121.4-0553",1,170.364105224609,-5.89970016479492,266.22900390625,50.4477844238281,44.7586288452148,1.75713910088859e-09,7.7628958816689e-11,2.20791111088525e-11,9.56941882505891e-13,"LogParabola",2.42307567596436,0.0272008832544088,606.47607421875,2.30865979194641,0.0372982211410999,0.137802004814148,0.0252634026110172,0,"fsrq","PKS 1118-05",0.999621331691742,0.987523436546326,"bzcat",170.354616862,-5.89901113889,1.0000000116861e-07,"RFC J1121-0553",1.29700005054474,"LSP",977237245952,1.78340100933511e-12,357.201507568359,0.662989556789398,0.160089239478111,36.0443992614746,18.31132,"FSRQ",1,-8.75519385696963,-10.656018415014,1.65087677369907,2.5529132831595,11.9900000111086,-11.7487509919004,2.78281367240831,0.435350447538235
"4FGL J1124.0+2336",1,171.004501342773,23.6159000396729,218.164459228516,69.9701385498047,14.1745710372925,4.13897943696284e-10,4.21889814750109e-11,5.78487431568409e-12,6.49337408929057e-13,"PowerLaw",2.40640091896057,0.0734504982829094,1315.017578125,2.40765714645386,0.0773442834615707,0.00992719549685717,0.0346358269453049,0,"fsrq","OM 235",0.999640464782715,0.983989596366882,"cgrabs",171.011274546,23.6127416583,1.10000001996013e-07,"RFC J1124+2336",1.54900002479553,"LSP",3890451578880,1.32626711262657e-12,16.9011821746826,0.236188039183617,0.137314721941948,31.8441009521484,19.539564,"FSRQ",1,-9.38310673123049,-11.237706072252,1.15150992478147,1.227917082956,12.5900000143934,-11.8773689994176,3.11893155817305,0.392310706266162
"4FGL J1125.5-3557",1,171.39289855957,-35.9580993652344,284.049896240234,23.7454490661621,16.4736042022705,5.23564080978645e-10,4.90853399592872e-11,6.60846074043708e-12,6.41714166613877e-13,"PowerLaw",2.01019144058228,0.0688616335391998,2641.00512695312,2.00339102745056,0.0737878084182739,0.00891515798866749,0.0298733562231064,0,"bll","PMN J1125-3556",0.999744176864624,0.964170634746552,"bzcat",171.381174367,-35.9509309889,3.09999990122378e-07,"RFC J1125-3557",0.284000009298325,"ISP",380189397745664,1.94185596422147e-12,43.4974136352539,0.688470959663391,0.197723850607872,151.837997436523,17.59184,"BLL",0,-9.28103015579557,-11.1798996857158,1.21678862733694,1.63846343448726,14.5800000016279,-11.7117829867162,3.42176924429867,0.778816193737005
"4FGL J1125.9-0742",1,171.485305786133,-7.71509981155396,269.16943359375,49.4693145751953,9.54102230072021,2.76306311164376e-10,4.21113734161427e-11,2.62311266457926e-12,5.12707226934389e-13,"PowerLaw",2.10810732841492,0.116907238960266,2635.69604492188,2.10470938682556,0.122616566717625,0.00201716087758541,0.0498113892972469,0,"bll","1RXS J112551.6-074219",0.999389946460724,0.958652198314667,"bllac",171.466550621,-7.70589071944,3.3000000598804e-07,"RFC J1125-0742",0.278600007295609,"HSP",3019951761784832,1.3361586143068e-12,4.18316555023193,0,10,52.1660995483398,18.06394,"BLL",0,-9.55860919516832,-11.5811830557481,0.979594910948858,0.621505052275945,15.4800000059512,-11.8741419840541,3.42089532488081,0.782105423349026
"4FGL J1125.9+2005",1,171.491195678711,20.0911998748779,228.147918701172,69.2298049926758,14.7010011672974,4.07760714082883e-10,4.11475784001247e-11,3.38221139463413e-12,4.56660696670358e-13,"PowerLaw",2.24173140525818,0.0726592168211937,1354.67956542969,2.22016143798828,0.0875265374779701,0.0540496148169041,0.0470329523086548,0,"fsrq","4C +20.25",0.995852589607239,0.973442435264587,"wise",171.49475805,20.0984270167,1.30000003650821e-07,"RFC J1125+2005",0.132970005273819,"LSP",69183098322944,3.76050362724256e-12,68.9077987670898,0.783481121063232,0.211434945464134,-Inf,17.195961,"FSRQ",1,-9.38959461886906,-11.4707992516602,1.16734691206974,1.83826837676746,13.8400000077279,-11.4247539880815,3.131836579769,0.882635899754749
"4FGL J1127.4+5648",1,171.864807128906,56.8031997680664,143.908477783203,56.7722625732422,12.6033611297607,1.91111362846108e-10,2.53609598599436e-11,3.10892392559048e-12,3.86606409863086e-13,"PowerLaw",2.7177426815033,0.0794943943619728,523.479797363281,2.6786835193634,0.0986536517739296,0.0819785073399544,0.0654682219028473,0,"fsrq","S4 1124+57",0.990763664245605,0.927439987659454,"cgrabs",171.917230042,56.83744315,1.1999999571799e-07,"RFC J1127+5650",2.89000010490417,"LSP",1059253714944,4.09448218602684e-13,49.3093299865723,0.596241414546967,0.172706261277199,-Inf,19.538855,"FSRQ",1,-9.71871349047164,-11.5073899048788,1.10048638047057,1.69292910139321,12.0249999958043,-12.3878010140429,2.71889992562718,0.257069401807801
"4FGL J1127.8+3618",1,171.963897705078,36.3139991760254,180.331451416016,70.0534515380859,32.9191551208496,1.07944764238255e-09,5.65712823807907e-11,1.38811245484205e-11,6.70149808042197e-13,"PowerLaw",2.37121629714966,0.0364993549883366,924.2275390625,2.35190272331238,0.0424194037914276,0.0428912825882435,0.0233825016766787,0,"fsrq","MG2 J112758+3620",0.983668386936188,0,"cgrabs",171.995295129,36.3412087083,7.50000026528141e-08,"RFC J1127+3620",0.88400000333786,"LSP",3019951833088,3.43882447474339e-13,144.515045166016,0.497595489025116,0.125051856040955,19.1632995605469,19.842775,"FSRQ",1,-8.96679841787426,-10.8575753490548,1.5174486803962,2.15991306295724,12.4800000162052,-12.4635899909694,2.9657789049798,0.53078556169231
"4FGL J1128.0+5924",1,172.003402709961,59.4015007019043,141.194534301758,54.6693382263184,19.6111183166504,3.96396526713971e-10,3.31277262566321e-11,4.66465668175209e-12,4.00116300768721e-13,"PowerLaw",2.47245097160339,0.0577617436647415,813.607727050781,2.41626286506653,0.0805630683898926,0.0876804739236832,0.0497358366847038,0,"fsrq","TXS 1125+596",0.995770514011383,0.927091777324677,"cgrabs",172.0555861,59.4207773583,8.80000001757253e-08,"RFC J1128+5925",1.79499995708466,"LSP",3195214495744,6.83352842627966e-13,82.8273620605469,0.624637722969055,0.163204550743103,-Inf,19.694168,"FSRQ",1,-9.40187015952371,-11.3311803147701,1.29250235985352,1.91817382988734,12.5045000177968,-12.1653549946521,2.91041506454544,0.357781758624088
"4FGL J1129.1+3703",1,172.2958984375,37.0643997192383,178.003295898438,70.0097045898438,13.637866973877,3.56204815643579e-10,4.04527279729283e-11,3.89777533166269e-12,5.14971854222168e-13,"PowerLaw",2.17124509811401,0.0929922237992287,2253.46313476562,2.11762285232544,0.121740251779556,0.0788745880126953,0.0621898248791695,0,"bll","CRATES J112916+370317",0.998997509479523,0.897107660770416,"bzcat",172.309637708,37.0549796611,1.39999997372797e-07,"RFC J1129+3703",0.444999992847443,"LSP",30199517282304,6.38873665342182e-13,45.722282409668,0.849378824234009,0.24058610200882,52.9402008056641,19.409678,"BLL",0,-9.44830021347105,-11.4091831972941,1.13474644994547,1.66012790180161,13.4800000011258,-12.1945850133114,3.35285045768154,0.692041525916863
"4FGL J1129.8-1447",1,172.465194702148,-14.7959995269775,275.186584472656,43.6373405456543,14.1558475494385,4.66016003564107e-10,4.74152245244497e-11,1.16853653489568e-11,6.67029691030219e-13,"PowerLaw",2.69180250167847,0.057937104254961,540.943786621094,2.65448570251465,0.0741863921284676,0.102893933653831,0.0522167347371578,0,"fsrq","PKS 1127-14",0.942464172840118,0.999166548252106,"bzcat",172.529385758,-14.8242745194,7.50000026528141e-08,"RFC J1130-1449",1.18400001525879,"LSP",6958249672704,3.69094858843066e-12,408.645385742188,1.64974975585938,0.394533008337021,-Inf,17.215773,"FSRQ",1,-9.33159916884596,-10.9323577046192,1.15093587688197,2.61134659940551,12.8425000078454,-11.4328620040908,2.73315213677256,0.457875454676454
"4FGL J1131.0+3815",1,172.754501342773,38.2565002441406,174.416458129883,69.8197708129883,25.3491859436035,9.30478027960646e-10,5.82079731636931e-11,1.09504662282323e-11,9.03555767532704e-13,"LogParabola",2.4909815788269,0.0377286709845066,978.4814453125,2.54887843132019,0.0556178316473961,0.161993429064751,0.0356088988482952,0,"fsrq","B2 1128+38",0.998547911643982,0.974788129329681,"cgrabs",172.722010892,38.255151925,6.79999985209179e-08,"RFC J1130+3815",1.73300004005432,"LSP",1949844635648,1.98940863782582e-12,149.024948120117,0.609865307807922,0.151976838707924,15.9425001144409,18.394024,"FSRQ",1,-9.03129387771657,-10.9605673898615,1.40396401708641,2.17325897931111,12.2900000079939,-11.7012760007243,2.99055259465953,0.365898274915548
"4FGL J1131.4+5809",1,172.855499267578,58.1510009765625,141.743698120117,55.958194732666,14.1126937866211,2.81783207878306e-10,3.09951092569705e-11,3.94730775843399e-12,3.83275984734699e-13,"PowerLaw",2.06628274917603,0.090299665927887,2510.6953125,2.03784108161926,0.109665185213089,0.027430010959506,0.0475461445748806,0,"bll","1RXS J113117.8+580911",0.998924970626831,0.875703990459442,"bllac",172.827620338,58.1496643222,2.60000007301642e-07,"RFC J1131+5808",0.359645992517471,"ISP",141253756846080,3.68573400966188e-12,17.7131690979004,0.354669898748398,0.16830450296402,39.220100402832,17.471546,"BLL",0,-9.55008489108146,-11.4036990117907,1.14960991843222,1.24829626862109,14.1500000073292,-11.4334760099483,3.39979401174567,0.735485564259588
"4FGL J1132.7+0034",1,173.196105957031,0.57370001077652,264.263122558594,57.4170608520508,53.656852722168,2.22098694990791e-09,8.08653144446225e-11,2.52887398521917e-11,9.35711143984497e-13,"PowerLaw",2.1355836391449,0.0250351689755917,1102.6328125,2.11196422576904,0.0299755334854126,0.0250759720802307,0.0143625121563673,0,"bll","PKS B1130+008",0.999603807926178,0.990188837051392,"bzcat",173.190079487,0.574395680556,1.59999999027605e-07,"RFC J1132+0034",1.22300004959106,"ISP",112201843081216,1.56118726887117e-12,25.4044971466064,0.137730464339256,0.0488222315907478,139.623992919922,18.21026,"BLL",0,-8.65345399327486,-10.5970728111805,1.72962519525576,1.40491060296151,14.0499999909079,-11.8065449989496,3.04243091220969,0.449842545070549
"4FGL J1135.7-0427",1,173.942504882812,-4.46339988708496,270.015960693359,53.5022468566895,6.59473133087158,2.27352192627706e-10,4.11727527072081e-11,4.6142764088819e-12,7.88668392745495e-13,"PowerLaw",2.60103940963745,0.111841268837452,899.116821289062,2.58820199966431,0.210557103157043,0.35171827673912,0.224116697907448,4,"fsrq","PMN J1135-0428",0.988632619380951,0.956775903701782,"bzcat",173.992645671,-4.474412875,1.1999999571799e-07,"RFC J1135-0428",0.27318400144577,"LSP",12882495406080,8.40783172251225e-12,30.8679504394531,0.63148832321167,0.236179620027542,-Inf,18.86718,"FSRQ",1,-9.64330085302025,-11.3358963935044,0.819197107100474,1.48950779428981,13.109999996263,-11.075315989025,2.95381612281788,0.785432426785481
"4FGL J1136.2+3407",1,174.074996948242,34.1290016174316,184.888580322266,72.421630859375,16.5196762084961,3.57307461396061e-10,3.62242041918037e-11,4.35089290984347e-12,4.49619426976314e-13,"PowerLaw",2.55319428443909,0.0619211830198765,624.368103027344,2.48304581642151,0.0837914422154427,0.119014650583267,0.055205199867487,0,"fsrq","MG2 J113627+3408",0.996409833431244,0.853718221187592,"cgrabs",174.113933154,34.1276344806,1.1999999571799e-07,"RFC J1136+3407",1.33694994449615,"LSP",1862087081984,3.54629601509102e-13,182.52326965332,1.03953385353088,0.255780100822449,-Inf,20.1907,"FSRQ",1,-9.44695791464194,-11.3614216060285,1.21800153074214,2.26131823995859,12.2699999872473,-12.4502250159559,2.79544070823879,0.427908181069579
"4FGL J1136.4+6736",1,174.117904663086,67.6127014160156,133.460159301758,47.9541702270508,27.4137840270996,4.85856577192578e-10,3.42968500821605e-11,6.51800575318662e-12,5.56760475396711e-13,"PowerLaw",1.74669122695923,0.0472858659923077,3823.40112304688,1.70364892482758,0.0612967871129513,0.0323997810482979,0.0261750128120184,0,"bll","RX J1136.5+6737",0.999817490577698,0.994179010391235,"bzcat",174.125361783,67.6178737194,2.00000002337219e-07,"RFC J1136+6737",0.136000007390976,"HSP",301995162219839488,6.7066400176452e-12,27.5114135742188,0.330215871334076,0.114769726991653,614.172973632812,17.486681,"BLL",0,-9.31349191371399,-11.1858852605361,1.43796898696826,1.43951290561,17.4799999858775,-11.1734950040136,3.58244986338322,0.880281684413608
"4FGL J1136.4+7009",1,174.12190246582,70.1537017822266,131.906784057617,45.6462097167969,45.9405746459961,1.07795128378996e-09,4.58743286413377e-11,1.37530750676795e-11,7.57995716974685e-13,"PowerLaw",1.810919880867,0.0298570804297924,2611.4443359375,1.80224359035492,0.0359157957136631,0.00628812843933702,0.0144296800717711,0,"bll","Mkn 180",0.99992835521698,0.997519493103027,"cgrabs",174.110035154,70.1575852889,8.19999996792831e-08,"RFC J1136+7009",0.0450000017881393,"HSP",5688529564729344,9.65514907608211e-12,28.3729381561279,0.204606160521507,0.0695294514298439,310.061004638672,15.72223,"BLL",0,-8.96740086592041,-10.8616001865165,1.66219642324961,1.45290431143638,15.7550000195667,-11.0152410162999,3.41688077309745,0.956937797405609
"4FGL J1136.8+2550",1,174.217102050781,25.8463001251221,213.099456787109,73.2805938720703,10.472972869873,2.26318644380719e-10,3.38435911240165e-11,2.76154620004743e-12,4.52647142858142e-13,"PowerLaw",1.93835937976837,0.112120129168034,3346.00732421875,1.9861603975296,0.103128932416439,-0.0387662798166275,0.0393926575779915,0,"bll","RX J1136.8+2551",0.999331057071686,0.899925410747528,"bllac",174.208865825,25.8478895306,4.59999995428007e-07,"RFC J1136+2550",0.156000003218651,"LSP",33113111527424,4.39121802071549e-13,12.8616676330566,0.237300544977188,0.359230518341064,53.0959014892578,18.256144,"BLL",0,-9.64527966691081,-11.5588476867304,1.02006997849997,1.10929728249799,13.5199999918574,-12.3574149999616,3.52452688727321,0.865051900705623
"4FGL J1138.4+4857",1,174.604507446289,48.9622993469238,150.920272827148,64.0082168579102,7.8319525718689,1.10146482212858e-10,2.41454373856032e-11,2.74106800625395e-12,4.02184524832955e-13,"PowerLaw",2.82704138755798,0.131657436490059,457.414276123047,2.85737609863281,0.125837251543999,-0.0355476774275303,0.0584446303546429,0,"fsrq","GB6 J1138+4858",0.957166790962219,0,"crates",174.508718367,48.9825668111,5.20000014603283e-07,"RFC J1138+4858",1.30400002002716,"LSP",9120108249088,3.09240236499517e-13,6.08163595199585,0,10,-Inf,20.513288,"FSRQ",1,-9.95802936850813,-11.5620801894242,0.893870048836196,0.784020419627363,12.9599999931204,-12.5097040032633,2.66030971502523,0.434027774005059
"4FGL J1140.5+1528",1,175.128997802734,15.4823999404907,244.593170166016,69.8299331665039,8.33361148834229,1.47625286994746e-10,3.81181509967465e-11,2.06364179217156e-12,4.71547930910865e-13,"PowerLaw",1.7575398683548,0.148110792040825,8410.5029296875,1.72239518165588,0.180764630436897,0.0353486761450768,0.0873196572065353,0,"bll","NVSS J114023+152808",0.994456946849823,0.935311615467072,"bllac",175.097825679,15.4693798111,1.25753126667405e-06,"RFC J1140+1528",0.244000002741814,"HSP",21877616365535232,2.55703097584714e-12,8.2021312713623,0,10,104.546997070312,18.299192,"BLL",0,-9.83083924507622,-11.6853656855256,0.920833249852711,0.913926715691781,16.340000002502,-11.5922640109029,3.92482196643494,0.803858519128593
"4FGL J1142.0+1548",1,175.501998901367,15.8000001907349,244.509979248047,70.3085556030273,18.6753768920898,6.48446185635976e-10,5.14366431392244e-11,8.09778372828918e-12,6.04615695617289e-13,"PowerLaw",2.25848889350891,0.0551371425390244,1226.69921875,2.25267577171326,0.0594502575695515,0.0109544424340129,0.0285743121057749,0,"bll","MG1 J114208+1547",0.99679309129715,0.931904971599579,"bzcat",175.532233046,15.7983831306,1.50000005305628e-07,"RFC J1142+1547",0.29899999499321,"LSP",9999999827968,5.18082592885355e-13,8.13652420043945,0,10,34.1598014831543,20.299541,"BLL",0,-9.18812606005963,-11.0916338263407,1.27126937517302,0.910438920497853,12.9999999925287,-12.2856009993763,3.08873808868423,0.769822943690794
"4FGL J1143.1+6122",1,175.788101196289,61.3801002502441,136.732604980469,53.8804359436035,20.6937942504883,5.22853149664826e-10,4.15412357290812e-11,4.41970635436939e-12,4.96840307610824e-13,"LogParabola",2.04114699363708,0.0560501255095005,1674.2529296875,1.73768937587738,0.134565681219101,0.250260502099991,0.0771491900086403,0,"bll","GB6 J1143+6122",0.998662650585175,0.928792536258698,"crates",175.800413275,61.3696573861,2.20000003992027e-07,"RFC J1143+6122",0.474999994039536,"LSP",37757221076992,2.0117776802081e-12,78.8444747924805,0.707537770271301,0.188107296824455,-Inf,17.796158,"BLL",0,-9.28162027144938,-11.3546065842512,1.31584012676892,1.89677126454872,13.5770000228257,-11.6964200144678,3.22382106755805,0.677966104434571
"4FGL J1145.5+4423",1,176.397399902344,44.3872985839844,156.082794189453,68.2642135620117,5.97920608520508,1.15448581250455e-10,2.6151990295542e-11,1.74579112017376e-12,3.76537370077104e-13,"PowerLaw",2.48058676719666,0.206449747085571,1037.58569335938,2.55457639694214,0.105966806411743,-0.126306653022766,0.0303177945315838,0,"fsrq","B3 1143+446A",0.985660254955292,0.905709147453308,"crates",176.410494033,44.3394206972,1.30000003650821e-07,"RFC J1145+4420",0.299836009740829,"LSP",17080476762112,1.0404758651883e-12,12.4597120285034,0.378099113702774,0.334852039813995,-Inf,19.157993,"FSRQ",1,-9.93761139976616,-11.7580077198416,0.776643522499415,1.09550800493333,13.2324999888509,-11.9827679892026,3.01602397489377,0.769327817129322
"4FGL J1146.6-2902",1,176.653106689453,-29.0389003753662,286.260711669922,31.7256145477295,5.50843906402588,1.69537814342924e-10,3.41864037078921e-11,2.29170805596257e-12,4.49108794858127e-13,"PowerLaw",2.32544374465942,0.131259500980377,1203.32653808594,2.27957630157471,0.223629206418991,0.274203568696976,0.185552000999451,1,"fsrq","PKS 1143-287",0.992117702960968,0.952199757099152,"bzcat",176.609119075,-28.9884735333,1.0000000116861e-07,"RFC J1146-2859",0.449999988079071,"LSP",13031667924992,1.3804033870829e-12,10.1300840377808,0.35025429725647,0.353264153003693,-Inf,19.12912,"FSRQ",1,-9.77073342000451,-11.6398407085895,0.741028549501372,1.00561304822238,13.1150000046813,-11.8599939837549,3.08038349470945,0.689655178083676
"4FGL J1146.9+3958",1,176.740493774414,39.9775009155273,164.951065063477,71.4682083129883,99.3587646484375,4.06386169160555e-09,9.6157561080279e-11,4.96317327514095e-11,1.14748998063935e-12,"LogParabola",2.38260126113892,0.0140057895332575,531.279968261719,2.32268214225769,0.0198250133544207,0.0665311738848686,0.0105392262339592,0,"fsrq","S4 1144+40",0.999928534030914,0.99075186252594,"cgrabs",176.742907979,39.9761956611,6.79999985209179e-08,"RFC J1146+3958",1.08899998664856,"LSP",9289664036864,3.75673017000144e-12,1537.57568359375,0.646160066127777,0.153101235628128,43.1278991699219,18.057953,"FSRQ",1,-8.39106108113621,-10.3042405623759,1.99720618317769,3.18683650211131,12.9680000079038,-11.4251899973475,2.72532344128635,0.478697944658357
"4FGL J1147.0-3812",1,176.759994506836,-38.2005996704102,289.242492675781,22.953275680542,51.0971145629883,2.34216712691193e-09,8.60652521472716e-11,2.52327637950689e-11,8.84445565830366e-13,"LogParabola",2.22865176200867,0.0239107012748718,739.759460449219,2.15968751907349,0.0328272394835949,0.0545691847801208,0.0159658826887608,0,"bll","PKS 1144-379",0.999965071678162,0.99967223405838,"bzcat",176.755711271,-38.2030620972,6.79999985209179e-08,"RFC J1147-3812",1.04799997806549,"LSP",3981071613952,4.53768142852362e-12,108.357048034668,0.301792472600937,0.0777895227074623,48.0392990112305,17.6128,"BLL",0,-8.63038211878288,-10.5980351777341,1.70839637636263,2.03485716506068,12.5999999900092,-11.3431659973649,2.86909052786392,0.488281255229595
"4FGL J1147.8-0724",1,176.960800170898,-7.41440010070801,276.635559082031,52.1803550720215,22.3499488830566,8.01274713246869e-10,5.96184906997976e-11,9.93297631646239e-12,7.79934439514712e-13,"LogParabola",2.42136526107788,0.0463355258107185,733.786682128906,2.33580207824707,0.0701137632131577,0.171021491289139,0.0500303022563457,0,"fsrq","PKS 1145-071",0.999391376972198,0.987659990787506,"bzcat",176.964808458,-7.41142811389,7.50000026528141e-08,"RFC J1147-0724",1.34200000762939,"LSP",5495408558080,9.33965903747447e-13,167.964508056641,0.862009584903717,0.214122042059898,10.6010999679565,17.804363,"FSRQ",1,-9.09621856257611,-11.0029206000303,1.34927653418689,2.22521752229985,12.7399999857356,-12.0296689782502,2.86556982525801,0.426985481102631
"4FGL J1148.6+1841",1,177.154205322266,18.6861000061035,239.937591552734,73.2735824584961,8.72559642791748,2.24573082352464e-10,3.44828991749591e-11,2.4516688592463e-12,4.83286208361605e-13,"PowerLaw",2.32259082794189,0.120347075164318,1357.88073730469,2.27690243721008,0.159836202859879,0.0456968247890472,0.0769944861531258,0,"bll","TXS 1146+189",0.997204899787903,0.952421367168427,"bzcat",177.157403017,18.669158,1.30000003650821e-07,"RFC J1148+1840",0.405000001192093,"LSP",9484184322048,8.67197481359272e-13,22.1345062255859,0.535856962203979,0.214616864919662,12.9693002700806,19.610395,"BLL",0,-9.64864230010646,-11.6105381892571,0.940795122336149,1.34506983822382,12.9769999857606,-12.0618819921449,3.13286162752549,0.711743771638103
"4FGL J1150.4+2418",1,177.602905273438,24.3015995025635,221.157363891602,75.9765930175781,32.5299644470215,1.37010502943014e-09,6.68698499350917e-11,1.6564482424597e-11,7.72806135491272e-13,"PowerLaw",2.22812557220459,0.0327305346727371,1107.64636230469,2.1924901008606,0.0408944860100746,0.0577071383595467,0.0221882779151201,0,"bll","OM 280",0.998061776161194,0.975622177124023,"cgrabs",177.580050737,24.2982875667,6.79999985209179e-08,"RFC J1150+2417",0.200000002980232,"ISP",118304152748032,9.95412259563455e-12,26.7229232788086,0.183765649795532,0.0640247091650963,49.8810005187988,16.237183,"BLL",0,-8.86324613944682,-10.780822129577,1.51228358862859,1.42688396482196,14.0729999896313,-11.0019970147594,3.04440112554203,0.833333331263728
"4FGL J1150.6+4154",1,177.656295776367,41.9095993041992,159.095733642578,70.6870574951172,54.888988494873,1.90010918110772e-09,7.44823785980842e-11,2.03129093406806e-11,1.17313472304537e-12,"LogParabola",1.80475914478302,0.0257219597697258,1870.36120605469,1.61869180202484,0.0486961826682091,0.102533884346485,0.0198363363742828,0,"bll","RBS 1040",0.999619364738464,0.982202172279358,"whsp2",177.644810808,41.9111233639,2.69999986812763e-07,"RFC J1150+4154",0.319999992847443,"HSP",3162277582733312,5.00145064252777e-12,64.3033065795898,0.285275161266327,0.0790791735053062,67.3599014282227,17.269892,"BLL",0,-8.7212214435786,-10.6922278697948,1.73948522759082,1.80823330562014,15.4999999893654,-11.3009040127297,3.2719254860274,0.75757576168076
"4FGL J1151.5-1347",1,177.878005981445,-13.7895002365112,281.510711669922,46.57470703125,15.3094501495361,4.3384895676013e-10,4.45478862132198e-11,5.25125862932407e-12,5.83212081059492e-13,"PowerLaw",1.97823178768158,0.0709510445594788,2486.91479492188,1.9216810464859,0.091992199420929,0.0642661675810814,0.0447377860546112,0,"bll","PMN J1151-1347",0.999783217906952,0.900250315666199,"bzcat",177.874875575,-13.7974560583,3.09999990122378e-07,"RFC J1151-1347",0.837999999523163,"LSP",39810718760960,8.13483991540104e-13,17.0838203430176,0.286759704351425,0.155801236629486,40.5060997009277,19.618393,"BLL",0,-9.36266144252211,-11.279736591783,1.18495959296406,1.23258499564835,13.6000000186065,-12.0896509890753,3.3956609060061,0.544069641055186
"4FGL J1151.5+5859",1,177.880004882812,58.9893989562988,136.887939453125,56.4857597351074,30.2590637207031,7.57931550854352e-10,4.83456469302368e-11,7.96419354076594e-12,6.10879673668824e-13,"LogParabola",1.87930428981781,0.0435375235974789,2244.35400390625,1.72591495513916,0.076660692691803,0.0907173752784729,0.0341511107981205,0,"bll","TXS 1148+592",0.998530149459839,0.952863097190857,"bllac",177.852751933,58.9882129056,1.0000000116861e-07,"RFC J1151+5859",0.118000000715256,"ISP",518800038428672,1.24388151688526e-12,13.8810186386108,0.152601778507233,0.0983000844717026,71.5625991821289,16.901312,"BLL",0,-9.12037001393066,-11.0988581945681,1.48085548590716,1.14242133736489,14.7149999995812,-11.9052209854117,3.35109135963292,0.894454382254236
"4FGL J1152.3-0839",1,178.080795288086,-8.66629981994629,279.065673828125,51.4452857971191,24.6208400726318,8.54219361912101e-10,5.78510711557456e-11,1.00866199073679e-11,6.78701398467568e-13,"PowerLaw",2.41236448287964,0.0462171956896782,840.309387207031,2.3633291721344,0.060624074190855,0.0840039923787117,0.0378171242773533,0,"fsrq","PKS B1149-084",0.99898087978363,0.980199098587036,"bzcat",178.071706296,-8.68425388333,6.79999985209179e-08,"RFC J1152-0841",2.36999988555908,"LSP",2187761680384,1.989436176561e-12,168.157363891602,0.696674346923828,0.172985002398491,23.5540008544922,19.22766,"FSRQ",1,-9.0684305889894,-10.9962543443193,1.39130286714461,2.22571589054725,12.3400000112029,-11.701269988969,2.92443921513129,0.296735915121285
"4FGL J1152.8+3308",1,178.212295532227,33.1416015625,183.972442626953,75.9961013793945,6.47930479049683,8.46136216647864e-11,2.64789700582524e-11,2.86526683455912e-12,4.57695242383344e-13,"PowerLaw",3.0139524936676,0.169481515884399,323.107299804688,3.08826780319214,0.118612445890903,-0.114574603736401,0.0397212840616703,0,"fsrq","B2 1150+33A",0.997964560985565,0.928915500640869,"bzcat",178.216292454,33.1218789167,1.39999997372797e-07,"RFC J1152+3307",1.39759600162506,"LSP",15848931590144,1.99219568793041e-12,19.1630554199219,0.345443397760391,0.183713302016258,-Inf,16.071018,"FSRQ",1,-10.0725597157123,-11.5428349271415,0.811528409906355,1.28246475558906,13.1999999908349,-11.7006680042586,2.50934676993062,0.41708444597097
"4FGL J1153.0+8056",1,178.266403198242,80.9356994628906,125.739631652832,35.8720741271973,10.1733999252319,1.69511710224057e-10,2.9157246062006e-11,3.55702229823396e-12,5.62119144634221e-13,"PowerLaw",2.86950540542603,0.104697786271572,456.054138183594,2.91916704177856,0.0902619585394859,-0.0616218782961369,0.0423683747649193,0,"fsrq","S5 1150+81",0.994455516338348,0.97304630279541,"cgrabs",178.3020801,80.9747651583,6.79999985209179e-08,"RFC J1153+8058",1.25,"LSP",3033891078144,1.70527329236558e-12,88.1548004150391,0.892496228218079,0.234533652663231,-Inf,18.347729,"FSRQ",1,-9.77080029445193,-11.4489134123038,1.00746611732852,1.94524596651621,12.4819999848191,-11.7682060097184,2.65901640081968,0.444444444444444
"4FGL J1153.4+4931",1,178.350494384766,49.5168991088867,145.553588867188,64.9846420288086,43.3389205932617,1.18216270106331e-09,5.27092709756705e-11,1.81804640786432e-11,6.22591117115795e-13,"PowerLaw",2.41187310218811,0.030281787738204,771.672241210938,2.38552570343018,0.0366468094289303,0.0388484485447407,0.0203728694468737,0,"FSRQ","4C +49.22",1,0.996333181858063,"identified",178.351944333,49.5191195,6.79999985209179e-08,"RFC J1153+4931",0.333999991416931,"LSP",15135612600320,9.77273210273077e-12,1177.00537109375,1.36255371570587,0.322947829961777,38.6427001953125,17.396149,"FSRQ",1,-8.92732274738768,-10.7403950350733,1.63687809050415,3.070778444688,13.1800000033272,-11.009984006264,2.88743287797997,0.749625192229449
"4FGL J1154.0-0010",1,178.510299682617,-0.178700000047684,273.7919921875,59.4061965942383,15.5263519287109,3.68777841597279e-10,4.30982645405198e-11,5.03223851477941e-12,6.44700709918206e-13,"PowerLaw",1.80665469169617,0.0795473605394363,4089.21484375,1.7286993265152,0.117808476090431,0.058972954750061,0.0505736209452152,0,"bll","1RXS J115404.9-001008",0.998919367790222,0.971251308917999,"bzcat",178.518981946,-0.169407425,7.79999993483216e-07,"RFC J1154-0010",0.254000008106232,"HSP",26001594571030528,1.04622473878768e-12,19.5609188079834,0.3968206346035,0.188416466116905,113.087997436523,18.064264,"BLL",0,-9.43323518187312,-11.2982387826666,1.19106942589316,1.2913892504447,16.4149999822848,-11.9803750149605,3.61163992860373,0.797448160714274
"4FGL J1154.0+4037",1,178.514495849609,40.6319999694824,160.515975952148,72.0444793701172,14.7042179107666,3.41197237130331e-10,3.58957100154988e-11,3.25310958726455e-12,4.25416050043453e-13,"PowerLaw",2.11465072631836,0.08608578145504,2077.79052734375,2.07866287231445,0.108057372272015,0.0301813334226608,0.0507702268660069,0,"fsrq","B3 1151+408",0.989280998706818,0.971003174781799,"bzcat",178.477745708,40.6146164639,1.10000001996013e-07,"RFC J1153+4036",0.925125002861023,"LSP",9120108249088,4.6796030592211e-13,27.455545425415,0.518974006175995,0.169394612312317,48.6804008483887,19.283619,"FSRQ",1,-9.46699449422172,-11.4877013064253,1.16744193016433,1.43863007572324,12.9599999931204,-12.3297909837851,3.31760176198714,0.519446788397559
"4FGL J1154.0+6018",1,178.518997192383,60.3106994628906,135.410415649414,55.4061050415039,14.8525333404541,2.65112320985139e-10,3.25256731270596e-11,6.11722348123345e-12,5.13477715208266e-13,"LogParabola",2.69840884208679,0.0620345808565617,663.611267089844,2.75410866737366,0.0967574417591095,0.240723177790642,0.0829049199819565,0,"fsrq","RX J1154.0+6022",0.951955080032349,0,"crates",178.518897104,60.3724488278,8.80000001757253e-08,"RFC J1154+6022",1.12000000476837,"LSP",10964782022656,9.27156441898891e-12,86.2173919677734,0.619106769561768,0.163238644599915,-Inf,19.830687,"FSRQ",1,-9.57657008814199,-11.2134456530818,1.17180053593908,1.93559488152952,13.040000002425,-11.0328469798565,2.82191375106149,0.471698112146589
"4FGL J1158.5+4824",1,179.636505126953,48.4160995483398,145.182907104492,66.3634490966797,13.0542325973511,3.0314398213882e-10,3.41859283936596e-11,3.38383184320112e-12,4.55748720012972e-13,"PowerLaw",2.44257259368896,0.0835853070020676,946.600463867188,2.42539644241333,0.0952579528093338,0.032584123313427,0.0577561631798744,0,"fsrq","GB1 1155+486",0.99652373790741,0.925222933292389,"cgrabs",179.611539575,48.42117495,1.10000001996013e-07,"RFC J1158+4825",2.02800011634827,"LSP",1148153626624,3.56921740427008e-13,105.272705078125,0.921752095222473,0.237125605344772,-Inf,19.664274,"FSRQ",1,-9.51835104873808,-11.4705912270114,1.11575134658932,2.02231578267107,12.0600000019394,-12.4474269979678,2.97616671295145,0.330250978063365
"4FGL J1159.3-2142",1,179.843200683594,-21.703800201416,287.18017578125,39.5701370239258,33.4911003112793,1.43389167206465e-09,7.37350389079516e-11,1.75490715709214e-11,9.29890279360857e-13,"LogParabola",2.43200063705444,0.0333704128861427,868.967346191406,2.38276672363281,0.051304318010807,0.13060274720192,0.0316869653761387,0,"fsrq","PMN J1159-2142",0.999488174915314,0.973889768123627,"cgrabs",179.839302188,-21.7124758472,1.1999999571799e-07,"RFC J1159-2142",0.616999983787537,"LSP",9999999827968,1.71460469520351e-12,94.6650772094727,0.396373212337494,0.103623680770397,13.5103998184204,19.500082,"FSRQ",1,-8.84348365759545,-10.7557458548273,1.52492941601604,1.9761897934441,12.9999999925287,-11.7658359913534,2.93900345696037,0.618429196058293
"4FGL J1159.5+2914",1,179.884002685547,29.244800567627,199.416351318359,78.3755950927734,183.713562011719,1.1965723523133e-08,1.68326172444999e-10,7.89235760079166e-11,1.4356753633149e-12,"LogParabola",2.19256281852722,0.00824105553328991,523.507141113281,2.10329937934875,0.012613907456398,0.0624015592038631,0.00580944959074259,0,"fsrq","Ton 599",0.999948620796204,0.998712122440338,"cgrabs",179.882641296,29.2455074472,6.79999985209179e-08,"RFC J1159+2914",0.728999972343445,"LSP",11721953509376,9.59953037199535e-12,7709.5810546875,0.983769953250885,0.232071593403816,48.0169982910156,16.636158,"FSRQ",1,-7.92206103607235,-10.1027932451973,2.2641412177617,3.88703077875382,13.0689999945868,-11.0177500129854,2.71892261022678,0.578369008673045
"4FGL J1202.4+4442",1,180.610000610352,44.7146987915039,148.903106689453,69.8615417480469,5.91548299789429,1.0175511128141e-10,2.42016164053727e-11,1.62113237330702e-12,3.4814897275845e-13,"PowerLaw",2.59980249404907,0.181575998663902,783.464477539062,2.68362998962402,0.135663628578186,-0.0823890790343285,0.0506600849330425,0,"bll","B3 1159+450",0.98109382390976,0,"crates",180.536094,44.7395766389,3.09999990122378e-07,"RFC J1202+4444",0.296999990940094,"ISP",138038428565504,1.2688199015759e-12,9.7086009979248,0.11381845921278,0.776000261306763,-Inf,18.79932,"BLL",0,-9.99244376642157,-11.7901815214565,0.771990210461238,0.987156652909533,14.1400000066234,-11.8966000180176,2.89401931023856,0.77101002851602
"4FGL J1202.5+3852",1,180.646194458008,38.8809013366699,160.808731079102,74.441162109375,11.0098447799683,2.45279768718021e-10,3.26936255845567e-11,3.20774114735689e-12,4.16269720516366e-13,"PowerLaw",2.44690632820129,0.102079071104527,941.757934570312,2.47305727005005,0.0823831781744957,-0.0563279055058956,0.0331570692360401,0,"bll","NVSS J120257+385147",0.960982441902161,0,"bzcat",180.737810271,38.8632173917,2.9753385888398e-07,"RFC J1202+3851",0.805000007152557,"ISP",131825674485760,8.01303413813098e-13,13.179759979248,0.22987762093544,0.179853111505508,-Inf,18.316742,"BLL",0,-9.61033827199938,-11.4938006849048,1.0417811962035,1.11990750125668,14.1200000020759,-12.0962030070193,2.9739392879415,0.554016618303249
"4FGL J1203.1+6031",1,180.788101196289,60.5180015563965,133.432495117188,55.6149635314941,31.5245361328125,7.6894257627913e-10,4.16379535017608e-11,7.74924915902808e-12,6.42847266304342e-13,"PowerLaw",2.12141251564026,0.0423748418688774,1581.54528808594,2.05399990081787,0.0564576424658298,0.0756957232952118,0.0319868735969067,0,"bll","SBS 1200+608",0.998526036739349,0.963238775730133,"crates",180.76461305,60.5219897389,1.1999999571799e-07,"RFC J1203+6031",0.0649999976158142,"LSP",40926063886336,2.4660223949674e-12,23.2011203765869,0.207032635807991,0.0808729156851768,104.471000671387,16.451101,"BLL",0,-9.11410609158515,-11.1107403751567,1.49864870487424,1.36550895737456,13.611999977857,-11.6080029837149,3.19908163259965,0.938967138252274
"4FGL J1203.4-3925",1,180.852005004883,-39.4257011413574,292.914215087891,22.5099468231201,13.2375478744507,3.23996829365569e-10,4.45446284025319e-11,3.97913993421817e-12,5.916231046732e-13,"PowerLaw",1.80750346183777,0.0863949581980705,5336.19189453125,1.80262899398804,0.0909702554345131,0.0063419071957469,0.0373334363102913,0,"bll","PMN J1203-3926",0.997768938541412,0.931536138057709,"whsp2",180.824516629,-39.4391861111,1.39999997372797e-06,"RFC J1203-3926",0.226999998092651,"HSP",6309573245796352,2.32140001665826e-12,9.586745262146,0.115862898528576,0.372897297143936,172.216003417969,18.58466,"BLL",0,-9.48945923978035,-11.4002107877724,1.12180754377255,0.981671187503323,15.7999999863022,-11.6342500167786,3.72723143883157,0.814995926287271
"4FGL J1204.2-0709",1,181.074096679688,-7.16270017623901,282.834747314453,53.8594169616699,24.1832809448242,7.76516739797728e-10,5.6016968841277e-11,9.49776889080933e-12,7.69451451339276e-13,"PowerLaw",1.89140605926514,0.0518645122647285,2910.65893554688,1.79196715354919,0.0825659036636353,0.0843472480773926,0.0399621911346912,0,"bll","1RXS J120417.0-070959",0.999745965003967,0.968563735485077,"bzcat",181.069436208,-7.16916814167,1.10000001996013e-07,"RFC J1204-0710",0.184000000357628,"ISP",966050887761920,2.58188566013007e-12,31.4605693817139,0.382159352302551,0.124143615365028,82.1153030395508,16.991533,"BLL",0,-9.1098491775099,-11.0223784023122,1.38351522123817,1.49776657833491,14.9850000039436,-11.5880629945538,3.4639913187717,0.844594594339484
"4FGL J1205.7-2635",1,181.432205200195,-26.5946006774902,290.416076660156,35.1638069152832,19.1935577392578,5.93593008080262e-10,4.97160472512359e-11,9.43783766416129e-12,6.97827429521625e-13,"PowerLaw",2.52918863296509,0.0532085560262203,708.265869140625,2.50861573219299,0.0605742745101452,0.037546344101429,0.0346726104617119,0,"fsrq","PKS 1203-26",0.947818279266357,0.948798835277557,"bzcat",181.388384558,-26.5679066361,1.59999999027605e-07,"RFC J1205-2634",0.788999974727631,"LSP",10964782022656,1.34015801928067e-12,39.399055480957,0.356606096029282,0.10950119048357,12.5137996673584,18.662369,"FSRQ",1,-9.2265112232446,-11.0251274970254,1.28315548350658,1.59548581054828,13.040000002425,-11.872843990549,2.8501963139415,0.558971500350215
"4FGL J1207.7-0106",1,181.927597045898,-1.10629999637604,280.740234375,59.8679809570312,12.1038103103638,3.57111146209732e-10,4.21919131576853e-11,4.31562121108731e-12,5.15958911879999e-13,"PowerLaw",2.33759355545044,0.0811657309532166,1044.74645996094,2.22264528274536,0.125060111284256,0.178534731268883,0.0881644040346146,0,"fsrq","AT20G J120741-010630",0.997759699821472,0.943747460842133,"at20g",181.923656733,-1.11019174444,1.1999999571799e-07,"RFC J1207-0106",1.00600004196167,"LSP",17378008104960,9.65652796440508e-13,145.22819519043,1.15127229690552,0.288092255592346,11.7704000473022,17.672228,"FSRQ",1,-9.44719659432742,-11.3649566810313,1.08292210885123,2.16205094024076,13.2399999954383,-12.0151789974924,3.01901090824636,0.498504476112622
"4FGL J1208.4+6121",1,182.114303588867,61.355899810791,131.900177001953,55.017650604248,9.09488296508789,1.57515819831922e-10,2.54882382560995e-11,1.46344535881943e-12,3.04809942477252e-13,"PowerLaw",2.07293391227722,0.137003198266029,2977.77905273438,2.1235191822052,0.13824051618576,-0.0390461497008801,0.0589971393346786,4,"bll","RGB J1208+613",0.995917081832886,0.922455132007599,"bzcat",182.154682692,61.3517659917,6.09999972311925e-07,"RFC J1208+6121",0.275000005960464,"ISP",118987136434176,1.58255570106847e-12,23.0587692260742,0.65527480840683,0.25226029753685,-Inf,18.485931,"BLL",0,-9.80267582206051,-11.8346234883352,0.958797114840564,1.36283612288109,14.0755000128411,-11.8006409952184,3.47389247053568,0.784313721823628
"4FGL J1208.9+5441",1,182.226104736328,54.6995010375977,135.783752441406,61.354736328125,53.5257759094238,1.12393383489007e-09,4.95706288516917e-11,1.79487570639569e-11,5.742109262033e-13,"LogParabola",2.58953022956848,0.0240358468145132,360.546539306641,2.51118803024292,0.033484622836113,0.0722918212413788,0.019252946600318,0,"fsrq","TXS 1206+549",0.999599695205688,0.980136156082153,"bzcat",182.226068462,54.6994898167,8.80000001757253e-08,"RFC J1208+5441",1.34512305259705,"LSP",6309573296128,1.40467867372485e-12,356.94482421875,0.496397018432617,0.119821220636368,13.7904996871948,19.772717,"FSRQ",1,-8.94925925459252,-10.745965620565,1.7285629715431,2.55260108897137,12.7999999897666,-11.8524230111243,2.55696133135654,0.426416856417225
"4FGL J1209.4+4118",1,182.358001708984,41.3111000061035,151.564880371094,73.399772644043,24.2940120697021,5.6788412861053e-10,4.11039952075143e-11,6.67707902857195e-12,5.86159159404742e-13,"PowerLaw",1.92767632007599,0.0543456040322781,2375.16259765625,1.85301578044891,0.0816259682178497,0.0528248362243176,0.0377791039645672,0,"bll","B3 1206+416",0.998830795288086,0.946572303771973,"cgrabs",182.344949904,41.3281583917,1.10000001996013e-07,"RFC J1209+4119",1.33599996566772,"LSP",38018941452288,2.9966842809287e-12,14.4461297988892,0.19255904853344,0.113175988197327,46.3782997131348,17.39012,"BLL",0,-9.24574026893441,-11.1754134835135,1.38549924291742,1.15975151269014,13.5800000207927,-11.5233590102319,3.37569334568626,0.428082198072362
"4FGL J1209.7+2548",2,182.444396972656,25.8006992340088,218.687286376953,80.5851593017578,4.72467517852783,1.03155442521263e-10,2.62696999570045e-11,2.9440907177436e-12,3.51544856593e-13,"PowerLaw",2.13630890846252,0.184811532497406,2435.92846679688,2.02817034721375,0.265964180231094,0.106560416519642,0.14643406867981,0,"fsrq","B2 1207+26",0.996764898300171,0.94361025094986,"cgrabs",182.437896728516,25.7843704223633,1.3e-07,"RFC J1209+2547",1.43499994277954,"LSP",8912509075456,3.63078057202815e-13,8.17791652679443,0,10,-Inf,18.996758,"FSRQ",1,-9.98650785354059,-11.5310488119947,0.674371956121033,0.912642673332822,12.9499999850948,-12.4399999970901,3.38666453070487,0.410677627720395
"4FGL J1209.8+1810",1,182.466400146484,18.1776008605957,253.833221435547,76.8933410644531,20.87135887146,5.80420711493446e-10,4.70255431817002e-11,6.22322202450953e-12,5.46502188121523e-13,"PowerLaw",2.41109228134155,0.0569999255239964,887.118347167969,2.3944935798645,0.0647903233766556,0.0246206279844046,0.0358588695526123,0,"fsrq","MG1 J120953+1809",0.999588787555695,0.933345973491669,"bzcat",182.465678567,18.1685613139,1.39999997372797e-07,"RFC J1209+1810",0.845000028610229,"LSP",2440619098112,7.32131369418632e-13,128.083038330078,0.793507635593414,0.199631676077843,15.394700050354,19.273058,"FSRQ",1,-9.2362570987725,-11.2059847045114,1.31955072559467,2.10749162117808,12.3875000053508,-12.1354109846593,2.94798156131253,0.542005411649377
"4FGL J1213.0+5129",1,183.25959777832,51.484001159668,136.936660766602,64.5874481201172,14.6125230789185,3.02585068112649e-10,3.1523870319683e-11,3.61796183290242e-12,3.90753727118331e-13,"PowerLaw",2.10816645622253,0.0853614136576653,1989.61315917969,2.12668013572693,0.0907630398869514,-0.0161996334791183,0.0377297662198544,0,"bll","1RXS J121301.8+512942",0.998447418212891,0.933483481407166,"bllac",183.253367854,51.4932365389,7.30000010662479e-07,"RFC J1213+5129",0.796000003814697,"ISP",251188645724160,8.032042370619e-13,10.7382040023804,0.129775106906891,0.228531017899513,16.3735008239746,17.984447,"BLL",0,-9.51915250723248,-11.4415360189708,1.16472521009216,1.03093165035049,14.400000004449,-12.0951740092034,3.29876864466851,0.556792871868599
"4FGL J1213.3-2618",1,183.336196899414,-26.3139991760254,292.399047851562,35.7774391174316,11.6374378204346,2.77338263465765e-10,4.14149929628405e-11,3.44210575840831e-12,5.54830703949905e-13,"PowerLaw",1.80657625198364,0.0936406627297401,4974.23095703125,1.58934342861176,0.195048183202744,0.224668443202972,0.11833917349577,0,"bll","RBS 1080",0.999721229076385,0.981924891471863,"bllac",183.346358175,-26.3021689333,7.09999994796817e-07,"RFC J1213-2618",0.277999997138977,"ISP",478630081724416,1.13530354822061e-12,15.6398887634277,0.443552792072296,0.219249024987221,35.326000213623,18.05975,"BLL",0,-9.55699020807937,-11.4631757901422,1.06585737353275,1.19423365987464,14.6799999903835,-11.9448880048216,3.69672594599938,0.782472615210229
"4FGL J1213.6+1306",1,183.410003662109,13.1154003143311,268.826202392578,73.4315948486328,20.5567836761475,6.07916550432464e-10,5.25546793583853e-11,5.88261340681018e-12,6.44390465466549e-13,"LogParabola",2.46562600135803,0.0518243461847305,576.242736816406,2.28388047218323,0.0863256379961967,0.18841315805912,0.0611802563071251,0,"fsrq","4C +13.46",0.996285259723663,0.984360873699188,"bzcat",183.384043546,13.1224734833,1.80000000682412e-07,"RFC J1213+1307",1.14023995399475,"LSP",87096358338560,6.33592462349897e-13,5.46464347839355,0,10,-Inf,17.771803,"FSRQ",1,-9.21615603285565,-11.2304296916101,1.31295516572353,0.737561833181038,13.9399999967237,-12.1981899980526,2.76060546441864,0.467237329222597
"4FGL J1215.0+1656",1,183.774200439453,16.9372005462646,261.551818847656,76.7907791137695,22.1824207305908,6.497840598918e-10,4.93900649545242e-11,9.01754625831641e-12,6.03644738361719e-13,"PowerLaw",2.41000890731812,0.0529382452368736,853.849426269531,2.39113068580627,0.0604560263454914,0.0283989831805229,0.0336149521172047,0,"fsrq","TXS 1212+171",0.999078691005707,0.935463905334473,"cgrabs",183.766579758,16.910543575,7.50000026528141e-08,"RFC J1215+1654",1.13199996948242,"LSP",3507518701568,9.9401509159186e-13,219.919769287109,0.991937816143036,0.242579773068428,50.886100769043,19.921581,"FSRQ",1,-9.18723094670902,-11.0449116211549,1.34600893823207,2.34226427122706,12.5449999953002,-12.0026070218951,2.93138129093973,0.469043158683894
"4FGL J1215.1+5002",1,183.781692504883,50.0438003540039,137.387634277344,66.0529708862305,19.3984260559082,3.87582882455106e-10,3.55901974558037e-11,4.5315595893769e-12,4.71486348227468e-13,"PowerLaw",1.87766122817993,0.0668428242206573,3183.603515625,1.77838277816772,0.10005372017622,0.0758553743362427,0.0469499528408051,0,"bll","IVS B1212+503",0.998282670974731,0.901692986488342,"bllac",183.753325313,50.0376496972,1.39999997372797e-07,"RFC J1215+5002",1.54499995708466,"ISP",794328230264832,1.68505855970003e-12,8.47174644470215,0,10,43.0769004821777,17.979519,"BLL",0,-9.41163541175401,-11.3437523047216,1.28776649369496,0.927972949068907,14.8999999975618,-11.7733850017881,3.50291897561775,0.392927315073717
"4FGL J1215.1+0731",1,183.789505004883,7.52220010757446,277.583435058594,68.5896453857422,11.1564292907715,2.0921685217612e-10,3.49388226683622e-11,2.26271475514683e-12,4.57516294814775e-13,"PowerLaw",1.72250592708588,0.101472251117229,5740.9580078125,1.6991913318634,0.118058539927006,0.0236225463449955,0.050486296415329,0,"bll","1ES 1212+078",0.99823796749115,0.971378147602081,"bzcat",183.795737146,7.53463084722,5.90000013289682e-07,"RFC J1215+0732",0.13646499812603,"LSP",80816495394816,4.1947686643673e-12,11.0333766937256,0.314209073781967,0.243144795298576,86.0830993652344,17.322742,"BLL",0,-9.67940333647623,-11.6453701911066,1.04752521723135,1.04270844580609,13.9075000133463,-11.3772919849089,3.75898437023602,0.879921512452162
"4FGL J1216.1+0930",1,184.04150390625,9.50959968566895,275.981719970703,70.5130310058594,11.9776163101196,3.13576359323164e-10,3.82400396070626e-11,3.41571974697696e-12,4.76734537263601e-13,"PowerLaw",2.06438040733337,0.0881956145167351,2013.31481933594,2.01733016967773,0.110860168933868,0.0527207925915718,0.0552216060459614,0,"bll","TXS 1213+097",0.99646407365799,0.898466348648071,"crates",184.025876167,9.48600246389,2.00000002337219e-07,"RFC J1216+0929",0.0935000032186508,"HSP",2238721101398016,3.56634210010864e-12,7.17329406738281,0,10,83.1308975219727,17.493776,"BLL",0,-9.50365668642926,-11.4665177695212,1.07837039682076,0.855718634993233,15.3499999927892,-11.4477769996174,3.30391169024392,0.914494738963476
"4FGL J1217.9+3007",1,184.476196289062,30.1177005767822,188.849304199219,82.0600509643555,134.953826904297,1.00053867413408e-08,1.68569908032268e-10,8.84963005653994e-11,2.24969999226832e-12,"LogParabola",1.92921626567841,0.0103759029880166,1093.89489746094,1.85413372516632,0.0156405735760927,0.0461547262966633,0.00624034274369478,0,"BLL","B2 1215+30",1,0.997729063034058,"identified",184.467008192,30.1168433028,6.79999985209179e-08,"RFC J1217+3007",0.129999995231628,"HSP",1614358618570752,1.42866040178657e-11,633.80224609375,0.357059419155121,0.0854214057326317,466.497985839844,14.55736,"BLL",0,-7.99976611978298,-10.0530748838515,2.13018520441572,2.80195377392716,15.2080000166104,-10.8450709924531,3.03897559654448,0.884955755946724
"4FGL J1221.3+3010",1,185.34489440918,30.1676998138428,186.416976928711,82.7409286499023,69.2915191650391,3.250378632913e-09,1.05775554981591e-10,4.12195347299082e-11,1.68655779446414e-12,"PowerLaw",1.70739495754242,0.0215594675391912,4501.4638671875,1.66483068466187,0.0284180678427219,0.0326160341501236,0.0123048340901732,0,"bll","PG 1218+304",0.999314785003662,0.992930591106415,"bllac",185.3414277,30.1769891833,1.59999999027605e-07,"RFC J1221+3010",0.184000000357628,"HSP",18599446069641216,1.25407644338549e-11,60.064868927002,0.238626703619957,0.066233791410923,513.195983886719,16.708784,"BLL",0,-8.48806604560365,-10.3848969146765,1.8406800830214,1.77862053369752,16.2695000102136,-10.901675989878,3.65335376845497,0.844594594339484
"4FGL J1221.5+2814",1,185.378402709961,28.2381992340088,201.694152832031,83.2841262817383,76.8245849609375,3.28150484563139e-09,9.03067759461251e-11,3.96426363957758e-11,1.05583868471176e-12,"PowerLaw",2.15315937995911,0.0193589199334383,1082.46337890625,2.13354349136353,0.0228297840803862,0.0210974365472794,0.0111821694299579,0,"bll","W Comae",0.999862909317017,0.994291722774506,"cgrabs",185.382043821,28.2329167361,7.50000026528141e-08,"RFC J1221+2813",0.101999998092651,"ISP",446683578105856,1.23818065175807e-11,306.750152587891,0.407598614692688,0.0989437252283096,72.0866012573242,15.606262,"BLL",0,-8.483926950106,-10.4018374708854,1.88550022269136,2.48678478743185,14.6499999863444,-10.9072159867069,3.03441321254691,0.907441017904543
"4FGL J1223.9+5000",1,185.988006591797,50.0088996887207,134.059524536133,66.5213165283203,23.8206768035889,5.54656598428238e-10,4.30631294512374e-11,5.39849978956064e-12,5.87135971352043e-13,"LogParabola",2.54195284843445,0.0455800406634808,617.360717773438,2.41870069503784,0.0750085115432739,0.224661335349083,0.0563466474413872,0,"fsrq","SBS 1221+503",0.967925250530243,0.800885021686554,"bzcat",186.041327954,50.0320784611,4.99999998737621e-07,"RFC J1224+5001",1.06395196914673,"LSP",25118864572416,8.54499847616208e-13,148.265823364258,0.662319898605347,0.166535437107086,-Inf,17.122217,"FSRQ",1,-9.25597581609443,-11.2677269112207,1.37695409668867,2.17104105369275,13.400000004449,-12.0682880103914,2.79053899217397,0.484507398887492
"4FGL J1224.1+2239",1,186.034805297852,22.6546993255615,247.306823730469,82.3647232055664,5.6817307472229,1.0871528677292e-10,3.66208625923736e-11,1.1575959375093e-12,3.7061854778718e-13,"PowerLaw",1.84791278839111,0.204023659229279,8141.783203125,1.94479298591614,0.116465426981449,-0.123350337147713,0.0468087755143642,0,"bll","TXS 1221+229",0.997153222560883,0.865402281284332,"bzcat",186.004317713,22.6609884722,7.4000001859531e-07,"RFC J1224+2239",0.482100009918213,"ISP",143879860912128,4.11832867070958e-13,6.18160390853882,0,10,756.635986328125,19.363104,"BLL",0,-9.96370938420863,-11.9364430060082,0.754480648998671,0.791101173835184,14.1580000093166,-12.3852789966739,3.91071953393873,0.674718300592403
"4FGL J1224.4+2436",1,186.116104125977,24.614200592041,233.940322875977,83.4336242675781,37.971794128418,1.2361968115826e-09,6.0598359663544e-11,1.60597438125798e-11,9.26923468536067e-13,"PowerLaw",1.92512571811676,0.0365411713719368,2216.48193359375,1.86512959003448,0.048247080296278,0.05019236728549,0.0234564319252968,0,"bll","MS 1221.8+2452",0.998812794685364,0.942937314510345,"bllac",186.1007755,24.6065281083,2.90000002678426e-07,"RFC J1224+2436",0.218999996781349,"HSP",3548133954945024,5.05199614780905e-12,178.752868652344,0.723301768302917,0.178109273314476,232.410003662109,16.476044,"BLL",0,-8.9079123808816,-10.7942613869322,1.57946111759447,2.25225302015081,15.5500000076634,-11.2965369892699,3.3456641957425,0.820344546874818
"4FGL J1224.9+2122",1,186.22770690918,21.3813991546631,255.067932128906,81.6616134643555,215.400512695312,1.67095741687717e-08,1.9795229344588e-10,2.31984612075742e-10,2.29761739148349e-12,"LogParabola",2.34186029434204,0.00664646876975894,392.393005371094,2.27806854248047,0.00890424754470587,0.0458717606961727,0.00448923511430621,0,"FSRQ","4C +21.35",1,0.999004900455475,"identified",186.226910021,21.3795523333,8.19999996792831e-08,"RFC J1224+2122",0.433999985456467,"LSP",28840315322368,1.22885599265765e-11,20391.892578125,1.10741829872131,0.261113822460175,161.889999389648,14.885071,"FSRQ",1,-7.77703461764157,-9.63454082162734,2.33324673266893,4.3094575346596,13.4600000043836,-10.9104990082922,2.59372125723031,0.697350076807485
"4FGL J1224.9+4334",1,186.237106323242,43.5690994262695,139.259887695312,72.70947265625,19.1489124298096,4.05535355296749e-10,3.64768285021633e-11,5.61868780668551e-12,4.28832615034444e-13,"PowerLaw",2.44585847854614,0.0601561143994331,750.026794433594,2.42744445800781,0.0698781237006187,0.0220824349671602,0.0374246761202812,0,"bll","B3 1222+438",0.997201919555664,0.952664315700531,"crates",186.214605412,43.5886909639,1.10000001996013e-07,"RFC J1224+4335",0.948000013828278,"LSP",14962356387840,1.06339351386986e-12,8.12283611297607,0,10,-Inf,20.662682,"BLL",0,-9.39197127723348,-11.2503650981063,1.28214411307513,0.90970769096078,13.1749999949755,-11.9733059929772,2.87507677868076,0.51334701894317
"4FGL J1225.0+0330",2,186.251907348633,3.50979995727539,286.820556640625,65.5514297485352,12.121506690979,4.34891844758312e-10,5.31322555397118e-11,5.61868780668551e-12,4.28832615034444e-13,"LogParabola",2.62709426879883,0.0954373553395271,963.962463378906,2.39720821380615,0.165982484817505,0.346486121416092,0.158144444227219,0,"fsrq","4C +03.23",0.989112138748169,0.978806972503662,"wise",186.21842956543,3.51397013664246,1.1e-07,"RFC J1224+0330",0.955999970436096,"LSP",3019951833088,6.12168519001366e-13,235.109588623047,1.66108179092407,0.403413474559784,-Inf,18.83693,"FSRQ",1,-9.36161873629804,-11.2503650981063,1.08355660554884,2.37127034159265,12.4800000162052,-12.2131290079232,2.98406012283976,0.511247451490016
"4FGL J1226.8-1329",1,186.718795776367,-13.4940004348755,293.819854736328,48.9426879882812,19.7329196929932,7.21622039900893e-10,5.88922938193903e-11,9.44822258625022e-12,8.06083986452238e-13,"PowerLaw",1.9982351064682,0.0597768798470497,2502.4365234375,1.87620770931244,0.0951526761054993,0.117510072886944,0.0519529730081558,0,"bll","PMN J1226-1328",0.99932450056076,0.926502108573914,"cgrabs",186.72674475,-13.4774959833,1.80000000682412e-07,"RFC J1226-1328",0.456000000238419,"LSP",22908676079616,1.31444074374931e-12,42.5530586242676,0.470176488161087,0.142610803246498,42.9729995727539,18.938639,"BLL",0,-9.14169021096893,-11.0246498839338,1.29519134844245,1.62893078171558,13.3599999915058,-11.8812589875285,3.3983630700193,0.686813186700722
"4FGL J1228.7+4858",1,187.17919921875,48.9827003479004,132.792190551758,67.7082672119141,14.7057847976685,3.40897060580048e-10,3.49253750919765e-11,5.49304265268225e-12,5.51591541539387e-13,"PowerLaw",2.55559825897217,0.0732195153832436,880.208435058594,2.50608992576599,0.107269734144211,0.134803280234337,0.0693869963288307,0,"fsrq","TXS 1226+492",0.991855442523956,0.950267553329468,"crates",187.215699375,48.9670252056,1.1999999571799e-07,"RFC J1228+4858",1.71605598926544,"LSP",3019951833088,9.3967357766428e-13,87.0973434448242,0.822455286979675,0.215164259076118,-Inf,19.482605,"FSRQ",1,-9.46737674350378,-11.2601870287317,1.16748820627948,1.94000490879815,12.4800000162052,-12.0270229847398,2.94458552610133,0.368180922614357
"4FGL J1229.0+0202",1,187.267501831055,2.0453999042511,289.930541992188,64.3510437011719,130.920608520508,5.62754287614098e-09,1.23754076430949e-10,1.28729069071021e-10,1.55815779116081e-12,"LogParabola",2.70480680465698,0.0107091963291168,307.122772216797,2.61484909057617,0.0130020258948207,0.0965183675289154,0.00935490988194942,0,"FSRQ","3C 273",1,0.999805867671967,"identified",187.27791555,2.05238833611,6.79999985209179e-08,"RFC J1229+0203",0.158000007271767,"LSP",69984197804032,9.02782223977106e-11,7045.7822265625,0.9648317694664,0.227634131908417,60.5125007629395,12.851276,"FSRQ",1,-8.24968118743353,-9.89032337142024,2.11700801524645,3.84792921573086,13.8449999888535,-10.0444170008843,2.48731201924813,0.863557852953721
"4FGL J1230.2+2517",1,187.559906005859,25.2982997894287,232.797058105469,84.9060821533203,83.2937393188477,3.85475873443397e-09,1.04393306499251e-10,3.68633491787396e-11,1.3475245225214e-12,"LogParabola",2.08932018280029,0.0175598338246346,811.261474609375,2.00091028213501,0.0264613907784224,0.0543404705822468,0.0119565734639764,0,"bll","ON 246",0.99994295835495,0.987930536270142,"cgrabs",187.558705608,25.3019822917,8.80000001757253e-08,"RFC J1230+2518",0.135000005364418,"ISP",501187249963008,1.90834101992943e-11,1731.68713378906,1.08989524841309,0.257891207933426,76.138801574707,15.534149,"BLL",0,-8.41400279882781,-10.4334052099805,1.92061235937246,3.23846943020864,14.7000000141554,-10.7193440144119,2.90916085258105,0.881057264558274
"4FGL J1231.5+1421",1,187.877105712891,14.3531999588013,281.955200195312,76.4065399169922,12.6034059524536,3.08233633061761e-10,4.21739865252846e-11,3.91295199367314e-12,5.58110740782325e-13,"PowerLaw",1.88270723819733,0.0985672026872635,4148.2177734375,1.88879334926605,0.112937763333321,-0.00553386379033327,0.0468195751309395,0,"bll","GB6 J1231+1421",0.998999536037445,0,"bllac",187.849607421,14.3567839222,2.00000002337219e-07,"RFC J1231+1421",0.256000012159348,"ISP",582103225860096,1.76436729809604e-12,13.2808561325073,0.263249665498734,0.209410190582275,97.6474990844727,17.71152,"BLL",0,-9.51111997477984,-11.407495480239,1.10048792499614,1.12322607214338,14.7650000060352,-11.7534110003088,3.6178615479387,0.796178336241235
"4FGL J1231.6+6415",1,187.90119934082,64.2535018920898,126.48706817627,52.7376327514648,15.7281847000122,2.63844168735261e-10,2.88268367509836e-11,2.81094180050456e-12,3.64156757049275e-13,"PowerLaw",1.90630614757538,0.0807449296116829,3275.55908203125,1.90711069107056,0.090710923075676,0.000195283835637383,0.0377407893538475,0,"bll","MS 1229.2+6430",0.998493373394012,0.965946018695831,"bzcat",187.880811125,64.2384111111,1.1999999571799e-07,"RFC J1231+6414",0.162939995527267,"ISP",109647822323712,1.87033331530695e-12,8.85795974731445,0,10,46.035099029541,17.891365,"BLL",0,-9.57865249979682,-11.5511481462038,1.19667860054688,0.947333702415331,14.0400000107314,-11.728080990202,3.51528543731055,0.859889593483805
"4FGL J1231.7+2847",1,187.934906005859,28.7917003631592,190.861221313477,85.3435592651367,52.4689559936523,1.86835369397897e-09,6.95384930193832e-11,2.28336464319634e-11,9.66105559267738e-13,"PowerLaw",1.9977753162384,0.0267687868326902,1597.27490234375,1.95467281341553,0.0343845151364803,0.0395116955041885,0.0161107070744038,0,"bll","B2 1229+29",0.999788522720337,0.982161998748779,"crates",187.931553008,28.7971580472,1.70000006960436e-07,"RFC J1231+2847",0.236450999975204,"ISP",810961027989504,3.4138700980707e-12,236.167510986328,0.58359682559967,0.142440170049667,59.8560981750488,16.684763,"BLL",0,-8.72854090497804,-10.6414247280707,1.71990242286602,2.37322015250763,14.9089999840067,-11.4667530083427,3.20337966773307,0.808766380568299
"4FGL J1233.6+5027",1,188.410507202148,50.4606018066406,130.023574829102,66.4219055175781,8.18240642547607,1.74603331792866e-10,2.79646132639311e-11,2.38745785294259e-12,4.05485378347087e-13,"PowerLaw",2.45676898956299,0.109346926212311,968.659362792969,2.35228323936462,0.162382334470749,0.161835625767708,0.108448795974255,0,"bll","TXS 1231+507",0.975409209728241,0.861057639122009,"crates",188.455277175,50.4396589556,1.50000005305628e-06,"RFC J1233+5026",0.206796005368233,"ISP",376703796903936,1.21745799205875e-12,9.13791465759277,0.0888349413871765,0.520906925201416,-Inf,18.609375,"BLL",0,-9.75794747331401,-11.6220642865069,0.912881047388931,0.960847097699812,14.575999997602,-11.9145460150265,2.98617108059265,0.82864046247391
"4FGL J1236.3+3858",1,189.089401245117,38.9813995361328,136.855697631836,77.7362365722656,10.8752698898315,2.09216061142214e-10,3.02610159153005e-11,2.37027389903e-12,3.84891445971702e-13,"PowerLaw",1.98886024951935,0.11969979852438,2928.74560546875,2.04692769050598,0.115392774343491,-0.0411114729940891,0.0441900528967381,0,"bll","RX J1236.4+3859",0.99715518951416,0.82230806350708,"bzcat",189.095903325,39.0002708556,6.29999988177588e-07,"RFC J1236+3900",0.389999985694885,"ISP",123026880331776,7.4325186847149e-13,16.0062675476074,0.193251296877861,0.317198276519775,25.5065994262695,18.76566,"BLL",0,-9.67940497851561,-11.6252014658193,1.03644004357703,1.20429007192808,14.0900000114747,-12.1288639903426,3.46668164995428,0.719424467835575
"4FGL J1239.4+0728",1,189.861999511719,7.47090005874634,294.154022216797,70.1380386352539,12.3360118865967,3.48823719908964e-10,4.07908082311614e-11,4.10456434465911e-12,5.07247943735273e-13,"PowerLaw",2.22927308082581,0.0912456139922142,1492.87963867188,2.11352920532227,0.135937079787254,0.123426511883736,0.0975903943181038,0,"bll","PKS 1236+077",0.995849370956421,0.940507650375366,"cgrabs",189.852451367,7.50477473611,6.79999985209179e-08,"RFC J1239+0730",0.400000005960464,"LSP",4518559350784,2.31519187501861e-12,12.4066019058228,0.241798177361488,0.182086452841759,18.9251003265381,18.122284,"BLL",0,-9.45739399084005,-11.3867329317848,1.09117477917971,1.09365284712045,12.6549999910648,-11.6354130103442,3.17402479475264,0.714285711244661
"4FGL J1239.5+0443",1,189.885406494141,4.72840023040771,295.192291259766,67.4212036132812,104.27123260498,5.56507728788347e-09,1.25122620597828e-10,6.98035379498307e-11,1.4480564100236e-12,"LogParabola",2.37374448776245,0.0136246141046286,502.535888671875,2.22791028022766,0.0233541503548622,0.123390167951584,0.0126659134402871,0,"fsrq","MG1 J123931+0443",0.999381005764008,0.98101270198822,"rfc",189.886481975,4.71812034444,1.0000000116861e-07,"RFC J1239+0443",1.7610000371933,"LSP",2322736873472,1.05931713054175e-12,2140.8544921875,0.781029403209686,0.184716656804085,26.3673000335693,18.862858,"FSRQ",1,-8.25452879979859,-10.1561225648675,2.01816450742772,3.3305871505324,12.3660000144186,-11.9749740045514,2.70116708240217,0.362187608304617
"4FGL J1241.8-1456",1,190.4501953125,-14.9376001358032,299.460662841797,47.8691825866699,14.2057695388794,3.76199044138659e-10,4.31843207027161e-11,4.45598636114597e-12,6.03729360341282e-13,"PowerLaw",1.87212252616882,0.0771005377173424,3288.61596679688,1.69996023178101,0.133910179138184,0.175320699810982,0.0796350091695786,0,"bll","RX J1241.8-1455",0.999844312667847,0.990242302417755,"bllac",190.455680117,-14.9329193333,4.99999998737621e-07,"RFC J1241-1455",0.531000018119812,"HSP",1778279400865792,4.01648376016639e-12,13.9904651641846,0.266756117343903,0.17641207575798,81.0512008666992,16.480295,"BLL",0,-9.42458231225675,-11.351056147118,1.15246476480564,1.14583215444037,15.2499999977597,-11.3961539846783,3.51701316103547,0.653167856410661
"4FGL J1243.2+3627",1,190.811599731445,36.4584999084473,132.970474243164,80.5095443725586,64.1391220092773,2.30842700510436e-09,8.07731104224274e-11,2.49396978763139e-11,1.28804519133885e-12,"LogParabola",1.77231919765472,0.0219415389001369,1686.52685546875,1.64869129657745,0.0379271283745766,0.0597953535616398,0.0142641579732299,0,"bll","Ton 116",0.999581336975098,0.993038952350616,"crates",190.803067737,36.4622214444,1.39999997372797e-07,"RFC J1243+3627",1.06500005722046,"HSP",13724609870299136,1.6092184876304e-11,12.8661336898804,0.0628153085708618,0.0558728873729706,116.624000549316,15.670125,"BLL",0,-8.63668385374511,-10.6031088119419,1.80712301064175,1.10944805977037,16.1375000082344,-10.7933849866465,3.22699326108349,0.48426148779193
"4FGL J1245.1+5709",1,191.288299560547,57.1580009460449,124.63353729248,59.9494819641113,17.4328079223633,3.57596285915918e-10,3.18625750783674e-11,4.31944497530923e-12,4.01573576908759e-13,"PowerLaw",2.12810158729553,0.0737759098410606,1842.86962890625,2.05877041816711,0.106625273823738,0.054783184081316,0.0521344393491745,0,"bll","1RXS J124510.5+571020",0.999339580535889,0.935163974761963,"bzcat",191.291664708,57.1651039694,1.10000001996013e-07,"RFC J1245+5709",1.54487001895905,"ISP",794328230264832,2.06182597037308e-12,21.9269199371338,0.353226542472839,0.141101568937302,23.9855995178223,17.56391,"BLL",0,-9.44660700054334,-11.3645720540291,1.24136734505448,1.34097763084523,14.8999999975618,-11.6857479943853,3.26549461278321,0.392947377488866
"4FGL J1246.3+0112",1,191.578598022461,1.21659994125366,300.00341796875,64.059211730957,5.35265684127808,1.39480024752281e-10,3.19613849275591e-11,1.93563719740053e-12,4.22963909989943e-13,"PowerLaw",2.09781885147095,0.174112617969513,2786.69506835938,1.82299637794495,0.369069695472717,0.237552046775818,0.199161261320114,0,"bll","PMN J1246+0113",0.979720056056976,0,"bzcat",191.5105692,1.22189578889,2.30000000556174e-06,"RFC J1246+0113",0.386000007390976,"LSP",29648314433536,4.15956575823898e-13,18.7174034118652,0.559782445430756,0.334394812583923,-Inf,19.741606,"BLL",0,-9.85548798422567,-11.7131760405877,0.72856940166543,1.27224560069938,13.472000007885,-12.3809520055858,3.44508944902398,0.721500717653251
"4FGL J1248.7+5127",1,192.18049621582,51.4630012512207,123.958312988281,65.6598358154297,9.84885787963867,1.85936155361333e-10,2.69648591649796e-11,1.90039303737954e-12,3.3202336279653e-13,"PowerLaw",2.07146286964417,0.112087905406952,2360.41186523438,2.05641269683838,0.127418830990791,0.0157475601881742,0.0580092035233974,0,"bll","RX J1248.4+5128",0.996902108192444,0.896919310092926,"bllac",192.142934204,51.4688541056,1.1999999571799e-07,"RFC J1248+5128",0.350852996110916,"ISP",211348898185216,1.38135715973403e-12,13.7249164581299,0.333999812602997,0.313163071870804,150.492004394531,18.327946,"BLL",0,-9.73063615327715,-11.721156569409,0.993385870565662,1.13750970963334,14.3249999880849,-11.8596940169701,3.3729877890685,0.740273000007391
"4FGL J1250.6+0217",1,192.651306152344,2.28760004043579,302.436767578125,65.1585464477539,12.4019632339478,3.70622615930571e-10,4.35509649177046e-11,3.88124298325576e-12,5.37721180516454e-13,"PowerLaw",2.05745410919189,0.0860850140452385,2348.07104492188,1.99448716640472,0.114830926060677,0.0857621803879738,0.0617037266492844,0,"bll","PKS 1247+025",0.997725963592529,0.963040411472321,"bzcat",192.635753408,2.27560369167,1.10000001996013e-07,"RFC J1250+0216",0.953508019447327,"LSP",38018941452288,6.85373036535958e-13,9.08418464660645,0,10,27.1630992889404,19.997845,"BLL",0,-9.43106808292816,-11.4110291676223,1.09349043953171,0.958285953177298,13.5800000207927,-12.1640729852782,3.37071123309975,0.511899613436403
"4FGL J1251.2+1039",1,192.820999145508,10.6535997390747,302.798553466797,73.5253067016602,8.29257392883301,2.08705219773009e-10,3.47612251483387e-11,2.90783282869134e-12,4.70620504372521e-13,"PowerLaw",2.13013410568237,0.132162898778915,2262.44482421875,2.03286004066467,0.203682318329811,0.0775209814310074,0.098369225859642,0,"bll","1RXS J125117.4+103914",0.998782694339752,0.919608175754547,"bzcat",192.824517646,10.6520289583,3.79999988808777e-07,"RFC J1251+1039",0.245399996638298,"HSP",2065380113645568,1.8498093681818e-12,21.3088836669922,0.58537220954895,0.243556618690491,43.3955993652344,18.298668,"BLL",0,-9.68046668897831,-11.536430564685,0.918689351972179,1.3285606984254,15.3149999911338,-11.7328730254416,3.35457799657137,0.802954876103497
"4FGL J1253.8+0327",1,193.453094482422,3.45070004463196,304.407165527344,66.3156509399414,23.1924724578857,7.80932596367023e-10,5.49154298423726e-11,8.52065727002804e-12,7.03005091206438e-13,"PowerLaw",1.98972725868225,0.0509670190513134,2096.54125976562,1.91609537601471,0.0717217475175858,0.0739680528640747,0.0367389023303986,0,"bll","MG1 J125348+0326",0.998959004878998,0.960302829742432,"bzcat",193.445857004,3.44178561111,1.59999999027605e-07,"RFC J1253+0326",0.0656860023736954,"HSP",8317637960400896,2.06445299223701e-12,17.2032413482666,0.159037515521049,0.106540501117706,71.9481964111328,16.5682,"BLL",0,-9.10738644920737,-11.0695269031516,1.3653470495254,1.23561028220068,15.9200000130207,-11.6851950015975,3.32150341370463,0.938362705123848
"4FGL J1253.8+6242",1,193.466598510742,62.7052001953125,122.453422546387,54.4207954406738,21.5474224090576,4.11227968344363e-10,3.19577454777065e-11,3.57469262524113e-12,3.74683872253131e-13,"PowerLaw",1.98666036128998,0.0598122142255306,2276.7802734375,1.95776271820068,0.0752581283450127,0.0228934977203608,0.0341738313436508,0,"bll","1RXS J125400.1+624303",0.99824184179306,0.844758212566376,"bzcat",193.497125521,62.7160010556,3.19999998055209e-07,"RFC J1253+6242",0.866999983787537,"LSP",91201080393728,7.97427119995919e-13,46.5990142822266,0.552432060241699,0.157681003212929,48.505298614502,18.155905,"BLL",0,-9.38591735586939,-11.4467612956533,1.33339532551875,1.66837673007375,13.9599999831338,-12.0983089983397,3.35732111992646,0.535618644179806
"4FGL J1254.5+2210",1,193.636993408203,22.1807994842529,311.225372314453,85.0023880004883,20.577995300293,5.67246472016336e-10,4.50222116532562e-11,6.98808632487724e-12,5.57997712705843e-13,"PowerLaw",2.0890748500824,0.0616211071610451,1816.244140625,2.01300692558289,0.0884151607751846,0.0618591010570526,0.045213308185339,0,"bll","TXS 1252+224",0.999803245067596,0.955119073390961,"bzcat",193.638640796,22.1843472528,2.90000002678426e-07,"RFC J1254+2211",0.50900000333786,"HSP",1047128528912384,1.70135520255466e-12,31.1973705291748,0.384277939796448,0.12566927075386,45.3573989868164,17.51117,"BLL",0,-9.24622819652474,-11.1556417387512,1.3134030637001,1.49411799104429,15.0199999920623,-11.769205006549,3.25917422623335,0.662690522059663
"4FGL J1254.9-4426",1,193.727996826172,-44.4440994262695,303.585479736328,18.4232406616211,8.90420913696289,2.94103963405234e-10,4.119312529971e-11,3.7302335699485e-12,6.27793715450575e-13,"PowerLaw",2.40696430206299,0.108914270997047,1231.69287109375,2.41694641113281,0.109468400478363,-0.0123329982161522,0.0520323291420937,0,"bll","PKS 1252-441",0.998383820056915,0.962212383747101,"bzcat",193.739638238,-44.4157223806,3.60000001364824e-07,"RFC J1254-4424",0.0410000011324883,"LSP",47863010689024,1.45149983612342e-12,11.466103553772,0.227233707904816,0.229513794183731,16.8582992553711,17.086948,"BLL",0,-9.53149912281213,-11.428263973831,0.949595351906424,1.05941585969827,13.6800000132182,-11.8381830088648,3.09050242778143,0.960614792422781
"4FGL J1254.9+1138",1,193.7333984375,11.6494998931885,306.136199951172,74.4994964599609,10.2691869735718,2.31157024077611e-10,3.5941988968391e-11,6.2200179902494e-12,6.18044894776237e-13,"PowerLaw",2.79109835624695,0.08735740929842,459.477111816406,2.74491548538208,0.122351288795471,0.20382122695446,0.125093638896942,0,"fsrq","ON 187",0.984687924385071,0.920712530612946,"cgrabs",193.659398392,11.6849708444,6.79999985209179e-08,"RFC J1254+1141",0.871999979019165,"LSP",401790795776,6.10456889031663e-13,28.0204067230225,0.419848889112473,0.148840442299843,-Inf,16.804478,"FSRQ",1,-9.63609290528971,-11.2062083591911,1.01153606123423,1.4474744348856,11.6039999837077,-12.2143450008702,2.6622638825134,0.534188040175059
"4FGL J1256.1-0547",1,194.04150390625,-5.78870010375977,305.095153808594,57.0631866455078,291.632507324219,4.19652508298896e-08,3.40101197204845e-10,2.79031825423104e-10,2.65843575451841e-12,"LogParabola",2.29001879692078,0.00461059343069792,466.045684814453,2.19648122787476,0.00612473487854004,0.0736555233597755,0.00335815828293562,0,"FSRQ","3C 279",1,0.999967277050018,"identified",194.046527396,-5.78931254722,7.50000026528141e-08,"RFC J1256-0547",0.53600001335144,"LSP",5152286703616,3.52743494136387e-11,30121.3046875,1.01821660995483,0.240043222904205,66.5184020996094,15.364475,"FSRQ",1,-7.37711017672789,-9.55434625974653,2.46483593173329,4.47887377915915,12.7120000217302,-10.452540987458,2.66842849113278,0.651041661007589
"4FGL J1256.2-1146",1,194.063201904297,-11.7755002975464,304.807769775391,51.0787124633789,24.3088779449463,7.74145691995187e-10,5.55283909131621e-11,9.34132892566053e-12,7.30481810023303e-13,"PowerLaw",1.92034184932709,0.0509681403636932,2631.1396484375,1.89161193370819,0.0610410086810589,0.0271905921399593,0.0280982311815023,0,"bll","PMN J1256-1146",0.999870955944061,0.969528555870056,"bzcat",194.0664689,-11.7770388917,1.1999999571799e-07,"RFC J1256-1146",0.0579000003635883,"HSP",2660724992114688,1.38193623211436e-12,9.95913982391357,0.0855986177921295,0.156774654984474,105.90599822998,16.47171,"BLL",0,-9.11117729865138,-11.0295913353303,1.38576491303648,0.998221829803213,15.4249999889523,-11.8595119965275,3.4201438989927,0.945268928685425
"4FGL J1257.2+3646",1,194.310302734375,36.7705993652344,116.032661437988,80.27978515625,21.2457733154297,5.20083642818747e-10,4.05309084905436e-11,6.29010689021103e-12,5.18737776258188e-13,"PowerLaw",2.02740502357483,0.0583509877324104,1896.8427734375,1.91616177558899,0.0922176614403725,0.0994675680994987,0.0490284077823162,0,"bll","RX J1257.3+3647",0.997994542121887,0.897030591964722,"bzcat",194.319097129,36.7874768417,2.69999986812763e-07,"RFC J1257+3647",0.530687987804413,"ISP",794328230264832,1.43975304768562e-12,42.3184967041016,0.439350098371506,0.134299546480179,24.9923000335693,17.893885,"BLL",0,-9.28392680503168,-11.2013419743585,1.32727254340443,1.62653023169468,14.8999999975618,-11.8417119934776,3.27803133433708,0.653301004494312
"4FGL J1257.8+3228",1,194.472793579102,32.4720993041992,108.646835327148,84.4760665893555,36.9716682434082,1.11306419636747e-09,5.82238285362635e-11,1.09883864160554e-11,7.56064536065054e-13,"LogParabola",2.32482671737671,0.034949041903019,750.8740234375,2.21907663345337,0.0544057078659534,0.10283151268959,0.0299487877637148,0,"fsrq","ON 393",0.996504902839661,0.965364754199982,"cgrabs",194.488466008,32.4914795889,8.19999996792831e-08,"RFC J1257+3229",0.805999994277954,"LSP",13031667924992,3.28139859034904e-12,362.653381347656,0.868126213550568,0.209096357226372,42.4085006713867,18.140188,"FSRQ",1,-8.95347978685654,-10.9590660766441,1.5678690473424,2.55949173113951,13.1150000046813,-11.4839410128096,2.8755670801264,0.553709857789786
"4FGL J1258.6-1759",1,194.663497924805,-17.9958000183105,305.352020263672,44.8420372009277,27.6766624450684,1.10577591527772e-09,6.86651846493191e-11,1.42706315514607e-11,7.20242387865916e-13,"LogParabola",2.3921480178833,0.040371585637331,675.716857910156,2.23295521736145,0.0641891360282898,0.137405425310135,0.0388809889554977,0,"fsrq","PKS B1256-177",0.999615728855133,0.97505110502243,"bzcat",194.659590417,-18.0008679111,6.79999985209179e-08,"RFC J1258-1800",1.9559999704361,"LSP",1778279383040,7.49027901335297e-13,208.443115234375,0.745322704315186,0.182621315121651,-Inf,19.861206,"FSRQ",1,-8.95633287359053,-10.8455568066159,1.44211371695945,2.31898755518264,12.2499999934063,-12.1255020045031,2.82976475391984,0.338294996617496
"4FGL J1258.8-2219",1,194.717193603516,-22.3257007598877,305.192504882812,40.5134315490723,39.2900009155273,1.98181027144528e-09,8.59171345179988e-11,2.16724346802089e-11,1.19747874810505e-12,"LogParabola",2.39461541175842,0.0283795092254877,814.219421386719,2.33148550987244,0.0398564450442791,0.0934832841157913,0.0236843600869179,0,"fsrq","PKS 1256-220",0.999776184558868,0.991922199726105,"cgrabs",194.726994875,-22.3253125,8.19999996792831e-08,"RFC J1258-2219",1.30299997329712,"LSP",6237348429824,2.534515783012e-12,508.704864501953,0.864226043224335,0.206659525632858,32.7733993530273,18.461208,"FSRQ",1,-8.70293792503159,-10.6640922973195,1.59428203893164,2.70646589060217,12.7950000052221,-11.5961049999807,2.91074145729232,0.434216244722025
"4FGL J1259.1-2311",1,194.779800415039,-23.1924991607666,305.224456787109,39.6450538635254,18.3358039855957,7.0751843272987e-10,5.86561008097952e-11,6.39479007941146e-12,6.86596992368477e-13,"PowerLaw",2.08875942230225,0.0685879290103912,2473.73803710938,2.04147863388062,0.0880616009235382,0.0411925576627254,0.0457294397056103,0,"bll","PKS B1256-229",0.99934309720993,0.977886319160461,"bzcat",194.785258467,-23.1774040444,1.1999999571799e-07,"RFC J1259-2310",0.481000006198883,"LSP",25118864572416,4.16046624235333e-12,75.7901992797852,0.692129492759705,0.185202226042747,21.8483009338379,17.825865,"BLL",0,-9.15026224113429,-11.1941737074558,1.26329995759373,1.87961304898427,13.400000004449,-11.3808579974658,3.39335370699012,0.675219443493851
"4FGL J1259.7-3223",1,194.944900512695,-32.3898010253906,304.974609375,30.4488620758057,19.4506187438965,8.14290357364911e-10,6.31100241510474e-11,9.23070300751228e-12,8.68518039605359e-13,"LogParabola",2.40143728256226,0.0497938245534897,834.547302246094,2.32356834411621,0.0712569653987885,0.12811852991581,0.0449775904417038,0,"bll","LEDA 4075145",0.99674254655838,0.945842027664185,"at20g",194.957638308,-32.3913781917,7.79999993483216e-07,"RFC J1259-3223",0.0137499999254942,"LSP",20892960686080,1.7062080914787e-12,138.022308349609,0.822493731975555,0.205810472369194,-Inf,19.080593,"BLL",0,-9.08922070798993,-11.0347652219799,1.28893342122912,2.13994928647466,13.3199999870611,-11.7679680027877,2.92145095757878,0.98643649822293
"4FGL J1300.4+1416",1,195.119506835938,14.2700996398926,312.691375732422,76.9702377319336,19.3468837738037,4.28839991295504e-10,4.20839682546692e-11,9.39066012450862e-12,6.04913742794505e-13,"PowerLaw",2.73784899711609,0.0552544184029102,443.064483642578,2.69047236442566,0.0687182322144508,0.0854120925068855,0.0481810308992863,0,"fsrq","OW 197",0.995407819747925,0.953150451183319,"bzcat",195.08716175,14.2884810111,8.19999996792831e-08,"RFC J1300+141A",1.10855197906494,"LSP",12661932687360,5.05500968774747e-13,35.5348854064941,0.313992023468018,0.0991645529866219,-Inf,18.47586,"FSRQ",1,-9.367704721475,-11.0273038775577,1.28661102264541,1.55065491926044,13.1025000004202,-12.2962780077622,2.64646693807889,0.474259117123335
"4FGL J1301.5+4413",1,195.398193359375,44.2279014587402,116.777526855469,72.7788009643555,6.89224529266357,1.48391243737223e-10,2.65118083736526e-11,1.84454274770873e-12,3.39597490753296e-13,"PowerLaw",2.1641993522644,0.14202843606472,1903.58178710938,2.17644453048706,0.145320236682892,-0.0120770186185837,0.0611638091504574,0,"bll","GB6 J1301+4416",0.986202597618103,0,"bllac",195.442983833,44.2720040722,1.90000002930901e-06,"RFC J1301+4416",0.435000002384186,"ISP",231206478151680,6.35739236861527e-13,20.556547164917,0.532656371593475,0.263521999120712,46.4543991088867,18.97637,"BLL",0,-9.82859172512708,-11.7341112754446,0.838360725443801,1.31295016902197,14.3639999983735,-12.1967209837456,3.2795715409493,0.69686411034045
"4FGL J1301.6+4056",1,195.401397705078,40.9483985900879,114.960464477539,76.022087097168,7.81795597076416,1.39598457793433e-10,2.59555762299746e-11,1.94278664336633e-12,3.43923538736676e-13,"PowerLaw",1.92933547496796,0.126701429486275,3212.400390625,1.81714832782745,0.190990328788757,0.114485062658787,0.0993795841932297,0,"bll","RX J1301.7+4056",0.995831549167633,0.864455878734589,"bzcat",195.440202579,40.9401779528,8.39999984236783e-07,"RFC J1301+4056",0.65200001001358,"LSP",23713737080832,4.20577472588085e-13,17.095386505127,0.599225342273712,0.343081593513489,40.0904998779297,18.096876,"BLL",0,-9.85511937953164,-11.7115748909578,0.893093220239486,1.23287892409408,13.3750000004435,-12.3761539931635,3.50682967004438,0.605326872844135
"4FGL J1301.6+3336",1,195.417602539062,33.6096992492676,104.762321472168,83.1538467407227,9.69349098205566,1.91137536353914e-10,2.93556706720821e-11,2.95143423589828e-12,5.05117703306773e-13,"PowerLaw",2.59304976463318,0.114670343697071,836.572998046875,2.54847764968872,0.152809306979179,0.0596098266541958,0.09276482462883,0,"fsrq","MG2 J130126+3337",0.993261933326721,0.801314413547516,"bzcat",195.371478042,33.6167733389,2.29999997714003e-07,"RFC J1301+3337",1.00839996337891,"LSP",5248074645504,3.18988487967714e-13,32.6686363220215,0.62876033782959,0.205163180828094,-Inf,19.819258,"FSRQ",1,-9.71865401608177,-11.5299668893205,0.986480210611778,1.51413100621765,12.7200000035589,-12.4962249899908,2.92250384280678,0.497908792189784
"4FGL J1302.8+5748",1,195.720901489258,57.8146018981934,119.951042175293,59.2473564147949,15.7040090560913,3.06300290686679e-10,3.00072744430224e-11,3.85153497636792e-12,3.80851654466913e-13,"PowerLaw",2.26660537719727,0.0828167498111725,1344.67980957031,2.29357862472534,0.0791425034403801,-0.028525210916996,0.0339114852249622,0,"bll","TXS 1300+580",0.998882532119751,0.968512237071991,"cgrabs",195.718605329,57.8104470222,6.79999985209179e-08,"RFC J1302+5748",1.08800005912781,"LSP",831763775488,4.1783037533355e-13,35.0387115478516,0.490714848041534,0.154672041535378,-Inf,20.18213,"BLL",0,-9.51385259103685,-11.4143661538914,1.19601053703829,1.54454812780579,11.9200000022897,-12.3789999909708,3.12861888397312,0.478927189502914
"4FGL J1303.0+2434",1,195.757095336914,24.5820999145508,349.255187988281,86.3558120727539,49.6262664794922,1.84997950292143e-09,7.52037668250161e-11,1.85233096222648e-11,9.41124999112586e-13,"LogParabola",2.17920875549316,0.0276382267475128,867.897888183594,2.06602072715759,0.0484472066164017,0.0815042406320572,0.0223393142223358,0,"bll","MG2 J130304+2434",0.999086976051331,0.913246512413025,"bzcat",195.763404621,24.565480525,1.10000001996013e-07,"RFC J1303+2433",0.992999970912933,"LSP",13803842437120,1.53326776188706e-12,233.032730102539,0.538792848587036,0.132037222385406,21.0277996063232,18.87778,"BLL",0,-8.73283308339019,-10.7322814138598,1.69571160325805,2.36741692319188,13.1399999934273,-11.8143819955987,2.93846863161995,0.501756153835732
"4FGL J1303.6-4622",1,195.923797607422,-46.3675003051758,305.136138916016,16.4517822265625,11.5141868591309,4.15305262402299e-10,4.68640092010641e-11,5.84866660310879e-12,6.45795483061873e-13,"PowerLaw",2.21437215805054,0.079449824988842,1688.42590332031,2.09338426589966,0.123411633074284,0.17294117808342,0.0768252089619637,0,"fsrq","PMN J1303-4621",0.999604463577271,0.936287224292755,"bzcat",195.917835137,-46.3506737667,1.09999996311672e-06,"RFC J1303-4621",1.66400003433228,"LSP",36099401449472,9.45433510125826e-13,60.3521995544434,0.879580974578857,0.241604894399643,34.3982009887695,20.379524,"FSRQ",1,-9.38163256583739,-11.2329431344166,1.06123327316766,1.78069310271754,13.5575000010927,-12.0243690085438,3.22748200634827,0.375375370537728
"4FGL J1304.0+3704",1,196.007507324219,37.0709991455078,108.735969543457,79.7077484130859,6.77048301696777,1.58540541805863e-10,2.94782774579172e-11,2.25998885404477e-12,4.15994360269609e-13,"PowerLaw",2.43578433990479,0.138303011655807,1031.81176757812,2.40380930900574,0.172212168574333,0.0666260942816734,0.104693606495857,0,"bll","WISE J130407.31+370908.1",0.959490895271301,0.812797367572784,"rfc",196.030517092,37.1522830083,4.49999987495175e-07,"RFC J1304+3709",0.425000011920929,"LSP",34914032418816,9.69493691056755e-13,21.9914646148682,0.549093067646027,0.242302075028419,-Inf,19.02396,"BLL",0,-9.79985966195633,-11.6458937027282,0.830619653045687,1.34225415400717,13.5430000108338,-12.0134550127309,3.01360047659515,0.701754380094341
"4FGL J1304.6-0348",1,196.171798706055,-3.81389999389648,309.338775634766,58.8929328918457,3.58266639709473,1.10608695813585e-10,3.13934295226304e-11,1.81277898508164e-12,4.66773267173565e-13,"PowerLaw",2.17605543136597,0.209032312035561,2075.4580078125,1.87349259853363,0.363292276859283,0.497501999139786,0.29488217830658,4096,"fsrq","PKS 1302-035",0.99013888835907,0.960055589675903,"at20g",196.181842517,-3.76737534167,1.30000003650821e-07,"RFC J1304-0346",1.25,"LSP",3630780645376,6.28894776966843e-13,23.288272857666,1.06215643882751,0.547162294387817,-Inf,18.856756,"FSRQ",1,-9.95621072840745,-11.7416551420769,0.554206370363684,1.36713728088337,12.5600000116834,-12.201422012115,3.31711395083918,0.444444444444444
"4FGL J1308.5+3547",1,197.128601074219,35.7918014526367,101.221900939941,80.6051712036133,22.8338222503662,6.13732176191206e-10,4.6845603784984e-11,4.3426442997152e-12,4.63706492908472e-13,"LogParabola",2.36598324775696,0.0489351153373718,738.180969238281,2.18203020095825,0.0857475847005844,0.229356825351715,0.0593948289752007,0,"fsrq","5C 12.291",0.997821390628815,0.923547744750977,"cgrabs",197.09878805,35.7769900028,7.50000026528141e-08,"RFC J1308+3546",1.05499994754791,"LSP",3672823037952,1.45425305912023e-12,126.211624145508,0.721044838428497,0.182012215256691,-Inf,19.490366,"FSRQ",1,-9.2120211073239,-11.362245741671,1.35857861597114,2.10109935546096,12.5650000038987,-11.8373600139606,2.86816284462374,0.486618017286682
"4FGL J1309.4+4305",1,197.362594604492,43.0849990844727,111.192665100098,73.6302719116211,49.4609031677246,1.63915636619549e-09,6.78139142062939e-11,1.63491963023343e-11,9.75374728900968e-13,"LogParabola",1.90401232242584,0.0270331837236881,1387.29418945312,1.76886987686157,0.0458442829549313,0.0835378021001816,0.0193486530333757,0,"bll","B3 1307+433",0.999849855899811,0.964538872241974,"bzcat",197.356359621,43.0848828917,1.80000000682412e-07,"RFC J1309+4305",0.690999984741211,"ISP",518800038428672,2.60051290397467e-12,30.6530628204346,0.183098867535591,0.062425535172224,113.081001281738,16.903954,"BLL",0,-8.78537961522957,-10.78650359163,1.69426204241707,1.48647387525108,14.7149999995812,-11.5849409868762,3.14216856727968,0.591366060924619
"4FGL J1310.2-1158",1,197.573196411133,-11.9734001159668,310.212951660156,50.6316032409668,15.1068201065063,4.32788832549491e-10,4.42992205418324e-11,4.91599859778202e-12,5.54918686956202e-13,"PowerLaw",2.0352029800415,0.0754580274224281,2322.826171875,2.01765537261963,0.0863799229264259,0.0182145964354277,0.0392897501587868,0,"bll","TXS 1307-117",0.999304056167603,0.924540460109711,"bllac",197.551907987,-11.9629686889,4.99999998737621e-07,"RFC J1310-1157",0.140000000596046,"HSP",1584893129654272,2.17434772444014e-12,6.72630548477173,0,10,50.8628997802734,17.782154,"BLL",0,-9.36372395405838,-11.3083882496618,1.17917305761935,0.82777658753079,15.1999999827896,-11.6626710017724,3.36601671069556,0.877192981997502
"4FGL J1310.5+3221",1,197.632400512695,32.3546981811523,85.6798858642578,83.3318634033203,29.9399261474609,2.44740250288089e-09,1.18159163009501e-10,2.71042389921039e-11,1.97244998112467e-12,"LogParabola",2.33951878547668,0.025473341345787,2154.86059570312,2.42470335960388,0.0394768379628658,0.0532556809484959,0.0155114037916064,0,"fsrq","OP 313",0.999212503433228,0.993093013763428,"cgrabs",197.619432712,32.3454952306,6.79999985209179e-08,"RFC J1310+3220",0.996999979019165,"LSP",5308844343296,5.82107235677642e-12,434.653167724609,0.629963517189026,0.151888281106949,44.8368988037109,19.222786,"FSRQ",1,-8.61129460015985,-10.5669627819333,1.47625072473817,2.63814284908326,12.7249999919001,-11.234997002338,3.33341917961267,0.500751131951015
"4FGL J1311.0+0034",1,197.751007080078,0.567499995231628,313.767181396484,63.0268936157227,11.5764951705933,3.94641042067434e-10,5.41297492939741e-11,3.88867497230772e-12,6.92075520156155e-13,"PowerLaw",2.0976243019104,0.112981326878071,3160.02661132812,2.12417149543762,0.0935551673173904,-0.0354135371744633,0.0358587056398392,0,"bll","RX J1311.1+0035",0.994733512401581,0.864661812782288,"bzcat",197.776983408,0.586124222222,3.09999990122378e-07,"RFC J1311+0035",0.00230700010433793,"ISP",312607953125376,1.33550343093397e-12,11.0466070175171,0.120794430375099,0.440207690000534,67.7942962646484,17.92797,"BLL",0,-9.40379775077028,-11.4101983550352,1.06357709493,1.04322890427919,14.4950000228019,-11.8743549919303,3.49969073992989,0.997698309894975
"4FGL J1311.0+3233",1,197.759796142578,32.5564994812012,86.0634231567383,83.1077423095703,11.3856210708618,8.85184203713862e-10,1.03895780867447e-10,1.36268774042492e-11,1.72528386976206e-12,"LogParabola",2.39850401878357,0.0821284130215645,2327.38647460938,2.27271866798401,0.139092803001404,0.250905603170395,0.0964251384139061,16,"fsrq","RX J131058.8+323335",0.999265491962433,0.974843263626099,"cgrabs",197.747511371,32.5595693167,6.79999985209179e-08,"RFC J1310+3233",1.63900005817413,"LSP",5893862719488,2.15867861780294e-12,96.7006912231445,1.03493213653564,0.266172170639038,17.0916996002197,18.38177,"FSRQ",1,-9.05296634474604,-10.8656036512431,1.05635672579801,1.98542957846071,12.7704000159959,-11.6658120102383,3.36686850612893,0.378931405061006
"4FGL J1312.4-2156",1,198.110794067383,-21.9379997253418,309.358703613281,40.6714820861816,46.4111328125,2.42906894598605e-09,9.59839360770154e-11,1.26652429863205e-11,9.18982554984349e-13,"LogParabola",2.01700186729431,0.0266591515392065,1405.23950195312,1.82668423652649,0.0480900965631008,0.151460200548172,0.025646548718214,0,"bll","PKS 1309-216",0.999471306800842,0.94910192489624,"bllac",198.131478092,-21.9398303917,2.90000002678426e-07,"RFC J1312-2156",1.49100005626678,"HSP",999999986991104,4.4895311426818e-12,224.003189086914,0.614034116268158,0.15019828081131,44.5111999511719,16.787205,"BLL",0,-8.61456015813174,-10.8973864737293,1.66662216889767,2.35025420133858,14.9999999943503,-11.3477990115085,3.14775034951676,0.401445193661972
"4FGL J1312.8-2350",1,198.204299926758,-23.8456001281738,309.205047607422,38.7655982971191,17.9008407592773,5.59993718063367e-10,5.28043789249644e-11,6.67018176803147e-12,7.331953512206e-13,"PowerLaw",1.85089075565338,0.063234880566597,3821.77807617188,1.74561131000519,0.0961718335747719,0.0934700816869736,0.047293096780777,0,"bll","NVSS J131248-235046",0.999800741672516,0.943544268608093,"whsp2",198.203158783,-23.8463758806,9.19999990856013e-07,"RFC J1312-2350",0.46000000834465,"HSP",2660724992114688,1.62417562038497e-12,11.1816682815552,0.170279771089554,0.172022327780724,52.5611000061035,18.145075,"BLL",0,-9.25181684482544,-11.1758623310344,1.25287342922234,1.04850660421428,15.4249999889523,-11.7893670127547,3.58226546474615,0.68493150293458
"4FGL J1312.8-0425",1,198.216995239258,-4.41960000991821,313.058380126953,58.0301818847656,40.2091369628906,1.52114632001599e-09,7.40929331777274e-11,1.12379654193528e-11,7.83287117892689e-13,"LogParabola",2.39687156677246,0.0314676910638809,595.5576171875,2.20530200004578,0.055602453649044,0.165278479456902,0.034583680331707,0,"fsrq","PKS B1310-041",0.999468624591827,0.970493137836456,"cgrabs",198.212088446,-4.41385894444,1.0000000116861e-07,"RFC J1312-0424",0.824899971485138,"LSP",3273407070208,5.22177299230181e-13,573.5517578125,0.907298624515533,0.216985553503036,23.9094009399414,20.031069,"FSRQ",1,-8.81782900887982,-10.9493123086184,1.60432475163371,2.75857261511978,12.5150000161092,-12.2821820123165,2.77492378364607,0.547975240081889
"4FGL J1315.5+1135",1,198.891006469727,11.5930004119873,324.133087158203,73.4636993408203,10.1531620025635,2.31260288696689e-10,3.74680911296998e-11,2.50696078479828e-12,4.92171028324689e-13,"PowerLaw",1.79217374324799,0.101397804915905,4745.685546875,1.56118202209473,0.196398496627808,0.21731199324131,0.118553772568703,0,"bll","1RXS J131531.9+113327",0.994672417640686,0.888239443302155,"bzcat",198.885898962,11.5588002389,9.50000014654506e-07,"RFC J1315+1133",0.730000019073486,"HSP",75857755331624960,1.65939202483034e-12,15.7563009262085,0.395679384469986,0.215407148003578,60.4025993347168,18.663925,"BLL",0,-9.63589893653574,-11.6008524594518,1.00660131578702,1.19745426671338,16.8799999875691,-11.7800510014934,3.67629895811618,0.578034675708014
"4FGL J1316.1-3338",1,199.025207519531,-33.6365013122559,308.797515869141,28.9542007446289,48.0599937438965,2.39076847208253e-09,8.97399654586906e-11,2.9227217868133e-11,1.30004026207414e-12,"LogParabola",2.32570719718933,0.02583834156394,803.9794921875,2.25355505943298,0.0350734889507294,0.0726366564631462,0.0196155719459057,0,"fsrq","PKS 1313-333",0.998635232448578,0.999578535556793,"at20g",199.033274746,-33.6497702111,6.79999985209179e-08,"RFC J1316-3338",1.21000003814697,"LSP",7620790321152,3.50864151101027e-12,590.054138183594,0.828288674354553,0.197820231318474,96.6705017089844,17.903177,"FSRQ",1,-8.62146247999699,-10.5342125230628,1.68178370993456,2.77089186051628,12.8820000125886,-11.4548610027574,2.90524497095816,0.452488679972366
"4FGL J1317.6+3428",1,199.400802612305,34.467601776123,87.1254272460938,80.762077331543,18.6958026885986,4.09646205845604e-10,3.72466467390975e-11,5.19096527915042e-12,4.89895830065729e-13,"PowerLaw",2.53428053855896,0.0623655132949352,749.21484375,2.49562501907349,0.0793668553233147,0.0813197270035744,0.0490263998508453,0,"fsrq","S4 1315+34",0.992626786231995,0.934279799461365,"cgrabs",199.402059079,34.4210923472,7.50000026528141e-08,"RFC J1317+3425",1.04999995231628,"LSP",6760829550592,2.12493174098216e-12,118.943901062012,0.80338442325592,0.20362101495266,-Inf,18.191141,"FSRQ",1,-9.38759106323336,-11.2847518759803,1.27174411595964,2.07534217816798,12.8299999869389,-11.6726550161976,2.87460637320781,0.487804889395294
"4FGL J1319.5+1404",1,199.897903442383,14.0707998275757,331.032653808594,75.3839416503906,8.34873962402344,2.00578706421872e-10,3.41582769014526e-11,2.36849797587146e-12,4.3793882908115e-13,"PowerLaw",2.00442719459534,0.120544075965881,2957.79150390625,1.74194693565369,0.249089673161507,0.2540103495121,0.157027438282967,0,"bll","RX J1319.4+1405",0.997204184532166,0.969088017940521,"bllac",199.882260637,14.0925326472,2.1000000742788e-06,"RFC J1319+1405",0.573000013828278,"ISP",960505816547328,1.39554546304405e-12,14.6239757537842,0.441680908203125,0.317814856767654,10.0391998291016,17.796602,"BLL",0,-9.69771517387958,-11.6255269820858,0.921620916723467,1.16506545834008,14.9824999991683,-11.8552560108217,3.47096755712053,0.635727902866483
"4FGL J1320.7+3314",1,200.185394287109,33.2378005981445,78.6979370117188,81.2057266235352,6.47926092147827,1.48364667773571e-10,2.79541789022231e-11,2.38769442585662e-12,4.4638029167085e-13,"PowerLaw",2.5084216594696,0.134849831461906,1074.21179199219,2.42554950714111,0.233806803822517,0.292104601860046,0.223627582192421,0,"fsrq","87GB 131814.4+332742",-Inf,0,"rfc",200.1384002,33.1950714306,1.20000004244503e-06,"RFC J1320+3311",0.923783004283905,"ISP",289067975573504,4.36825516080333e-13,43.373104095459,1.12529969215393,0.334978967905045,-Inf,18.132927,"FSRQ",1,-9.82866951157681,-11.6220212544505,0.81152546944626,1.63722050453955,14.4609999809751,-12.3596920013261,3.0310899154655,0.519809145716116
"4FGL J1321.1+2216",1,200.295806884766,22.2807998657227,358.874572753906,81.6884613037109,52.3422203063965,1.95962224225354e-09,7.73264577369481e-11,2.16248772361149e-11,1.04229645747633e-12,"LogParabola",2.37113618850708,0.026361683383584,654.631408691406,2.28144717216492,0.0393767543137074,0.0775484070181847,0.0216134265065193,0,"fsrq","TXS 1318+225",0.999796450138092,0.978130161762238,"cgrabs",200.296677317,22.2700300667,8.19999996792831e-08,"RFC J1321+2216",0.943000018596649,"LSP",9120108249088,1.85869440498532e-12,351.218353271484,0.610003888607025,0.146909296512604,38.505500793457,18.694641,"FSRQ",1,-8.70782763982544,-10.665046349335,1.71885214104678,2.54557720232594,12.9599999931204,-11.730792008366,2.81599683857376,0.514668034188831
"4FGL J1321.3-2641",1,200.331802368164,-26.6996002197266,311.156585693359,35.6943588256836,5.29053163528442,1.43770273464128e-10,3.37761346669296e-11,2.36432011122001e-12,5.52005110458081e-13,"PowerLaw",2.58580255508423,0.183334603905678,874.642272949219,2.65429425239563,0.130215108394623,-0.0869552567601204,0.0468972995877266,0,"fsrq","PKS 1318-263",0.922943294048309,0.927042841911316,"bzcat",200.308487108,-26.6029070222,1.70000006960436e-07,"RFC J1321-2636",2.02699995040894,"LSP",1462177234944,3.98399710574079e-13,9.88928413391113,0,10,-Inf,20.746778,"FSRQ",1,-9.84233090119286,-11.6262937235925,0.72349931563998,0.995164855000161,12.1650000179659,-12.3996809857507,2.94183046370734,0.330360097913085
"4FGL J1322.2+0842",1,200.550994873047,8.70359992980957,325.910339355469,70.1905899047852,10.3791561126709,2.87767448758913e-10,3.75176729960902e-11,3.93980681412387e-12,4.8154394968053e-13,"PowerLaw",2.26214337348938,0.10555212944746,1418.34521484375,2.29657077789307,0.117770478129387,-0.0231085419654846,0.0510954707860947,0,"fsrq","NVSS J132210+084231",0.999137341976166,0.893625795841217,"bzcat",200.5424103,8.70912489444,3.0999999580672e-06,"RFC J1322+0842",0.32548999786377,"LSP",8912509075456,2.17550456815818e-12,35.5881729125977,0.668888747692108,0.217646464705467,126.307998657227,19.629622,"FSRQ",1,-9.54095833348457,-11.4045250730011,1.01616204421484,1.55130569201213,12.9499999850948,-11.662440000432,3.15178194781102,0.754437982641629
"4FGL J1322.6-0936",1,200.663696289062,-9.60750007629395,315.634582519531,52.4926261901855,24.2016334533691,6.70812350112016e-10,5.01626830351487e-11,1.373487955314e-11,7.61286704249048e-13,"PowerLaw",2.62081050872803,0.0456188023090363,561.988403320312,2.56392288208008,0.0576991774141788,0.100467786192894,0.0405396595597267,0,"fsrq","PKS B1319-093",0.998363733291626,0.999517500400543,"at20g",200.653802579,-9.62716671667,9.49999972021942e-08,"RFC J1322-0937",1.8639999628067,"LSP",2398832820224,1.19667166800785e-12,371.385467529297,0.85518491268158,0.206930473446846,10.8421001434326,18.849138,"FSRQ",1,-9.17339895033529,-10.8621751447353,1.38384467903184,2.56982490560916,12.3799999821137,-11.9220249910575,2.74972735395703,0.349162015707572
"4FGL J1322.9+0437",1,200.737197875977,4.63079977035522,322.785034179688,66.2803955078125,7.74284744262695,1.7464306389936e-10,3.31567065470217e-11,2.03648209406992e-12,4.26253975692459e-13,"PowerLaw",1.92244851589203,0.131387874484062,3461.98364257812,1.58948516845703,0.316639930009842,0.368417382240295,0.218842148780823,0,"bll","RBS 1257",0.996887862682343,0.908471822738647,"bzcat",200.754168367,4.66428148889,4.30000000051223e-07,"RFC J1323+0439",0.224000006914139,"HSP",10715192857985024,4.18028589174724e-12,15.2404594421387,0.487224102020264,0.358165979385376,21.9151992797852,18.220907,"BLL",0,-9.75784865806556,-11.6911194041298,0.888900702440853,1.18299805953494,16.0299999921212,-11.3787940156024,3.53932501155935,0.81699345943725
"4FGL J1323.9+1405",1,200.976196289062,14.0871000289917,334.691040039062,74.9194259643555,17.7645740509033,4.82050843686466e-10,4.57343989068715e-11,6.13789357881145e-12,6.51174643720442e-13,"PowerLaw",1.87825381755829,0.0662268847227097,3120.30053710938,1.70147860050201,0.120352357625961,0.13810633122921,0.0613174512982368,0,"bll","RX J1323.9+1406",0.997482359409332,0.869743347167969,"bzcat",200.993179308,14.0998506806,6.5000000404325e-07,"RFC J1323+1405",0.469999998807907,"HSP",1412537568460800,1.22071981429467e-12,29.3910140991211,0.456889808177948,0.154879540205002,53.5256996154785,17.767014,"BLL",0,-9.31690715269903,-11.2119806458057,1.24955479867815,1.46821457110338,15.1500000073292,-11.9133840060546,3.49419642585251,0.680272109395202
"4FGL J1326.1+1232",1,201.549301147461,12.5347995758057,333.788787841797,73.2885589599609,4.68538761138916,1.06535724686552e-10,2.94179750004453e-11,1.1941746419844e-12,3.57120881261039e-13,"PowerLaw",1.94008314609528,0.186751335859299,3935.88354492188,1.42968153953552,0.582975327968597,0.365943223237991,0.348340570926666,0,"bll","LEDA 1410672",0.988550305366516,0.929170906543732,"bzcat",201.573765317,12.49965055,1.20000004244503e-06,"RFC J1326+1229",0.204153001308441,"HSP",48977882898235392,1.49989894636382e-12,8.76353645324707,0,10,12.8901996612549,18.49335,"BLL",0,-9.97250473558098,-11.9229321551968,0.67074552489811,0.94267939751474,16.6900000085248,-11.8239379999543,3.59504224002708,0.830459251368716
"4FGL J1326.7-0503",1,201.699295043945,-5.06290006637573,319.118255615234,56.6935195922852,4.12027835845947,5.67690928987563e-11,2.83984138288451e-11,1.01946999019747e-12,3.63129394175682e-13,"PowerLaw",1.67776441574097,0.259365439414978,12709.5419921875,1.57489621639252,0.372548431158066,0.0817311704158783,0.187692150473595,0,"fsrq","TXS 1324-047",0.94643098115921,0.878211855888367,"cgrabs",201.727558058,-5.01638148889,1.80000000682412e-07,"RFC J1326-0500",1.88199996948242,"LSP",4168693841920,2.25087824897927e-13,7.18776702880859,0,10,90.967903137207,19.214224,"FSRQ",1,-10.2458880452182,-11.9916255538814,0.614926557164035,0.856593992234577,12.6200000007518,-12.6476479955488,4.10412990036914,0.346981266685992
"4FGL J1331.2-1325",1,202.819198608398,-13.4281997680664,317.582336425781,48.3070411682129,10.2676773071289,4.55934179299788e-10,5.72031380596805e-11,9.46697668174901e-12,1.21648828163567e-12,"PowerLaw",2.59959435462952,0.0940877422690392,1116.69445800781,2.48854613304138,0.150357589125633,0.227751523256302,0.121485762298107,16,"bll","PMN J1331-1326",0.990080773830414,0,"rfc",202.834829583,-13.4348852167,4.40000007984054e-07,"RFC J1331-1326",0.25,"LSP",87096358338560,6.61245906120878e-13,29.9819068908691,0.455547660589218,0.168863132596016,-Inf,18.65176,"BLL",0,-9.34109784950699,-11.0237886925985,1.01147221119385,1.47685925112219,13.9399999967237,-12.179637003735,3.04793436080307,0.8
"4FGL J1331.7-0343",1,202.937301635742,-3.72440004348755,321.977600097656,57.649055480957,5.45080327987671,1.27891822132575e-10,3.45215973862611e-11,3.7226805839341e-12,7.95629024902961e-13,"PowerLaw",2.91838955879211,0.166182920336723,485.87744140625,1.61869084835052,0.880982637405396,0.695559203624725,0.416244685649872,0,"fsrq","PKS 1328-034",0.942765891551971,0.893998980522156,"bzcat",202.871506104,-3.68725389722,1.70000006960436e-07,"RFC J1331-0341",1.35199999809265,"LSP",4466835718144,4.60966117707406e-13,18.4698390960693,0.477319568395615,0.228402361273766,-Inf,18.77177,"FSRQ",1,-9.89315722499942,-11.4291442258246,0.736460508572244,1.26646311200799,12.6499999802275,-12.3363309952904,2.68652673586026,0.425170068372002
"4FGL J1332.0-0509",1,203.019607543945,-5.16109991073608,321.3662109375,56.2491607666016,54.4994316101074,2.64713317932319e-09,9.33447555362399e-11,3.96584258488542e-11,1.56069883579246e-12,"LogParabola",2.51441645622253,0.0197993312031031,522.880004882812,2.3939516544342,0.0327298864722252,0.166868701577187,0.0222155749797821,0,"fsrq","PKS 1329-049",0.999845445156097,0.992059767246246,"cgrabs",203.018602825,-5.16202948333,1.10000001996013e-07,"RFC J1332-0509",2.15000009536743,"LSP",4852885225472,7.48941707262585e-12,2172.37670898438,1.1746027469635,0.277786493301392,27.028600692749,18.57114,"FSRQ",1,-8.5772242084568,-10.4016645281217,1.73639197292103,3.33693513788151,12.6860000200329,-11.1255519836348,2.71840203457188,0.317460307849088
"4FGL J1332.2+4722",1,203.059494018555,47.3727989196777,104.063529968262,68.2328491210938,9.94870758056641,1.99876767914553e-10,2.97320432163239e-11,3.0010069949904e-12,4.6479454399867e-13,"PowerLaw",2.6418125629425,0.101898819208145,711.585571289062,2.59628629684448,0.130423232913017,0.0723676383495331,0.0774418860673904,0,"fsrq","B3 1330+476",0.974623441696167,0,"cgrabs",203.188526783,47.3729632444,7.50000026528141e-08,"RFC J1332+4722",0.668699979782104,"LSP",4466835718144,7.07947426809713e-13,38.2021636962891,0.59905481338501,0.186399102210999,-Inf,18.465944,"FSRQ",1,-9.69923768188416,-11.5227329922852,0.997766665963325,1.58208796120353,12.6499999802275,-12.1499989924433,2.8522271333789,0.599268899212534
"4FGL J1333.2+2725",1,203.322692871094,27.4221000671387,37.1394081115723,80.6982192993164,18.6798782348633,4.6245307583348e-10,4.01641775393813e-11,6.00234618952644e-12,4.68988671682713e-13,"PowerLaw",2.31511282920837,0.0599907077848911,961.90283203125,2.2730188369751,0.0750414878129959,0.0570004545152187,0.0416343510150909,0,"fsrq","MG2 J133305+2725",0.995553851127625,0.8644859790802,"cgrabs",203.281211325,27.4217730056,1.1999999571799e-07,"RFC J1333+2725",0.731000006198883,"LSP",2089296068608,1.39142885581534e-12,33.3265533447266,0.399316608905792,0.126235395669937,20.9242992401123,19.77383,"FSRQ",1,-9.33493232766107,-11.2216789599499,1.27137404094657,1.52279040094625,12.3199999870611,-11.8565389943725,2.98313120338501,0.577700748942172
"4FGL J1333.7+5056",1,203.439498901367,50.9365997314453,107.119644165039,64.8726272583008,35.3471946716309,9.71073332856065e-10,5.07555143747229e-11,9.05371177334358e-12,5.05686529976568e-13,"LogParabola",2.33847737312317,0.0352528989315033,764.235168457031,2.25362968444824,0.0498816631734371,0.0896035730838776,0.0280491542071104,0,"fsrq","CLASS J1333+5057",0.990200698375702,0,"bzcat",203.474099625,50.9599764778,2.00000002337219e-07,"RFC J1333+5057",1.36199998855591,"LSP",36307803832320,2.6771949457674e-13,340.378601074219,0.777137994766235,0.187903463840485,28.6338005065918,19.807169,"FSRQ",1,-9.01274797209801,-11.0431733354691,1.54835495174039,2.53196224904031,13.5599999803271,-12.5723200035652,2.88322701910925,0.423370027453465
"4FGL J1334.5+5634",1,203.6376953125,56.5722999572754,111.198471069336,59.5630149841309,5.83438873291016,1.10490325222479e-10,2.27558857174293e-11,1.35756152413319e-12,3.29000444509314e-13,"PowerLaw",2.36010408401489,0.167626962065697,1707.35791015625,2.37104678153992,0.15072126686573,-0.0313368514180183,0.0619869157671928,0,"fsrq","TXS 1332+567",0.990735709667206,0.852348744869232,"crates",203.65622115,56.5299604889,5.30000022536115e-07,"RFC J1334+5631",0.342577993869781,"ISP",275422864474112,1.02455901835469e-12,11.6472320556641,0.506245851516724,0.325446009635925,-Inf,18.375608,"FSRQ",1,-9.95667574810051,-11.8672404792448,0.765995361867216,1.06622272829948,14.4399999907603,-11.9894630195883,3.23232457097567,0.744835685201162
"4FGL J1337.4+5502",1,204.366806030273,55.0418014526367,109.357063293457,60.8567276000977,5.72360181808472,9.26667423351013e-11,2.19829363046209e-11,1.84454469927264e-12,4.41249901200758e-13,"PowerLaw",2.75839829444885,0.14351162314415,568.612915039062,2.7577018737793,0.152436718344688,0.0209033954888582,0.10488198697567,0,"fsrq","S4 1335+55",0.98436826467514,0.935615003108978,"crates",204.45684275,55.0172548472,1.0000000116861e-07,"RFC J1337+5501",1.09957599639893,"LSP",8472274403328,6.19130235361004e-13,28.5184631347656,0.733074009418488,0.264932334423065,-Inf,17.86949,"FSRQ",1,-10.0330761041717,-11.7341108159524,0.757669412959222,1.45512611760076,12.9280000134263,-12.2082179866028,2.7548167196993,0.47628664154817
"4FGL J1337.6-1257",1,204.42399597168,-12.9517002105713,320.037719726562,48.3776664733887,37.3987693786621,1.71714775731857e-09,8.16911954748534e-11,1.94088373844936e-11,1.1492698069257e-12,"LogParabola",2.42170381546021,0.0322884097695351,754.060913085938,2.30471515655518,0.0525110326707363,0.138415917754173,0.030952088534832,0,"fsrq","PKS 1335-127",0.999320030212402,0.999879658222198,"cgrabs",204.415761575,-12.9568592833,6.79999985209179e-08,"RFC J1337-1257",0.538999974727631,"LSP",3019951833088,1.1685169325204e-11,95.4439468383789,0.36706605553627,0.0954844355583191,17.8623008728027,17.945938,"FSRQ",1,-8.76519233301196,-10.712000478657,1.57285731180344,1.97974839016236,12.4800000162052,-10.9323649900352,2.87740642962121,0.649772590267247
"4FGL J1338.0+6534",1,204.515594482422,65.5696029663086,115.324096679688,50.8643836975098,9.91452789306641,1.71957864614214e-10,2.53460360338797e-11,3.4606625291117e-12,4.72645685610507e-13,"PowerLaw",2.7232666015625,0.0925301909446716,617.9033203125,2.64137935638428,0.153416365385056,0.121930837631226,0.0933735743165016,0,"fsrq","87GB 133543.8+654752",0.984300494194031,0,"cgrabs",204.316915329,65.5461990528,9.49999972021942e-08,"RFC J1337+6532",0.945999979972839,"LSP",7071311855616,5.17094613655678e-13,26.1719150543213,0.50166380405426,0.171854197978973,-Inf,19.684992,"FSRQ",1,-9.76457795662331,-11.4608407494174,0.996272038932884,1.41783550204741,12.849499990714,-12.2864299860566,2.79092052890858,0.513874619882554
"4FGL J1339.1-2620",1,204.799102783203,-26.3351001739502,316.065582275391,35.3157005310059,9.01113128662109,2.7608085262365e-10,3.90976938324794e-11,3.01304836115845e-12,5.00832773690785e-13,"PowerLaw",2.24335527420044,0.101582296192646,1545.70776367188,2.16543769836426,0.144536256790161,0.0988229066133499,0.077654555439949,0,"fsrq","PKS 1336-260",0.99651437997818,0.966226816177368,"bzcat",204.832878233,-26.3418043444,1.10000001996013e-07,"RFC J1339-2620",1.50999999046326,"LSP",4786301173760,1.04062917137548e-12,40.0010719299316,0.738140940666199,0.23252759873867,-Inf,20.399675,"FSRQ",1,-9.55896371247789,-11.5209938975946,0.954779317138361,1.60207162950338,12.6800000227327,-11.9827040039351,3.18912738827468,0.398406376015736
"4FGL J1339.9-0138",1,204.975601196289,-1.63779997825623,326.938934326172,58.9563751220703,7.83928442001343,2.83782164434143e-10,4.58674799530545e-11,1.77988136382257e-12,3.23908217955693e-13,"LogParabola",2.30948042869568,0.112489700317383,1256.17211914062,2.11772537231445,0.274888694286346,0.679721593856812,0.272402465343475,0,"fsrq","PKS 1337-013",0.995510637760162,0.958049595355988,"at20g",205.019229358,-1.62959531944,1.1999999571799e-07,"RFC J1340-0137",1.62000000476837,"LSP",5128614051840,4.51262237213118e-13,35.821590423584,0.788891732692719,0.252345383167267,-Inf,18.763634,"FSRQ",1,-9.54701490320991,-11.7496089441823,0.894276421533552,1.55414486394888,12.7100000179461,-12.3455710078407,3.09904914996779,0.381679388618325
"4FGL J1340.5+4409",1,205.14680480957,44.1609992980957,95.9921646118164,70.3070449829102,8.60355281829834,1.22191340379274e-10,2.8186307454714e-11,2.01355555493055e-12,4.23686964418774e-13,"PowerLaw",1.66358983516693,0.131830766797066,8152.7568359375,1.60712492465973,0.164574936032295,0.0560361370444298,0.0834234207868576,0,"bll","RX J1340.4+4410",0.998662829399109,0.956045567989349,"bllac",205.124162946,44.1677543444,5.20000014603283e-07,"RFC J1340+4410",0.546000003814697,"HSP",12161860249845760,2.72553030492007e-12,12.1446151733398,0.316532611846924,0.462300568819046,111.468002319336,18.67359,"BLL",0,-9.91295957117004,-11.6960363835053,0.934677829238381,1.08438375786137,16.0850000086911,-11.5645489847292,3.91130448925333,0.646830528805005
"4FGL J1340.8-0409",1,205.217102050781,-4.16120004653931,325.689636230469,56.5106658935547,10.734974861145,3.28580912478671e-10,4.19970759557575e-11,3.45836206894212e-12,5.13822599919334e-13,"PowerLaw",2.00872135162354,0.088051900267601,2158.63623046875,1.87931704521179,0.147092252969742,0.216286197304726,0.104471296072006,0,"bll","NVSS J134042-041006",0.994249284267426,0,"bzcat",205.175071896,-4.16862432222,8.99999974990351e-07,"RFC J1340-0410",0.223000004887581,"HSP",2089296102162432,1.37698749971826e-12,13.0788736343384,0.279706209897995,0.210247009992599,-Inf,17.812674,"BLL",0,-9.48335766867319,-11.4611295407579,1.03080103175515,1.11657034372411,15.319999994036,-11.8610700022471,3.33417946196792,0.817661484876217
"4FGL J1341.2+3958",1,205.320907592773,39.9738006591797,87.282600402832,73.5172653198242,11.2672843933105,2.13781312097261e-10,3.17685461270756e-11,2.78168438803961e-12,4.05024917684432e-13,"PowerLaw",1.8634467124939,0.109675630927086,4041.41381835938,1.89593815803528,0.121423937380314,-0.0197568610310555,0.0480162724852562,0,"bll","SDSS J134105.10+395945.4",0.990991711616516,0.92513519525528,"bzcat",205.271278929,39.9959490222,1.80475623778875e-07,"RFC J1341+3959",0.172000005841255,"HSP",267608554536435712,2.82902629274162e-12,9.47067070007324,0.108521685004234,0.487309455871582,101.767997741699,18.381418,"BLL",0,-9.67003026174541,-11.5556921469207,1.05181925631999,0.97638073623944,17.427499992237,-11.5483630162265,3.60653332206565,0.853242316566548
"4FGL J1341.8-2053",1,205.460998535156,-20.890100479126,318.469818115234,40.4559211730957,10.44167137146,3.09671843723436e-10,4.36840529027815e-11,7.49767869318019e-12,7.2229283101452e-13,"PowerLaw",2.73144888877869,0.0812539979815483,517.867309570312,2.68189239501953,0.111300088465214,0.114674285054207,0.0776569098234177,0,"fsrq","PKS B1339-206",0.99182915687561,0.954851090908051,"bzcat",205.519748096,-20.8582059667,1.39999997372797e-07,"RFC J1342-2051",1.58200001716614,"LSP",3162277675008,1.96055042860077e-12,106.78214263916,1.02524864673615,0.260838598012924,-Inf,18.710629,"FSRQ",1,-9.50909828018223,-11.1250731748466,1.01877002063035,2.02849863095369,12.500000002038,-11.7076219824475,2.7142184969972,0.387296666673746
"4FGL J1343.6+5755",1,205.911804199219,57.9178009033203,109.897369384766,57.8696823120117,4.6635422706604,7.25524779143782e-11,2.04179086832346e-11,1.70193904542454e-12,3.58117832263694e-13,"PowerLaw",2.71901559829712,0.184719294309616,623.478698730469,2.7236750125885,0.179175391793251,-0.00985255558043718,0.0904774144291878,0,"fsrq","6C B134209.5+581020",0.985211133956909,0,"crates",205.990084558,57.9117886667,4.49999987495175e-07,"RFC J1343+5754",0.933000028133392,"ISP",682338702852096,4.14426956293901e-13,19.8886489868164,0.599512755870819,0.263547658920288,-Inf,18.72532,"FSRQ",1,-10.1393477503363,-11.769055998135,0.66871591759107,1.29860528299883,14.834000005544,-12.3825520037721,2.79482162031361,0.517330566707572
"4FGL J1344.0+6605",1,206.014495849609,66.0973968505859,114.653160095215,50.1765594482422,10.9904336929321,2.09943784579281e-10,2.62652018190312e-11,2.93445389515368e-12,4.21617222471499e-13,"PowerLaw",2.40354895591736,0.0993418470025063,1269.90087890625,2.3617799282074,0.121960170567036,0.0649948716163635,0.072794072329998,0,"fsrq","GC 1342+663",0.999313592910767,0.982392966747284,"cgrabs",206.036165033,66.103234375,6.79999985209179e-08,"RFC J1344+6606",1.35099995136261,"LSP",1949844635648,5.18291410223776e-13,21.3454856872559,0.406713366508484,0.177694529294968,16.8960990905762,19.617907,"FSRQ",1,-9.67789697819621,-11.5324727095403,1.04101483043359,1.32930604102778,12.2900000079939,-12.2854259887745,3.10376982377167,0.425350923304108
"4FGL J1344.2-1723",1,206.060104370117,-17.3978004455566,320.465270996094,43.6689796447754,35.6664810180664,1.67376168480615e-09,8.10759098746061e-11,1.7616694561462e-11,9.70473376139813e-13,"LogParabola",2.2325611114502,0.0319345556199551,894.141967773438,2.10628294944763,0.0510155111551285,0.12179084867239,0.0273724142462015,0,"fsrq","PMN J1344-1723",0.999816179275513,0.986167550086975,"bzcat",206.060010175,-17.3945542667,1.1999999571799e-07,"RFC J1344-1723",2.49000000953674,"LSP",8609937752064,2.41292034096341e-12,503.964538574219,1.0448956489563,0.250185310840607,29.669900894165,20.033867,"FSRQ",1,-8.776306378088,-10.7540755754009,1.55226026241305,2.70239997842299,12.9350000116124,-11.6174570154518,2.95140647956285,0.286532950506421
"4FGL J1345.5+4453",1,206.393997192383,44.8843994140625,95.0894546508789,69.2041091918945,155.213729858398,8.39830072152381e-09,1.31806482395191e-10,9.42042763241169e-11,1.40783305152548e-12,"LogParabola",2.27334809303284,0.00892200414091349,455.587066650391,2.17132759094238,0.0134810460731387,0.0780090242624283,0.0067849769257009,0,"fsrq","B3 1343+451",0.999908208847046,0.991010129451752,"bzcat",206.388218692,44.8832145917,8.80000001757253e-08,"RFC J1345+4452",2.53399991989136,"LSP",2371373760512,5.77129110560654e-13,4295.16845703125,0.681974470615387,0.161056950688362,50.3013000488281,19.711641,"FSRQ",1,-8.07580857845253,-10.0259293823259,2.19093013533714,3.63298020158389,12.3750000100453,-12.2387270191985,2.65857138669307,0.282965484625914
"4FGL J1347.6-3751",1,206.913497924805,-37.8633003234863,315.01611328125,23.68577003479,15.8272066116333,6.26566021288966e-10,5.68672782474966e-11,4.94822975996567e-12,5.97633542046699e-13,"LogParabola",2.33744168281555,0.0638950690627098,1069.28515625,2.1696515083313,0.10389781743288,0.196572497487068,0.0709454417228699,0,"fsrq","PMN J1347-3750",0.999081075191498,0.939182639122009,"bzcat",206.918454029,-37.8435056056,1.89999994404388e-07,"RFC J1347-3750",1.29999995231628,"LSP",33381049958400,1.0174310395919e-12,51.923511505127,0.540839552879333,0.155563786625862,-Inf,19.570488,"FSRQ",1,-9.20303316063023,-11.3055501430832,1.19940427176674,1.71536405543582,13.5234999927377,-11.9924950171294,3.02909353801642,0.434782617709588
"4FGL J1349.5-1131",1,207.386901855469,-11.5187997817993,324.870544433594,48.8618927001953,24.4909591674805,8.72039940258418e-10,5.99415378443879e-11,1.37625865564983e-11,7.68606912057018e-13,"PowerLaw",2.49407839775085,0.0461720898747444,735.925720214844,2.42772102355957,0.0664883032441139,0.104857988655567,0.0463659949600697,0,"fsrq","PKS 1346-112",0.996748268604279,0.957582652568817,"cgrabs",207.381013537,-11.5482860861,1.70000006960436e-07,"RFC J1349-1132",0.340000003576279,"ISP",100000000376832,1.54793951094578e-12,486.465637207031,1.28875648975372,0.308224707841873,10.2629995346069,18.20231,"FSRQ",1,-9.05946362351169,-10.8612999366203,1.38900579422993,2.68705216814304,14.0000000016366,-11.8102460143093,2.86683398155383,0.746268654724728
"4FGL J1350.8+3033",1,207.714797973633,30.5587997436523,51.2201614379883,76.5548477172852,23.0235328674316,5.51661383241253e-10,4.23036640440078e-11,8.9396537047981e-12,5.0829268094868e-13,"PowerLaw",2.41531252861023,0.0478557832539082,712.606323242188,2.35691595077515,0.0630647614598274,0.0904416143894196,0.0389817431569099,0,"fsrq","B2 1348+30B",0.998761773109436,0.953261971473694,"cgrabs",207.719734258,30.5815529722,6.79999985209179e-08,"RFC J1350+3034",0.711515009403229,"LSP",6237348429824,1.45747129642881e-12,220.002197265625,0.992890596389771,0.242248028516769,20.0713005065918,18.94082,"FSRQ",1,-9.25832741595564,-11.0486793041356,1.3621719651282,2.34242701834753,12.7950000052221,-11.8363999895194,2.85284967170151,0.584277668910821
"4FGL J1351.0+0029",1,207.75700378418,0.487300008535385,333.626281738281,59.7596206665039,9.29651260375977,2.51365928072289e-10,3.65457733519925e-11,2.95041270061136e-12,4.73890024443868e-13,"PowerLaw",2.43680691719055,0.103436015546322,999.88623046875,2.36055946350098,0.149283573031425,0.099944993853569,0.0895741432905197,0,"fsrq","PKS 1348+007",0.99091625213623,0.920928359031677,"bzcat",207.768476108,0.522085111111,2.00000002337219e-07,"RFC J1351+0031",2.08400011062622,"LSP",9120108249088,4.02009209341664e-13,92.5544509887695,1.33361649513245,0.34195739030838,-Inf,19.675066,"FSRQ",1,-9.59969359002719,-11.5301172311194,0.96832006242648,1.96639730902496,12.9599999931204,-12.3957639978597,2.99995058770951,0.324254203673471
"4FGL J1351.4-1529",1,207.854202270508,-15.4835996627808,323.568756103516,44.9713020324707,8.96228408813477,2.81345224895091e-10,4.27332752517273e-11,2.6778184704368e-12,5.22462498611653e-13,"PowerLaw",2.04158210754395,0.112280704081059,2751.3876953125,2.01514387130737,0.133017912507057,0.0244321394711733,0.0570672452449799,0,"bll","2MASX J13511746-1530155",0.982960343360901,0,"rfc",207.822762788,-15.504447825,5.30000022536115e-07,"RFC J1351-1530",0.284999996423721,"ISP",519995985494016,9.33806742868526e-13,18.9059581756592,0.339445114135742,0.230634272098541,47.8107986450195,17.873377,"BLL",0,-9.55076045146898,-11.5722188671895,0.952418706141838,1.27659869279913,14.7159999907799,-12.0297429944232,3.43955179070652,0.778210118897351
"4FGL J1353.2+3740",1,208.304901123047,37.681999206543,75.8802108764648,73.2647705078125,8.1728458404541,1.72996020286753e-10,2.93877769341755e-11,2.52828747521194e-12,4.02092421858402e-13,"PowerLaw",2.12544536590576,0.136259853839874,2414.880859375,1.91284024715424,0.270213305950165,0.165901884436607,0.154310628771782,0,"bll","RGB J1353+376",0.998457133769989,0.8791184425354,"bzcat",208.3086917,37.6872217222,8.2000002521454e-07,"RFC J1353+3741",0.216000005602837,"HSP",2660724992114688,1.57137193881884e-12,14.4038314819336,0.250829219818115,0.34158781170845,-Inf,18.244255,"BLL",0,-9.76196388754972,-11.5971735467662,0.912373307156713,1.15847803168741,15.4249999889523,-11.803721006648,3.38289570925218,0.82236841726349
"4FGL J1354.3-0206",1,208.597198486328,-2.10989999771118,332.832550048828,57.0617446899414,9.72815704345703,1.98706245901903e-10,4.16231424327229e-11,4.06260572058392e-12,6.11638398349129e-13,"LogParabola",2.72754883766174,0.0905462503433228,427.73388671875,2.29535031318665,0.290163278579712,0.535836398601532,0.22506545484066,0,"fsrq","PKS 1351-018",0.989994406700134,0.953088939189911,"at20g",208.528730521,-2.10088626944,6.79999985209179e-08,"RFC J1354-0206",3.71600008010864,"LSP",794328236032,3.88327363971472e-13,11.6477727890015,0.205517500638962,0.178563088178635,-Inf,19.814054,"FSRQ",1,-9.70178848156608,-11.3911953242854,0.988030572882226,1.06624289034763,11.900000000715,-12.410802005274,2.63117365809405,0.212044101571975
"4FGL J1354.8-1041",1,208.718002319336,-10.6932001113892,327.1796875,49.1688957214355,23.4487457275391,8.6571055879503e-10,6.20220541591721e-11,9.34879691022461e-12,8.01092265440007e-13,"LogParabola",2.41985964775085,0.0466188080608845,740.575927734375,2.27083659172058,0.0772552043199539,0.184402137994766,0.0504905134439468,0,"fsrq","PKS 1352-104",0.997957587242126,0.978263318538666,"at20g",208.693827858,-10.6840711861,6.79999985209179e-08,"RFC J1354-1041",0.330000013113022,"LSP",4897788395520,2.60555357671499e-12,172.783828735352,0.80447518825531,0.199313223361969,21.0210990905762,17.270596,"FSRQ",1,-9.0626272854994,-11.029244274568,1.3701196172781,2.23750309335326,12.6900000178971,-11.5840999922219,2.86956959129156,0.751879691835026
"4FGL J1357.5+0127",1,209.395095825195,1.45899999141693,337.409606933594,59.8272933959961,11.5852155685425,3.70945663075162e-10,4.36860131403094e-11,4.20447530957713e-12,5.58670568574088e-13,"PowerLaw",2.19588136672974,0.0856615528464317,1742.34973144531,2.13573479652405,0.128673389554024,0.149113371968269,0.0831562206149101,0,"bll","RX J1357.6+0128",0.997330009937286,0.939965546131134,"bllac",209.411242496,1.47045333056,2.20000003992027e-07,"RFC J1357+0128",0.218700006604195,"ISP",506990723858432,1.20052719935343e-12,7.35709571838379,0,10,14.7313003540039,18.225353,"BLL",0,-9.43068970212322,-11.3762881935339,1.06390411920994,0.866706406402085,14.7050000133492,-11.920627996044,3.24113533275672,0.820546479511735
"4FGL J1359.1+5544",1,209.78450012207,55.7478981018066,104.446174621582,58.8839492797852,26.9257774353027,6.46533548920303e-10,4.1639674347449e-11,6.50037098801071e-12,5.29670220444228e-13,"LogParabola",2.42652082443237,0.0414206460118294,746.482727050781,2.3612003326416,0.0570659451186657,0.11320511251688,0.0359585583209991,0,"fsrq","87GB 135720.6+555936",0.998279392719269,0.93752133846283,"crates",209.773930917,55.7414954694,1.0000000116861e-07,"RFC J1359+5544",1.01400005817413,"LSP",11885021757440,1.28212100224817e-12,66.1964263916016,0.402225196361542,0.109032578766346,40.5759010314941,19.545622,"FSRQ",1,-9.18940893446042,-11.1870618566728,1.43016825165387,1.82083454472219,13.0749999811107,-11.8920709856372,2.87301976298761,0.496524315350114
"4FGL J1359.4+0202",1,209.858795166016,2.04239988327026,338.802124023438,60.0903854370117,6.6232967376709,2.19766940756649e-10,3.8596802837132e-11,3.68024274249867e-12,6.30593667561019e-13,"PowerLaw",2.38500905036926,0.118319824337959,1283.029296875,2.29546093940735,0.21795916557312,0.248796239495277,0.146027818322182,16,"fsrq","PKS 1356+022",0.984197795391083,0.959520816802979,"bzcat",209.863122237,1.99848973889,9.49999972021942e-08,"RFC J1359+0159",1.32565402984619,"LSP",4786301173760,1.34632214231212e-12,44.4474182128906,1.03954410552979,0.303867399692535,-Inf,17.859438,"FSRQ",1,-9.65803763733016,-11.4341235350626,0.82107421279204,1.64784653946913,12.6800000227327,-11.8708510115167,3.10823657323064,0.429986570300887
"4FGL J1359.8-3746",1,209.966796875,-37.7681007385254,317.580902099609,23.1493740081787,19.8612251281738,7.42906625106343e-10,5.80994002907786e-11,8.90460795377468e-12,7.44490948924315e-13,"PowerLaw",2.03682947158813,0.0622469671070576,2784.94189453125,2.06493711471558,0.0559852421283722,-0.0316393598914146,0.0220938492566347,0,"bll","PMN J1359-3746",0.999802112579346,0.958337247371674,"bzcat",209.957158283,-37.7669027528,1.50000005305628e-06,"RFC J1359-3746",0.333999991416931,"ISP",131825674485760,2.17581508366038e-12,34.4092712402344,0.428756654262543,0.135291337966919,306.959991455078,16.646338,"BLL",0,-9.12906576867473,-11.0503851966118,1.29800603418933,1.53667547472217,14.1200000020759,-11.6623780168591,3.44481613841542,0.749625192229449
"4FGL J1401.2-0915",1,210.306106567383,-9.25769996643066,330.264587402344,49.8741035461426,8.73071670532227,2.43647407804914e-10,3.74841963024508e-11,3.13340672852824e-12,4.8435902641128e-13,"PowerLaw",2.08545446395874,0.109890230000019,2209.30810546875,1.9938530921936,0.177069291472435,0.199925497174263,0.153004959225655,0,"fsrq","PKS B1358-090",0.994844138622284,0.956909894943237,"bzcat",210.272215933,-9.27543655278,1.39999997372797e-07,"RFC J1401-0916",0.666999995708466,"LSP",16405897412608,4.91201860002705e-13,13.6652154922485,0.34171649813652,0.250309586524963,17.7646999359131,19.416931,"FSRQ",1,-9.61323820477114,-11.5039832283259,0.941049896442172,1.13561648464606,13.2149999915452,-12.3087399973486,3.34425628589143,0.599880025539535
"4FGL J1402.6+1600",1,210.658401489258,16.0016002655029,2.58891320228577,70.0943298339844,6.42602634429932,1.3903556084216e-10,3.29446886437879e-11,1.70521409492697e-12,4.0717236982242e-13,"PowerLaw",1.95684480667114,0.16944845020771,4358.673828125,1.96347117424011,0.175554767251015,-0.00663182465359569,0.0697848126292229,0,"bll","4C +16.39",0.997798919677734,0.978502035140991,"bllac",210.685473171,15.999073725,1.30000003650821e-07,"RFC J1402+1559",0.244200006127357,"ISP",281838304100352,1.32652059909449e-12,17.9698257446289,0.503524363040924,0.317142754793167,16.9342994689941,18.27105,"BLL",0,-9.85687410692339,-11.7682210862268,0.807942501663736,1.25454386572817,14.4500000169101,-11.8772860016156,3.63935437075076,0.803729300012268
"4FGL J1403.4+4319",1,210.868392944336,43.3224983215332,85.6224517822266,68.2177963256836,4.45736360549927,3.77911452131841e-11,1.53405014385877e-11,7.21815456797975e-13,2.62098854989304e-13,"PowerLaw",1.55945575237274,0.197516024112701,10518.728515625,1.47381830215454,0.374702602624893,0.232928723096848,0.198416948318481,0,"bll","NVSS J140319+432018",-Inf,0,"rfc",210.831073446,43.3388488917,1.7999999499807e-06,"RFC J1403+4320",0.493248999118805,"ISP",164058976223232,2.00246069725907e-13,13.3547267913818,0,10,53.1977996826172,20.046701,"BLL",0,-10.4226099471348,-12.1415738222901,0.649078062720008,1.12563500772924,14.2149999970968,-12.6984359991543,4.02196324627961,0.669680676558377
"4FGL J1404.8+0402",1,211.224395751953,4.03520011901855,343.349273681641,61.0039978027344,16.6782989501953,5.03012076435994e-10,4.59791614504379e-11,5.96327891580484e-12,5.73493672256092e-13,"PowerLaw",2.05697298049927,0.0682752132415771,2059.09301757812,2.04789066314697,0.0759336277842522,0.00945290736854076,0.0329639986157417,0,"bll","MS 1402.3+0416",0.999059319496155,0.97391015291214,"bllac",211.212130275,4.03394903889,9.99999974737875e-06,"RFC J1404+0402",0.34400001168251,"HSP",7328245535997952,3.35016346261763e-12,16.2811031341553,0.265584319829941,0.139648795127869,63.8835983276367,17.189043,"BLL",0,-9.2984215881716,-11.2245148772613,1.22215175408254,1.21168382738646,15.8650000121258,-11.4749340021629,3.31367596590333,0.744047612580101
"4FGL J1408.9-0751",1,212.235595703125,-7.85750007629395,333.894134521484,50.296443939209,35.7436828613281,1.73268388525827e-09,8.01783153758784e-11,1.85990112200329e-11,1.4468300689463e-12,"LogParabola",2.35400581359863,0.0314572118222713,1103.96545410156,2.33145809173584,0.0469620041549206,0.073728509247303,0.0290985051542521,0,"fsrq","PKS B1406-076",0.99928617477417,0.983088672161102,"bzcat",212.235338346,-7.87407404722,6.79999985209179e-08,"RFC J1408-0752",1.49300003051758,"LSP",5248074645504,2.21193831480282e-12,248.935287475586,0.636655688285828,0.155676871538162,25.9270992279053,18.72497,"FSRQ",1,-8.76128066372041,-10.7305101435831,1.55319929814024,2.39608646378287,12.7200000035589,-11.6552269885402,3.04295548342234,0.401123139895184
"4FGL J1410.4+2820",1,212.622894287109,28.3419990539551,41.496753692627,72.4846801757812,10.7550191879272,2.55485133049405e-10,3.33459232448874e-11,3.260559790913e-12,4.3210237905128e-13,"PowerLaw",2.10157871246338,0.0968969166278839,1779.38647460938,2.00523352622986,0.144052535295486,0.107856430113316,0.0793721601366997,0,"bll","RX J1410.4+2821",0.999092280864716,0.93690025806427,"bllac",212.623155017,28.34879385,1.20000004244503e-06,"RFC J1410+2820",0.522090971469879,"HSP",4097321222537216,2.56150374348951e-12,15.9166393280029,0.396666318178177,0.198960244655609,18.9309005737305,18.051767,"BLL",0,-9.59263436685006,-11.4867078314554,1.03161118954482,1.20185137524988,15.6125000131859,-11.5915050050909,3.25027028510555,0.656990954380541
"4FGL J1411.8+5249",1,212.969192504883,52.8278007507324,98.1735000610352,60.2613983154297,10.2536907196045,2.04242456280923e-10,2.76905269547267e-11,2.236467738434e-12,3.47614325562143e-13,"PowerLaw",2.11017107963562,0.108784057199955,2012.97607421875,2.12723135948181,0.101469196379185,-0.0276487190276384,0.0420406498014927,0,"bll","SBS 1410+530",0.998233020305634,0.986576795578003,"bzcat",212.956015292,52.8167286389,1.10000001996013e-07,"RFC J1411+5249",0.0764899998903275,"HSP",1566751053578240,2.17080086545307e-12,28.0094738006592,0.56724601984024,0.194764792919159,26.0391006469727,17.482288,"BLL",0,-9.68985397521695,-11.6504373622448,1.01088021374854,1.44730495003683,15.194999995418,-11.6633800139484,3.30383861299272,0.928944997261358
"4FGL J1412.1+7427",1,213.038299560547,74.4499969482422,115.834259033203,41.5471611022949,10.3380069732666,2.36534902775531e-10,3.08573444574023e-11,2.7994334281245e-12,4.12491601205905e-13,"PowerLaw",2.20411562919617,0.0951528623700142,2043.68872070312,2.19194340705872,0.105413861572742,0.0242332126945257,0.0526510924100876,16,"bll","GB6 J1411+7424",0.981273353099823,0,"bllac",212.894408033,74.4082570389,2.16180012557743e-07,"RFC J1411+7424",0.46000000834465,"ISP",199526228951040,6.24440386551295e-13,15.8787117004395,0.326254934072495,0.181788966059685,48.0668983459473,17.95113,"BLL",0,-9.62610476628174,-11.5529298557782,1.0144368207752,1.2008152635768,14.2999999944586,-12.204509016101,3.3104147480303,0.68493150293458
"4FGL J1415.5+4830",1,213.899200439453,48.5141983032227,91.2130508422852,63.1054344177246,26.3087863922119,6.39416519732094e-10,4.21536069938888e-11,7.3433282024582e-12,5.64809212854483e-13,"PowerLaw",1.94434404373169,0.0473846755921841,2184.62548828125,1.89171493053436,0.061479240655899,0.0504059940576553,0.0304310135543346,0,"bll","RX J1415.5+4830",0.999609589576721,0.926421523094177,"bllac",213.903333604,48.5084586528,4.40000007984054e-07,"RFC J1415+4830",0.496167004108429,"LSP",69984197804032,7.43087557632249e-13,170.449203491211,0.903182804584503,0.223131850361824,55.5820999145508,17.49758,"BLL",0,-9.19421614764548,-11.1341070610158,1.42010081481615,2.2315949761124,13.8449999888535,-12.1289600105245,3.33937699631169,0.668374584691435
"4FGL J1416.1-2417",1,214.033401489258,-24.2982006072998,326.525390625,34.6635704040527,9.71992683410645,2.35046565544295e-10,3.91280410849681e-11,3.15716658545739e-12,5.3417058103189e-13,"PowerLaw",1.83496499061584,0.0988209247589111,4486.04052734375,1.70533263683319,0.151858419179916,0.155723884701729,0.0847641080617905,0,"bll","NVSS J141612-241812",0.999363958835602,0.91391259431839,"bzcat",214.050733021,-24.3037558333,3.09999990122378e-07,"RFC J1416-2418",0.136000007390976,"HSP",1995262356619264,4.57208186241398e-12,25.9116706848145,0.779469728469849,0.284469962120056,72.9975967407227,18.314638,"BLL",0,-9.62884609025772,-11.5007025022902,0.987662995825099,1.41349541552556,15.3000000090657,-11.3398860022321,3.65186319272494,0.880281684413608
"4FGL J1417.9+2543",1,214.494003295898,25.7238006591797,33.6958389282227,70.5990753173828,13.6958808898926,1.82110881929987e-10,3.07676488453534e-11,2.9296315807309e-12,5.28533651306812e-13,"PowerLaw",1.45392632484436,0.0854876488447189,12278.625,1.34961569309235,0.128179982304573,0.116741858422756,0.064400888979435,0,"bll","1E 1415.6+2557",0.999611794948578,0.994015753269196,"bllac",214.486128054,25.723956775,2.60000007301642e-07,"RFC J1417+2543",0.237000003457069,"HSP",114815359269208064,9.69020610280813e-12,8.13195133209229,0,10,265.917999267578,17.461834,"BLL",0,-9.73966410241516,-11.533186991426,1.13658997038453,0.910194770818557,17.0599999891044,-11.0136669857603,4.08914973583226,0.808407435089151
"4FGL J1418.4-0233",1,214.605804443359,-2.55940008163452,341.580078125,53.6550903320312,60.6903648376465,2.8280775499212e-09,9.757439994873e-11,3.07100941898675e-11,1.547641680609e-12,"LogParabola",1.79252624511719,0.0219658836722374,1843.84912109375,1.63981568813324,0.040607575327158,0.0800803303718567,0.0161210019141436,0,"bll","NVSS J141826-023336",0.999948740005493,0.95595508813858,"bzcat",214.609696738,-2.55948353056,1.59999999027605e-07,"RFC J1418-0233",0.356000006198883,"HSP",5597576116043776,1.0875744749228e-11,86.1684494018555,0.310247212648392,0.0817014202475548,203.940002441406,16.440762,"BLL",0,-8.54850868573756,-10.5127188515453,1.78311974824183,1.93534827790232,15.7480000078434,-10.9635409937383,3.26572538062364,0.737463123472384
"4FGL J1418.7-3504",1,214.67919921875,-35.0721015930176,322.456848144531,24.4688014984131,9.70125293731689,2.3742885435496e-10,3.88620732816314e-11,4.04612975068996e-12,6.15983826446342e-13,"PowerLaw",2.79403948783875,0.0917826667428017,450.790069580078,2.62850666046143,0.150256335735321,0.211714997887611,0.116269715130329,0,"fsrq","PKS 1415-349",0.979076027870178,0.946737229824066,"bzcat",214.745487137,-35.1618077583,1.89999994404388e-07,"RFC J1418-3509",1.5440000295639,"LSP",3388441624576,1.24418509349355e-12,20.1168384552002,0.336583703756332,0.141600653529167,-Inf,18.604172,"FSRQ",1,-9.62446650304927,-11.3929601944507,0.986827827938691,1.30355972840436,12.5300000080983,-11.9051150062181,2.65397434043956,0.393081756438274
"4FGL J1418.9+7731",1,214.736404418945,77.5317993164062,117.025718688965,38.5750427246094,20.1396446228027,3.52217699450819e-10,3.34753613717709e-11,4.0165730984254e-12,5.09730712500156e-13,"LogParabola",1.77146768569946,0.0598857514560223,3157.14038085938,1.47913432121277,0.113598518073559,0.198673695325851,0.0598569884896278,0,"bll","1RXS J141901.8+773229",0.999750196933746,0.962997674942017,"bzcat",214.751479542,77.5414841556,5.10000006670452e-07,"RFC J1419+7732",0.270000010728836,"HSP",17782794545528832,9.44752414321071e-13,17.3308029174805,0.274547904729843,0.139162689447403,93.8038024902344,17.789387,"BLL",0,-9.45318882389207,-11.3961443248156,1.30405180287512,1.23881868357679,16.2500000108713,-12.0246819895671,3.4992938930348,0.787401568151258
"4FGL J1419.4-0838",1,214.860000610352,-8.64169979095459,336.805572509766,48.3568382263184,54.3954582214355,2.50991671890688e-09,9.07891678503248e-11,2.25604500359022e-11,1.04401773684537e-12,"LogParabola",2.2434298992157,0.0235377456992865,701.892272949219,2.13783621788025,0.0358322486281395,0.0801121070981026,0.0186624564230442,0,"fsrq","NVSS J141922-083830",0.999507308006287,0.970337331295013,"bzcat",214.843983646,-8.642261275,1.80000000682412e-07,"RFC J1419-0838",0.902999997138977,"LSP",12022644211712,1.33278164980016e-12,495.732666015625,0.651103019714355,0.1563650816679,19.6835994720459,17.7529,"FSRQ",1,-8.60034068852663,-10.6466522412951,1.73556263955641,2.69524753743029,13.0799999951428,-11.8752409954131,2.84627046134085,0.525486075409053
"4FGL J1419.5+3821",1,214.894393920898,38.3656997680664,69.8480606079102,68.4125061035156,16.4929237365723,4.19304924115238e-10,3.86820506181884e-11,7.25179334984394e-12,5.26409590830695e-13,"PowerLaw",2.47218656539917,0.073551133275032,1089.96520996094,2.44710302352905,0.0919482037425041,0.0512811429798603,0.052113763988018,0,"fsrq","B3 1417+385",0.993066310882568,0.940895318984985,"cgrabs",214.944224,38.3634652861,6.79999985209179e-08,"RFC J1419+3821",1.8309999704361,"LSP",3162277675008,1.69132860928373e-12,41.6157608032227,0.505118548870087,0.149968340992928,72.2289962768555,19.732096,"FSRQ",1,-9.37747003742109,-11.1395545802386,1.21729765079955,1.61925783864507,12.500000002038,-11.7717720048601,3.0374126361396,0.353232077161045
"4FGL J1419.8+5423",1,214.955001831055,54.3936996459961,98.2989120483398,58.3030204772949,44.5256462097168,1.16880316536339e-09,5.06150121815097e-11,1.67638750103727e-11,5.87170340560911e-13,"PowerLaw",2.36451005935669,0.0303156301379204,856.114135742188,2.34329795837402,0.0357324667274952,0.0323961488902569,0.0194244105368853,0,"bll","OQ 530",0.999771654605865,0.991953611373901,"cgrabs",214.944155858,54.3874408556,6.79999985209179e-08,"RFC J1419+5423",0.152999997138977,"LSP",47863010689024,2.25190473907011e-11,262.156188964844,0.574995458126068,0.139835819602013,113.94100189209,15.515354,"BLL",0,-8.93225862091189,-10.7756255858785,1.64861023118475,2.41856011496431,13.6800000132182,-10.6474499851223,2.93253166797,0.867302690790436
"4FGL J1422.3+3223",1,215.577194213867,32.3911018371582,53.3812294006348,69.6327056884766,27.2477874755859,6.66124488901687e-10,4.42420128310417e-11,4.91591749945952e-12,4.25875345188773e-13,"PowerLaw",2.40095210075378,0.0429093204438686,749.958679199219,2.37190437316895,0.0507385544478893,0.0459680482745171,0.0295073166489601,0,"fsrq","OQ 334",0.993253529071808,0.915777504444122,"crates",215.626578971,32.3862333611,9.49999972021942e-08,"RFC J1422+3223",0.681999981403351,"LSP",12882495406080,1.03327752170451e-12,619.82177734375,1.49578559398651,0.355999261140823,54.499698638916,18.243195,"FSRQ",1,-9.17644459997267,-11.3083954141969,1.43533124326752,2.79226683104181,13.109999996263,-11.9857830183083,2.87503733553819,0.594530327619662
"4FGL J1422.6+5801",1,215.662506103516,58.0245018005371,101.849021911621,55.2114334106445,12.6880970001221,1.76310008259684e-10,2.75316904690959e-11,2.24477402811785e-12,3.75847681970132e-13,"LogParabola",1.68338799476624,0.0848375037312508,4585.44677734375,1.38392055034637,0.162172138690948,0.239866882562637,0.0913343727588654,0,"bll","1ES 1421+582",0.999334990978241,0.991852879524231,"bzcat",215.662011946,58.0320883167,3.70000009297655e-07,"RFC J1422+5801",0.634999990463257,"HSP",301995162219839488,5.83567352427372e-12,7.66033935546875,0,10,36.3301010131836,18.6456,"BLL",0,-9.75372303422033,-11.6488273710441,1.10339649015455,0.884248009442387,17.4799999858775,-11.2339090126272,3.66138165701412,0.611620798674539
"4FGL J1424.1-1750",1,216.029403686523,-17.8446998596191,332.073028564453,39.7254409790039,8.53530788421631,2.38293801357869e-10,4.04817915300448e-11,2.34570501043974e-12,4.85132387820914e-13,"PowerLaw",1.90011286735535,0.110180392861366,4048.14599609375,1.82179999351501,0.155060455203056,0.0884572640061378,0.0785634443163872,0,"bll","NVSS J142412-175010",0.992694318294525,0,"rfc",216.051467912,-17.8356776056,1.09999996311672e-06,"RFC J1424-1750",0.0822440013289452,"HSP",3019951761784832,9.37385043718597e-13,37.6536712646484,0.861115872859955,0.285516411066055,23.6557998657227,17.510122,"BLL",0,-9.6228872546367,-11.6297266044939,0.93121919153213,1.57580732667876,15.4800000059512,-12.0280819800694,3.60725616691339,0.924006045560933
"4FGL J1424.2+0433",1,216.050796508789,4.56279993057251,351.455932617188,58.4029846191406,21.2082500457764,7.60511431607824e-10,5.86963949666952e-11,4.87955726172218e-12,5.18654509531341e-13,"LogParabola",2.15416526794434,0.0531998537480831,1195.5400390625,1.98004817962646,0.0873367115855217,0.148873910307884,0.0503633804619312,0,"bll","TXS 1421+048",0.998262405395508,0.93884003162384,"bzcat",216.039587171,4.58113430556,2.00000002337219e-07,"RFC J1424+0434",0.66540002822876,"LSP",52480746455040,2.01157385019968e-12,175.747253417969,1.07209503650665,0.263553321361542,27.3551006317139,18.200947,"BLL",0,-9.1188942534757,-11.3116195811763,1.32650483509757,2.24488854658096,13.7200000035589,-11.6964640187002,3.07756412537252,0.600456336645768
"4FGL J1426.4+3625",1,216.618896484375,36.4327011108398,63.6718902587891,67.8431701660156,6.45307731628418,1.96465413382363e-10,3.71768171802955e-11,2.53671627974128e-12,5.76946856175459e-13,"PowerLaw",2.67625713348389,0.105415791273117,542.554626464844,2.65701627731323,0.12129707634449,0.023018479347229,0.0663720890879631,16,"fsrq","B2 1424+36",0.994435667991638,0.94145256280899,"cgrabs",216.654531254,36.419325975,7.50000026528141e-08,"RFC J1426+3625",1.09099996089935,"LSP",5754399490048,7.90203568811626e-13,13.1445541381836,0.257409155368805,0.188676297664642,-Inf,19.989708,"FSRQ",1,-9.7067138936309,-11.5957281039384,0.80976686855272,1.11874585947163,12.7600000088058,-12.1022610132376,2.73444347114342,0.478240085461262
"4FGL J1427.9-4206",1,216.986602783203,-42.1059989929199,321.448547363281,17.269458770752,293.385620117188,3.93668599940611e-08,3.24185317479575e-10,3.53605589253903e-10,3.34987593220148e-12,"LogParabola",2.2048282623291,0.00499149644747376,645.788024902344,2.096275806427,0.00715660629794002,0.0885782241821289,0.00380124826915562,0,"FSRQ","PKS 1424-41",1,0.999859750270844,"identified",216.984573167,-42.1053993583,6.79999985209179e-08,"RFC J1427-4206",1.52199995517731,"LSP",13963683168256,2.36928879293608e-11,13512.3466796875,0.687915861606598,0.162234142422676,59.0617980957031,17.02845,"FSRQ",1,-7.40486922431662,-9.45148087894476,2.46743882369676,4.13073077918757,13.1449999862436,-10.6253819998368,2.8100899874649,0.396510712836113
"4FGL J1428.9+5406",1,217.228897094727,54.111400604248,96.0691909790039,57.635181427002,7.70015096664429,1.50323836711763e-10,2.60533625923154e-11,2.16403739546067e-12,3.96656096640288e-13,"PowerLaw",2.57366132736206,0.121875941753387,815.377136230469,2.48865389823914,0.18308213353157,0.123098500072956,0.11688007414341,0,"fsrq","S4 1427+543",0.969478607177734,0.946355521678925,"bzcat",217.341161588,54.1030897111,9.49999972021942e-08,"RFC J1429+5406",3.01300001144409,"LSP",2398832820224,2.31188386577014e-13,31.940357208252,0.663601934909821,0.224535956978798,-Inf,20.08677,"FSRQ",1,-9.82297214827819,-11.6647352387125,0.886499239891683,1.50433976880639,12.3799999821137,-12.6360339858752,2.91135852935288,0.249190131360141
"4FGL J1433.0-1801",1,218.253494262695,-18.0195999145508,334.372436523438,38.5726852416992,10.3954219818115,3.16715625947595e-10,4.94305013587493e-11,4.76987069633616e-12,6.79732095262842e-13,"LogParabola",2.59719729423523,0.0840761438012123,580.826049804688,2.39454627037048,0.146696299314499,0.328460037708282,0.148222610354424,0,"fsrq","PKS 1430-178",0.998409390449524,0.981169521808624,"bzcat",218.240377562,-18.02645795,1.39999997372797e-07,"RFC J1432-1801",2.33100008964539,"LSP",1059253714944,5.619103272958e-13,114.8095703125,1.23848843574524,0.316582828760147,-Inf,18.881004,"FSRQ",1,-9.49933050910866,-11.321493393838,1.01684212335989,2.05997809155213,12.0249999958043,-12.2503329859753,2.76404608605417,0.30021013902358
"4FGL J1434.2+4204",1,218.557403564453,42.0689010620117,75.0750732421875,64.2697601318359,13.4088878631592,2.74830574964469e-10,3.18527738907282e-11,4.20693948427475e-12,4.24167672556999e-13,"PowerLaw",2.45833611488342,0.0797376781702042,835.169189453125,2.44875168800354,0.0890789330005646,0.0131836207583547,0.0452455133199692,0,"fsrq","B3 1432+422",0.996902585029602,0.934326827526093,"cgrabs",218.523726983,42.0544420806,1.1999999571799e-07,"RFC J1434+4203",1.24000000953674,"LSP",17378008104960,3.97769978847246e-13,18.8812713623047,0.285043150186539,0.135113507509232,-Inf,19.889881,"FSRQ",1,-9.56093495356407,-11.3760337351507,1.12739275884173,1.2760312339792,13.2399999954383,-12.4003679977651,2.92177446422942,0.446428569527914
"4FGL J1434.7+1950",1,218.675003051758,19.8477993011475,21.3530750274658,65.2843170166016,40.4932518005371,1.96033211885549e-09,8.20004480983627e-11,1.52873772668594e-11,9.59376024803338e-13,"LogParabola",2.30315685272217,0.0265098456293344,1056.24365234375,2.27009606361389,0.0388164222240448,0.137103334069252,0.0253668855875731,0,"fsrq","OQ 253",0.998582124710083,0.960950195789337,"cgrabs",218.665805658,19.8668710333,7.50000026528141e-08,"RFC J1434+1952",1.38199996948242,"LSP",4466835718144,3.78512298544395e-13,626.166259765625,0.86018580198288,0.205779105424881,17.4536991119385,18.804379,"FSRQ",1,-8.70767034437451,-10.8156670166304,1.60738265407943,2.79668966246265,12.6499999802275,-12.4219200049269,3.02376411200711,0.419815286654805
"4FGL J1435.5+2021",1,218.883895874023,20.3645992279053,22.6752414703369,65.2909469604492,11.2982883453369,3.87567949955425e-10,4.91803542335134e-11,4.68317875798596e-12,6.66911892464178e-13,"PowerLaw",2.21528315544128,0.10410725325346,2398.36743164062,1.94929206371307,0.22568878531456,0.245662584900856,0.134553283452988,0,"bll","TXS 1433+205",0.989900469779968,0.895374238491058,"bzcat",218.841416313,20.3549631278,3.09999990122378e-07,"RFC J1435+2021",0.748000025749207,"LSP",51880004681728,1.83054743238542e-12,9.01600170135498,0,10,24.328800201416,18.306261,"BLL",0,-9.41165214424514,-11.3294592647835,1.05301265423733,0.955013984991135,13.7150000066034,-11.7374190133783,3.37991571809143,0.572082371435545
"4FGL J1436.9+2321",1,219.226593017578,23.3610992431641,29.8218154907227,65.9009552001953,12.7324028015137,3.4529995529553e-10,4.07002001545642e-11,4.88969932252448e-12,5.60484926699634e-13,"PowerLaw",2.4924488067627,0.0850481912493706,858.22998046875,2.44191408157349,0.11781944334507,0.0623147524893284,0.0777189582586288,0,"fsrq","PKS B1434+235",0.985129356384277,0.932174861431122,"cgrabs",219.170754542,23.3509054611,9.49999972021942e-08,"RFC J1436+2321",1.54743802547455,"LSP",9885530980352,9.24987842397529e-13,17.3269577026367,0.242129400372505,0.138589665293694,13.2194995880127,19.094973,"FSRQ",1,-9.46180347787674,-11.3107178456991,1.10491036947988,1.23872231522723,12.9950000014841,-12.0338639753846,2.93360368163073,0.392551257380919
"4FGL J1438.9+3710",1,219.740203857422,37.1752014160156,63.6092643737793,65.2362823486328,37.1204948425293,1.04248687460284e-09,5.41557076960686e-11,1.17884816491776e-11,7.11414217466344e-13,"LogParabola",2.40724158287048,0.0329926535487175,633.501525878906,2.30983543395996,0.0452936105430126,0.108039356768131,0.0297777857631445,0,"fsrq","B2 1436+37B",0.999087154865265,0.974352478981018,"cgrabs",219.723379071,37.1765045806,9.49999972021942e-08,"RFC J1438+3710",2.40100002288818,"LSP",4241309827072,7.89116276662949e-13,334.799865722656,0.753250181674957,0.182205274701118,11.4392995834351,19.946537,"FSRQ",1,-8.98192940429036,-10.9285421282253,1.56961375703894,2.52478527513986,12.6274999987679,-12.1028589985746,2.80174766528101,0.294031165324952
"4FGL J1439.3+3932",1,219.829895019531,39.5379981994629,68.8276748657227,64.4205780029297,21.003942489624,5.02586028350294e-10,3.98412934587977e-11,5.71424808512577e-12,5.35918260723828e-13,"PowerLaw",1.97027456760406,0.0600768588483334,2309.3466796875,1.95235812664032,0.0695385113358498,0.0196825955063105,0.0342007391154766,0,"bll","PG 1437+398",0.998875319957733,0.99019330739975,"bllac",219.822828504,39.5452243167,1.39999997372797e-07,"RFC J1439+3932",0.34400001168251,"HSP",7244359455997952,5.11905752162423e-12,19.400520324707,0.263671278953552,0.118535570800304,40.7487983703613,16.675163,"BLL",0,-9.29878958875321,-11.2430409085696,1.32230082048566,1.28781337792603,15.8599999913222,-11.2908099903592,3.36348913420499,0.744047612580101
"4FGL J1439.9-3953",1,219.981597900391,-39.8975982666016,324.557800292969,18.3749313354492,9.62952136993408,3.26714572063125e-10,4.67824563810115e-11,4.04760860245323e-12,5.99590147497275e-13,"PowerLaw",2.08727407455444,0.114150799810886,2987.28002929688,2.11709547042847,0.10257263481617,-0.0326063483953476,0.0393681563436985,0,"bll","1RXS J143949.8-395524",0.997606933116913,0.842194497585297,"whsp2",219.961896654,-39.9218428194,5.70000020161388e-06,"RFC J1439-3955",0.300000011920929,"HSP",4466836049494016,3.15610168208358e-12,17.8992290496826,0.406000196933746,0.208290442824364,27.2502002716064,18.76477,"BLL",0,-9.48583149477014,-11.3928014897485,0.983604701292514,1.25283432557882,15.6500000124435,-11.5008490133028,3.47527593551946,0.769230762176965
"4FGL J1441.6-1522",1,220.414398193359,-15.3754997253418,338.412902832031,39.7838439941406,6.2865891456604,2.89187146451653e-10,5.17210024808534e-11,3.96694005769249e-12,8.59623895503592e-13,"PowerLaw",2.38856363296509,0.127986580133438,1818.86975097656,2.36753630638123,0.190120160579681,0.133760765194893,0.102927543222904,16,"fsrq","PMN J1441-1523",0.997601449489594,0.926491737365723,"bzcat",220.439238546,-15.3934070083,1.39999997372797e-07,"RFC J1441-1523",2.63800001144409,"LSP",7943282491392,3.59605222119072e-13,28.2983551025391,0.930031299591064,0.303888916969299,-Inf,20.60845,"FSRQ",1,-9.53882101410633,-11.4015443618677,0.79841507835511,1.45176119203835,12.9000000078813,-12.4441740101506,3.25980160040627,0.274876304797771
"4FGL J1442.0+4348",1,220.513000488281,43.8096008300781,77.0376586914062,62.1963806152344,13.7510805130005,2.87823126443598e-10,3.13744238922276e-11,3.40825176241288e-12,4.10756986150146e-13,"PowerLaw",2.06549739837646,0.0825237929821014,1943.86755371094,1.96748220920563,0.12538380920887,0.0841844230890274,0.0633062943816185,0,"bll","SDSS J144207.15+434836.6",0.99855637550354,0.875487327575684,"bzcat",220.529803992,43.8101984361,2.00000002337219e-07,"RFC J1442+4348",0.672500014305115,"ISP",199526228951040,9.77896691574387e-13,16.8080005645752,0.338930010795593,0.162983238697052,27.3050994873047,18.63255,"BLL",0,-9.54087431365401,-11.4674683320426,1.13833682488605,1.2255160539857,14.2999999944586,-12.0097070231766,3.28866667074867,0.597907319250743
"4FGL J1442.7+1200",1,220.697998046875,12.0125999450684,8.32852554321289,59.8434677124023,18.0937786102295,4.52709592035916e-10,4.36002726977858e-11,6.14028316039961e-12,6.48459042539018e-13,"PowerLaw",1.8013904094696,0.0630680322647095,3828.12670898438,1.67572104930878,0.0967540666460991,0.111366845667362,0.0488686077296734,0,"bll","1ES 1440+122",0.999849617481232,0.990065634250641,"bllac",220.701152667,12.0112151583,2.20000003992027e-07,"RFC J1442+1200",0.163000002503395,"HSP",80352610405580800,7.41769579787332e-12,15.377025604248,0.274401903152466,0.152582168579102,293.028991699219,17.678114,"BLL",0,-9.34418030355172,-11.2118116008192,1.25752927212283,1.18687233750782,16.9049999902011,-11.1297309812007,3.58298630426207,0.859845226008141
"4FGL J1443.9-3908",1,220.990798950195,-39.1481018066406,325.641143798828,18.7108154296875,71.16064453125,3.86046039579924e-09,1.11146154779806e-10,4.23860772869045e-11,1.71734729301903e-12,"LogParabola",1.83062922954559,0.0187333635985851,1978.04504394531,1.73515272140503,0.0280643291771412,0.05621287971735,0.0110607063397765,0,"bll","PKS 1440-389",0.999955356121063,0.996280610561371,"whsp2",220.988322517,-39.1444597694,8.80000015968108e-07,"RFC J1443-3908",0.0653999969363213,"HSP",4466836049494016,1.68135731032359e-11,31.6132850646973,0.138059660792351,0.0456647239625454,290.60400390625,15.431448,"BLL",0,-8.41336089858425,-10.3727767743136,1.8522398730136,1.49986962748595,15.6500000124435,-10.7743399835195,3.29623617710654,0.938614607542344
"4FGL J1443.9+2501",1,220.993301391602,25.0291004180908,34.5657768249512,64.6956787109375,53.8495178222656,5.28941024313667e-09,1.30599892012029e-10,5.00709716744208e-11,1.53256346415581e-12,"LogParabola",2.09211659431458,0.0145438117906451,850.178039550781,1.96673929691315,0.022497246041894,0.100320599973202,0.0116936573758721,0,"fsrq","PKS 1441+25",0.999846637248993,0.990735471248627,"rfc",220.987050842,25.0290251972,7.50000026528141e-08,"RFC J1443+2501",0.939000010490417,"LSP",19054607728640,5.72466390697662e-13,2961.06225585938,1.42665505409241,0.336847424507141,58.3726997375488,17.463085,"FSRQ",1,-8.27659274808386,-10.3004139806254,1.73118181890481,3.47144753845717,13.280000012513,-12.2422500055174,2.92950988277049,0.515729754816802
"4FGL J1446.7+1719",1,221.688400268555,17.3236999511719,18.7484378814697,61.6539268493652,6.50814008712769,1.73040831663585e-10,3.27416635470534e-11,2.88073666483701e-12,5.13946415807431e-13,"PowerLaw",2.49714255332947,0.124740123748779,920.561950683594,2.48673796653748,0.157323569059372,0.0995190143585205,0.106257282197475,0,"fsrq","S3 1444+17",0.996130228042603,0.949679434299469,"bzcat",221.647276262,17.3521058556,9.49999972021942e-08,"RFC J1446+1721",1.02400004863739,"LSP",1949844635648,9.78214254390708e-13,43.0136451721191,1.14644014835358,0.348930925130844,-Inf,19.146646,"FSRQ",1,-9.76185140627101,-11.5404964398227,0.813456892514938,1.63360624820525,12.2900000079939,-12.0095660129949,2.96405302036281,0.494071134372366
"4FGL J1450.4+0910",1,222.623504638672,9.18179988861084,6.02090978622437,56.6616516113281,11.0274457931519,3.1330429917098e-10,3.97101310167791e-11,5.12796662771597e-12,5.37335475593592e-13,"PowerLaw",2.39361882209778,0.0902230367064476,1018.77618408203,2.23740196228027,0.14875827729702,0.171237513422966,0.101570755243301,0,"fsrq","TXS 1448+093",0.998673617839813,0.956736505031586,"cgrabs",222.629870542,9.17443195278,1.80000000682412e-07,"RFC J1450+0910",2.61100006103516,"LSP",6531305701376,1.08980803981834e-12,76.0449371337891,0.9201300740242,0.245186686515808,-Inf,20.360153,"FSRQ",1,-9.50403364567551,-11.2900548098243,1.04247493162452,1.88107030519966,12.8150000116299,-11.9626499925084,3.00807878391363,0.276931593214466
"4FGL J1450.8+5201",1,222.723907470703,52.0279998779297,89.1682510375977,56.5460815429688,21.5396213531494,6.19353290876035e-10,4.49276588154746e-11,7.31706622375539e-12,5.67452389330786e-13,"PowerLaw",2.1666476726532,0.057953268289566,1908.84582519531,2.07859802246094,0.0867107138037682,0.111524321138859,0.0512343347072601,512,"bll","SDSS J145059.99+520111.7",0.998518168926239,0.898315012454987,"bzcat",222.749949867,52.0199210722,1.39999997372797e-07,"RFC J1450+5201",2.47099995613098,"LSP",24547088662528,7.30117897564109e-13,11.6473150253296,0.0936704948544502,0.139976605772972,21.017599105835,18.75341,"BLL",0,-9.2080615504802,-11.1356630143282,1.33323806452913,1.06622582200787,13.3899999912543,-12.1366070054586,3.28077085245293,0.288101415338152
"4FGL J1453.5+3505",1,223.391998291016,35.0884017944336,57.5202026367188,62.7962684631348,9.35331344604492,1.94610355608305e-10,2.89880307258183e-11,1.70778874982597e-12,3.84757194637694e-13,"PowerLaw",2.36312294006348,0.112059570848942,1135.03356933594,2.29305005073547,0.159345775842667,0.0730604231357574,0.097920149564743,0,"fsrq","MG2 J145315+3506",0.990420341491699,0.836422502994537,"cgrabs",223.327271883,35.0942675806,1.39999997372797e-07,"RFC J1453+3505",0.721000015735626,"LSP",12022644211712,4.80413289444953e-13,50.3511734008789,0.96180933713913,0.275012522935867,-Inf,19.793306,"FSRQ",1,-9.71083405377022,-11.7675658517143,0.97096548856404,1.70200959595396,13.0799999951428,-12.3183849874207,3.05500870625316,0.581057519382159
"4FGL J1454.1+1622",1,223.544296264648,16.3747005462646,18.5737457275391,59.6419258117676,15.5575647354126,4.36992553254356e-10,4.26225825467252e-11,6.15549364951784e-12,5.59107122578839e-13,"PowerLaw",2.40867924690247,0.0671160072088242,922.643859863281,2.29119110107422,0.10864270478487,0.167007550597191,0.0739669650793076,0,"fsrq","CLASS J1454+1623",0.967967331409454,0.930754005908966,"rfc",223.586896033,16.4067696694,1.1999999571799e-07,"RFC J1454+1624",1.27629995346069,"LSP",7244359401472,3.4709390851935e-13,35.9755439758301,0.512470662593842,0.154775395989418,18.1476001739502,19.583263,"FSRQ",1,-9.35952596373461,-11.2107371124053,1.19194161677037,1.55600736949996,12.8599999880534,-12.459553008108,2.96503409588665,0.439309414596124
"4FGL J1457.4-3539",1,224.365707397461,-35.6526985168457,329.897399902344,20.5353927612305,64.8424682617188,3.48774364944404e-09,1.02038759386414e-10,3.77402449569519e-11,1.20849456743816e-12,"LogParabola",2.32435131072998,0.0190206095576286,735.17431640625,2.17527461051941,0.031567644327879,0.170263662934303,0.019585533067584,0,"FSRQ","PKS 1454-354",1,0.994556725025177,"identified",224.36129875,-35.6527698861,9.49999972021942e-08,"RFC J1457-3539",1.42400002479553,"LSP",10092529319936,3.55566639499705e-12,2853.58447265625,1.51034021377563,0.356711208820343,34.148998260498,18.883732,"FSRQ",1,-8.4574554433849,-10.4231952853288,1.81185953813271,3.45539073318968,13.0040000197586,-11.449078992811,2.86639032640053,0.412541249905454
"4FGL J1458.6+3722",1,224.673294067383,37.3726005554199,61.9388847351074,61.3781967163086,14.5615978240967,3.48743589562162e-10,3.54036418237502e-11,3.22512329342661e-12,4.11163318019339e-13,"PowerLaw",2.18474721908569,0.0784062743186951,1637.04956054688,2.13996839523315,0.0962863266468048,0.0543093383312225,0.0520439594984055,0,"bll","B3 1456+375",0.994547247886658,0.878829896450043,"cgrabs",224.68664355,37.3393396222,1.30000003650821e-07,"RFC J1458+3720",0.333000004291534,"LSP",8175230124032,9.90327828423454e-13,37.6540145874023,0.575242698192596,0.175088971853256,14.5662002563477,18.59684,"BLL",0,-9.45749376663839,-11.4914536780423,1.16320903212778,1.57581128651834,12.9124999864321,-12.0042210170109,3.21406182757701,0.750187544471526
"4FGL J1459.5+1527",1,224.887496948242,15.4643001556396,18.107759475708,58.080135345459,6.37461805343628,1.69218236645285e-10,3.3464522819493e-11,2.2430325825884e-12,4.37046151222434e-13,"PowerLaw",2.10398721694946,0.139792755246162,2418.79052734375,2.01208972930908,0.195440590381622,0.09951002150774,0.102887608110905,0,"fsrq","MG1 J145921+1526",0.984643399715424,0,"rfc",224.842308912,15.4485480361,4.99999998737621e-07,"RFC J1459+1526",0.371100008487701,"LSP",33113111527424,1.24838626849172e-12,21.2222385406494,0.670794308185577,0.325620412826538,82.7716979980469,18.161354,"FSRQ",1,-9.77155283486894,-11.649164417752,0.804454168360217,1.32679119175082,13.5199999918574,-11.9036510169621,3.38359825911929,0.729341400196607
"4FGL J1500.7+4752",1,225.183700561523,47.8716011047363,81.1616821289062,57.4223937988281,10.1993637084961,2.80346496017714e-10,3.61093828449288e-11,4.21772165803969e-12,5.85830320885827e-13,"PowerLaw",2.38374257087708,0.0966839715838432,1466.63879394531,2.31715369224548,0.158087164163589,0.136813223361969,0.0990220084786415,0,"bll","TXS 1459+480",0.998381555080414,0.962634205818176,"cgrabs",225.202725933,47.8543161472,6.79999985209179e-08,"RFC J1500+4751",1.05900001525879,"LSP",6918309937152,1.89198635057453e-12,10.0844011306763,0,10,14.7903995513916,18.368305,"BLL",0,-9.55230486767207,-11.3749220842376,1.00857307896696,1.00365011242829,12.8400000143103,-11.7230820010693,3.16632316830009,0.48567265303022
"4FGL J1501.0+2238",1,225.256698608398,22.6364002227783,31.4477519989014,60.3514823913574,33.9210319519043,1.17638587759927e-09,5.97460761420088e-11,1.27750726663933e-11,7.78572952636614e-13,"PowerLaw",2.00171542167664,0.0362625904381275,1798.88195800781,1.94183993339539,0.0484330356121063,0.0571292340755463,0.0235275439918041,0,"bll","MS 1458.8+2249",0.999900996685028,0.990773439407349,"bzcat",225.257646292,22.6351038861,1.39999997372797e-07,"RFC J1501+2238",0.234999999403954,"ISP",660693476966400,8.132854632803e-12,66.1691436767578,0.390402942895889,0.106883779168129,78.5579986572266,16.792318,"BLL",0,-8.92945019779768,-10.8936366208587,1.53046905597266,1.82065551428898,14.8200000190355,-11.0897569902396,3.2550026660316,0.809716599581076
"4FGL J1503.5+4759",1,225.895492553711,47.9958992004395,80.9581298828125,56.9420700073242,20.0052947998047,5.98428140374807e-10,4.47501202760492e-11,6.4090521084692e-12,5.68744975160823e-13,"PowerLaw",2.22075819969177,0.0604183785617352,1745.61779785156,2.19746947288513,0.0737740322947502,0.0327828340232372,0.0352968089282513,0,"bll","TXS 1501+481",0.972604691982269,0,"rfc",225.853272538,47.9749515389,1.69999998433923e-06,"RFC J1503+4758",0.344500005245209,"LSP",13031667924992,9.36664374534546e-13,23.3493137359619,0.270626217126846,0.109166994690895,252.787002563477,17.821634,"BLL",0,-9.22298799247958,-11.1932061973926,1.30114495556431,1.36827412065953,13.1150000046813,-12.0284159975849,3.24194916121707,0.74377091565546
"4FGL J1503.7-1540",1,225.925201416016,-15.6831998825073,343.734893798828,36.4999732971191,24.7225437164307,8.60094717669568e-10,6.17286013970819e-11,1.13159152187459e-11,9.04238272800284e-13,"PowerLaw",1.81836700439453,0.0477830022573471,3815.67236328125,1.75684285163879,0.0645885542035103,0.0538334995508194,0.0285038314759731,0,"bll","RBS 1457",0.999955773353577,0.99520617723465,"bllac",225.919448058,-15.6872610222,6.99999986863986e-07,"RFC J1503-1541",0.379999995231628,"HSP",35481339012579328,1.02038013455319e-11,14.3581800460815,0.179905191063881,0.111107669770718,76.9382019042969,16.895826,"BLL",0,-9.06545371957487,-10.9463103150299,1.39309315351931,1.15709939491778,16.5500000010921,-10.991238005117,3.58157107648074,0.724637683663291
"4FGL J1504.4+1029",1,226.103302001953,10.4977998733521,11.3864402770996,54.5831871032715,230.278564453125,2.0168196002146e-08,2.24437149420886e-10,1.897477452939e-10,2.13818524517906e-12,"LogParabola",2.25012493133545,0.00643555074930191,502.675689697266,2.12440156936646,0.00796372164040804,0.0986156985163689,0.00519503420218825,256,"FSRQ","PKS 1502+106",1,0.998473286628723,"identified",226.104082425,10.4942218083,6.79999985209179e-08,"RFC J1504+1029",1.83899998664856,"LSP",5000345419776,2.11962001769872e-12,13551.62109375,0.949285507202148,0.223870679736137,51.0966987609863,17.749517,"FSRQ",1,-7.6953329466733,-9.72182337597127,2.36225351341802,4.13199125018896,12.6990000060802,-11.6737419876598,2.70128788247171,0.352236704720982
"4FGL J1506.4+4331",1,226.622100830078,43.5256996154785,72.9266510009766,58.2655448913574,4.90103483200073,1.190168380516e-10,2.73197315464602e-11,1.41546377483565e-12,3.82712362235332e-13,"PowerLaw",2.30092287063599,0.193175300955772,2033.49658203125,2.3391387462616,0.155078113079071,-0.0459520742297173,0.0612066015601158,16,"bll","NVSS J150617+433413",0.988811016082764,0,"bllac",226.573484904,43.5704475,2.30000000556174e-06,"RFC J1506+4334",0.469999998807907,"ISP",190546073092096,4.04046181278275e-13,12.1253347396851,0.275469958782196,0.553130924701691,-Inf,19.937225,"BLL",0,-9.92439159192187,-11.8491012408099,0.690287789085157,1.08369373684885,14.2800000029533,-12.3935689934832,3.3082434467646,0.680272109395202
"4FGL J1506.6+0813",1,226.674102783203,8.22560024261475,8.7241153717041,52.8513069152832,28.9836864471436,9.04045005523102e-10,6.1897709180414e-11,9.92330263099861e-12,9.56619657620228e-13,"LogParabola",1.78539478778839,0.0443989783525467,2755.13403320312,1.59720325469971,0.0767368525266647,0.110300615429878,0.0342335663735867,0,"bll","PMN J1506+0814",0.999198019504547,0.968812763690948,"bzcat",226.685307204,8.233533475,3.89999996741608e-07,"RFC J1506+081A",0.375999987125397,"ISP",562341309579264,2.51392309746912e-12,32.5334053039551,0.369028478860855,0.118654556572437,148.350997924805,16.713427,"BLL",0,-9.0438099487682,-11.0033437637621,1.46215362274426,1.51232952369732,14.7499999879436,-11.5996480117955,3.4401427314871,0.726744192846325
"4FGL J1507.2+1721",1,226.820693969727,17.351900100708,22.7715187072754,57.2002868652344,13.9186353683472,3.19313075980432e-10,4.34421769390791e-11,3.24167494063221e-12,5.68516587973189e-13,"LogParabola",1.80856120586395,0.0800639241933823,3634.0498046875,1.53365957736969,0.156896516680717,0.24140889942646,0.0905129536986351,0,"bll","NVSS J150716+172103",0.999391973018646,0.937628030776978,"whsp2",226.818377842,17.3508046611,1.09999996311672e-06,"RFC J1507+1721",0.565280020236969,"ISP",398107162443776,5.0437898215655e-13,25.2997398376465,0.580165147781372,0.216372087597847,18.0303993225098,18.058393,"BLL",0,-9.4957832965878,-11.4892305362387,1.14359665761301,1.40311605526058,14.5999999911531,-12.2972430190926,3.56039087502285,0.638863326095869
"4FGL J1508.8+2708",1,227.204498291016,27.1406993865967,40.9770202636719,59.5329132080078,10.1312284469604,2.45961251366111e-10,3.5428427552775e-11,2.7047730374874e-12,4.35179344816794e-13,"PowerLaw",2.04581379890442,0.116837412118912,2627.52001953125,2.08120274543762,0.10501554608345,-0.0356948226690292,0.0400759801268578,0,"bll","RBS 1467",0.997694849967957,0.954301476478577,"bzcat",227.177562429,27.1521404222,3.79999988808777e-07,"RFC J1508+2709",0.270000010728836,"HSP",15667510267346944,5.17104111266709e-12,7.5828537940979,0,10,48.6081008911133,18.697388,"BLL",0,-9.60913330608106,-11.5678691714825,1.00566210828131,0.879832682383946,16.1949999879771,-11.2864220093303,3.41954603367795,0.787401568151258
"4FGL J1509.7+5556",1,227.440795898438,55.9418983459473,91.8394088745117,52.0112152099609,18.5588607788086,3.39676342608897e-10,3.23775138644233e-11,4.25906879208959e-12,4.62640234281941e-13,"PowerLaw",1.88080060482025,0.0694886669516563,3275.54174804688,1.74784672260284,0.114885292947292,0.127080470323563,0.063022255897522,0,"bll","SBS 1508+561",0.999631762504578,0.932747840881348,"bzcat",227.449791808,55.9381364444,1.30000003650821e-07,"RFC J1509+5556",1.67999994754791,"ISP",141253756846080,1.52980828959509e-12,6.11081075668335,0,10,40.6733016967773,17.278795,"BLL",0,-9.46893469932423,-11.3706853451848,1.26855131387304,0.786098834431533,14.1500000073292,-11.8153629900893,3.51528313905443,0.373134335661073
"4FGL J1510.8-0542",1,227.706695556641,-5.71059989929199,353.900909423828,42.9529228210449,26.5638771057129,1.41560829725051e-09,8.06148620080549e-11,1.60594697262706e-11,1.15292942293871e-12,"LogParabola",2.44801259040833,0.037098553031683,878.897033691406,2.40185546875,0.0501777492463589,0.112245731055737,0.031759899109602,0,"fsrq","PKS 1508-05",0.999285161495209,0.999485194683075,"bzcat",227.723297579,-5.71872710556,7.50000026528141e-08,"RFC J1510-0543",1.19099998474121,"LSP",7128530550784,2.44439277846675e-12,75.848876953125,0.349230319261551,0.0962666273117065,57.5214004516602,17.366081,"FSRQ",1,-8.84905690051351,-10.794268798955,1.4242914623651,1.87994915484363,12.8530000152015,-11.6118290079978,2.94393799871544,0.456412600166273
"4FGL J1512.2+0202",1,228.070205688477,2.04029989242554,2.34235239028931,47.9812965393066,42.427417755127,2.10998885030733e-09,8.86582890435861e-11,1.64066121799422e-11,1.00825543660615e-12,"LogParabola",2.14598274230957,0.0281855072826147,1031.54650878906,1.968465924263,0.0518213510513306,0.157453671097755,0.0279000718146563,0,"fsrq","PKS 1509+022",0.99903929233551,0.989734530448914,"bzcat",228.065590604,2.05471645833,1.39999997372797e-07,"RFC J1512+0203",0.219915002584457,"LSP",28346536689664,3.10403786007996e-12,30.4375801086426,0.180989846587181,0.0605855286121368,31.2747993469238,17.612307,"FSRQ",1,-8.67571983961358,-10.7849810876521,1.62764660025999,1.48341012157951,13.4525000054354,-11.5080729902735,3.01348881355503,0.819729241694253
"4FGL J1512.8-0906",1,228.214706420898,-9.10639953613281,351.287536621094,40.1312217712402,238.706954956055,3.46856268151896e-08,3.06087266643829e-10,4.58960647264917e-10,3.85301426181206e-12,"LogParabola",2.38252830505371,0.00517185218632221,723.63818359375,2.3683500289917,0.00929222255945206,0.0556933358311653,0.00352815794758499,0,"FSRQ","PKS 1510-089",1,0.999821305274963,"identified",228.210553875,-9.09995274167,6.79999985209179e-08,"RFC J1512-0905",0.360000014305115,"LSP",10964782022656,1.11340199213106e-11,5930.0634765625,0.471628338098526,0.111305139958858,230.845993041992,16.073532,"FSRQ",1,-7.45985045281737,-9.33822455064657,2.37786507277732,3.77305934216245,13.040000002425,-10.9533480059761,2.85952147483585,0.735294109912892
"4FGL J1513.4-3231",1,228.369003295898,-32.5265007019043,334.678649902344,21.4476890563965,16.9212112426758,8.04602162673973e-10,6.74705222247773e-11,1.08016096067587e-11,8.65654282197065e-13,"LogParabola",2.45742440223694,0.0548671074211597,824.006103515625,2.36013627052307,0.084194228053093,0.137369707226753,0.0541047193109989,0,"fsrq","PKS 1510-324",0.969423949718475,0,"cgrabs",228.412432492,-32.5831517694,1.80000000682412e-07,"RFC J1513-3234",1.15299999713898,"LSP",10964782022656,2.94797628148935e-12,147.717376708984,0.960149586200714,0.238634422421455,-Inf,20.196804,"FSRQ",1,-9.09441880443178,-10.9665115231013,1.22843144718898,2.16943158647604,13.040000002425,-11.5304760149988,2.91593042858224,0.464468184546611
"4FGL J1517.7+6525",1,229.435592651367,65.4240036010742,102.266616821289,45.3919982910156,34.587947845459,7.66372187932518e-10,4.18686682546188e-11,9.92293833906865e-12,6.56872180346962e-13,"PowerLaw",1.81608879566193,0.0381876714527607,3014.21655273438,1.73272037506104,0.0546730235219002,0.0661130249500275,0.024708641692996,0,"bll","1H 1515+660",0.999898910522461,0.99508398771286,"bzcat",229.448283333,65.4231345694,1.89999994404388e-07,"RFC J1517+6525",0.702000021934509,"HSP",43151905790099456,1.28941579635722e-11,25.4380493164062,0.242301642894745,0.0870204120874405,95.1130981445312,17.108162,"BLL",0,-9.11556026442874,-11.003359707333,1.53892479543928,1.405483804948,16.6349999809515,-10.8896070136435,3.47917445046008,0.587544058232967
"4FGL J1518.6+4044",1,229.660598754883,40.7448997497559,66.7707214355469,56.8794479370117,12.6924362182617,2.30894234287682e-10,3.01151707737812e-11,2.45562749821848e-12,3.9285347436073e-13,"PowerLaw",1.87668514251709,0.0869928300380707,3237.09545898438,1.80210733413696,0.116751730442047,0.0870193839073181,0.0586021579802036,0,"bll","GB6 J1518+4045",0.99948251247406,0.926115214824677,"rfc",229.662086225,40.7500521972,7.30000010662479e-07,"RFC J1518+4045",0.0652280002832413,"HSP",5011872499630080,8.25973295835725e-13,8.27912139892578,0,10,131.962997436523,17.293623,"BLL",0,-9.63658691181348,-11.6098375120169,1.10354498967549,0.917984250813349,15.7000000141554,-12.0830339934286,3.51015550653847,0.938766160609844
"4FGL J1521.8+4338",1,230.464492797852,43.6343994140625,71.5416030883789,55.5845527648926,7.93121719360352,1.34677810570416e-10,2.59013713255207e-11,4.46667355880059e-12,5.76847055365481e-13,"PowerLaw",2.93589496612549,0.105536103248596,419.253936767578,2.90833616256714,0.131359621882439,0.0753020048141479,0.0843608677387238,0,"fsrq","B3 1520+437",0.995780289173126,0.859278798103333,"cgrabs",230.456724487,43.6109078278,6.79999985209179e-08,"RFC J1521+4336",2.16770005226135,"LSP",1244514615296,6.41377901310081e-13,29.7420082092285,0.445831120014191,0.156999930739403,-Inf,19.044764,"FSRQ",1,-9.87070395246301,-11.3500157862324,0.899339843042698,1.47337028916043,12.09500000123,-12.1928860077759,2.6224771492946,0.315686454999463
"4FGL J1522.1+3144",1,230.545394897461,31.7395000457764,50.1681022644043,57.0195350646973,180.731491088867,1.12003757379853e-08,1.54573229216304e-10,1.58134436101243e-10,1.97863839028478e-12,"LogParabola",2.41266870498657,0.00754959136247635,517.1455078125,2.36996388435364,0.0100048407912254,0.0714762657880783,0.00585002545267344,0,"fsrq","B2 1520+31",0.999969780445099,0.992648005485535,"cgrabs",230.541632212,31.7373283167,6.79999985209179e-08,"RFC J1522+3144",1.4889999628067,"LSP",2910717214720,6.6971032669158e-13,3585.97045898438,0.504320561885834,0.119157589972019,50.6171989440918,19.13251,"FSRQ",1,-7.95076740784799,-9.80097354575249,2.25703383166746,3.55460670754827,12.4640000144212,-12.174113004348,2.71361275653486,0.40176778422783
"4FGL J1522.6-2730",1,230.664199829102,-27.5058994293213,339.587738037109,24.4001312255859,39.0517959594727,2.27126006890899e-09,9.56881657243613e-11,1.93655612379384e-11,1.14939264703184e-12,"LogParabola",2.20294523239136,0.0289468225091696,1176.02270507812,2.08955311775208,0.0437112115323544,0.127023264765739,0.0260992404073477,0,"bll","PKS 1519-273",0.99997478723526,0.999564051628113,"bllac",230.656983296,-27.5029959917,6.79999985209179e-08,"RFC J1522-2730",1.29700005054474,"LSP",5308844343296,9.25982923151436e-13,148.484039306641,0.479893088340759,0.119866892695427,33.4928016662598,18.83767,"BLL",0,-8.64373313437321,-10.7129699121038,1.59164101151302,2.17167977342707,12.7249999919001,-12.0333970224428,3.07041570659977,0.435350447538235
"4FGL J1523.2+0533",1,230.824096679688,5.55690002441406,9.00878047943115,47.9461669921875,5.71247053146362,1.46631068398406e-10,3.39623155987123e-11,1.93669125875262e-12,4.25247673446066e-13,"PowerLaw",2.0280294418335,0.16243688762188,3391.61303710938,2.02509260177612,0.166834115982056,0.00420034490525723,0.0660466551780701,0,"bll","NVSS J152312+053357",-Inf,0,"rfc",230.803246637,5.56540876667,1.20000004244503e-06,"RFC J1523+0533",0.175931006669998,"LSP",3758373994496,4.82541849360085e-13,11.4620227813721,0,10,129.608993530273,18.536764,"BLL",0,-9.83377400101516,-11.7129396076274,0.756823972718038,1.05926126730567,12.5749999944085,-12.3164650156715,3.53040629599186,0.850390026564399
"4FGL J1529.2+3812",1,232.311096191406,38.2032012939453,61.6633453369141,55.2887954711914,7.37311172485352,1.52490034488473e-10,2.73217490298627e-11,1.57637607394595e-12,3.43872689654787e-13,"PowerLaw",2.04833245277405,0.12988817691803,2545.96948242188,1.93794023990631,0.198463201522827,0.134948253631592,0.102749221026897,0,"bll","NVSS J152913+381217",0.996868371963501,0.851453542709351,"bzcat",232.306503295898,38.2048606872559,0.00899999961256981,"",1.06225001811981,"HSP",6237348538875904,8.69679057501765e-13,8.39252948760986,0,10,10.8420000076294,18.085035,"BLL",0,-9.8167585373538,-11.8023401654279,0.867650814822636,0.923892875840068,15.7950000128152,-12.0606409879234,3.40585319362431,0.484907257225638
"4FGL J1530.9+5736",1,232.739593505859,57.6077995300293,91.5918655395508,48.6689224243164,11.9760980606079,2.23436005808431e-10,2.79788726909036e-11,2.57984432427971e-12,3.51685477614772e-13,"PowerLaw",2.05605125427246,0.0942652672529221,2406.61083984375,2.0276095867157,0.113948248326778,0.0294745974242687,0.0535079203546047,0,"bll","WN B1529+5746",0.999171435832977,0.877741813659668,"bzcat",232.742494838,57.6070217694,9.99999997475243e-07,"RFC J1530+5736",1.10000002384186,"ISP",199526228951040,3.18639049607522e-13,6.25135564804077,0,10,19.6933002471924,19.399578,"BLL",0,-9.65084684078209,-11.5884064999074,1.07831534336427,0.795974207203542,14.2999999944586,-12.4967010019503,3.38140586851659,0.476190470784159
"4FGL J1532.0+3016",1,233.015899658203,30.2684993743896,47.7754936218262,54.8169555664062,17.8988571166992,4.39439568067357e-10,4.02058525361682e-11,4.57593208116891e-12,5.04160732259229e-13,"PowerLaw",1.9234539270401,0.0690000578761101,2846.73217773438,1.89264690876007,0.0845777168869972,0.0258257426321507,0.0394105762243271,0,"bll","RX J1531.9+3016",0.999569594860077,0.980668902397156,"bllac",233.009299142,30.2746828056,2.00000002337219e-07,"RFC J1532+3016",0.0649999976158142,"ISP",186208709771264,4.16784922546709e-12,23.208366394043,0.383390307426453,0.145722687244415,53.440601348877,17.378836,"BLL",0,-9.35710084086194,-11.3395204302361,1.25282530116106,1.36564457212238,14.2699999909156,-11.3800880002968,3.45434661038427,0.938967138252274
"4FGL J1533.2+1855",1,233.310302734375,18.9200992584229,29.2344436645508,52.0464820861816,12.6263465881348,2.96058094706453e-10,4.14157354244882e-11,3.60713976049754e-12,5.2935097711454e-13,"PowerLaw",1.81929564476013,0.0958183407783508,4858.86376953125,1.84766590595245,0.0959513038396835,-0.0221930500119925,0.0369443483650684,0,"bll","RX J1533.1+1854",0.99940037727356,0.984267473220825,"bllac",233.296883896,18.9080704611,5.10000018039136e-06,"RFC J1533+1854",0.307000011205673,"ISP",331131106885632,1.01293832262955e-12,3.11385130882263,0,10,282.321014404297,18.475414,"BLL",0,-9.52862306010711,-11.4428370303911,1.10127770636378,0.493297870499407,14.5199999808554,-11.9944169978353,3.68653472269539,0.765110934526715
"4FGL J1533.2+3416",1,233.322906494141,34.268798828125,54.7251091003418,54.7190742492676,16.9966144561768,3.57644081017128e-10,3.53439291722601e-11,4.02284325642932e-12,4.68554719763176e-13,"PowerLaw",1.89022648334503,0.0729077234864235,2965.15893554688,1.75010621547699,0.119130231440067,0.108561746776104,0.0617639347910881,0,"bll","RX J1533.3+3416",0.99782919883728,0.932439029216766,"bllac",233.351128492,34.277862575,4.79999982871959e-07,"RFC J1533+3416",0.810500025749207,"HSP",29512092532867072,2.15298005118436e-12,13.4296026229858,0.176062405109406,0.174327239394188,44.9819984436035,17.383755,"BLL",0,-9.44654895810137,-11.39546688868,1.23036242317667,1.12806316224446,16.4700000039174,-11.6669599941898,3.4720479769519,0.552333601644765
"4FGL J1534.8+0131",1,233.724700927734,1.52240002155304,6.78565263748169,43.2301864624023,25.2286739349365,9.13912723277122e-10,5.9781013472815e-11,1.31680881476637e-11,7.13054452722989e-13,"PowerLaw",2.4206075668335,0.0437369383871555,807.674865722656,2.3974506855011,0.0505613274872303,0.0342400744557381,0.0284751392900944,0,"fsrq","PKS 1532+01",0.999761521816254,0.994212925434113,"cgrabs",233.718557004,1.51783513333,7.50000026528141e-08,"RFC J1534+0131",1.42799997329712,"LSP",3019951833088,1.54775422079451e-12,259.190246582031,0.912567794322968,0.222548991441727,37.146800994873,19.012924,"FSRQ",1,-9.03909527648603,-10.8804772749389,1.40189442380831,2.41361865485557,12.4800000162052,-11.8102980029731,2.90723656815086,0.411861619027138
"4FGL J1539.6+2743",1,234.901901245117,27.7276992797852,43.8489952087402,52.8642120361328,23.9002723693848,6.58902044037291e-10,4.6706385287143e-11,9.42242030926854e-12,5.5072531821368e-13,"PowerLaw",2.3302116394043,0.0500347949564457,941.229187011719,2.31497406959534,0.0596682205796242,0.0150453802198172,0.0309137850999832,0,"fsrq","MG2 J153938+2744",0.999333381652832,0.943258583545685,"cgrabs",234.913071392,27.7439476222,1.39999997372797e-07,"RFC J1539+2744",2.19600009918213,"LSP",27101916823552,9.54610088893526e-13,170.184555053711,0.877412974834442,0.216338247060776,30.2275009155273,19.461302,"FSRQ",1,-9.18117914518772,-11.0258375269366,1.37840285023043,2.2309201435317,13.4330000080867,-12.0201739800602,2.97369538595149,0.312891104182351
"4FGL J1540.7+1449",1,235.190307617188,14.8219995498657,24.3535194396973,48.8244705200195,11.5622854232788,3.46213613333646e-10,4.26090031313553e-11,3.93504499818231e-12,5.43584491655147e-13,"PowerLaw",2.14568424224854,0.0962080135941505,2325.86352539062,2.15093064308167,0.0913225337862968,-0.0154497930780053,0.0398104004561901,0,"bll","4C +14.60",0.998198628425598,0.983263194561005,"cgrabs",235.206214654,14.796079075,6.79999985209179e-08,"RFC J1540+1447",0.605000019073486,"LSP",21134890237952,3.83042512638876e-12,15.5994358062744,0.311282217502594,0.174394592642784,40.9306983947754,18.381264,"BLL",0,-9.46065585939695,-11.4050502970151,1.06304368604108,1.19310889126134,13.3249999967037,-11.4167530224286,3.36658422805854,0.623052952097326
"4FGL J1541.7+1413",1,235.446899414062,14.2306003570557,23.6985168457031,48.3514556884766,7.74129772186279,2.01701544355615e-10,3.84634199490641e-11,2.58765166412378e-12,4.77002389410314e-13,"PowerLaw",1.96415865421295,0.134132117033005,3923.52294921875,1.84283173084259,0.212587788701057,0.112232707440853,0.113306120038033,0,"bll","WISE J154150.09+141437.6",0.996394038200378,0.814269542694092,"rfc",235.458737579,14.243771175,2.20000003992027e-07,"RFC J1541+1414",0.223000004887581,"LSP",8472274403328,4.03262655473274e-13,11.9051933288574,0.231798142194748,0.437122017145157,55.2458992004395,18.617922,"BLL",0,-9.69529077653907,-11.5870941864773,0.888813770269725,1.07573645232168,12.9280000134263,-12.3944119943892,3.5936761972001,0.817661484876217
"4FGL J1543.0+6130",1,235.755004882812,61.5032997131348,95.3921051025391,45.3827209472656,135.321517944336,6.35023367223653e-09,1.12088130443944e-10,5.35114313970908e-11,1.40116921971273e-12,"LogParabola",1.98718535900116,0.0108707742765546,998.559875488281,1.89962089061737,0.0206426214426756,0.0595015659928322,0.00804120488464832,0,"bll","GB6 J1542+6129",0.999550223350525,0.939461350440979,"bzcat",235.737265312,61.4987073917,1.10000001996013e-07,"RFC J1542+6129",0.116999998688698,"ISP",354813388783616,6.78404945067546e-12,409.003509521484,0.282567948102951,0.0682125091552734,67.3141021728516,15.395624,"BLL",0,-8.1972102934961,-10.2715534317665,2.13136686076205,2.61172703455814,14.5499999994492,-11.168510995056,2.99937411108407,0.895255148768084
"4FGL J1546.0+0819",1,236.518005371094,8.3193998336792,16.7948093414307,44.6745071411133,19.6149826049805,5.83529280451245e-10,4.81517881123494e-11,7.52346449028884e-12,6.76561562849842e-13,"PowerLaw",1.90260553359985,0.0573450289666653,2864.46069335938,1.78962028026581,0.0895611420273781,0.104500487446785,0.0440604127943516,0,"bll","RX J1546.0+0819",0.999611616134644,0.966032683849335,"bzcat",236.517736912,8.32039772778,3.40000013920871e-07,"RFC J1546+0819",0.349999994039536,"HSP",5688529564729344,3.00897783252208e-12,13.0048933029175,0.172781363129616,0.142488360404968,67.8980026245117,17.317822,"BLL",0,-9.23393734695476,-11.1235821244972,1.29258792732335,1.11410679342968,15.7550000195667,-11.5215810117444,3.45704286716017,0.740740744011229
"4FGL J1546.5+1816",1,236.633804321289,18.282600402832,30.0178165435791,48.8716812133789,5.3347806930542,1.57616683593709e-10,3.35529347361696e-11,1.84165746888731e-12,4.63270643635133e-13,"PowerLaw",2.27066850662231,0.144469991326332,1863.58361816406,2.20054650306702,0.203213676810265,0.157805204391479,0.128369256854057,0,"bll","MG1 J154628+1817",0.995569169521332,0,"bzcat",236.598831176758,18.28759765625,3.5e-07,"",1.00499999523163,"LSP",28840315322368,1.77443866891669e-12,13.7673463821411,0.399635136127472,0.340865820646286,-Inf,17.80078,"BLL",0,-9.80239781470685,-11.7347911413515,0.727116570760665,1.13885023926549,13.4600000043836,-11.750939006861,3.27034888412635,0.498753118393137
"4FGL J1548.8-2250",1,237.201095581055,-22.8470993041992,347.843688964844,24.1748390197754,26.1411437988281,1.01890496040369e-09,7.10192737951587e-11,1.40215512811626e-11,1.01911914237446e-12,"PowerLaw",1.79252588748932,0.0447605960071087,4642.69140625,1.75070416927338,0.0562713444232941,0.0381020195782185,0.0247664283961058,0,"bll","PMN J1548-2251",0.999945223331451,0.995556950569153,"bzcat",237.207289158,-22.8506989556,1.10000001996013e-07,"RFC J1548-2251",0.19200000166893,"HSP",18281002161930240,8.93739596219412e-12,29.4134502410889,0.340077579021454,0.116314463317394,246.182006835938,17.294155,"BLL",0,-8.99186632344909,-10.8532039353295,1.41732458610037,1.46854597087835,16.2620000000119,-11.0487890006659,3.66676981762767,0.838926173322056
"4FGL J1549.3+6310",1,237.332397460938,63.1780014038086,96.9072189331055,43.9067153930664,5.43858289718628,1.00206364039845e-10,2.60038414412467e-11,1.09696041313001e-12,2.70160060772059e-13,"PowerLaw",2.4416663646698,0.408333629369736,1323.30517578125,2.63293242454529,0.106917515397072,-0.141377255320549,0.0292651057243347,0,"bll","WN B1549+6319",0.922045409679413,0,"crates",237.488818508,63.1687022306,4.1000001260727e-07,"RFC J1549+6310",0.268999993801117,"LSP",48696754438144,7.43924724339734e-13,21.8797397613525,0.819175124168396,0.314136028289795,-Inf,18.888334,"BLL",0,-9.99910469583784,-11.9598090448678,0.735485752619818,1.34004215217324,13.6875000171371,-12.1284710072738,3.12166001113696,0.788022068467184
"4FGL J1549.5+0236",1,237.385101318359,2.60840010643005,10.8456935882568,40.8892936706543,25.3421535491943,1.01549912923105e-09,6.41290909264569e-11,1.50247540103843e-11,7.83038347704212e-13,"PowerLaw",2.41449022293091,0.0426001586019993,844.211059570312,2.36853289604187,0.0542207136750221,0.0602607764303684,0.0302959550172091,0,"fsrq","PKS 1546+027",0.999442636966705,0.987365365028381,"cgrabs",237.372653525,2.61698977778,6.79999985209179e-08,"RFC J1549+0237",0.414000004529953,"LSP",10964782022656,6.60092813742352e-12,176.118194580078,0.719100058078766,0.177786603569984,11.4191999435425,17.755848,"FSRQ",1,-8.99332044465732,-10.8231926296618,1.40384351799774,2.2458042247779,13.040000002425,-11.180394995273,2.92645103732194,0.707213576235046
"4FGL J1550.7+0528",1,237.696502685547,5.47249984741211,14.2742557525635,42.1994857788086,19.1367969512939,8.33383362319751e-10,6.47773362727477e-11,9.31255766944972e-12,7.66695572047144e-13,"LogParabola",2.36151695251465,0.0512942746281624,990.695190429688,2.27188420295715,0.0803274363279343,0.187251135706902,0.0569342002272606,0,"fsrq","4C +05.64",0.962108731269836,0.95400333404541,"cgrabs",237.646955175,5.45290231667,6.79999985209179e-08,"RFC J1550+0527",1.42200005054474,"LSP",3026913329152,4.5767057678392e-12,29.3803749084473,0.306946009397507,0.107531867921352,11.3106002807617,18.75887,"FSRQ",1,-9.07915517405495,-11.0309310247998,1.28186924886467,1.46805733330689,12.480999985803,-11.3394470070639,2.99594005460967,0.412881907155653
"4FGL J1552.0+0850",1,238.009902954102,8.84189987182617,18.4479789733887,43.6532173156738,11.1386880874634,3.50765000378672e-10,4.23050865172581e-11,3.72547999394346e-12,5.19795686527991e-13,"PowerLaw",2.0587465763092,0.0848401710391045,2194.23071289062,1.96954226493835,0.126653179526329,0.12112595140934,0.0710738599300385,0,"bll","TXS 1549+089",0.999310791492462,0.927116930484772,"bllac",238.013590079,8.84648206944,1.50000005305628e-07,"RFC J1552+0850",1.01499998569489,"LSP",34276779229184,3.45524628873883e-12,23.7860260009766,0.515288233757019,0.198181793093681,13.8803997039795,18.037062,"BLL",0,-9.45498374740613,-11.4288177644482,1.04683404272936,1.37632188928345,13.5350000072795,-11.4615209908287,3.34128228963226,0.496277919155985
"4FGL J1553.6+1257",1,238.401504516602,12.9524002075195,23.8047733306885,45.208911895752,35.4719543457031,1.42282896575807e-09,7.17343198730624e-11,1.70994642056943e-11,9.29273693585364e-13,"LogParabola",2.39901924133301,0.0327869318425655,654.583129882812,2.29682612419128,0.048333216458559,0.100829258561134,0.0285620037466288,0,"fsrq","PKS 1551+130",0.999200642108917,0.988974034786224,"bzcat",238.386241138,12.9476988056,1.50000005305628e-07,"RFC J1553+1256",1.28999996185303,"LSP",2951209287680,1.62533918615648e-12,659.551635742188,1.15215182304382,0.274830311536789,11.8760004043579,17.364172,"FSRQ",1,-8.84684730208842,-10.7670174975702,1.54988511681061,2.81924880176268,12.4700000089786,-11.7890559938823,2.81596480834563,0.436681229981688
"4FGL J1554.9+2143",1,238.743499755859,21.7332992553711,35.9101943969727,48.1023712158203,6.82547187805176,2.01596392357395e-10,3.46932170491865e-11,2.66391509545771e-12,4.63558607732145e-13,"PowerLaw",2.30880498886108,0.116287030279636,1380.10461425781,2.09494805335999,0.204965114593506,0.27254119515419,0.145491108298302,0,"bll","TXS 1552+218",0.994433283805847,0.869467556476593,"bzcat",238.752410821,21.6999372361,2.90000002678426e-07,"RFC J1555+2141",0.387593001127243,"ISP",134896290889728,1.45298454257842e-12,13.7207164764404,0.319463014602661,0.286381483078003,-Inf,18.017202,"BLL",0,-9.69551724401865,-11.5744796211541,0.834132681639505,1.13737679020748,14.130000008469,-11.8377390058731,3.13991200790333,0.720672415605748
"4FGL J1555.7+1111",1,238.931304931641,11.1884002685547,21.9080200195312,43.9616851806641,175.386734008789,1.43775746863639e-08,2.00995831090012e-10,1.67344194057506e-10,3.48349495950251e-12,"LogParabola",1.68621480464935,0.00820230506360531,1802.48278808594,1.54115891456604,0.0149573562666774,0.0679170116782188,0.00528761232271791,0,"BLL","PG 1553+113",1,0.998564898967743,"identified",238.929350129,11.1901016639,1.39999997372797e-07,"RFC J1555+1111",0.360000014305115,"HSP",3890451438370816,5.22260290569676e-11,107.162422180176,0.130018725991249,0.0337313711643219,265.226989746094,14.077677,"BLL",0,-7.8423143677197,-9.77638935072495,2.24399674088484,2.03004252135644,15.5899999987082,-10.282112993964,3.25587112633183,0.735294109912892
"4FGL J1557.9-0001",1,239.485107421875,-0.0243999995291233,9.59955501556396,37.6630210876465,4.43138599395752,1.86333240503878e-10,4.32113962667291e-11,2.89268435593737e-12,6.39310598817694e-13,"PowerLaw",2.44757866859436,0.154250621795654,1028.65283203125,2.19472074508667,0.2777359187603,0.204743504524231,0.163192123174667,256,"fsrq","PKS 1555+001",0.99745899438858,0.96983003616333,"at20g",239.464308217,-0.0306705,6.79999985209179e-08,"RFC J1557-0001",1.76999998092651,"LSP",1717908406272,8.15434362828188e-13,16.4643096923828,0.432943046092987,0.407379776239395,-Inf,19.785608,"FSRQ",1,-9.72970966319458,-11.5386989531316,0.646539580711977,1.21654352654056,12.2350000048322,-12.0886109911029,3.01226882610057,0.361010832810735
"4FGL J1558.8+5625",1,239.717895507812,56.4267997741699,87.5939178466797,45.7630424499512,36.3196487426758,9.93170656826692e-10,4.79643373629823e-11,1.11742030559081e-11,5.76910481192572e-13,"PowerLaw",2.11554169654846,0.0393296964466572,1645.3974609375,2.05170750617981,0.0548858270049095,0.0569183640182018,0.0283553171902895,512,"bll","TXS 1557+565",0.999546229839325,0.968996226787567,"bllac",239.701203838,56.4205886889,1.10000001996013e-07,"RFC J1558+5625",0.300000011920929,"LSP",44874539728896,4.33924337434055e-12,55.0183982849121,0.358146846294403,0.0979375243186951,26.732400894165,17.40006,"BLL",0,-9.00297612013489,-10.9517834409713,1.56014163968783,1.740507942903,13.6520000071189,-11.3625859909934,3.21627082279777,0.769230762176965
"4FGL J1602.2+3051",1,240.562194824219,30.8605995178223,49.8476867675781,48.4208602905273,6.9688572883606,1.49675369320867e-10,2.74750170531357e-11,1.63405736424566e-12,3.41400654491411e-13,"PowerLaw",2.25262022018433,0.154142409563065,1737.794921875,2.30366468429565,0.15691439807415,-0.0368884056806564,0.0680579915642738,0,"bll","RGB J1602+308",0.998713135719299,0.906925320625305,"bllac",240.575287858,30.852649825,2.40000008489005e-06,"RFC J1602+3051",0.469999998807907,"ISP",226464431603712,6.32248756387427e-13,6.19717168807983,0,10,17.8500003814697,18.313046,"BLL",0,-9.82484966156834,-11.7867327014523,0.843161570917931,0.792193528125282,14.3550000016193,-12.1991120162257,3.23999852380822,0.680272109395202
"4FGL J1603.8+1104",1,240.960098266602,11.0700998306274,22.9955959320068,42.1327056884766,7.16915559768677,2.296180051653e-10,3.97442738442333e-11,2.89573009668032e-12,5.47773469378871e-13,"PowerLaw",2.24462676048279,0.133898496627808,2288.34204101562,2.24219560623169,0.139655575156212,-0.00132458633743227,0.0660870969295502,4,"bll","MG1 J160340+1106",0.989333927631378,0,"bllac",240.924713546,11.0968553111,7.50000026528141e-08,"RFC J1603+1105",0.14300000667572,"LSP",14791084081152,4.66302777640815e-12,13.0151987075806,0.409046977758408,0.334279775619507,17.9762992858887,17.623474,"BLL",0,-9.63899406036227,-11.538241920025,0.855468006314818,1.11445080302128,13.1700000058568,-11.3313319975618,3.3595209394494,0.874890633560346
"4FGL J1603.8+5009",1,240.965194702148,50.157398223877,78.6057662963867,46.9587326049805,12.3120336532593,2.34573166446594e-10,2.99626504163264e-11,2.58711628509101e-12,4.01819284226099e-13,"PowerLaw",1.89310252666473,0.0894600376486778,3253.04296875,1.74024319648743,0.148210674524307,0.172826945781708,0.0891944393515587,0,"bll","SDSS J160339.49+500955.5",0.995157897472382,0,"bllac",240.914581298828,50.1653900146484,1.5e-06,"",0.620999991893768,"ISP",266072502566912,3.62452418339182e-13,6.11728668212891,0,10,43.2519989013672,19.231773,"BLL",0,-9.62972166967445,-11.5871840502791,1.09032979390959,0.786558833865335,14.4249999944292,-12.4407489982214,3.51228979982282,0.61690314929103
"4FGL J1604.6+5714",1,241.158493041992,57.2380981445312,88.2667999267578,44.7359733581543,52.6894302368164,1.65175728650269e-09,6.00656815952227e-11,1.92093112250102e-11,7.4924571755175e-13,"LogParabola",2.41655015945435,0.0225989539176226,586.810424804688,2.34842038154602,0.0313374139368534,0.0762560963630676,0.0172433909028769,0,"fsrq","GB6 J1604+5714",0.999786376953125,0.989655017852783,"cgrabs",241.155644338,57.243516925,9.49999972021942e-08,"RFC J1604+5714",0.720000028610229,"LSP",5754399490048,2.16194184950169e-12,121.975845336914,0.288750231266022,0.0731318295001984,19.6243991851807,18.198376,"FSRQ",1,-8.78205376868436,-10.7164882070561,1.7217235023051,2.08627383661324,12.7600000088058,-11.6651559915946,2.7684978205682,0.581395339166364
"4FGL J1606.9+5919",1,241.734100341797,59.3200988769531,90.8187255859375,43.6959800720215,7.16641616821289,1.19392884467828e-10,2.21556540475065e-11,1.02732676966061e-12,2.58216218589416e-13,"PowerLaw",2.1136486530304,0.149697706103325,2350.15234375,1.80193972587585,0.283925741910934,0.223472893238068,0.179620951414108,0,"bll","1RXS J160709.7+592115",-Inf,0,"rfc",241.783931904,59.3580265917,3.89999996741608e-07,"RFC J1607+5921",0.131999999284744,"ISP",966050887761920,9.86493005339373e-13,27.0047836303711,0.836539924144745,0.296706467866898,-Inf,18.287754,"BLL",0,-9.9230215553544,-11.9882913950705,0.855302024917218,1.43144070194632,14.9850000039436,-12.0059059897359,3.37109601542302,0.883392226706583
"4FGL J1607.0+1550",1,241.774505615234,15.8446998596191,29.358419418335,43.4053688049316,51.1389389038086,2.24524132619308e-09,8.32482069390572e-11,2.10960172941643e-11,9.23425073386108e-13,"LogParabola",2.25929236412048,0.0241894405335188,750.168579101562,2.14180994033813,0.0356026664376259,0.11097851395607,0.0203581508249044,0,"bll","4C +15.54",0.999412953853607,0.982266128063202,"bllac",241.776793537,15.859579325,1.30000003650821e-07,"RFC J1607+1551",0.495999991893768,"LSP",9332543455232,2.38236882478537e-12,7.77205085754395,0,10,60.891300201416,19.11752,"BLL",0,-8.64873697270017,-10.6757995271871,1.70875171248575,0.890535633806082,12.9700000208136,-11.6229910026478,2.87515886972062,0.668449201483024
"4FGL J1608.3+4012",1,242.083999633789,40.2057991027832,63.9004859924316,47.5843048095703,4.13260793685913,8.82676154390083e-11,2.26338444514473e-11,1.22038447056272e-12,2.98848836302601e-13,"PowerLaw",2.34153389930725,0.176406860351562,1245.30932617188,1.69742333889008,0.525745630264282,0.550132155418396,0.343026608228683,0,"fsrq","B2 1606+40",0.993180572986603,0.873127937316895,"bzcat",242.092323738,40.2049536889,1.1999999571799e-07,"RFC J1608+4012",0.628143012523651,"LSP",5248074645504,1.18852139501663e-12,16.3413734436035,0.566954433917999,0.484960585832596,-Inf,20.763874,"FSRQ",1,-10.0541986057755,-11.9135033274077,0.616224205442552,1.21328855488375,12.7200000035589,-11.9249929959686,3.09527724055929,0.614196659819202
"4FGL J1610.6+2414",1,242.652893066406,24.244499206543,40.8668212890625,45.3241958618164,7.05131053924561,1.88623297536772e-10,3.52779992718322e-11,2.93381096326539e-12,5.38283881443974e-13,"PowerLaw",2.5547947883606,0.139034926891327,851.799560546875,2.61488318443298,0.100611992180347,-0.0873363390564919,0.0369943045079708,0,"fsrq","B2 1608+24",0.997508585453033,0.940443873405457,"cgrabs",242.675111546,24.2469476833,6.79999985209179e-08,"RFC J1610+2414",1.44900000095367,"LSP",3548133982208,4.69474502676204e-13,15.836368560791,0.400992304086685,0.234992727637291,-Inf,19.711475,"FSRQ",1,-9.72440466702403,-11.5325678728566,0.848269841398218,1.19965560056029,12.5500000110004,-12.328387989442,2.9303374116803,0.408329930424903
"4FGL J1613.6+3411",1,243.421096801758,34.1982002258301,55.1292762756348,46.3774108886719,30.6108322143555,8.57765858341963e-10,4.92150036002226e-11,1.10849341858343e-11,5.8405976452805e-13,"PowerLaw",2.43748760223389,0.0384659059345722,780.134094238281,2.41889309883118,0.0444006510078907,0.0308472402393818,0.0247539561241865,0,"fsrq","OS 319",0.999323010444641,0.997137010097504,"cgrabs",243.421101008,34.2133080194,6.79999985209179e-08,"RFC J1613+3412",1.39900004863739,"LSP",1819700887552,3.72651605753949e-12,67.0064239501953,0.336064428091049,0.0914237424731255,20.673900604248,17.492369,"FSRQ",1,-9.06663124397801,-10.9552668810622,1.48587513688872,1.8261164407961,12.2600000069074,-11.4286970030569,2.89216925830899,0.416840341694862
"4FGL J1615.6+4712",1,243.92219543457,47.2028007507324,73.8672866821289,45.6101036071777,17.4110260009766,4.1086423152592e-10,3.62868901593316e-11,5.1422819995206e-12,4.63897366700938e-13,"PowerLaw",2.1893527507782,0.0714367628097534,1761.35144042969,2.16004776954651,0.0856666788458824,0.0476544760167599,0.0438053756952286,0,"fsrq","B3 1614+473",0.998382925987244,0.983016848564148,"bllac",243.92173825,47.1866011028,1.76972218923765e-06,"RFC J1615+4711",0.198630005121231,"ISP",131825674485760,2.37065857396079e-12,21.7145309448242,0.363245159387589,0.134690627455711,25.8568992614746,17.553541,"FSRQ",1,-9.38630166532628,-11.288844110603,1.24082436407733,1.33675045261261,14.1200000020759,-11.625130989304,3.24584601889255,0.834285806068119
"4FGL J1616.6+4630",1,244.159606933594,46.5098991394043,72.8550033569336,45.5435676574707,5.8581075668335,1.30826530164718e-10,2.66412291533014e-11,2.4959268592889e-12,4.81736720826798e-13,"PowerLaw",2.60000061988831,0.128218725323677,848.097351074219,2.58658003807068,0.166417792439461,0.109356388449669,0.124677710235119,16,"fsrq","MG4 J161600+4632",0.969649195671082,0,"crates",244.015694817,46.5403443833,1.30000003650821e-07,"RFC J1616+4632",0.952059984207153,"LSP",4518559350784,3.21053947316408e-13,30.2099151611328,0.890715301036835,0.290185540914536,-Inf,19.540808,"FSRQ",1,-9.88330417699184,-11.6027681453809,0.767757341953522,1.48014950564059,12.6549999910648,-12.4934219861206,2.92844570674692,0.512279339820676
"4FGL J1616.7+4107",1,244.182098388672,41.1234016418457,65.1554412841797,45.9607315063477,7.85551023483276,1.50095852413656e-10,2.49893630094311e-11,1.98009208855765e-12,3.38317346143188e-13,"PowerLaw",2.25311875343323,0.121901266276836,1571.24108886719,2.16539549827576,0.181831672787666,0.172025769948959,0.115640960633755,0,"bll","B3 1615+412",0.939825594425201,0,"bllac",244.276357808,41.1130592111,8.00000009348878e-07,"RFC J1617+4106",0.266999989748001,"LSP",25118864572416,1.49795236978334e-12,11.1420679092407,0.236108869314194,0.413505405187607,-Inf,18.757072,"BLL",0,-9.82363130841462,-11.7033146114443,0.895174398793651,1.04696580109153,13.400000004449,-11.824501995628,3.19624282764435,0.789265989022537
"4FGL J1617.9-7718",1,244.480606079102,-77.3040008544922,313.422424316406,-18.8683662414551,39.9275817871094,1.53517432099903e-09,6.70954194981199e-11,2.25350207244679e-11,9.897121100097e-13,"LogParabola",2.60732960700989,0.0257159993052483,593.512756347656,2.56403970718384,0.0335585810244083,0.112194538116455,0.0227424036711454,0,"fsrq","PKS 1610-77",0.999775946140289,0.999639987945557,"qso",244.455318479,-77.2884632306,6.79999985209179e-08,"RFC J1617-7717",1.71000003814697,"LSP",4168693841920,2.76035531238117e-12,361.512390136719,0.561222314834595,0.135483130812645,17.5739002227783,18.073807,"FSRQ",1,-8.81384230269526,-10.6471420381913,1.6012730079575,2.55812318648752,12.6200000007518,-11.5590350120382,2.77343005766611,0.369003684842667
"4FGL J1618.0+5139",1,244.515594482422,51.6652984619141,79.9853744506836,44.437873840332,8.52488422393799,1.57315813154035e-10,2.73002419282076e-11,3.34350537707639e-12,4.18424328388692e-13,"PowerLaw",2.67451477050781,0.10478251427412,563.057373046875,2.44053268432617,0.211811810731888,0.221808210015297,0.142266392707825,0,"fsrq","TXS 1616+517",0.953128159046173,0,"crates",244.372772188,51.6723370111,1.30000003650821e-07,"RFC J1617+5140",2.5560200214386,"LSP",36307803832320,1.46577398114044e-13,90.7289276123047,1.01580369472504,0.265200108289719,-Inf,20.276562,"FSRQ",1,-9.80322762054029,-11.4757979740245,0.930688489571128,1.95774577768196,13.5599999803271,-12.8339329917079,2.75055264978593,0.281213264821677
"4FGL J1625.7-2527",1,246.445297241211,-25.4650001525879,352.136962890625,16.3158226013184,49.2341079711914,4.95660046340163e-09,1.5431483868511e-10,5.29310692498619e-11,2.35274018149656e-12,"LogParabola",2.36465954780579,0.0211575776338577,1109.87438964844,2.29648518562317,0.0312811806797981,0.138027206063271,0.0200867205858231,0,"fsrq","PKS 1622-253",0.999984204769135,0.999772965908051,"bzcat",246.445381842,-25.4606463694,6.79999985209179e-08,"RFC J1625-2527",0.78600001335144,"LSP",4168693841920,6.7403587052095e-12,1647.193359375,1.2553802728653,0.297104686498642,76.6259002685547,20.262907,"FSRQ",1,-8.30481608685098,-10.2762893328248,1.69226607373313,3.21674458276454,12.6200000007518,-11.1713169907721,3.04527383016558,0.559910410148035
"4FGL J1626.0-2950",1,246.514999389648,-29.8486003875732,348.817810058594,13.3279981613159,47.1212425231934,2.83540635415136e-09,1.06592769333336e-10,4.2332672089973e-11,1.54579322432513e-12,"LogParabola",2.56420183181763,0.0229608919471502,557.960571289062,2.45682668685913,0.0330087393522263,0.134659126400948,0.0221644267439842,0,"FSRQ","PKS B1622-297",1,0.999667227268219,"identified",246.525086829,-29.8574920444,7.50000026528141e-08,"RFC J1626-2951",0.814999997615814,"LSP",3890451578880,7.41653440050616e-12,431.781799316406,0.57579094171524,0.138578608632088,42.6192016601562,18.219873,"FSRQ",1,-8.54738469172022,-10.3733243174626,1.67321673368592,2.63526433178458,12.5900000143934,-11.1297989845231,2.74660351026983,0.550964188051571
"4FGL J1626.3+3514",1,246.582000732422,35.2382011413574,56.930534362793,43.8839874267578,9.40066337585449,1.47148071505399e-10,2.71241761690133e-11,1.80144018192135e-12,3.72149495464838e-13,"PowerLaw",1.75027942657471,0.114890605211258,5333.90771484375,1.42193222045898,0.252258032560349,0.255005478858948,0.136669710278511,0,"bll","RGB J1626+352",0.996783792972565,0.888480186462402,"bllac",246.607751554,35.2281830472,9.09999982923182e-07,"RFC J1626+3513",0.497379988431931,"HSP",5495408507748352,1.17973914057906e-12,6.82980251312256,0,10,50.3322982788086,18.841305,"BLL",0,-9.83224542530784,-11.7443801543534,0.973158501504764,0.834408146038617,15.739999981758,-11.9282140116187,3.72704549742794,0.667833153725534
"4FGL J1626.6-7639",1,246.655303955078,-76.6501998901367,314.282684326172,-18.8011245727539,15.075249671936,4.33314883974134e-10,4.55307319624509e-11,4.40790329583884e-12,5.66097190825288e-13,"PowerLaw",2.04036855697632,0.0842759907245636,3273.77954101562,2.0375120639801,0.0913428068161011,0.00188689737115055,0.0441211126744747,0,"bll","PKS 1619-765",0.999924063682556,0.953568458557129,"bzcat",246.659034408,-76.6487770528,2.90000002678426e-06,"RFC J1626-7638",0.104999996721745,"ISP",602559618220032,7.82922880172843e-13,24.1404495239258,0.448067873716354,0.168576896190643,98.7554016113281,17.604427,"BLL",0,-9.36319639308698,-11.3557679419567,1.17826451353167,1.3827453529172,14.780000023169,-12.1062810149087,3.51504943031597,0.904977378250449
"4FGL J1628.6+7706",1,247.154495239258,77.1099014282227,110.298377990723,34.0809211730957,35.5799217224121,9.68575442072961e-10,4.89418366944605e-11,8.09780801441784e-12,6.47777675683719e-13,"LogParabola",2.08851194381714,0.0358129218220711,1177.36364746094,1.95789301395416,0.0563892051577568,0.0915187522768974,0.0287739429622889,0,"bll","6C B163030.4+771303",0.999696135520935,0.978941738605499,"crates",247.137714421,77.1138686,2.00000002337219e-07,"RFC J1628+7706",0.400000005960464,"LSP",52480746455040,6.11495121032035e-13,217.193161010742,0.719675481319427,0.176653116941452,37.7569999694824,17.804695,"BLL",0,-9.01386654655048,-11.0916325238466,1.55120498827961,2.33684614604546,13.7200000035589,-12.2136070037419,3.07091062231117,0.714285711244661
"4FGL J1635.6+3628",1,248.922897338867,36.4794998168945,58.8676872253418,42.1139183044434,10.631139755249,2.44505998781008e-10,3.29430267786979e-11,2.60149909427076e-12,7.60242888607487e-13,"PowerLaw",2.66558289527893,0.116889648139477,960.151184082031,2.76119065284729,0.10229878872633,-0.0521691031754017,0.0499204508960247,0,"fsrq","MG3 J163554+3629",0.98939836025238,0.847485244274139,"rfc",248.946815817,36.4916583528,1.59999999027605e-07,"RFC J1635+3629",3.64776301383972,"LSP",19275249090560,7.00127279827482e-14,175.358474731445,1.58633661270142,0.390203714370728,-Inf,20.795115,"FSRQ",1,-9.61171048130302,-11.5847763209704,1.02657982735309,2.24392675932596,13.2849999990683,-13.1548230001259,2.98233962183443,0.215157269641822
"4FGL J1637.7+4717",1,249.434204101562,47.2913017272949,73.4390182495117,41.8808746337891,42.1562271118164,1.16409570871667e-09,5.30927316000351e-11,1.62403892417506e-11,7.38205395249547e-13,"PowerLaw",2.42793750762939,0.0298539083451033,716.703674316406,2.3968563079834,0.035783976316452,0.0548641234636307,0.021430492401123,0,"fsrq","4C +47.44",0.999720871448517,0.994286775588989,"cgrabs",249.438043975,47.2927308694,6.79999985209179e-08,"RFC J1637+4717",0.735000014305115,"LSP",4897788395520,5.97860693243857e-12,620.632934570312,0.878812909126282,0.209946602582932,37.8058013916016,19.589731,"FSRQ",1,-8.93401131173187,-10.7894035660112,1.62486173555744,2.79283481817472,12.6900000178971,-11.2233999986261,2.85533963096773,0.576368871328517
"4FGL J1638.1+5721",1,249.525100708008,57.3577003479004,86.666389465332,40.3732223510742,18.3357257843018,3.31205979309246e-10,3.04359801250875e-11,5.30411652099883e-12,4.38208795422099e-13,"PowerLaw",2.68063187599182,0.0556928776204586,548.92333984375,2.63909149169922,0.0689534544944763,0.0743807479739189,0.0432138666510582,0,"fsrq","OS 562",0.997823774814606,0.984887301921844,"cgrabs",249.5560679,57.3399941667,6.79999985209179e-08,"RFC J1638+5720",0.750999987125397,"LSP",6309573296128,3.32540071867893e-12,83.2963409423828,0.543982446193695,0.143506392836571,10.8839998245239,16.387697,"FSRQ",1,-9.47990183143555,-11.2753869439036,1.26329810534537,1.92062592405463,12.7999999897666,-11.4781560136917,2.73951169707757,0.571102231497838
"4FGL J1639.2+4129",1,249.823806762695,41.4963989257812,65.6566696166992,41.722713470459,16.2765045166016,4.15101453210553e-10,4.09637532228224e-11,4.31480372264925e-12,5.07576619623862e-13,"LogParabola",2.42975091934204,0.0717333629727364,845.724060058594,2.19170546531677,0.149049907922745,0.251765459775925,0.103186197578907,0,"fsrq","MG4 J163918+4127",0.994231581687927,0.861261606216431,"rfc",249.815867558,41.4760281333,1.30000003650821e-07,"RFC J1639+4128",0.690559983253479,"LSP",6760829550592,6.02254411705833e-13,62.6611366271973,0.660416483879089,0.18038222193718,-Inf,19.192377,"FSRQ",1,-9.38184574621623,-11.3650389552464,1.21156114305027,1.79699826840146,12.8299999869389,-12.2202200099722,2.92722868603888,0.591519975573716
"4FGL J1640.4+3945",1,250.119003295898,39.7625999450684,63.3535614013672,41.4262008666992,39.0786895751953,2.00966066010722e-09,8.21484963386965e-11,3.00281605136732e-11,1.33741715618863e-12,"PowerLaw",2.42129468917847,0.0337630063295364,1365.53161621094,2.39108419418335,0.0464608483016491,0.0604958981275558,0.0259798038750887,0,"FSRQ","NRAO 512",1,0.984336137771606,"identified",250.123469875,39.7794523389,6.79999985209179e-08,"RFC J1640+3946",1.6599999666214,"LSP",2371373760512,1.11950748150902e-12,409.773376464844,0.845650434494019,0.203105419874191,19.8166999816895,19.349634,"FSRQ",1,-8.69687726889023,-10.5224712713052,1.59193999210396,2.61254373827695,12.3750000100453,-11.9509729997471,3.13530175983056,0.375939854341483
"4FGL J1640.9+1143",1,250.247894287109,11.7199001312256,28.7819538116455,34.2132263183594,10.7215986251831,3.31710547918362e-10,4.19305944132642e-11,3.67870317541374e-12,5.45397819788629e-13,"PowerLaw",2.40525674819946,0.0904035195708275,1162.2841796875,2.40592384338379,0.0904612690210342,-0.000634571013506502,0.0452006347477436,0,"bll","TXS 1638+118",0.99845552444458,0.967843413352966,"crates",250.245385796,11.734503425,1.39999997372797e-07,"RFC J1640+1144",0.0798999965190887,"HSP",1122018464366592,4.03782042524004e-12,8.42273426055908,0,10,51.2271995544434,17.231348,"BLL",0,-9.47924071832102,-11.4343052527996,1.03025954490282,0.925453098804634,15.0500000038957,-11.3938529994245,3.06531232648895,0.926011670731887
"4FGL J1642.9+3948",1,250.734100341797,39.8163986206055,63.4624137878418,40.9576110839844,43.9847106933594,2.27851537637491e-09,8.39339778235804e-11,2.7863308882381e-11,1.27052253266757e-12,"PowerLaw",2.40204763412476,0.0302147399634123,1372.69677734375,2.38886380195618,0.0372256077826023,0.0414540618658066,0.0197876542806625,0,"FSRQ","3C 345",1,0.99888801574707,"identified",250.745041512,39.8102760889,7.50000026528141e-08,"RFC J1642+3948",0.592999994754791,"LSP",10115794075648,2.09652000621174e-11,202.065292358398,0.489980697631836,0.120387874543667,58.478199005127,18.10741,"FSRQ",1,-8.64234803627081,-10.5549673105959,1.64330173977183,2.3054917235515,13.0049999799527,-10.6785009889504,3.13757461409767,0.627746392525211
"4FGL J1643.0+3223",1,250.758499145508,32.3982009887695,53.7709579467773,40.0645484924316,8.11135864257812,1.73025066496635e-10,2.85094656216067e-11,2.52570360459448e-12,4.23065445523396e-13,"PowerLaw",2.46774625778198,0.132653906941414,1080.30017089844,2.4983229637146,0.124821715056896,-0.0346599258482456,0.0546804293990135,0,"bll","NVSS J164301+322104",0.993524730205536,0,"bzcat",250.754419283,32.3511270722,3.00000010611257e-07,"RFC J1643+3221",1.02799999713898,"LSP",36307803832320,9.96081797773052e-13,9.00817012786865,0,10,-Inf,18.962912,"BLL",0,-9.76189097518002,-11.5976176159508,0.909093604094681,0.954636579649463,13.5599999803271,-12.0017049960514,3.03354444479431,0.493096647638442
"4FGL J1645.6+6329",1,251.40510559082,63.4958000183105,94.0548477172852,37.9745407104492,21.3650932312012,4.57721333058103e-10,3.79294998187341e-11,5.59467793273538e-12,4.38838174783227e-13,"LogParabola",2.54679083824158,0.0496097542345524,562.623229980469,2.38160920143127,0.0808007717132568,0.178828611969948,0.0532952882349491,0,"fsrq","TXS 1645+635",0.991796374320984,0.879617094993591,"bzcat",251.493969529,63.5030340528,8.80000001757253e-08,"RFC J1645+6330",2.37899994850159,"LSP",2089296068608,1.14053861841046e-12,125.485359191895,0.661565661430359,0.167543470859528,11.4638996124268,19.539368,"FSRQ",1,-9.33939884590019,-11.2522249093254,1.32970479229517,2.09859305814307,12.3199999870611,-11.9428900050137,2.75021765965296,0.295945550529957
"4FGL J1647.5+2911",1,251.883499145508,29.1837005615234,49.9473075866699,38.481014251709,8.42325305938721,1.95742658193332e-10,3.03281739999495e-11,2.23310194120974e-12,4.3071907260446e-13,"PowerLaw",2.27028822898865,0.126618668437004,1717.43896484375,2.31026363372803,0.115341044962406,-0.0413980856537819,0.0480194501578808,0,"bll","B2 1645+29",0.997698545455933,0.949386835098267,"bzcat",251.86198915,29.1637704083,1.50000005305628e-07,"RFC J1647+2909",0.131999999284744,"ISP",301995156045824,2.94022781382325e-13,15.566912651062,0.426914781332016,0.205056175589561,18.5158996582031,18.122345,"BLL",0,-9.70831451824023,-11.6510914509123,0.925479848375801,1.19220248851164,14.4799999769987,-12.5316190184133,3.23488131184363,0.883392226706583
"4FGL J1653.8+3945",1,253.47380065918,39.7594985961914,63.599739074707,38.8543281555176,161.70068359375,1.06986339787341e-08,1.61213140059679e-10,1.45386078176379e-10,2.87326347610251e-12,"LogParabola",1.76423346996307,0.00912556424736977,1486.43627929688,1.72110784053802,0.012407754547894,0.01992910169065,0.00458626635372639,0,"BLL","Mkn 501",1,0.998747527599335,"identified",253.467569508,39.7601691361,6.79999985209179e-08,"RFC J1653+3945",0.0329999998211861,"HSP",2818383041003520,3.53591635138262e-11,543.175537109375,0.329614996910095,0.0789541304111481,774.122985839844,14.156633,"BLL",0,-7.97067167029332,-9.83747717848834,2.20871185590124,2.73494020247708,15.4500000169101,-10.4514980175737,3.17214629655953,0.96805421120339
"4FGL J1657.0+6010",1,254.257507324219,60.1675987243652,89.5748901367188,37.4094657897949,10.6519117355347,2.24612384247536e-10,2.88127924297221e-11,3.55256601046461e-12,4.09009902769403e-13,"PowerLaw",2.44793581962585,0.0959676951169968,992.2451171875,2.42353701591492,0.111899264156818,0.0370224379003048,0.0610131807625294,0,"fsrq","RGB J1656+602",0.988103866577148,0.892030477523804,"crates",254.201020733,60.2045651,9.49999972021942e-08,"RFC J1656+6012",0.623000025749207,"LSP",5495408558080,1.10911865629226e-12,25.9163055419922,0.432135134935379,0.156575217843056,-Inf,19.588486,"FSRQ",1,-9.64856630211689,-11.449457843671,1.02742755910665,1.41357309144689,12.7399999857356,-11.9550219894537,2.99661897043257,0.616142935388052
"4FGL J1657.7+4808",1,254.438293457031,48.1367988586426,74.361442565918,38.4823608398438,57.7283935546875,1.85881365855067e-09,6.63864449523821e-11,1.84830224042587e-11,7.32135001495909e-13,"LogParabola",2.40613746643066,0.0220299866050482,576.348327636719,2.3089714050293,0.033410158008337,0.109898470342159,0.0189150646328926,0,"fsrq","4C +48.41",0.999805271625519,0.994293093681335,"bllac",254.445328942,48.1425113667,1.0000000116861e-07,"RFC J1657+4808",1.6690000295639,"LSP",3630780645376,1.09346028325658e-12,350.863342285156,0.486696928739548,0.117534935474396,46.8672981262207,20.595263,"FSRQ",1,-8.73076414498842,-10.7332270100551,1.76138947227359,2.5451379961011,12.5600000116834,-11.9611969868154,2.76068503732554,0.374672157708216
"4FGL J1659.0+2627",1,254.769897460938,26.4638996124268,47.4426002502441,35.3341369628906,4.97372245788574,1.47933165717262e-10,3.38017253076472e-11,3.06779580037941e-12,5.7114051986093e-13,"PowerLaw",2.62226724624634,0.133839339017868,702.002014160156,2.63501358032227,0.235010966658592,0.283724367618561,0.235523521900177,16,"fsrq","4C +26.51",0.980183362960815,0.897710502147675,"crates",254.85062275,26.4935953083,1.1999999571799e-07,"RFC J1659+2629",0.793133974075317,"LSP",57543992803328,1.01420087605941e-12,16.6667308807373,0.467020571231842,0.291610777378082,-Inf,18.018919,"FSRQ",1,-9.82993444890193,-11.5131735514114,0.696681547244395,1.22185042288213,13.7599999929782,-11.9938760186475,2.84633835819446,0.557682813698112
"4FGL J1700.0+6830",1,255.021499633789,68.5042037963867,99.5675201416016,35.2087631225586,79.4062652587891,2.75822320539021e-09,7.30798269121813e-11,3.11495690352714e-11,9.15357416600426e-13,"LogParabola",2.37697792053223,0.0168556682765484,626.28662109375,2.27832651138306,0.0267121400684118,0.1037343069911,0.0146976541727781,0,"fsrq","TXS 1700+685",0.999885320663452,0.987464547157288,"cgrabs",255.038720217,68.5019331194,1.39999997372797e-07,"RFC J1700+6830",0.300999999046326,"LSP",17947336638464,2.73955476359777e-11,927.830871582031,0.562588572502136,0.133979380130768,82.095100402832,18.594337,"FSRQ",1,-8.55937059205903,-10.506547957573,1.89985477018494,2.96746881864046,13.2540000089567,-10.562320013612,2.79677313428279,0.768639508634152
"4FGL J1703.6-6213",1,255.911697387695,-62.2215003967285,328.110656738281,-12.4427318572998,50.4249382019043,2.84719003929013e-09,9.48857936666769e-11,3.25071705664648e-11,1.27562652281477e-12,"LogParabola",2.42501878738403,0.0224494058638811,915.903076171875,2.36018776893616,0.0351714603602886,0.151135161519051,0.0227806530892849,0,"fsrq","MRC 1659-621",0.999950468540192,0.999504148960114,"bzcat",255.902255025,-62.2111135111,8.80000001757253e-08,"RFC J1703-6212",1.75499999523163,"LSP",4797334290432,6.95940310588283e-12,379.788635253906,0.559153258800507,0.134855806827545,17.4582004547119,17.827805,"FSRQ",1,-8.54558354435266,-10.4880208299763,1.70264537463714,2.57954196482342,12.6809999822623,-11.1574280073633,2.96184951765161,0.362976407161817
"4FGL J1704.2+1234",1,256.059906005859,12.5752000808716,32.4788436889648,29.4011325836182,9.64416122436523,3.16558446122883e-10,4.35545176313834e-11,5.37768744465761e-12,6.84510282657202e-13,"PowerLaw",2.21753644943237,0.108941100537777,2054.62060546875,2.1491527557373,0.141710981726646,0.0826562121510506,0.0802290365099907,0,"bll","NVSS J170409+123421",0.999465942382812,0.804192185401917,"bzcat",256.039919917,12.5726405917,3.19999998055209e-07,"RFC J1704+1234",0.449999988079071,"LSP",61659498414080,5.39315608231311e-13,27.1685924530029,0.676344454288483,0.23039422929287,26.0962009429932,18.958368,"BLL",0,-9.49954609453984,-11.2694044429095,0.984264461998541,1.43406713912719,13.7899999875186,-12.2681570106953,3.31273163927141,0.689655178083676
"4FGL J1705.0+7134",1,256.252807617188,71.5786972045898,103.016593933105,33.9572830200195,7.2329626083374,1.50277693067302e-10,2.4674061405161e-11,2.29185464009629e-12,3.88252770862005e-13,"PowerLaw",2.33838677406311,0.126387417316437,1400.236328125,2.1932737827301,0.211361706256866,0.123481497168541,0.118097513914108,0,"bll","GB6 J1704+7138",0.988763809204102,0,"bzcat",256.195738413,71.6382241333,3.00000010611257e-07,"RFC J1704+7138",0.349999994039536,"ISP",794328230264832,1.00720766362666e-12,16.3756046295166,0.455768823623657,0.259112685918808,-Inf,18.18668,"BLL",0,-9.82310548046939,-11.6398129307736,0.859316219965814,1.21419734423114,14.8999999975618,-11.9968809784342,3.14620134092024,0.740740744011229
"4FGL J1706.8+3004",1,256.722412109375,30.0673007965088,52.2304725646973,34.5939674377441,5.0792293548584,1.33896699283653e-10,3.083396732384e-11,2.27729293755807e-12,4.80410524729413e-13,"PowerLaw",2.14469337463379,0.190789341926575,2657.28515625,2.16592836380005,0.166390910744667,-0.0339314863085747,0.0641981735825539,0,"bll","87GB 170454.3+300758",-Inf,0,"rfc",256.710166958,30.0701640417,9.59999965743918e-07,"RFC J1706+3004",0.425000011920929,"ISP",125892537876480,4.14454630554353e-13,10.8989219665527,0,10,-Inf,19.039028,"BLL",0,-9.87323012874277,-11.6425811007058,0.70579782403168,1.03738354315795,14.0999999886058,-12.3825230037827,3.42443816153893,0.701754380094341
"4FGL J1707.5+1649",1,256.881011962891,16.8206005096436,37.3411140441895,30.3390598297119,11.6470441818237,4.04229344441731e-10,4.53815908463273e-11,4.5520059076265e-12,5.65769707559088e-13,"PowerLaw",2.25380420684814,0.0787800177931786,1428.86547851562,2.15837597846985,0.119817204773426,0.11999423801899,0.0691936016082764,0,"fsrq","MG1 J170732+1649",0.998788595199585,0.939451456069946,"rfc",256.881451663,16.8124201417,1.80000000682412e-07,"RFC J1707+1648",0.291000008583069,"LSP",26607251095552,2.24236861717797e-12,27.6486511230469,0.593023598194122,0.205776557326317,88.7348022460938,17.79279,"FSRQ",1,-9.39337216269965,-11.3417971829821,1.06621572292431,1.44167394851207,13.4250000081214,-11.6492929933256,3.15499134377462,0.774593333347492
"4FGL J1709.7+4318",1,257.431610107422,43.3109016418457,68.3907012939453,36.2170066833496,66.5792846679688,2.45654785402394e-09,7.71545882738423e-11,3.00317028190111e-11,9.50833487466107e-13,"LogParabola",2.32794785499573,0.0200446918606758,626.501098632812,2.22143030166626,0.0326319597661495,0.0962912738323212,0.017185777425766,0,"fsrq","B3 1708+433",0.999754130840302,0.972235321998596,"bzcat",257.421194062,43.3123701444,8.19999996792831e-08,"RFC J1709+4318",1.02699995040894,"LSP",12882495406080,2.46707862472384e-12,1568.20617675781,1.059450507164,0.250803917646408,44.956600189209,19.801434,"FSRQ",1,-8.60967477130685,-10.5224200422954,1.82333912475843,3.19540316009703,13.109999996263,-11.6078170095133,2.79692183690998,0.4933399232685
"4FGL J1715.8+2151",1,258.969390869141,21.8607006072998,43.6098251342773,30.2848033905029,4.82118797302246,1.39128028542324e-10,3.17865317400745e-11,1.7928214251714e-12,4.17731116624659e-13,"PowerLaw",2.2645206451416,0.173043683171272,1856.26086425781,2.19840455055237,0.23307192325592,0.0711747258901596,0.122368074953556,0,"fsrq","B2 1714+21",0.992023229598999,0.892772555351257,"bzcat",259.046627971,21.8704632417,1.1999999571799e-07,"RFC J1716+2152",0.358000010251999,"LSP",5308844343296,7.11123434443683e-13,7.94614553451538,0,10,-Inf,19.615482,"FSRQ",1,-9.85658536882145,-11.7464629663915,0.683154064495854,0.90015651494262,12.7249999919001,-12.1480550093335,3.26863900849208,0.736377019477661
"4FGL J1719.2+1745",1,259.806213378906,17.7532997131348,39.5271682739258,28.0959396362305,48.5273742675781,2.23208740379732e-09,8.4955632806416e-11,2.20335017592221e-11,1.12042309024368e-12,"LogParabola",2.06493759155273,0.0260700508952141,1169.84997558594,1.93956744670868,0.0409268960356712,0.0947150960564613,0.0199005696922541,0,"bll","PKS 1717+177",0.999977886676788,0.993748486042023,"bllac",259.804368667,17.7517881028,7.50000026528141e-08,"RFC J1719+1745",0.136999994516373,"LSP",27542287286272,3.49223124376796e-12,1247.52465820312,1.62805962562561,0.385435730218887,37.1344985961914,16.897951,"BLL",0,-8.65128880335289,-10.6569164754388,1.68598679302655,3.09604913851644,13.4400000039876,-11.4568970064993,3.06813017033351,0.879507480055313
"4FGL J1722.6+6104",1,260.662414550781,61.0733985900879,90.15869140625,34.1753044128418,9.65592575073242,1.71842540197531e-10,2.58113877493749e-11,5.92002618801657e-12,4.77107665441262e-13,"PowerLaw",2.84409713745117,0.0891245976090431,532.59619140625,2.82519745826721,0.11165527254343,0.0867877379059792,0.0716372951865196,0,"fsrq","GB6 J1722+6105",0.995921552181244,0.84266459941864,"cgrabs",260.666914067,61.0999408917,8.80000001757253e-08,"RFC J1722+6105",2.05800008773804,"LSP",2763757977600,4.31943543433011e-13,57.6995620727539,0.81491756439209,0.225300461053848,-Inf,19.462101,"FSRQ",1,-9.76486931613873,-11.2276763721139,0.984793917593521,1.76117251696668,12.4415000091816,-12.3645730133189,2.7263980564755,0.327011108995646
"4FGL J1722.7+1014",1,260.686004638672,10.2346000671387,32.2263221740723,24.3032836914062,26.9056816101074,1.23873411528308e-09,6.99913529911278e-11,1.37130714769618e-11,8.38962200492427e-13,"PowerLaw",2.2088041305542,0.0426521934568882,1538.72924804688,2.18021583557129,0.050987284630537,0.0524410530924797,0.0281369779258966,0,"fsrq","TXS 1720+102",0.999807476997375,0.989179909229279,"bzcat",260.685761604,10.2266037472,9.49999972021942e-08,"RFC J1722+1013",0.73199999332428,"LSP",7943282491392,5.64357111390579e-12,118.103927612305,0.640805840492249,0.161226734519005,171.860000610352,19.787266,"FSRQ",1,-8.90702190157963,-10.8628652603019,1.42984399864079,2.07226434056007,12.9000000078813,-11.2484459980965,3.18716220889989,0.577367207768096
"4FGL J1724.1+3304",1,261.047210693359,33.0690994262695,56.762279510498,31.7308864593506,6.64973640441895,1.51572629447649e-10,2.95178222142756e-11,1.5479075269817e-12,3.62356059871102e-13,"PowerLaw",2.05263710021973,0.17364975810051,2813.56274414062,2.22295713424683,0.139399453997612,-0.0830879583954811,0.0545372180640697,0,"fsrq","B2 1722+33",0.99775230884552,0.963927209377289,"bzcat",261.059157588,33.0510942444,6.79999985209179e-08,"RFC J1724+3303",0.547999978065491,"LSP",7943282491392,1.07031842156574e-12,12.3546648025513,0.404040038585663,0.372953504323959,37.5256004333496,20.23552,"FSRQ",1,-9.81937921528073,-11.8102549879174,0.822804430209085,1.09183096694756,12.9000000078813,-11.9704869997388,3.44925660462603,0.645994841194819
"4FGL J1724.2+4005",1,261.050903320312,40.0890998840332,64.9142303466797,33.1337394714355,27.982795715332,8.09976752336183e-10,5.21000464992483e-11,1.08960089215127e-11,7.01002624003966e-13,"LogParabola",2.47683596611023,0.0409228056669235,586.642761230469,2.33195209503174,0.0662235990166664,0.139305159449577,0.040654182434082,0,"fsrq","S4 1722+40",0.998628318309784,0.969030022621155,"bllac",261.022620071,40.07679365,1.10000001996013e-07,"RFC J1724+4004",1.04900002479553,"LSP",4570881720320,1.6013195543868e-12,361.154968261719,0.965180158615112,0.232312962412834,-Inf,20.60189,"FSRQ",1,-9.09152744590777,-10.9627325498364,1.4468911019745,2.55769359364961,12.6599999832939,-11.795521992966,2.76837371614468,0.488042941873459
"4FGL J1724.9+7654",1,261.233093261719,76.9151992797852,108.684562683105,31.2252025604248,7.11006927490234,1.34470920509777e-10,2.55017517519773e-11,1.84953853447911e-12,4.85742739433914e-13,"PowerLaw",2.71756458282471,0.144796714186668,778.579711914062,2.70616888999939,0.165543973445892,0.0127802360802889,0.0872666537761688,0,"fsrq","S5 1726+76",0.969578146934509,0.897822558879852,"qso",260.997687996,76.886542175,9.49999972021942e-08,"RFC J1723+7653",0.680000007152557,"LSP",12445145890816,2.30137285096854e-12,23.3171424865723,0.461103945970535,0.18637478351593,-Inf,18.53945,"FSRQ",1,-9.87137162218623,-11.7329366158829,0.851873832172981,1.36767532660358,13.094999992082,-11.6380130145341,2.89130308276441,0.595238092703884
"4FGL J1725.0+1152",1,261.271301269531,11.8747997283936,34.1252746582031,24.4738311767578,66.5654525756836,3.9851322242157e-09,1.19354123806481e-10,3.91698166957166e-11,1.71832535179883e-12,"LogParabola",1.86699569225311,0.0207267757505178,2147.86499023438,1.76576948165894,0.0310203414410353,0.0587271936237812,0.0126944873481989,0,"bll","1H 1720+117",0.99998664855957,0.997265636920929,"bllac",261.268087108,11.8709642361,1.30000003650821e-07,"RFC J1725+1152",0.180000007152557,"HSP",2511886390132736,8.40351573050402e-12,33.2848815917969,0.161802127957344,0.0509331151843071,454.303009033203,15.113119,"BLL",0,-8.39955726440724,-10.4070484608296,1.82324888910212,1.52224701632387,15.3999999928461,-11.075538982638,3.3320069791509,0.847457621981789
"4FGL J1725.5+5851",1,261.387603759766,58.8577995300293,87.4596481323242,33.9693641662598,20.558988571167,4.68722782809294e-10,3.57520124616428e-11,6.23619862347158e-12,4.53524858726878e-13,"PowerLaw",2.20200252532959,0.0594659633934498,1522.07629394531,2.17562437057495,0.0700883567333221,0.0297160632908344,0.0346869640052319,0,"bll","7C 1724+5854",0.999156296253204,0.94962078332901,"bllac",261.395923792,58.8611100917,1.39999997372797e-07,"RFC J1725+5851",0.297399997711182,"ISP",131825674485760,2.38113500271309e-12,57.0620040893555,0.53255420923233,0.14812283217907,35.0224990844727,16.987537,"BLL",0,-9.32908393658457,-11.2050800609457,1.31300174511089,1.75634702055737,14.1200000020759,-11.6232159807937,3.18243642195428,0.77077231521825
"4FGL J1728.0+1216",1,262.020202636719,12.2756004333496,34.8584518432617,23.9739360809326,18.0093593597412,8.3439233300453e-10,6.4894513374103e-11,1.33000407562256e-11,9.74380298668365e-13,"PowerLaw",2.45483493804932,0.0527202822268009,1003.29522705078,2.43018293380737,0.0678215697407722,0.0922171846032143,0.0415595099329948,0,"fsrq","PKS 1725+123",0.999216198921204,0.967320203781128,"bzcat",262.029380063,12.2609681972,7.50000026528141e-08,"RFC J1728+1215",0.583000004291534,"LSP",5308844343296,1.68216655882514e-12,79.4517211914062,0.634081423282623,0.169770687818527,38.9219017028809,19.575712,"FSRQ",1,-9.07862969517252,-10.8761470281926,1.25549826409783,1.90010330992393,12.7249999919001,-11.7741310049725,3.00142874619393,0.631711937643074
"4FGL J1728.3+5013",1,262.077911376953,50.2266998291016,77.0762557983398,33.5371398925781,55.632682800293,1.68542069189925e-09,6.18801954122006e-11,2.20936116623882e-11,1.03591169930278e-12,"PowerLaw",1.77546155452728,0.0254133567214012,3056.49584960938,1.75922620296478,0.0312342513352633,0.0121578127145767,0.0126963797956705,0,"bll","I Zw 187",0.999752283096313,0.996656179428101,"bllac",262.077600079,50.2195749833,9.49999972021942e-08,"RFC J1728+5013",0.0549999997019768,"HSP",21877616365535232,9.13111860428861e-12,179.377838134766,0.525457739830017,0.129914075136185,721.81201171875,15.984139,"BLL",0,-8.77329167855142,-10.6557332838192,1.74533000362714,2.25376878558478,16.340000002502,-11.0394760161226,3.48522381040129,0.947867298845959
"4FGL J1728.4+0427",1,262.122009277344,4.46059989929199,27.3117980957031,20.4654140472412,15.340708732605,6.80358880345011e-10,6.583924377912e-11,7.62715151453319e-12,9.52400810126652e-13,"LogParabola",2.59398126602173,0.0604411512613297,684.297119140625,2.43370938301086,0.0971856415271759,0.246530160307884,0.0802356526255608,0,"fsrq","PKS 1725+044",0.998526453971863,0.971538603305817,"cgrabs",262.103969692,4.45136494444,7.50000026528141e-08,"RFC J1728+0427",0.293000012636185,"LSP",28807129989120,5.25258395805972e-12,62.5177536010742,0.544435560703278,0.153569400310516,-Inf,17.994602,"FSRQ",1,-9.16726194223599,-11.1176376261992,1.18584542425112,1.79600336448174,13.4594999923319,-11.2796269970409,2.83524471164038,0.77339519739152
"4FGL J1730.6+0024",1,262.662811279297,0.409500002861023,23.7879257202148,18.0902099609375,23.9842472076416,1.37151545676062e-09,8.6210004413001e-11,1.18030802145896e-11,9.60667851691854e-13,"LogParabola",2.22630667686462,0.0431080348789692,1238.95385742188,2.08364486694336,0.0695362165570259,0.14803983271122,0.0408357977867126,0,"fsrq","PKS 1728+004",0.999522030353546,0.951250433921814,"qso",262.645831117,0.410747644444,1.1999999571799e-07,"RFC J1730+0024",1.33500003814697,"LSP",7328245481472,5.52082511651175e-12,361.18359375,1.19229209423065,0.286925077438354,42.7729988098145,19.974072,"FSRQ",1,-8.86279929360227,-10.928004641369,1.37992609183682,2.5577280148816,12.8650000088944,-11.2579960098127,3.09305513217088,0.42826551762868
"4FGL J1730.8+3715",1,262.702606201172,37.2640991210938,61.9142227172852,31.3435115814209,13.8754749298096,3.38509803521347e-10,3.64526325791203e-11,4.68975205891731e-12,4.76777634299957e-13,"PowerLaw",2.05185723304749,0.0800336077809334,2309.7744140625,1.89033365249634,0.139393195509911,0.18157471716404,0.0909102037549019,0,"bll","GB6 J1730+3714",0.999494612216949,0.925534009933472,"bllac",262.696020062,37.2486474917,1.80000000682412e-07,"RFC J1730+3714",0.203999996185303,"ISP",112201843081216,1.703338642009e-12,20.5004348754883,0.399643391370773,0.164949178695679,28.452600479126,17.75485,"BLL",0,-9.47042874927257,-11.3288501172616,1.14224785708233,1.3117630738373,14.0499999909079,-11.7686990010478,3.36356956625063,0.830564786684679
"4FGL J1733.0-1305",1,263.263214111328,-13.0858001708984,12.0286417007446,10.8070964813232,67.1699905395508,6.15242656820669e-09,1.56743007462268e-10,6.60477922354019e-11,2.04520775315409e-12,"LogParabola",2.35942649841309,0.0173290800303221,844.978942871094,2.2504141330719,0.0267498251050711,0.123025476932526,0.015098930336535,0,"FSRQ","PKS 1730-13",1,0.999247431755066,"identified",263.261274129,-13.0804300778,6.79999985209179e-08,"RFC J1733-1304",0.90200001001358,"LSP",4216965038080,1.19366374423668e-11,980.142211914062,0.746592402458191,0.177356913685799,37.5208015441895,18.059637,"FSRQ",1,-8.21095356108114,-10.1801416948702,1.82717528713119,2.99128909341567,12.6250000003908,-10.9231179969835,2.92684588633569,0.525762352647338
"4FGL J1734.3+3858",1,263.598388671875,38.9762992858887,64.0407943725586,31.0005779266357,65.6840896606445,2.83113910093391e-09,8.49412207237776e-11,2.02088311362925e-11,9.34356975471062e-13,"LogParabola",2.30630278587341,0.0191945899277925,730.557678222656,2.22844672203064,0.0292451642453671,0.0853409543633461,0.0160546414554119,0,"fsrq","B2 1732+38A",0.998901069164276,0.986517608165741,"cgrabs",263.585743887,38.9642897556,6.79999985209179e-08,"RFC J1734+3857",0.976000010967255,"LSP",4265795125248,2.72963769643031e-12,1368.61926269531,0.926054239273071,0.219453394412994,26.8973999023438,18.748978,"FSRQ",1,-8.54803879213827,-10.6944588050269,1.81746018524654,3.13628264820114,12.6299999936097,-11.5638949928431,2.86365450958581,0.506072871685106
"4FGL J1738.3+3228",2,264.584014892578,32.4822998046875,56.9740562438965,28.7055053710938,4.33042049407959,1.07759579037747e-10,2.66356780381782e-11,1.72785332049064e-12,5.23085372759746e-13,"PowerLaw",2.45404863357544,0.22385285794735,1347.046875,2.5779128074646,0.140381783246994,-0.107556730508804,0.0499129854142666,0,"fsrq","MG2 J173841+3224",0.974032640457153,0,"bzcat",264.668762207031,32.4025077819824,1e-07,"RFC J1738+3224",0.126000002026558,"ISP",602559618220032,7.32824564919632e-12,22.544059753418,0.734508275985718,0.326348274946213,-Inf,16.274767,"FSRQ",1,-9.96754411385096,-11.7624931280639,0.63653006942307,1.3530321268718,14.780000023169,-11.1349999811658,3.12938270871454,0.888099465541932
"4FGL J1739.5+4955",1,264.885986328125,49.931999206543,76.8952713012695,31.717658996582,35.0478019714355,1.05836706065787e-09,5.43726071111639e-11,1.11121771506628e-11,7.01301592753029e-13,"LogParabola",2.35904598236084,0.0339300185441971,687.081604003906,2.27003455162048,0.0468439608812332,0.0848484709858894,0.0263170786201954,0,"fsrq","S4 1738+49",0.996638298034668,0.970728039741516,"crates",264.864127063,49.9176023194,6.79999985209179e-08,"RFC J1739+4955",1.54499995708466,"LSP",13724609937408,3.63468695245561e-12,238.008590698242,0.617155432701111,0.151203021407127,44.0307006835938,19.312937,"FSRQ",1,-8.97536368506879,-10.9542008436795,1.54466078630811,2.37659263279395,13.1375000103579,-11.439532988017,2.83700832084982,0.392927315073717
"4FGL J1740.0+4737",1,265.022613525391,47.619800567627,74.2106246948242,31.3713188171387,15.3084831237793,3.63220620247517e-10,3.59043940412196e-11,3.35042800794771e-12,4.16721263616152e-13,"PowerLaw",2.08959245681763,0.0768896490335464,2178.603515625,2.01789784431458,0.109739661216736,0.0671101957559586,0.0544857978820801,0,"fsrq","S4 1738+47",0.995519936084747,0.972575187683105,"bllac",264.988037796,47.6328781944,6.79999985209179e-08,"RFC J1739+4737",0.951900005340576,"LSP",7585775747072,1.91358170628653e-12,22.5801296234131,0.396561235189438,0.150660410523415,21.0468997955322,19.929747,"FSRQ",1,-9.43982950429878,-11.4748997094956,1.18493215976363,1.35372643070549,12.8799999998157,-11.7181529894981,3.3381782001206,0.512321326535124
"4FGL J1740.5+5211",1,265.135711669922,52.192699432373,79.5595016479492,31.7591133117676,50.6124305725098,1.49620227318792e-09,5.83515666341405e-11,2.30837640669002e-11,6.87821761352625e-13,"PowerLaw",2.46956181526184,0.0251366011798382,675.136596679688,2.45148992538452,0.0286676604300737,0.0350436344742775,0.0175659283995628,0,"fsrq","4C +51.37",0.999326705932617,0.990435540676117,"bzcat",265.154074358,52.1953909417,6.79999985209179e-08,"RFC J1740+5211",1.38100004196167,"LSP",13182567448576,5.94100593373503e-12,797.245727539062,0.792158186435699,0.188628733158112,36.69580078125,17.774801,"FSRQ",1,-8.82500968976629,-10.6366933731507,1.70425719403438,2.90159220052562,13.1200000020759,-11.2261400138601,2.82939165013853,0.419991592766254
"4FGL J1741.1+7226",1,265.278411865234,72.440803527832,103.316093444824,31.0536060333252,6.85754537582397,1.37667668931307e-10,2.4547839455602e-11,1.317978929119e-12,3.27684521227514e-13,"PowerLaw",2.42091822624207,0.138204962015152,1160.619140625,2.38765478134155,0.168218389153481,0.0364722982048988,0.0865692868828773,0,"bll","GB6 J1741+7224",0.995220422744751,0.820488929748535,"bzcat",265.345240704,72.4144359583,2.29999997714003e-07,"RFC J1741+7224",0.219999998807907,"ISP",467735125426176,2.00483661789985e-12,4.95408010482788,0,10,-Inf,18.381115,"BLL",0,-9.86116804124909,-11.8800915328683,0.83616868997759,0.694963024616282,14.669999985273,-11.6979210139843,3.06468972855771,0.819672131948463
"4FGL J1742.5+5944",1,265.626800537109,59.7456016540527,88.451904296875,31.7841491699219,16.0881271362305,3.82374715224287e-10,3.44905076721247e-11,4.85122966104035e-12,4.35094722837231e-13,"PowerLaw",2.19377994537354,0.0717590004205704,1624.25610351562,2.16517901420593,0.087271124124527,0.0269579961895943,0.0406949669122696,0,"bll","RGB J1742+597",0.999022543430328,0.946770489215851,"bzcat",265.633333758,59.7518699833,9.49999972021942e-08,"RFC J1742+5945",0.400000005960464,"LSP",70794575085568,2.4498415449048e-12,17.1108341217041,0.254776805639267,0.127594083547592,51.3549995422363,17.835857,"BLL",0,-9.41751083345039,-11.3141481650438,1.20650548960915,1.23327118111466,13.8499999794317,-11.6108620047779,3.2106545074018,0.714285711244661
"4FGL J1744.0+1935",1,266.007995605469,19.5956001281738,43.8519439697266,23.3274345397949,22.1636333465576,7.84252107699501e-10,5.63658147934021e-11,9.43715244838828e-12,7.47975899967335e-13,"PowerLaw",1.9473317861557,0.0522535517811775,2791.8095703125,1.90744090080261,0.0684027075767517,0.0370738431811333,0.0309942811727524,0,"bll","S3 1741+19",0.999745190143585,0.973640263080597,"bllac",265.990969429,19.5858388694,1.1999999571799e-07,"RFC J1743+1935",0.0839999988675117,"HSP",173780080512729088,5.46168926057744e-12,13.0292329788208,0.161618873476982,0.121419601142406,108.444000244141,16.74296,"BLL",0,-9.10554430545007,-11.0251590292728,1.34564095700474,1.11491884987448,17.2399999940966,-11.2626730124086,3.44588579167928,0.922509226056025
"4FGL J1744.2-0353",1,266.052185058594,-3.88910007476807,21.5704326629639,13.0512895584106,6.3392014503479,3.89965087999045e-10,6.71626920745183e-11,5.33247621406496e-12,1.17375965717759e-12,"PowerLaw",2.56352472305298,0.118603549897671,1051.98645019531,2.55324625968933,0.153015613555908,0.0776588693261147,0.101120583713055,0,"fsrq","PKS 1741-03",0.970937728881836,0.846855819225311,"bzcat",265.9952339,-3.83461576944,6.79999985209179e-08,"RFC J1743-0350",1.057000041008,"LSP",5308844343296,6.85297261646123e-12,17.8572006225586,0.403327524662018,0.216353014111519,-Inf,18.189966,"FSRQ",1,-9.40897427186593,-11.2730710730794,0.802034553220836,1.2518133778748,12.7249999919001,-11.1641210035603,3.02201014605032,0.486144861479908
"4FGL J1748.6+7005",1,267.157989501953,70.0969009399414,100.524139404297,30.7132358551025,102.628540039062,4.59338300728973e-09,9.63647356355679e-11,4.69785217671603e-11,1.36602719153639e-12,"LogParabola",2.03059482574463,0.0143484314903617,1080.47009277344,1.95267486572266,0.0217927303165197,0.0479498989880085,0.00899291224777699,0,"bll","S4 1749+70",0.999862253665924,0.993657946586609,"cgrabs",267.136834646,70.0974357722,6.79999985209179e-08,"RFC J1748+7005",0.769999980926514,"ISP",125892537876480,4.71839190982482e-12,541.291931152344,0.430260837078094,0.103062801063061,106.751998901367,15.910748,"BLL",0,-8.33786734055694,-10.3281006529153,2.01126815081363,2.73343155326485,14.0999999886058,-11.3262059894348,3.03361275018898,0.564971757500554
"4FGL J1751.5+0938",1,267.877593994141,9.64560031890869,34.9110145568848,17.6512928009033,72.4211044311523,5.05308417331207e-09,1.29332766718449e-10,4.52730283817537e-11,1.48233248592478e-12,"LogParabola",2.25760865211487,0.0168581400066614,778.038696289062,2.14450526237488,0.0262579321861267,0.0991038456559181,0.0139755373820662,0,"bll","OT 081",0.999777674674988,0.988461673259735,"bzcat",267.886744054,9.65020232778,6.79999985209179e-08,"RFC J1751+0939",0.321999996900558,"LSP",7943282491392,1.97976669780164e-11,914.557983398438,0.672049999237061,0.159782066941261,34.2597007751465,16.850206,"BLL",0,-8.2964434673069,-10.3441604539144,1.85986514357817,2.96121124515601,12.9000000078813,-10.7033859854088,2.89100119746126,0.756429653815817
"4FGL J1753.7+2847",1,268.433288574219,28.7966995239258,54.1300392150879,24.4534645080566,5.04787588119507,1.55954096858757e-10,3.34442716576344e-11,2.18421244632672e-12,5.64458961342662e-13,"PowerLaw",2.39626169204712,0.161439716815948,1624.97827148438,2.35754561424255,0.232853397727013,0.135284081101418,0.123585522174835,0,"fsrq","B2 1751+28",0.998444557189941,0.951877117156982,"bzcat",268.426973508,28.8013719111,6.79999985209179e-08,"RFC J1753+2848",1.11800003051758,"LSP",1202264473600,9.34598318874658e-13,22.0458469390869,0.685776114463806,0.314986854791641,-Inf,19.186754,"FSRQ",1,-9.80700321199513,-11.6607051224782,0.703108667794164,1.34332678784851,12.0800000140817,-12.0293750045059,3.21084755815334,0.472143524830653
"4FGL J1800.6+7828",1,270.173004150391,78.467399597168,110.037628173828,29.0684757232666,120.659866333008,5.16503417813396e-09,9.66599300600279e-11,5.58205218159635e-11,1.22464852928689e-12,"LogParabola",2.21037459373474,0.0120268622413278,656.270446777344,2.15858483314514,0.0166845824569464,0.0359325483441353,0.00747558614239097,0,"bll","S5 1803+784",0.999973177909851,0.998674929141998,"bzcat",270.190349579,78.4677828917,6.79999985209179e-08,"RFC J1800+7828",0.680000007152557,"LSP",17947336638464,1.61083472949297e-11,284.398376464844,0.235371127724648,0.0572009049355984,86.4029998779297,15.68302,"BLL",0,-8.28692680031554,-10.253206107999,2.08156283986925,2.45392711282295,13.2540000089567,-10.7929490156026,2.81708284751381,0.595238092703884
"4FGL J1801.5+4404",1,270.377105712891,44.0746994018555,70.9436721801758,27.0893402099609,47.8836212158203,1.63479152437418e-09,6.55488927026049e-11,1.95843341543878e-11,8.12279822397233e-13,"LogParabola",2.38390755653381,0.0257124286144972,585.921936035156,2.30757093429565,0.0359879173338413,0.0667278543114662,0.0188729930669069,0,"fsrq","S4 1800+44",0.999702394008636,0.993097841739655,"crates",270.384645079,44.0727500833,6.79999985209179e-08,"RFC J1801+4404",0.662999987602234,"LSP",4731512553472,3.2094823760459e-12,1291.73999023438,1.24921190738678,0.29600328207016,33.350399017334,17.630772,"FSRQ",1,-8.78653762256741,-10.7080911893952,1.68018698665041,3.11117510485844,12.6749999966825,-11.493565004777,2.76783975764344,0.601322914885785
"4FGL J1803.4-6510",1,270.864013671875,-65.1732025146484,328.786529541016,-19.6441631317139,10.0064821243286,3.22447762934885e-10,4.04590423663809e-11,3.73319647764547e-12,6.58527106543044e-13,"PowerLaw",2.49813437461853,0.0905886739492416,1068.09729003906,2.47515821456909,0.128703251481056,0.139579877257347,0.0786800980567932,0,"fsrq","PKS 1758-651",0.997165083885193,0.999226927757263,"bzcat",270.847902683,-65.1268781722,7.50000026528141e-08,"RFC J1803-6507",1.19910001754761,"LSP",3548133982208,2.03472156658224e-12,32.0279960632324,0.587747573852539,0.189388811588287,-Inf,18.978613,"FSRQ",1,-9.49154063174697,-11.4279191526101,1.00028142388131,1.5055297664532,12.5500000110004,-11.691495011682,3.02861081318197,0.454731477431926
"4FGL J1806.8+6949",1,271.710784912109,69.8270034790039,100.134185791016,29.1669483184814,82.8749542236328,3.33311289679727e-09,8.15002093590422e-11,3.55575291433041e-11,1.08716518860269e-12,"LogParabola",2.2972047328949,0.0170074366033077,788.722961425781,2.24290084838867,0.0233858488500118,0.0509120561182499,0.0114478338509798,0,"bll","3C 371",0.999940574169159,0.99833756685257,"cgrabs",271.711169354,69.8244745889,6.79999985209179e-08,"RFC J1806+6949",0.0500000007450581,"LSP",77624713936896,3.05735575745203e-11,109.08763885498,0.194048687815666,0.0497674196958542,49.7215003967285,14.972966,"BLL",0,-8.47714997598072,-10.4490684253371,1.91842330152831,2.03777554177792,13.8900000127227,-10.5146540233253,2.89692448425871,0.952380951705163
"4FGL J1807.9-6412",1,271.992614746094,-64.2089996337891,329.928131103516,-19.7282447814941,7.62236928939819,2.4881077753669e-10,3.79284867402241e-11,4.01721971660107e-12,7.0708418503998e-13,"PowerLaw",2.52302122116089,0.111590981483459,1206.97326660156,2.53755831718445,0.146465584635735,0.0761592462658882,0.0724593177437782,16,"fsrq","PMN J1807-6413",0.999070882797241,0.96634566783905,"bzcat",271.975136233,-64.2305871861,1.30000003650821e-07,"RFC J1807-6413",1.01600003242493,"LSP",3273407070208,8.06978561664756e-13,33.1033706665039,0.846530556678772,0.275967627763748,-Inf,19.954098,"FSRQ",1,-9.60413081158838,-11.3960744144476,0.882089985693395,1.519872216958,12.5150000161092,-12.0931380026687,3.0816976509623,0.496031738053673
"4FGL J1808.1-5013",1,272.032196044922,-50.2206993103027,343.318206787109,-14.0909004211426,8.07814979553223,2.88374213397447e-10,4.35765243333996e-11,4.8926544239658e-12,7.55871005977266e-13,"PowerLaw",2.58164119720459,0.105767711997032,943.554565429688,2.56727933883667,0.117530010640621,0.0357150249183178,0.0682308226823807,0,"fsrq","PMN J1808-5011",0.999268174171448,0.941266298294067,"bzcat",272.057648467,-50.1982257722,1.89999994404388e-07,"RFC J1808-5011",1.60599994659424,"LSP",1412537516032,6.57491259787452e-13,30.3559341430664,0.645511090755463,0.208152055740356,-Inf,20.220108,"FSRQ",1,-9.54004357710063,-11.3104554580731,0.907311902160274,1.48224360195734,12.1499999912096,-12.1821100159961,2.97476702032479,0.383729862046579
"4FGL J1813.5+3144",1,273.38720703125,31.7497005462646,58.6784896850586,21.3762531280518,20.0816440582275,1.003278904399e-09,7.34723393236436e-11,1.01536322752449e-11,8.82320041681317e-13,"PowerLaw",2.1685848236084,0.0492014400660992,2266.71215820312,2.15894365310669,0.0615992806851864,0.0369326807558537,0.0287509560585022,0,"bll","B2 1811+31",0.999920427799225,0.958757698535919,"bllac",273.396678379,31.7382277472,2.90000002678426e-07,"RFC J1813+3144",0.116999998688698,"HSP",1122018464366592,3.97132110183107e-12,38.9297866821289,0.396664261817932,0.119264677166939,31.1159992218018,16.526232,"BLL",0,-8.99857831941853,-10.9933785690902,1.30279926505605,1.59028202398459,15.0500000038957,-11.4010649965635,3.35539637410055,0.895255148768084
"4FGL J1816.9-4942",1,274.243896484375,-49.7158012390137,344.411743164062,-15.1674661636353,18.9554691314697,8.13608069805127e-10,6.2332347616767e-11,6.97056995457856e-12,7.79453704271432e-13,"LogParabola",2.39072251319885,0.0536532029509544,950.708618164062,2.24452447891235,0.0862899869680405,0.172750353813171,0.055577278137207,0,"fsrq","PMN J1816-4943",0.998916685581207,0.979079723358154,"rfc",274.233309062,-49.7290757722,9.6999997367675e-07,"RFC J1816-4943",1.70000004768372,"LSP",9332543455232,7.29758213493387e-13,98.5518569946289,0.695363163948059,0.180383399128914,-Inf,19.952257,"FSRQ",1,-9.08958475249626,-11.1567317099926,1.27773453730834,1.99366481202411,12.9700000208136,-12.1368210082895,2.97804743080292,0.370370363829394
"4FGL J1818.6+0903",1,274.6748046875,9.0649995803833,37.3847160339355,11.3593902587891,18.1485996246338,1.0303299324832e-09,8.13749206907133e-11,1.08646147634062e-11,9.34468539874611e-13,"LogParabola",2.4199697971344,0.0517230592668056,847.073364257812,2.2673237323761,0.0839725136756897,0.153870791196823,0.0513957925140858,0,"fsrq","MG1 J181841+0903",0.999689757823944,0.918842852115631,"bzcat",274.666925158,9.062838925,1.80000000682412e-07,"RFC J1818+0903",0.354000002145767,"LSP",13963683168256,1.92238781317189e-12,120.211708068848,0.680680394172668,0.174939751625061,25.4274005889893,19.618319,"FSRQ",1,-8.9870236831467,-10.9639856682476,1.25884311979872,2.07994676801673,13.1449999862436,-11.7161589953715,2.92792102581186,0.738552436052613
"4FGL J1834.2+3136",1,278.563110351562,31.6035003662109,60.1752128601074,17.2018451690674,9.02348613739014,2.50741372109786e-10,4.93991028638341e-11,3.10100729816742e-12,5.93950832527418e-13,"PowerLaw",1.97643578052521,0.135318636894226,5470.90771484375,1.89206397533417,0.226457133889198,0.0721928626298904,0.118566893041134,0,"fsrq","4C +31.51",0.997891008853912,0.995189428329468,"rfc",278.575604208,31.6067950028,2.69999986812763e-07,"RFC J1834+3136",0.593999981880188,"LSP",30199517282304,2.09674682130623e-12,8.27373027801514,0,10,46.3032989501953,18.194832,"FSRQ",1,-9.60077400191503,-11.5084972116569,0.955374355472358,0.917701358875302,13.4800000011258,-11.6784540067057,3.73805938901031,0.627352579276983
"4FGL J1842.3+6810",1,280.584594726562,68.1686019897461,98.5392303466797,25.8756141662598,10.5164098739624,2.58511739792411e-10,3.2523189003042e-11,4.22814300932162e-12,6.73335139814851e-13,"PowerLaw",2.56654500961304,0.0948866903781891,986.833679199219,2.52251696586609,0.119749084115028,0.0751804634928703,0.0739006772637367,0,"fsrq","S4 1842+68",0.995003521442413,0.960263669490814,"cgrabs",280.640173671,68.1570077222,6.79999985209179e-08,"RFC J1842+6809",0.472000002861023,"LSP",7328245481472,2.3178802627255e-12,22.5381698608398,0.391360282897949,0.167009070515633,-Inf,18.611008,"FSRQ",1,-9.58751972950895,-11.3738503318876,1.02186750426308,1.3529186476636,12.8650000088944,-11.6349090026178,2.9942439629101,0.679347824766556
"4FGL J1848.4+3217",1,282.105010986328,32.2949981689453,62.0305824279785,14.6864213943481,34.3563919067383,2.42517916859697e-09,1.08969923362512e-10,2.23366689727778e-11,1.70823988634994e-12,"LogParabola",2.41084051132202,0.0301418378949165,1135.75549316406,2.28240203857422,0.0588994771242142,0.181322142481804,0.0398830398917198,0,"FSRQ","B2 1846+32A",1,0.90771871805191,"identified",282.092035712,32.3173899528,6.79999985209179e-08,"RFC J1848+3219",0.797999978065491,"LSP",15399265501184,3.35232406070696e-12,531.096313476562,1.03705084323883,0.24790246784687,25.4330005645752,18.447891,"FSRQ",1,-8.61525617085198,-10.6509815919458,1.53600754813731,2.7251732868412,13.1875000067852,-11.4746540058609,3.0552848459886,0.556173532925135
"4FGL J1848.5+3243",1,282.145599365234,32.730899810791,62.4592628479004,14.825478553772,31.76633644104,2.08303463367088e-09,9.80211675716269e-11,2.85470726918424e-11,1.73588411440245e-12,"LogParabola",2.46532440185547,0.0303132887929678,1214.94409179688,2.48391962051392,0.047682911157608,0.103893026709557,0.0264739170670509,0,"fsrq","B2 1846+32B",0.999882161617279,0.994999825954437,"bzcat",282.143171396,32.7333722861,1.39999997372797e-07,"RFC J1848+3244",0.981000006198883,"LSP",6760829550592,1.40599576252398e-12,475.358764648438,1.01074743270874,0.241573691368103,17.448299407959,17.559216,"FSRQ",1,-8.6813035091751,-10.5444384190805,1.50196713125194,2.67702150582642,12.8299999869389,-11.8520159882175,3.08455629342177,0.504795556219501
"4FGL J1849.2+6705",1,282.319213867188,67.0908966064453,97.487174987793,25.0421104431152,79.9949798583984,4.4095207485384e-09,9.62823154537773e-11,4.98978774965408e-11,1.33083431427816e-12,"LogParabola",2.29491066932678,0.0137795070186257,950.412048339844,2.25720977783203,0.0191526878625154,0.0959847420454025,0.0113428523764014,0,"FSRQ","S4 1849+67",1,0.994428217411041,"identified",282.316967837,67.0949111861,6.79999985209179e-08,"RFC J1849+6705",0.657000005245209,"LSP",13899526045696,1.35221885771974e-11,1860.47229003906,0.841854691505432,0.199124872684479,37.3328018188477,17.119442,"FSRQ",1,-8.35560860952888,-10.3019179275458,1.90306273338938,3.26962320600348,13.1429999916751,-10.868953011791,2.97791193320777,0.60350029983978
"4FGL J1852.4+4856",1,283.115997314453,48.935001373291,78.5979461669922,19.9486751556396,39.0408973693848,1.28812893684938e-09,5.69864988531066e-11,1.50025495498918e-11,8.09523129953471e-13,"PowerLaw",2.28742814064026,0.0312614925205708,1016.07958984375,2.25338578224182,0.037402231246233,0.051809050142765,0.0211139246821404,0,"fsrq","S4 1851+48",0.99991899728775,0.979959785938263,"cgrabs",283.118949196,48.92985595,8.19999996792831e-08,"RFC J1852+4855",1.25,"LSP",8609937752064,2.05807398033497e-12,418.806091308594,0.871624171733856,0.209129646420479,39.2113990783691,20.366455,"FSRQ",1,-8.89004066356038,-10.823834930187,1.59151979152778,2.62201298963162,12.9350000116124,-11.6865390179731,3.0069277277079,0.444444444444444
"4FGL J1858.3+4321",1,284.596710205078,43.359001159668,73.4501266479492,17.0644378662109,7.94825077056885,2.19117154975912e-10,3.4070513771356e-11,2.58891519333559e-12,4.43505339875125e-13,"PowerLaw",2.23414754867554,0.116137839853764,1862.74133300781,2.20103669166565,0.146309927105904,0.0689544156193733,0.0756858065724373,0,"bll","NVSS J185813+432452",0.978939414024353,0,"whsp2",284.555999755859,43.4145011901855,6.9e-07,"",0.135600000619888,"LSP",5158221643776,5.17188668194141e-13,7.92666721343994,0,10,-Inf,18.095514,"BLL",0,-9.65932361961081,-11.5868821757797,0.900271560822806,0.899090625520194,12.7124999994151,-12.2863509992492,3.27015255138212,0.880591757180461
"4FGL J1902.9-6748",1,285.743194580078,-67.8068008422852,327.760284423828,-26.0474376678467,39.2166137695312,1.30135180409496e-09,6.12250181108998e-11,1.21383163936839e-11,7.54721589044105e-13,"LogParabola",2.44412207603455,0.0303123909980059,608.778930664062,2.31335425376892,0.0435764528810978,0.131088674068451,0.029081292450428,0,"fsrq","PMN J1903-6749",0.999518394470215,0.966128945350647,"bzcat",285.755135863,-67.8266271472,2.79999994745594e-07,"RFC J1903-6749",0.254999995231628,"LSP",6918309937152,1.81730151760373e-12,279.218780517578,0.575030922889709,0.140385046601295,17.886999130249,18.078201,"FSRQ",1,-8.88560528151426,-10.9158415465094,1.59347009099681,2.44594462598854,12.8400000143103,-11.7405730107394,2.78445961344932,0.796812752031474
"4FGL J1913.0-8009",1,288.269989013672,-80.1574020385742,314.005493164062,-27.6207733154297,31.6944980621338,1.4259637914904e-09,7.30924556990864e-11,1.77668522255425e-11,1.06815446244968e-12,"LogParabola",2.45309829711914,0.033675204962492,748.871765136719,2.33667731285095,0.0543111003935337,0.143294632434845,0.0326729491353035,0,"fsrq","PKS 1903-80",0.999490678310394,0.999399960041046,"qso",288.166746354,-80.168318525,8.19999996792831e-08,"RFC J1912-8010",1.75600004196167,"LSP",2511886352384,6.87013054952168e-13,355.872894287109,0.866295993328094,0.208887308835983,11.3205995559692,19.239285,"FSRQ",1,-8.84589150208273,-10.7503895098521,1.50098387834899,2.55129491042633,12.3999999863195,-12.1630350101896,2.87440745660269,0.362844696942827
"4FGL J1917.7-1921",1,289.438385009766,-19.3628005981445,18.2370681762695,-14.3225727081299,63.0202293395996,3.45689654679404e-09,1.01337251090516e-10,3.93754959193693e-11,1.3672159107983e-12,"PowerLaw",1.93938493728638,0.0215137358754873,2256.2724609375,1.91278851032257,0.0258063636720181,0.0237913727760315,0.0113762728869915,0,"bll","1H 1914-194",0.99999612569809,0.99395340681076,"bllac",289.436747062,-19.358779875,1.50000005305628e-07,"RFC J1917-1921",0.136999994516373,"HSP",1122018464366592,6.31419526039845e-12,57.7817649841309,0.205662921071053,0.0585390739142895,608.551025390625,15.755033,"BLL",0,-8.46131361722611,-10.4047739633944,1.7994799793004,1.76179080353728,15.0500000038957,-11.1996819920982,3.35339154262377,0.879507480055313
"4FGL J1923.5-2104",1,290.876312255859,-21.0709991455078,17.1800842285156,-16.2458324432373,43.3944473266602,2.2707378199982e-09,9.16811765394598e-11,2.49891201481445e-11,1.14124996345583e-12,"LogParabola",2.28666353225708,0.0273418147116899,848.047180175781,2.12951064109802,0.0428676791489124,0.13923542201519,0.0261036548763514,0,"fsrq","TXS 1920-211",0.999809741973877,0.999773919582367,"bzcat",290.884124237,-21.0759258833,6.79999985209179e-08,"RFC J1923-2104",0.874000012874603,"LSP",9885530980352,1.00816126280545e-11,1894.83813476562,1.7405743598938,0.411561489105225,28.6046009063721,17.917774,"FSRQ",1,-8.64383300664382,-10.6022490348512,1.63743416154777,3.27757211658348,12.9950000014841,-10.9964699937388,2.92842001442654,0.533617925896415
"4FGL J1924.8-2914",1,291.213592529297,-29.2467994689941,9.33929538726807,-19.6093063354492,38.5449256896973,1.74158920618339e-09,7.71068556226773e-11,2.4860002945104e-11,9.24496481972958e-13,"PowerLaw",2.38807320594788,0.0301061887294054,849.542907714844,2.36834025382996,0.0345424003899097,0.0313998498022556,0.0189008247107267,0,"fsrq","PKS B1921-293",0.999935269355774,0.999944686889648,"bzcat",291.21273315,-29.2417003,6.79999985209179e-08,"RFC J1924-2914",0.352999985218048,"LSP",2238721032192,2.43111225595172e-11,279.969909667969,0.626567840576172,0.151973739266396,34.6636009216309,17.682106,"FSRQ",1,-8.75905427557785,-10.6044988242446,1.58596721273677,2.44711135717296,12.3499999793638,-10.6141949872633,2.92918531859434,0.739098308148792
"4FGL J1929.4+6146",1,292.369201660156,61.7747001647949,93.2931823730469,19.403829574585,6.59002637863159,2.54368553997963e-10,4.55053147940809e-11,3.78379098886494e-12,8.18083556626548e-13,"PowerLaw",2.36238050460815,0.128288567066193,2048.130859375,2.26765108108521,0.246523961424828,0.154345169663429,0.121491305530071,16,"bll","TXS 1928+616",0.99260950088501,0.924397706985474,"crates",292.396242583,61.7748043972,4.79999982871959e-07,"RFC J1929+6146",0.21170000731945,"ISP",707945767632896,1.82169643953012e-12,7.85597944259644,0,10,-Inf,17.73976,"BLL",0,-9.59453657883055,-11.422072861406,0.818887152996318,0.895200338325404,14.8499999897238,-11.7395239904918,3.31135770117532,0.825286782173273
"4FGL J1933.2-4539",1,293.314300537109,-45.6507987976074,352.845611572266,-26.0376796722412,12.4481391906738,3.47951223389487e-10,4.29608987273511e-11,6.17214872961069e-12,6.33410858486005e-13,"PowerLaw",2.63914608955383,0.0765686705708504,597.501342773438,2.60113215446472,0.0933970808982849,0.048863597214222,0.0532480478286743,0,"fsrq","PKS 1929-457",0.858775079250336,0,"cgrabs",293.187032262,-45.6105358361,1.0000000116861e-07,"RFC J1932-4536",0.65200001001358,"LSP",1949844635648,7.34770968027765e-13,42.1215438842773,0.519302487373352,0.155070140957832,-Inf,19.191307,"FSRQ",1,-9.45848163219564,-11.2095636173349,1.0951044357995,1.62450428103515,12.2900000079939,-12.1338480116945,2.77633888561756,0.605326872844135
"4FGL J1934.3+6541",1,293.59521484375,65.6887969970703,97.3796234130859,20.3219833374023,13.2704095840454,2.51462878297914e-10,3.24467258616679e-11,3.67606119155983e-12,5.54199698285518e-13,"PowerLaw",2.85727119445801,0.0701901242136955,406.939056396484,2.77330040931702,0.0975121930241585,0.141996517777443,0.0634529888629913,0,"fsrq","TXS 1933+655",0.991099953651428,0.847797989845276,"bzcat",293.488905275,65.67134125,8.80000001757253e-08,"RFC J1933+6540",1.68700003623962,"LSP",17782794092544,4.72354414696868e-13,404.358947753906,1.46081924438477,0.351355165243149,-Inf,19.448233,"FSRQ",1,-9.59952611772649,-11.4346172679781,1.1228843273366,2.60676705772771,13.2499999998084,-12.3257320213059,2.60952937371536,0.372162257727198
"4FGL J1939.5-1525",1,294.877197265625,-15.4256000518799,24.1768989562988,-17.4527034759521,5.86156272888184,2.48992659823699e-10,4.52287304830712e-11,3.33216071922438e-12,6.63945244269715e-13,"PowerLaw",2.41692638397217,0.124000132083893,1313.80212402344,2.3684184551239,0.188467457890511,0.194209173321724,0.123756065964699,0,"fsrq","PKS 1936-15",0.99854177236557,0.999357521533966,"bzcat",294.861073975,-15.4286273639,6.79999985209179e-08,"RFC J1939-1525",1.65699994564056,"LSP",1479108329472,4.42656653519558e-13,57.1900749206543,1.22494864463806,0.350766062736511,-Inf,19.19977,"FSRQ",1,-9.60381345549483,-11.4772740595495,0.768013417050737,1.75732066548539,12.1699999827657,-12.3539330035665,3.11852995965605,0.376364328362422
"4FGL J1954.9-5640",1,298.744903564453,-56.6669998168945,340.992797851562,-30.9861583709717,15.245231628418,3.890388289296e-10,4.13352130301803e-11,4.43843009220735e-12,5.18730241053089e-13,"PowerLaw",1.90582978725433,0.0786669850349426,3690.25219726562,1.94779789447784,0.0721635445952415,-0.0359783582389355,0.0274498984217644,0,"bll","1RXS J195503.1-564031",0.999615252017975,0.969851195812225,"whsp2",298.761923163,-56.6746699889,6.00000021222513e-06,"RFC J1955-5640",0.221000000834465,"HSP",7943282168430592,6.11023601507221e-12,9.57767868041992,0.156195759773254,0.20239432156086,63.7958984375,17.562923,"BLL",0,-9.41000705073522,-11.3527706161144,1.18313402720449,0.981260262894378,15.8999999902235,-11.2139420142969,3.56705604749729,0.819000818441091
"4FGL J1955.4+5132",1,298.857513427734,51.543399810791,85.2884826660156,11.8016290664673,14.8450002670288,5.21293730404437e-10,4.75113039188901e-11,8.75737590083636e-12,7.93921677531839e-13,"PowerLaw",2.55357623100281,0.0640342533588409,950.518127441406,2.48823356628418,0.0987619757652283,0.123147003352642,0.067193515598774,0,"fsrq","OV 591",0.9984210729599,0.974925339221954,"cgrabs",298.928076079,51.5301517111,6.79999985209179e-08,"RFC J1955+5131",1.21399998664856,"LSP",4466835718144,2.05399803068773e-12,89.1330795288086,0.771657884120941,0.198981821537018,-Inf,18.016802,"FSRQ",1,-9.28291749829786,-11.0576260082739,1.17158020974406,1.95003891156388,12.6499999802275,-11.6873999771272,2.97796040376085,0.451671186102286
"4FGL J1957.1-3231",1,299.286407470703,-32.524600982666,8.36026000976562,-27.2177257537842,8.56236553192139,3.18879561644891e-10,4.90557282295523e-11,4.10402311093461e-12,7.45350775457204e-13,"PowerLaw",2.57899761199951,0.100074104964733,744.112915039062,2.57367873191833,0.10526654869318,0.00782105047255754,0.0597731061279774,0,"fsrq","PKS 1953-325",0.884025096893311,0.927200794219971,"bzcat",299.247730279,-32.4294464194,1.30000003650821e-07,"RFC J1956-3225",1.24199998378754,"LSP",2951209287680,1.55289106226753e-12,24.5665721893311,0.484264761209488,0.178098574280739,-Inf,20.034191,"FSRQ",1,-9.49637331565606,-11.3867902022522,0.932593764155595,1.39034456294681,12.4700000089786,-11.8088590096388,2.87163884234366,0.446030333287801
"4FGL J1958.0-3845",1,299.502593994141,-38.7546997070312,1.57630443572998,-28.9614067077637,57.6007270812988,2.93242252702441e-09,9.65675803210608e-11,3.31827898492065e-11,1.09502608803408e-12,"LogParabola",2.33966660499573,0.0206180512905121,684.725952148438,2.17762970924377,0.0379249155521393,0.17797876894474,0.0226798746734858,0,"fsrq","PKS 1954-388",0.999930381774902,0.999850153923035,"bzcat",299.499247,-38.7517655417,6.79999985209179e-08,"RFC J1957-3845",0.629999995231628,"LSP",3872576503808,4.59186378157228e-12,248.641265869141,0.379518419504166,0.0930507034063339,17.0083999633789,17.376589,"FSRQ",1,-8.53277345288004,-10.4790871033876,1.76042796546146,2.39557320818333,12.5880000061223,-11.3380110038394,2.83551678859649,0.61349693431005
"4FGL J1959.1-4247",1,299.796295166016,-42.7851982116699,357.095123291016,-30.0004253387451,22.3939113616943,8.00901067687931e-10,5.88700407866405e-11,1.06940237915021e-11,8.28254131945982e-13,"LogParabola",2.45613241195679,0.0480707585811615,659.462463378906,2.26969647407532,0.0832536965608597,0.164176136255264,0.0506861917674541,0,"fsrq","PMN J1959-4246",0.999479353427887,0.947500228881836,"bzcat",299.805323913,-42.768753475,6.5000000404325e-07,"RFC J1959-4246",2.17400002479553,"LSP",10964782022656,1.38297077782734e-12,381.505004882812,1.16851222515106,0.281307846307755,-Inf,20.01079,"FSRQ",1,-9.09642112737494,-10.9708588540391,1.35012995487623,2.58150023974498,13.040000002425,-11.8591869964362,2.81919008053234,0.315059858912389
"4FGL J2000.0+6508",1,300.010986328125,65.1479034423828,98.0051040649414,17.6651134490967,151.026412963867,9.59985513304673e-09,1.45276540797212e-10,9.26637516718287e-11,2.13046767727487e-12,"LogParabola",1.81591975688934,0.00976526271551847,1685.77185058594,1.76136040687561,0.0143686132505536,0.0270388331264257,0.0051638912409544,0,"bll","1ES 1959+650",0.999977767467499,0.998982667922974,"bllac",299.999383733,65.1485145139,9.49999972021942e-08,"RFC J1959+6508",0.0469999983906746,"HSP",9036495226667008,3.11049137835528e-11,1468.34851074219,0.58065265417099,0.13761205971241,626.375,14.955661,"BLL",0,-8.01773532064722,-10.0330901205219,2.17905290756681,3.1668291470846,15.9560000235227,-10.507170998095,3.22679879761007,0.95510983909941
"4FGL J2000.6-1328",1,300.157806396484,-13.4694995880127,28.286491394043,-21.3194427490234,10.9899749755859,4.38062613961065e-10,5.24398476031696e-11,5.63512344425865e-12,7.60016778244416e-13,"PowerLaw",2.50113463401794,0.0750642791390419,875.996520996094,2.48296809196472,0.0927035212516785,0.0829756334424019,0.0568717792630196,4,"fsrq","TXS 1957-135",0.995958983898163,0.963806927204132,"bzcat",300.175604588,-13.4259814083,9.49999972021942e-08,"RFC J2000-1325",0.222000002861023,"LSP",10964782022656,5.76810300911834e-12,19.9639072418213,0.447618365287781,0.169069483876228,-Inf,18.885008,"FSRQ",1,-9.35846380969157,-11.2490965657628,1.04099670352655,1.30024554333901,13.040000002425,-11.2389669924127,2.94250238137904,0.818330603648721
"4FGL J2000.9-1748",1,300.234588623047,-17.8164005279541,24.0081424713135,-23.1129035949707,32.9948577880859,1.60566615559077e-09,7.63266255754402e-11,1.73191513214155e-11,8.86741038669953e-13,"PowerLaw",2.2684531211853,0.0358537919819355,1328.52258300781,2.25498294830322,0.0403950996696949,0.0290426556020975,0.0195783171802759,0,"fsrq","PKS 1958-179",0.99989926815033,0.99977445602417,"bzcat",300.237876846,-17.8160201806,7.50000026528141e-08,"RFC J2000-1748",0.65200001001358,"LSP",4216965038080,5.65419802991962e-12,115.845893859863,0.501063823699951,0.127092212438583,110.674003601074,18.104067,"FSRQ",1,-8.79434474663907,-10.7614733932342,1.51844626083929,2.06388064489676,12.6250000003908,-11.2476289850585,3.12336894120194,0.605326872844135
"4FGL J2001.7+7040",1,300.432403564453,70.6703033447266,103.31559753418,19.9583873748779,13.8089780807495,4.42006709011622e-10,4.43101631775189e-11,5.4490609073532e-12,5.86142842162046e-13,"PowerLaw",2.15509486198425,0.0730349868535995,2306.53515625,2.11865854263306,0.094818688929081,0.0622847862541676,0.0496422462165356,0,"bll","TXS 2001+705",0.999420285224915,0.953429937362671,"bzcat",300.391512025,70.6738175139,1.70000006960436e-07,"RFC J2001+7040",0.254000008106232,"ISP",144543970230272,6.03944466052303e-13,15.7359647750854,0.307919561862946,0.153848797082901,33.2563018798828,19.943682,"BLL",0,-9.35457113864952,-11.2636783377043,1.14016154025039,1.19689337474534,14.1599999794357,-12.2190029938224,3.36296007851897,0.797448160714274
"4FGL J2005.5+7752",1,301.393005371094,77.8828964233398,110.470169067383,22.7333526611328,61.4969139099121,2.56116838848186e-09,7.6869954845904e-11,2.50848699451245e-11,9.92974582766926e-13,"LogParabola",2.20729851722717,0.0205997060984373,907.972595214844,2.14163851737976,0.0282130278646946,0.0508221164345741,0.0133299538865685,0,"bll","S5 2007+77",0.999954640865326,0.996196031570435,"bllac",301.379160413,77.8786798806,6.79999985209179e-08,"RFC J2005+7752",0.342000007629395,"LSP",23988329775104,1.06069129174324e-11,378.8447265625,0.516776263713837,0.124600388109684,90.0419998168945,16.041922,"BLL",0,-8.59156186714485,-10.6005881462711,1.78885332218965,2.5784612463413,13.3800000105894,-10.9744109966837,2.95807274067243,0.745156478625117
"4FGL J2005.9-2309",1,301.476196289062,-23.1530990600586,19.003719329834,-26.1371078491211,23.8371105194092,9.52817713617549e-10,6.59441529160532e-11,1.33305094393577e-11,8.95126691952824e-13,"LogParabola",2.49805045127869,0.0428690351545811,556.258483886719,2.39903473854065,0.0612243190407753,0.0977040678262711,0.036260686814785,0,"fsrq","TXS 2002-233",0.999533355236053,0.950353264808655,"bzcat",301.485814629,-23.1741692278,1.39999997372797e-07,"RFC J2005-2310",0.829999983310699,"LSP",5495408558080,1.64662229164281e-12,269.437377929688,0.950426578521729,0.231174796819687,-Inf,19.466755,"FSRQ",1,-9.02099017758023,-10.8751532532512,1.37725361006441,2.43045784343814,12.7399999857356,-11.783406009493,2.74527664776803,0.546448092415211
"4FGL J2007.2+6607",1,301.814788818359,66.1177978515625,99.2675552368164,17.4515895843506,10.7323446273804,3.74535458202985e-10,4.37986036327942e-11,4.18700967994012e-12,7.96814654188682e-13,"PowerLaw",2.58099126815796,0.0785860568284988,1000.48852539062,2.54560422897339,0.121858336031437,0.154029101133347,0.0838268846273422,0,"fsrq","TXS 2007+659",0.996769905090332,0.957973480224609,"bzcat",301.86987955,66.1229264278,8.80000001757253e-08,"RFC J2007+6607",1.32500004768372,"LSP",3672823037952,5.00600158114678e-13,60.719367980957,0.672349631786346,0.184148699045181,-Inf,20.064505,"FSRQ",1,-9.4265070602798,-11.378096035063,1.0306946098969,1.78332724240305,12.5650000038987,-12.3005090175558,3.00021211207457,0.430107518060591
"4FGL J2009.4-4849",1,302.359497070312,-48.8247985839844,350.381378173828,-32.6025695800781,64.6009674072266,2.88849077989539e-09,9.14325629097767e-11,3.35022461162016e-11,1.30847958336455e-12,"LogParabola",1.83015930652618,0.0201264470815659,1570.85900878906,1.74923467636108,0.0310548674315214,0.0401944555342197,0.0113919740542769,0,"BLL","PKS 2005-489",1,0.998092710971832,"identified",302.355794754,-48.8315893139,1.1999999571799e-07,"RFC J2009-4849",0.0710000023245811,"HSP",1995262356619264,2.63332827765694e-11,154.474319458008,0.416766911745071,0.103232629597187,180.59700012207,14.719602,"BLL",0,-8.53932901439466,-10.4749260752565,1.81023902165568,2.18885629059137,15.3000000090657,-10.5794949972221,3.1961372070306,0.933706814033168
"4FGL J2010.0+0726",1,302.504608154297,7.44490003585815,48.906192779541,-13.7450895309448,3.82507061958313,1.70489219963876e-10,4.31646697551802e-11,5.742537955572e-12,8.54787161191917e-13,"PowerLaw",2.61664032936096,0.169613912701607,1103.31140136719,2.53788876533508,0.274631649255753,0.220390111207962,0.17388716340065,4096,"fsrq","TXS 2007+073",0.998164772987366,0.89586615562439,"bzcat",302.481280933,7.45379643611,1.50000005305628e-07,"RFC J2009+0727",0.762000024318695,"LSP",22961486561280,4.89366251514578e-13,8.15970706939697,0,10,-Inf,19.069115,"FSRQ",1,-9.76830307625044,-11.2408961256339,0.582639457636604,0.911674568015137,13.3610000015161,-12.3103659844864,3.04269810610149,0.567536882064837
"4FGL J2011.6-1546",1,302.915893554688,-15.7742004394531,27.155179977417,-24.6882457733154,5.5234842300415,2.0586189697358e-10,4.48031195476872e-11,4.76024124632102e-12,9.60349096253144e-13,"PowerLaw",2.81647729873657,0.115955531597137,515.903259277344,2.82011151313782,0.238452985882759,0.334709942340851,0.17727755010128,16,"fsrq","PKS 2008-159",0.984038412570953,0.999450385570526,"bzcat",302.815462204,-15.7778482694,6.79999985209179e-08,"RFC J2011-1546",1.17799997329712,"LSP",4325138235392,3.37912293632558e-12,17.5306339263916,0.509879529476166,0.240252763032913,-Inf,16.901669,"FSRQ",1,-9.6864240296105,-11.3223710369242,0.742213118403209,1.24379762092871,12.6359999924733,-11.4711960078118,2.71256827158661,0.45913682840233
"4FGL J2015.4+6556",1,303.862609863281,65.9488983154297,99.534423828125,16.6420860290527,5.43890190124512,2.2283511147414e-10,4.88496222639245e-11,3.59123451462717e-12,7.54253376335917e-13,"LogParabola",2.53747773170471,0.130735218524933,1412.86499023438,2.84926748275757,0.48869314789772,0.544146239757538,0.477073043584824,16,"fsrq","S4 2015+65",0.988893508911133,0.933654427528381,"bzcat",303.980702646,65.9146272889,8.80000001757253e-08,"RFC J2015+6554",2.84500002861023,"LSP",426579525632,5.34345300211986e-13,17.2768306732178,0.37073227763176,0.280687898397446,-Inf,19.763878,"FSRQ",1,-9.65201637760038,-11.4447562336701,0.73551122573333,1.23746407683656,11.6300000069539,-12.2721780060564,3.1501006637611,0.26007802147181
"4FGL J2016.3-0903",1,304.098205566406,-9.06219959259033,34.359676361084,-22.9668464660645,29.9416236877441,1.25107579851402e-09,7.31228064210221e-11,1.31625734617336e-11,8.5111214950806e-13,"LogParabola",1.97873425483704,0.0402338206768036,1676.76672363281,1.85759806632996,0.0602464601397514,0.084651805460453,0.0288376659154892,0,"bll","PMN J2016-0903",0.99993109703064,0.964270412921906,"whsp2",304.100151583,-9.05929660556,2.20000003992027e-07,"RFC J2016-0903",0.367000013589859,"ISP",398107162443776,2.67008442265959e-12,33.8213920593262,0.309072613716125,0.0979635789990425,30.4631996154785,17.10346,"BLL",0,-8.90271637705388,-10.8806591919556,1.47627534776079,1.52919147881589,14.5999999911531,-11.5734750069067,3.22447264657388,0.731528888118965
"4FGL J2017.5-3753",1,304.395690917969,-37.8969993591309,3.4738621711731,-32.5403594970703,4.67349052429199,1.50935611231695e-10,3.53212112336188e-11,1.82984942302677e-12,4.47608231946353e-13,"PowerLaw",2.08922910690308,0.157469138503075,2527.18701171875,1.81348943710327,0.326245665550232,0.274136692285538,0.217015087604523,0,"bll","PKS 2014-380",0.99974799156189,0.94978404045105,"bllac",304.369022029,-37.896137425,3.3000000598804e-07,"RFC J2017-3753",0.59799998998642,"LSP",5152286703616,2.84154156367927e-13,20.7812442779541,0.908657550811768,0.409550428390503,-Inf,19.662064,"BLL",0,-9.82120828218063,-11.7375846465751,0.669641366475428,1.31767154740169,12.7120000217302,-12.5464459870785,3.40263738088009,0.625782231706083
"4FGL J2022.5+7612",1,305.645904541016,76.2006988525391,109.294952392578,21.1374702453613,34.000072479248,1.27520449755281e-09,5.71376349012276e-11,1.50149354755102e-11,7.04120247350948e-13,"PowerLaw",2.26863408088684,0.0343427211046219,1333.02624511719,2.24118542671204,0.040668997913599,0.0350452214479446,0.0208557359874249,0,"bll","S5 2023+760",0.999879598617554,0.984889209270477,"bllac",305.648233283,76.1906032417,1.1999999571799e-07,"RFC J2022+7611",0.593999981880188,"LSP",28840315322368,4.05233182079745e-12,78.1901626586914,0.369997709989548,0.0976566448807716,125.065002441406,17.43698,"BLL",0,-8.89442016422045,-10.823476529778,1.53147984284531,1.89315211659193,13.4600000043836,-11.3922950001229,3.12483870004954,0.627352579276983
"4FGL J2024.6-3252",1,306.158111572266,-32.8740005493164,9.66957855224609,-32.8981399536133,22.188196182251,8.16924750068893e-10,6.07925237927631e-11,1.25926708297031e-11,7.16063222171853e-13,"LogParabola",2.47653269767761,0.0449861958622932,597.31640625,2.35230445861816,0.0708480775356293,0.149123787879944,0.0435597449541092,0,"fsrq","PKS 2021-330",0.999320089817047,0.985550880432129,"bzcat",306.148235142,-32.8933089306,1.59999999027605e-07,"RFC J2024-3253",1.4650000333786,"LSP",9885530980352,1.28797666976155e-12,83.908088684082,0.5307896733284,0.139419227838516,17.3764991760254,18.902887,"FSRQ",1,-9.08781794608076,-10.8998821488765,1.34612199714246,1.92380382854667,12.9950000014841,-11.8900920036576,2.77620444350313,0.405679507691272
"4FGL J2025.2+0317",1,306.308502197266,3.28929996490479,47.1588592529297,-19.1115779876709,24.2030181884766,9.74361702432702e-10,6.17986842255114e-11,8.44113494380405e-12,6.90980530172053e-13,"PowerLaw",2.17633008956909,0.0456685423851013,1558.35559082031,2.12574553489685,0.059392835944891,0.0763517171144485,0.0320721119642258,0,"fsrq","PKS 2022+031",0.999322712421417,0.963928461074829,"bzcat",306.290134017,3.27902900556,1.39999997372797e-07,"RFC J2025+0316",2.21000003814697,"LSP",2951209287680,5.03961076429166e-13,106.47216796875,0.67696613073349,0.172613561153412,32.3583984375,19.4294,"FSRQ",1,-9.01127979444541,-11.0735991568467,1.38386952717333,2.02723609719001,12.4700000089786,-12.2976030051117,3.19266656342026,0.311526476048663
"4FGL J2025.6-0735",1,306.421997070312,-7.59450006484985,36.9020500183105,-24.3880767822266,126.540580749512,8.74344685541928e-09,1.53416487846947e-10,8.65987281883918e-11,1.66248178418149e-12,"LogParabola",2.2898736000061,0.010602030903101,580.455444335938,2.1893413066864,0.0149954184889793,0.0938573405146599,0.00856622308492661,0,"fsrq","PKS 2023-07",0.999919652938843,0.999682784080505,"bzcat",306.419418362,-7.59796913333,9.49999972021942e-08,"RFC J2025-0735",1.38800001144409,"LSP",4159106187264,6.02452766493289e-12,3397.2548828125,0.786669075489044,0.185840278863907,52.7625999450684,17.832226,"FSRQ",1,-8.05831732535362,-10.0624884860984,2.10222982329311,3.53112813151719,12.6190000085963,-11.2200769969779,2.76376888898125,0.418760467004886
"4FGL J2026.0-2845",1,306.504791259766,-28.7546005249023,14.4899091720581,-32.1602935791016,5.57625675201416,1.73229236510863e-10,3.75132876151429e-11,4.08860055187144e-12,5.98805347754722e-13,"PowerLaw",2.5784170627594,0.132844105362892,713.802307128906,2.42404437065125,0.231206297874451,0.168846935033798,0.146402627229691,1,"fsrq","PMN J2025-2845",0.99474823474884,0.952650427818298,"bzcat",306.473386783,-28.7635271667,1.50000005305628e-07,"RFC J2025-2845",0.88400000333786,"LSP",625172676608,4.41252313550591e-13,22.8140563964844,0.470858722925186,0.237760126590729,-Inf,20.375223,"FSRQ",1,-9.76137880871707,-11.3884253170788,0.746342762115751,1.35820251079114,11.7959999887686,-12.3553130045285,2.85357794733459,0.53078556169231
"4FGL J2030.4-0502",1,307.623992919922,-5.04909992218018,39.9867134094238,-24.2985439300537,4.74273729324341,1.41601869119157e-10,3.78067611939148e-11,1.79814930306721e-12,4.63145689334754e-13,"PowerLaw",2.0029239654541,0.191093370318413,3559.52490234375,1.93813061714172,0.266690969467163,0.0530512407422066,0.111192531883717,0,"fsrq","TXS 2027-052",0.997352719306946,0.928755283355713,"cgrabs",307.593451637,-5.053548975,1.39999997372797e-07,"RFC J2030-0503",0.542999982833862,"LSP",13427650068480,1.41418756045841e-12,13.0865411758423,0.393457502126694,0.455329269170761,45.7891998291016,19.079132,"FSRQ",1,-9.84893101399951,-11.7451742509753,0.676029069148067,1.11682487598239,13.1280000147842,-11.8494929872363,3.55139203559656,0.648088147197129
"4FGL J2032.0+1219",1,308.003997802734,12.3278999328613,56.146125793457,-15.7882862091064,12.2959451675415,4.82305861915222e-10,5.23746740421771e-11,6.55874009616864e-12,8.70212376550411e-13,"PowerLaw",2.41447901725769,0.0862766429781914,1424.92687988281,2.32748126983643,0.127063721418381,0.125882744789124,0.0800209566950798,0,"bll","PKS 2029+121",0.999098181724548,0.982466101646423,"bzcat",307.979142783,12.3281500417,6.79999985209179e-08,"RFC J2031+1219",1.2150000333786,"LSP",3630780645376,2.52939119302353e-12,36.4956932067871,0.604188084602356,0.189585521817207,23.7071990966797,19.926653,"BLL",0,-9.31667745965812,-11.1831795785866,1.089761917806,1.56224161714456,12.5600000116834,-11.596983997926,3.15379257909669,0.451467261819709
"4FGL J2034.6+1154",1,308.650390625,11.9034996032715,56.1369323730469,-16.5495090484619,14.2299852371216,6.33208208089542e-10,6.04432337514282e-11,1.05793065280357e-11,1.21635557528976e-12,"PowerLaw",2.53987956047058,0.0784812122583389,1226.56030273438,2.47870635986328,0.113976903259754,0.137177914381027,0.0850566476583481,0,"fsrq","TXS 2032+117",0.999675750732422,0.972135663032532,"bzcat",308.654623425,11.9087179028,1.70000006960436e-07,"RFC J2034+1154",0.60699999332428,"LSP",13489629298688,1.26024212766807e-12,50.7815322875977,0.547022521495819,0.157072827219963,10.3086004257202,18.531012,"FSRQ",1,-9.19845346414308,-10.9755427993063,1.15320444952631,1.70570580118537,13.1300000152207,-11.8995460067809,3.08868890476498,0.622277538365993
"4FGL J2035.4+1056",1,308.851715087891,10.9379997253418,55.4054756164551,-17.2432632446289,74.1759872436523,4.74507766412557e-09,1.23007284913434e-10,5.88355961173015e-11,1.71942570858369e-12,"LogParabola",2.39067196846008,0.0164581686258316,750.010803222656,2.31454133987427,0.0231463667005301,0.123639769852161,0.0159522220492363,0,"fsrq","PKS 2032+107",0.999882638454437,0.99452155828476,"bzcat",308.843055467,10.9352189278,8.19999996792831e-08,"RFC J2035+1056",0.601000010967255,"LSP",10964782022656,3.01950673665952e-12,2623.513671875,1.22346198558807,0.289103418588638,53.2849998474121,18.168896,"FSRQ",1,-8.32375667494899,-10.2303598419529,1.87026333526009,3.41888333177217,13.040000002425,-11.5200639971235,2.87506751905329,0.624609614709398
"4FGL J2041.9-3735",1,310.479309082031,-37.5868988037109,4.80371284484863,-37.2353591918945,10.2201995849609,2.90363677546424e-10,4.05732843156148e-11,3.29395950619815e-12,5.04163659605095e-13,"PowerLaw",1.96514618396759,0.102254256606102,3147.63671875,1.9712438583374,0.106463111937046,-0.00735449837520719,0.0479716509580612,0,"bll","NVSS J204150-373341",0.996792554855347,0.960856258869171,"whsp2",310.459349225,-37.5611063972,2.19999992623343e-06,"RFC J2041-3733",0.0985549986362457,"HSP",57543993306644480,3.26964800720364e-12,10.1465473175049,0.168247446417809,0.295662969350815,119.916999816895,17.573704,"BLL",0,-9.53705771175901,-11.4822817440681,1.00945937699251,1.006318285003,16.7599999967768,-11.4854989986417,3.49798460292896,0.910286695924562
"4FGL J2042.1+2427",1,310.536102294922,24.4580001831055,67.7799911499023,-10.8068199157715,15.4336156845093,4.9183174199996e-10,5.29532563631196e-11,5.350544226429e-12,6.61052159192654e-13,"PowerLaw",1.91333556175232,0.0728000402450562,3777.09594726562,1.89873564243317,0.0804966390132904,0.0166643634438515,0.0327743105590343,0,"bll","MG2 J204208+2426",0.999905347824097,0.990811705589294,"bzcat",310.525205058,24.4478725917,2.69999986812763e-07,"RFC J2042+2426",0.104000002145767,"HSP",602559584934035456,3.96783864445305e-12,14.3185529708862,0.247213676571846,0.173863187432289,356.790985107422,17.399292,"BLL",0,-9.3081834460516,-11.2716020418079,1.18846768159652,1.15589913050584,17.7799999991781,-11.4014459971148,3.5771580170856,0.905797099688741
"4FGL J2050.4-2627",1,312.610412597656,-26.4659004211426,18.9112186431885,-36.7676467895508,15.2332391738892,5.71978631125347e-10,5.48231390840037e-11,5.22107964501251e-12,6.36990623009009e-13,"LogParabola",2.21939015388489,0.0658801272511482,1248.40515136719,2.05635762214661,0.111443564295769,0.177912160754204,0.0676232576370239,0,"fsrq","PMN J2050-2628",0.999521970748901,0.970690727233887,"bzcat",312.60289095,-26.47168255,1.1999999571799e-07,"RFC J2050-2628",1.63300001621246,"LSP",6531305701376,1.1141688700117e-12,103.146202087402,0.96024215221405,0.246002078056335,-Inf,19.665342,"FSRQ",1,-9.2426201959582,-11.2822396817892,1.18279226090467,2.01345324158838,12.8150000116299,-11.9530489799378,3.09635555205171,0.379794908409643
"4FGL J2054.8+0015",1,313.724609375,0.256999999284744,48.4239349365234,-27.0347423553467,9.47821140289307,2.35700847728282e-10,4.5012115562626e-11,3.09262966798063e-12,5.5635032171486e-13,"PowerLaw",1.81729793548584,0.121928289532661,5655.56787109375,1.82079946994781,0.127719059586525,-0.00380492652766407,0.053254060447216,0,"bll","RGB J2054+002",0.999200761318207,0.96210390329361,"bzcat",313.736886946,0.260490408333,8.29999976303952e-07,"RFC J2054+0015",0.150999993085861,"LSP",6237348429824,4.53360846043235e-13,11.1832370758057,0.30596399307251,0.301017165184021,112.172996520996,18.336185,"BLL",0,-9.62763885547715,-11.5096720821894,0.976726391015211,1.04856753169656,12.7950000052221,-12.3435559899034,3.7524762186161,0.868809735887985
"4FGL J2055.4-0020",1,313.852691650391,-0.33950001001358,47.9216613769531,-27.4504451751709,11.1938943862915,3.24045179578292e-10,4.7285945992126e-11,3.91609487893074e-12,6.04818333003326e-13,"PowerLaw",1.84208965301514,0.0947521403431892,4709.439453125,1.74334740638733,0.160566985607147,0.079952284693718,0.0734985619783401,0,"bll","1RXS J205528.2-002123",0.998835623264313,0.975726425647736,"bzcat",313.867627708,-0.354767458333,3.49999993431993e-07,"RFC J2055-0021",0.439999997615814,"HSP",457088183625056256,6.42516075066712e-12,12.6433725357056,0.188254937529564,0.299555778503418,60.154899597168,18.327318,"BLL",0,-9.4893944346278,-11.4071467946787,1.04898120504818,1.10186293457007,17.6599999943089,-11.1921160022761,3.67296921776539,0.694444445594225
"4FGL J2056.2-4714",1,314.071502685547,-47.2369003295898,352.603149414062,-40.3839874267578,102.744117736816,4.66029081991337e-09,1.06264004540169e-10,6.75120237492166e-11,1.25430341026828e-12,"LogParabola",2.45347476005554,0.0126633960753679,447.973510742188,2.35293316841125,0.0191094949841499,0.107375852763653,0.0112018911167979,0,"fsrq","PKS 2052-47",0.999899506568909,0.999577581882477,"bzcat",314.068165892,-47.2465632722,6.79999985209179e-08,"RFC J2056-4714",1.4889999628067,"LSP",4497798594560,8.42319790306245e-12,1325.43969726562,0.500400245189667,0.118754379451275,56.2388000488281,17.686686,"FSRQ",1,-8.33158698083303,-10.1706188733481,2.0117569672141,3.1223599736832,12.6530000044056,-11.0745229954383,2.65125233435837,0.40176778422783
"4FGL J2108.5+1434",1,317.147613525391,14.5811996459961,63.5201568603516,-21.7424926757812,11.1864128112793,3.07291470047488e-10,4.30760149772169e-11,7.00817398904818e-12,7.0507336948078e-13,"PowerLaw",2.76541495323181,0.0764048248529434,451.953704833984,2.69688725471497,0.109374776482582,0.172779098153114,0.0825075283646584,0,"fsrq","OX 110",0.993640601634979,0.857101440429688,"bzcat",317.1709673,14.5075035083,7.50000026528141e-08,"RFC J2108+1430",2.01699995994568,"LSP",6760829550592,2.70946784973469e-13,48.3150444030762,0.608231782913208,0.1727624386549,-Inf,19.922955,"FSRQ",1,-9.51244949494285,-11.154395124656,1.04869084202179,1.68408238300612,12.8299999869389,-12.5671159979144,2.65509395081834,0.331455092236065
"4FGL J2108.7-0250",1,317.178802490234,-2.84489989280701,47.3840866088867,-31.5869922637939,12.3114290237427,3.45136169643823e-10,4.20185171379206e-11,3.98704983958775e-12,5.19868111233113e-13,"PowerLaw",2.04397392272949,0.0968848839402199,2462.06127929688,2.0599627494812,0.0921680480241776,-0.0207076426595449,0.0384969599545002,0,"bll","TXS 2106-030",0.999445676803589,0.941954731941223,"bzcat",317.186401292,-2.84284670833,1.30000003650821e-07,"RFC J2108-0250",0.149000003933907,"HSP",8317637960400896,1.05185532593005e-12,8.92979049682617,0,10,56.0634002685547,17.35876,"BLL",0,-9.46200952505045,-11.3993483354631,1.0903084656938,0.950841269959135,15.9200000130207,-11.9780439897175,3.39129885807105,0.870322016167306
"4FGL J2110.3+0808",1,317.575988769531,8.14980030059814,58.1518516540527,-25.9191856384277,11.9974021911621,4.74084271839814e-10,5.19731549464275e-11,7.2205019741034e-12,7.42566435858044e-13,"PowerLaw",2.3962140083313,0.0736953541636467,1049.10778808594,2.35342955589294,0.0955005809664726,0.0709486603736877,0.0529622808098793,0,"fsrq","PMN J2110+0810",0.998063921928406,0,"bzcat",317.540319454,8.16538449167,1.1999999571799e-07,"RFC J2110+0809",1.58000004291534,"LSP",5308844343296,4.54971292845191e-13,79.1130447387695,0.869916498661041,0.229598715901375,-Inf,19.972012,"FSRQ",1,-9.32414445254117,-11.1414326089394,1.07908721803253,1.89824809905994,12.7249999919001,-12.3420160049962,3.02082011104015,0.387596892777577
"4FGL J2114.8+2831",1,318.716491699219,28.5221996307373,75.7416534423828,-13.90540599823,6.56946754455566,2.43509268305075e-10,4.56988197283792e-11,4.37824646329354e-12,8.04020587087673e-13,"PowerLaw",2.71179032325745,0.120394311845303,713.699096679688,2.66972374916077,0.171481072902679,0.1224509999156,0.0987209901213646,0,"fsrq","B2 2112+28B",0.998868823051453,0.918865382671356,"bzcat",318.743056746,28.5492212861,8.80000001757253e-08,"RFC J2114+2832",2.34500002861023,"LSP",977237245952,4.10653011161805e-13,35.255485534668,0.58034747838974,0.204726696014404,-Inf,18.55035,"FSRQ",1,-9.61348450427626,-11.3586997944731,0.817530171411807,1.54722670011007,11.9900000111086,-12.3865249883093,2.853515147076,0.298953659625371
"4FGL J2115.4+2932",1,318.873687744141,29.5456008911133,76.6172714233398,-13.3205890655518,54.2543258666992,3.0294311503809e-09,1.01022842868836e-10,2.34953133337878e-11,1.17117350973556e-12,"LogParabola",2.3304123878479,0.0220203623175621,839.367919921875,2.24346804618835,0.03268763422966,0.107984147965908,0.0191594958305359,0,"fsrq","B2 2113+29",0.999865353107452,0.98605090379715,"bzcat",318.872556058,29.5606574944,6.79999985209179e-08,"RFC J2115+2933",1.51400005817413,"LSP",4168693841920,1.13595992421583e-12,635.715759277344,0.721459150314331,0.17236664891243,19.9782009124756,18.854095,"FSRQ",1,-8.51863891322833,-10.6290187588459,1.73443437155536,2.80326297764464,12.6200000007518,-11.9446369899269,2.92395236674926,0.397772464940307
"4FGL J2115.9-0113",1,318.995910644531,-1.2305999994278,50.1177597045898,-32.3104515075684,10.5824317932129,3.38427841306554e-10,4.23440206509529e-11,3.97822400022285e-12,5.24539016822506e-13,"PowerLaw",2.10693144798279,0.0941007882356644,1951.91760253906,1.9985089302063,0.144758179783821,0.127437889575958,0.0894666984677315,0,"bll","NVSS J211603-010828",0.883566558361053,0.821874260902405,"bzcat",319.013463437,-1.14123015278,9.93768551893481e-08,"RFC J2116-0108",0.305000007152557,"LSP",91201080393728,1.40953221317019e-12,13.1367712020874,0.290470331907272,0.200769856572151,-Inf,18.311573,"BLL",0,-9.47053391623456,-11.4003107668823,1.02458547800343,1.11848863604361,13.9599999831338,-11.8509249943988,3.29046148058585,0.766283520704302
"4FGL J2116.2+3339",1,319.060485839844,33.6567001342773,79.8174896240234,-10.650598526001,62.5524940490723,3.43250894374592e-09,1.07183588393678e-10,3.07971183277633e-11,1.45689471771349e-12,"LogParabola",1.89970588684082,0.0206503327935934,1649.23913574219,1.74671185016632,0.0338423997163773,0.0983647331595421,0.0153675954788923,0,"bll","B2 2114+33",0.999991595745087,0.984001040458679,"bzcat",319.060492283,33.6556734556,1.39999997372797e-07,"RFC J2116+3339",0.349999994039536,"ISP",794328230264832,3.93165144538243e-12,138.452499389648,0.357666999101639,0.0901263356208801,77.6169967651367,16.48971,"BLL",0,-8.46438832249195,-10.511489918334,1.79624463025895,2.14130080017791,14.8999999975618,-11.4054249908544,3.21728363187466,0.740740744011229
"4FGL J2117.8-3243",1,319.474609375,-32.7237014770508,12.4435424804688,-43.873851776123,8.71783256530762,2.84706563880022e-10,4.67675134729895e-11,3.28660948283044e-12,5.78829627458088e-13,"PowerLaw",2.02914309501648,0.126837939023972,3559.79174804688,2.04971170425415,0.114876069128513,-0.0261239819228649,0.0464077554643154,0,"bll","NVSS J211754-324326",0.999719023704529,0.942980110645294,"bzcat",319.478797013,-32.7244997861,1.60000001869776e-06,"RFC J2117-3243",0.215276002883911,"HSP",3427677839032320,2.5992138129316e-12,8.16203117370605,0,10,22.8742008209229,18.55663,"BLL",0,-9.54560252012381,-11.483251896018,0.940408523701937,0.911798249165831,15.534999996651,-11.5851579936975,3.55142459198424,0.822858344628669
"4FGL J2118.0+0019",1,319.504608154297,0.329499989748001,51.9960441589355,-31.9085121154785,5.33295965194702,1.66107752552769e-10,3.86926428397327e-11,2.91907839046479e-12,5.63447942816819e-13,"PowerLaw",2.57237362861633,0.141777515411377,660.100402832031,2.24616932868958,0.467608690261841,0.406555235385895,0.443952322006226,1,"fsrq","PMN J2118+0013",0.961211979389191,0,"bzcat",319.572493771,0.221335875,1.39999997372797e-07,"RFC J2118+0013",0.462999999523163,"LSP",6237348429824,1.09690999772899e-12,30.4450740814209,1.00256299972534,0.363163262605667,-Inf,19.61279,"FSRQ",1,-9.77961009775741,-11.5347542420832,0.726968297914444,1.48351703515235,12.7950000052221,-11.9598290051447,2.81960999778366,0.683526999539256
"4FGL J2123.6+0535",1,320.920593261719,5.59200000762939,57.9978981018066,-30.1082401275635,12.5312652587891,4.26261498320812e-10,4.69972082084436e-11,5.53336629988133e-12,6.17212498558312e-13,"PowerLaw",2.38979196548462,0.0732558816671371,1027.33410644531,2.38153457641602,0.078791543841362,0.0199601091444492,0.0398180596530437,0,"fsrq","OX 036",0.999384045600891,0.984703361988068,"bzcat",320.935489183,5.58947028333,6.79999985209179e-08,"RFC J2123+0535",1.94099998474121,"LSP",4315190657024,2.25308205252517e-12,25.8527126312256,0.450731962919235,0.158690705895424,29.1975002288818,19.05358,"FSRQ",1,-9.37032389283246,-11.2570105792434,1.09799492312253,1.41250611876322,12.6349999888031,-11.6472229918936,3.01171170648766,0.340020402988201
"4FGL J2131.0-2746",1,322.752990722656,-27.7726993560791,19.9947624206543,-45.8503379821777,27.5011501312256,8.2160173109358e-10,5.78408432261313e-11,8.50884813996533e-12,8.56827738100752e-13,"LogParabola",1.79272854328156,0.0439607538282871,2442.46118164062,1.62206506729126,0.0731846690177917,0.121235430240631,0.0339508429169655,0,"bll","RBS 1751",0.99953556060791,0.97136664390564,"bzcat",322.763495242,-27.7827780806,2.49999993684469e-06,"RFC J2131-2746",0.379999995231628,"HSP",13803842353233920,2.62405548678846e-12,27.9835224151611,0.319432079792023,0.11108360439539,139.673004150391,17.299047,"BLL",0,-9.08533865436258,-11.0701292272615,1.43935085692844,1.44690238024816,16.1399999907881,-11.5810269858546,3.38782767014588,0.724637683663291
"4FGL J2134.2-0154",1,323.569885253906,-1.9041999578476,52.3911018371582,-36.5349884033203,30.1643161773682,1.0835300434664e-09,6.1219800062684e-11,1.22493629822751e-11,6.74458752736307e-13,"PowerLaw",2.29528212547302,0.0405300669372082,1049.1181640625,2.25843071937561,0.0509184934198856,0.0545091219246387,0.0284421928226948,0,"bll","PKS 2131-021",0.98882794380188,0.999477207660675,"cgrabs",323.542956646,-1.88812191944,6.79999985209179e-08,"RFC J2134-0153",1.28299999237061,"LSP",8317637754880,5.58160375557781e-12,103.163650512695,0.508909940719604,0.130317702889442,22.2817993164062,18.328453,"BLL",0,-8.96515904232221,-10.9118864958281,1.4794934843429,2.01352670152977,12.9200000022897,-11.2532409978141,3.02082440631575,0.438020150390638
"4FGL J2135.3-5006",1,323.836212158203,-50.1015014648438,347.536926269531,-46.3997077941895,28.7509784698486,8.53636106246114e-10,5.13372643007326e-11,1.324818553472e-11,6.18804866289041e-13,"PowerLaw",2.43021297454834,0.0384547300636768,728.492797851562,2.39423155784607,0.0479561425745487,0.0734192952513695,0.0335621014237404,0,"fsrq","PMN J2135-5006",0.999761939048767,0.967876493930817,"bzcat",323.833962625,-50.1143700111,4.70000003360838e-07,"RFC J2135-5006",2.18099999427795,"LSP",3845917769728,3.13359608443767e-13,59.9304809570312,0.322928190231323,0.0906241610646248,11.9926996231079,20.17782,"FSRQ",1,-9.06872722384153,-10.877843598423,1.45865262943695,1.77764776303182,12.5849999942719,-12.5039569841294,2.86242526253183,0.31436655196442
"4FGL J2141.8-3727",1,325.462188720703,-37.4544982910156,6.05035829544067,-49.0724830627441,15.9394426345825,4.25431273542998e-10,4.41846594034789e-11,7.23154739215581e-12,5.46388238473194e-13,"PowerLaw",2.62266254425049,0.0627603083848953,547.879699707031,2.60840964317322,0.0695151165127754,0.0258455481380224,0.0393746979534626,0,"fsrq","PKS 2138-377",0.998232364654541,0.957376539707184,"bzcat",325.468537538,-37.4869419889,1.39999997372797e-07,"RFC J2141-3729",0.423000007867813,"LSP",28183829151744,1.07035788652482e-12,49.0152206420898,0.431434631347656,0.123433023691177,-Inf,18.269554,"FSRQ",1,-9.3711705881805,-11.1407687632905,1.20247313105273,1.69033096195564,13.4499999975206,-11.9704709866556,2.73868520905207,0.702740684800399
"4FGL J2143.5+1743",1,325.894195556641,17.7306003570557,72.1129455566406,-26.0814323425293,92.6509704589844,4.83505280257646e-09,1.16009368777981e-10,7.24452095535177e-11,1.38682695969422e-12,"LogParabola",2.49421262741089,0.01391192805022,400.936096191406,2.45042896270752,0.0152388038113713,0.0378976352512836,0.00945851486176252,0,"fsrq","OX 169",0.999956548213959,0.994395911693573,"bzcat",325.898102354,17.7302187806,6.79999985209179e-08,"RFC J2143+1743",0.210999995470047,"LSP",43151909715968,1.00013122783515e-11,268.257598876953,0.238558679819107,0.0581582523882389,182.526000976562,15.998093,"FSRQ",1,-8.31559877871803,-10.1399903270079,1.96684997263252,2.42855203298128,13.6350000204627,-10.9999430122144,2.60307515745046,0.825763834633089
"4FGL J2144.3-7802",1,326.085296630859,-78.0344009399414,313.548950195312,-34.9210357666016,4.56201839447021,9.36574290344439e-11,3.05232540631639e-11,3.84956086105226e-12,6.8277458339927e-13,"PowerLaw",3.06090497970581,0.162132114171982,315.099182128906,2.78296875953674,0.308632731437683,0.250750869512558,0.201998203992844,256,"fsrq","PKS 2141-781",0.969156563282013,0.998870491981506,"bzcat",326.6252897,-77.9318707083,1.59999999027605e-07,"RFC J2146-7755",0.73199999332428,"LSP",14044296642560,1.50386896945881e-12,26.4510936737061,0.646229028701782,0.236410543322563,-Inf,20.177021,"FSRQ",1,-10.0284577680944,-11.414588809842,0.659157032058737,1.4224436335219,13.147499994025,-11.8227900017231,2.49844727592118,0.577367207768096
"4FGL J2145.0-3356",1,326.253295898438,-33.9439010620117,11.4634675979614,-49.6271705627441,39.4064826965332,1.38555678041996e-09,6.70685312842423e-11,1.46345505158685e-11,7.88093874014295e-13,"LogParabola",2.29989457130432,0.0307652950286865,638.769653320312,2.16365885734558,0.049178060144186,0.117768980562687,0.0275821704417467,0,"fsrq","PMN J2145-3357",0.999742031097412,0.951603412628174,"bzcat",326.254718933,-33.954553275,1.80000000682412e-07,"RFC J2145-3357",1.36000001430511,"LSP",9332543455232,9.38371884535993e-13,293.956298828125,0.677855432033539,0.164400011301041,20.3218994140625,19.456207,"FSRQ",1,-8.85837567203419,-10.8346206119029,1.59556767278347,2.46828277058732,12.9700000208136,-12.0276250130129,2.80534427548681,0.423728810990895
"4FGL J2145.5+1006",1,326.380004882812,10.1159000396729,66.0362396240234,-31.5499954223633,5.93434143066406,1.04162511949113e-10,3.36993974392463e-11,1.33914537445157e-12,3.95017867157663e-13,"PowerLaw",1.78728628158569,0.184723511338234,7811.3115234375,1.70922899246216,0.258795976638794,0.0919606685638428,0.122466154396534,0,"bll","87GB 214302.1+095227",0.998562097549438,0.881679773330688,"bzcat",326.375803083,10.1015389528,4.1000001260727e-07,"RFC J2145+1006",2.82631993293762,"ISP",181551572713472,4.72604648558278e-13,20.543550491333,0.900993585586548,0.567543566226959,67.1472015380859,19.463083,"BLL",0,-9.98228855534573,-11.873172274448,0.77337252971045,1.31267550379582,14.2590000153961,-12.3255020109447,3.89272395827834,0.261347722492264
"4FGL J2145.7+0718",1,326.444702148438,7.30999994277954,63.5412292480469,-33.4069137573242,8.12422370910645,2.26335880593176e-10,4.2467491329079e-11,2.84538820456703e-12,5.72802384950916e-13,"PowerLaw",2.077796459198,0.155780285596848,3721.51635742188,2.10228729248047,0.164669990539551,-0.0209590028971434,0.0691100582480431,0,"bll","MS 2143.4+0704",0.998390972614288,0.971031069755554,"bllac",326.467916004,7.32422586111,1.90000002930901e-06,"RFC J2145+0719",0.237000003457069,"LSP",42169649856512,3.32204879924247e-12,3.13530516624451,0,10,18.9260997772217,18.429312,"BLL",0,-9.64524659271603,-11.5458584731706,0.909781873656062,0.496279818074559,13.6249999949912,-11.4785939922681,3.57071993221475,0.808407435089151
"4FGL J2146.4-1528",1,326.621002197266,-15.475700378418,38.3873863220215,-45.6365966796875,7.74241733551025,2.1135480865464e-10,3.72295493045183e-11,5.73530155659197e-12,6.04168462221139e-13,"PowerLaw",2.79593944549561,0.092645451426506,424.563629150391,2.72495937347412,0.124239765107632,0.123736441135406,0.0902637094259262,0,"fsrq","PKS 2143-156",0.99193012714386,0.955775558948517,"cgrabs",326.595747212,-15.4288571222,7.50000026528141e-08,"RFC J2146-1525",0.698000013828278,"LSP",9885530980352,2.66597464590457e-12,37.156192779541,0.641063451766968,0.200934916734695,-Inf,17.280962,"FSRQ",1,-9.67498786683937,-11.2414437423798,0.888876577164323,1.57003120748671,12.9950000014841,-11.5741439851533,2.62794278696647,0.588928145969457
"4FGL J2147.1+0931",1,326.782897949219,9.51809978485107,65.8080368041992,-32.2409591674805,40.9805793762207,1.73505843026334e-09,7.70710439912392e-11,2.37093521898712e-11,9.46175212832023e-13,"LogParabola",2.53789830207825,0.0245165601372719,406.001800537109,2.43238353729248,0.0350897535681725,0.0999139621853828,0.0212804935872555,0,"FSRQ","PKS 2144+092",1,0.979214012622833,"identified",326.792345712,9.49629784722,6.79999985209179e-08,"RFC J2147+0929",1.11300003528595,"LSP",2570395844608,1.5300302257798e-12,573.587646484375,0.719619274139404,0.172180280089378,79.8522033691406,18.439064,"FSRQ",1,-8.76068589521682,-10.6250803120787,1.61257809408755,2.75859978924021,12.4100000104483,-11.8152999896009,2.60852795959098,0.473260758779245
"4FGL J2150.1-1410",1,327.538909912109,-14.1782999038696,40.6033592224121,-45.923511505127,14.6059999465942,3.6149533366725e-10,4.42070755002355e-11,5.06687920787119e-12,6.49668036381557e-13,"PowerLaw",1.77798569202423,0.0800998657941818,4536.759765625,1.60833752155304,0.135810911655426,0.142167523503304,0.0761005505919456,0,"bll","TXS 2147-144",0.998375296592712,0.976256966590881,"bllac",327.564660208,-14.1805440083,3.49999993431993e-07,"RFC J2150-1410",0.229000002145767,"ISP",301995156045824,2.0621963338352e-12,12.3190832138062,0.25194251537323,0.201381266117096,131.029998779297,18.379555,"BLL",0,-9.44189730438783,-11.2952594489717,1.16453129471746,1.0905783888349,14.4799999769987,-11.6856699895655,3.65674578274282,0.813669648701428
"4FGL J2150.7-2810",1,327.698394775391,-28.1728000640869,20.5906543731689,-50.217845916748,4.54374885559082,1.15463472116772e-10,3.20840159995228e-11,3.40447635360785e-12,5.32344405102664e-13,"PowerLaw",2.15770483016968,0.191525086760521,3318.92578125,2.14332056045532,0.272588521242142,0.162579700350761,0.152690574526787,0,"fsrq","PMN J2150-2812",0.991114675998688,0.955197393894196,"bzcat",327.721199763,-28.2116151139,1.70000006960436e-07,"RFC J2150-2812",0.865000009536743,"LSP",2511886352384,9.45065748748919e-13,22.5403823852539,1.08124899864197,0.582676827907562,34.1953010559082,18.864977,"FSRQ",1,-9.93755538691636,-11.4679496779442,0.65741431881975,1.35296127934084,12.3999999863195,-12.0245379763314,3.52099754070207,0.536193026748775
"4FGL J2151.8-3027",1,327.965515136719,-30.4599990844727,17.0822715759277,-50.7704238891602,46.6807708740234,1.00148545012502e-09,5.99532784528733e-11,3.46370432335874e-11,1.02315963861066e-12,"LogParabola",2.85369944572449,0.0235700327903032,306.519439697266,2.74894952774048,0.0357989482581615,0.185073465108871,0.0263715535402298,0,"fsrq","PKS 2149-306",0.999149143695831,0.99964427947998,"bzcat",327.981349896,-30.4649161361,7.50000026528141e-08,"RFC J2151-3027",2.34500002861023,"LSP",1698243674112,1.35903929169429e-12,963.778930664062,0.73898458480835,0.175699353218079,-Inf,17.479837,"FSRQ",1,-8.99935535588245,-10.4604591883101,1.66913801925787,2.98397742788306,12.2300000055367,-11.8667679870355,2.48645802301603,0.298953659625371
"4FGL J2152.5+1737",1,328.136993408203,17.6173000335693,73.6949920654297,-27.690315246582,4.45160436630249,1.5381991513852e-10,3.59651336490074e-11,1.62317327547651e-12,4.51313682606203e-13,"PowerLaw",2.27030158042908,0.190633505582809,2037.68115234375,2.23699712753296,0.230688631534576,0.0360480025410652,0.11449208855629,0,"bll","S3 2150+17",0.996833801269531,0.943831026554108,"bllac",328.103414142,17.5771653,7.50000026528141e-08,"RFC J2152+1734",0.874000012874603,"LSP",22908676079616,2.7202825495648e-12,13.0355129241943,0.258365988731384,0.511685609817505,-Inf,19.746525,"BLL",0,-9.81298743257851,-11.7896351163004,0.648516559713271,1.11512812455418,13.3599999915058,-11.5653859844423,3.30913622843831,0.533617925896415
"4FGL J2153.1-0041",1,328.282287597656,-0.692700028419495,57.0372276306152,-39.7478294372559,7.76906442642212,1.64762523069406e-10,4.21933946115338e-11,2.30234147718944e-12,5.1988556688809e-13,"PowerLaw",1.79067432880402,0.150481060147285,7707.88720703125,1.78515529632568,0.1629948168993,0.00592353800311685,0.0691788271069527,0,"bll","RBS 1792",0.998712480068207,0.972696602344513,"bzcat",328.272266346,-0.708540863889,9.89999989542412e-07,"RFC J2153-0042",0.340999990701675,"ISP",301995156045824,1.05993686050354e-12,15.6920127868652,0.728137910366058,0.425446927547455,237.600006103516,18.960299,"BLL",0,-9.7831415661528,-11.6378302625217,0.890368722931404,1.19567865334883,14.4799999769987,-11.9747200045009,3.88693535080408,0.745712160278802
"4FGL J2153.8-1137",1,328.460906982422,-11.6305999755859,44.4529647827148,-45.6233863830566,18.9521808624268,6.59915566636471e-10,5.33792142431988e-11,1.05150454315917e-11,7.25639817331092e-13,"PowerLaw",2.55233430862427,0.0479927137494087,639.918518066406,2.52704310417175,0.0569414682686329,0.0629995837807655,0.0362345576286316,0,"fsrq","PMN J2153-1136",0.998412668704987,0.937651455402374,"cgrabs",328.459342704,-11.60391955,8.80000001757253e-08,"RFC J2153-1136",1.58200001716614,"LSP",5754399490048,1.67613113059156e-12,51.9835243225098,0.381948858499527,0.110255114734173,11.2850999832153,19.75618,"FSRQ",1,-9.18051162701811,-10.978188846549,1.27765919224717,1.71586571998863,12.7600000088058,-11.7756920077436,2.80612467803546,0.387296666673746
"4FGL J2156.9-0854",1,329.2333984375,-8.90520000457764,48.3761100769043,-44.9950408935547,9.5168399810791,2.73606720613273e-10,3.87703376347748e-11,2.92243226146516e-12,4.6838905367122e-13,"PowerLaw",2.0869882106781,0.104818388819695,2107.10668945312,1.80528402328491,0.225399553775787,0.221111550927162,0.1325773447752,0,"bll","NVSS J215650-085535",0.997908651828766,0,"bzcat",329.20971495,-8.92648918611,6.09999972311925e-07,"RFC J2156-0855",1.01699995994568,"ISP",173780081049600,6.13383367535636e-13,7.80477142333984,0,10,-Inf,18.933464,"BLL",0,-9.56287323922746,-11.5342555464836,0.978492767018867,0.892360188495704,14.2399999954383,-12.2122680044954,3.3236865258633,0.495785830371028
"4FGL J2157.5+3127",1,329.386199951172,31.4552001953125,84.7644195556641,-18.2403106689453,58.3025665283203,2.9649731558834e-09,9.71310532005276e-11,3.32210231546171e-11,1.10878146941662e-12,"LogParabola",2.31063652038574,0.0205058250576258,681.827392578125,2.17142391204834,0.0332136750221252,0.136617511510849,0.0193067900836468,0,"fsrq","B2 2155+31",0.999615013599396,0.973081171512604,"bzcat",329.370099542,31.4503755,6.79999985209179e-08,"RFC J2157+3127",1.48599994182587,"LSP",9332543455232,2.80295426625943e-12,1583.80517578125,1.13874280452728,0.269604533910751,54.5962982177734,20.4985,"FSRQ",1,-8.52797923427425,-10.4785869961001,1.76568767319046,3.1997017578804,12.9700000208136,-11.5523839882451,2.83367444512777,0.402252624054986
"4FGL J2158.1-1501",1,329.527496337891,-15.023699760437,40.6344261169434,-48.0252685546875,26.1442222595215,9.2550173080852e-10,5.80387855830811e-11,9.52370300677519e-12,8.04440064908207e-13,"PowerLaw",2.18133425712585,0.0445544794201851,1245.68627929688,2.13659000396729,0.0571292191743851,0.068654827773571,0.0333644077181816,0,"fsrq","PKS 2155-152",0.999766170978546,0.999692738056183,"cgrabs",329.526174546,-15.0192579,7.50000026528141e-08,"RFC J2158-1501",0.671999990940094,"LSP",7585775747072,3.4962380213166e-12,31.58860206604,0.266938865184784,0.0884026139974594,61.1408996582031,17.190733,"FSRQ",1,-9.03362276472319,-11.0211941563719,1.41737572692979,1.49953040689792,12.8799999998157,-11.4563990085818,3.09540868090629,0.598086127642706
"4FGL J2159.1-2840",1,329.785400390625,-28.6826000213623,20.2389450073242,-52.1098403930664,14.6077795028687,3.97704036370072e-10,4.41944918161408e-11,4.34543026561762e-12,5.90550882934721e-13,"PowerLaw",1.87830281257629,0.076708547770977,3402.61401367188,1.70223665237427,0.133186891674995,0.158958271145821,0.0726153403520584,0,"bll","LEDA 3218689",0.999293267726898,0.866482019424438,"bzcat",329.795548954,-28.6879032694,1.99999999495049e-06,"RFC J2159-2841",0.270000010728836,"HSP",2511886390132736,2.59711393016393e-12,16.5780029296875,0.350079327821732,0.159224405884743,41.8568000793457,17.486862,"BLL",0,-9.40044000125854,-11.3619672151343,1.16458420478153,1.21953221204928,15.3999999928461,-11.5855089983275,3.53181268631592,0.787401568151258
"4FGL J2200.3+1029",1,330.088714599609,10.4955997467041,69.2747192382812,-34.0092239379883,7.31356048583984,2.04078309806732e-10,3.79193690336344e-11,3.59706253498515e-12,5.72387081308745e-13,"PowerLaw",2.54932045936584,0.127154961228371,794.789978027344,2.53580474853516,0.140184968709946,0.0300235375761986,0.0781310647726059,4,"bll","TXS 2157+102",0.97433477640152,0.852476060390472,"crates",330.033055133,10.5021952333,1.39999997372797e-07,"RFC J2200+1030",0.172000005841255,"LSP",10964782022656,3.236137757507e-13,7.65772438049316,0,10,-Inf,20.127214,"BLL",0,-9.69020315124582,-11.4440520118999,0.864128857518315,0.884099731013361,13.040000002425,-12.4899729994047,2.90025238219864,0.853242316566548
"4FGL J2201.5-8339",1,330.378692626953,-83.6631011962891,307.958740234375,-31.7116203308105,35.9388542175293,1.52886381332706e-09,7.21170623219081e-11,2.26485791926523e-11,1.40952202166977e-12,"LogParabola",2.55439925193787,0.0293599497526884,776.155456542969,2.49129962921143,0.0485770739614964,0.148326516151428,0.0326185338199139,0,"fsrq","PKS 2155-83",0.980155110359192,0.943133592605591,"bzcat",330.580154917,-83.6366194778,1.80000000682412e-07,"RFC J2202-8338",1.86500000953674,"LSP",7943282491392,1.2618885970872e-12,392.476806640625,0.778891563415527,0.187635138630867,17.6487998962402,19.16092,"FSRQ",1,-8.81563119853452,-10.6449590372779,1.55556422705964,2.5938139972708,12.9000000078813,-11.8989789840823,2.88994871501739,0.349040138454204
"4FGL J2202.7+4216",1,330.694610595703,42.2821006774902,92.6007461547852,-10.4441118240356,204.122375488281,2.31385612892154e-08,2.4934818099176e-10,2.01639621666416e-10,2.71796322427742e-12,"LogParabola",2.20246195793152,0.00669835414737463,796.154296875,2.14318895339966,0.010050187818706,0.0602239519357681,0.00467958534136415,0,"BLL","BL Lac",1,0.994407534599304,"identified",330.680380717,42.2777722083,6.79999985209179e-08,"RFC J2202+4216",0.0689999982714653,"LSP",38636699516928,7.6899056566937e-11,3523.43994140625,0.458944648504257,0.108454398810863,205.949005126953,13.843875,"BLL",0,-7.63566364813187,-9.69542412609375,2.30989061382171,3.54696687315466,13.5870000203623,-10.1140789882907,2.90099724335021,0.935453696554691
"4FGL J2204.3+0438",1,331.083190917969,4.64010000228882,64.6827087402344,-38.6563148498535,12.4988040924072,3.78446773918739e-10,4.26084861837595e-11,3.55598124730794e-12,5.71066089381789e-13,"PowerLaw",2.38124918937683,0.0775925889611244,1052.85827636719,2.33471059799194,0.107483424246311,0.124127708375454,0.0800449997186661,0,"bll","4C +04.77",0.99653434753418,0,"bzcat",331.073551521,4.66722854167,1.39999997372797e-07,"RFC J2204+0440",0.0270000007003546,"ISP",275422864474112,4.22203678268618e-12,19.6002826690674,0.379699438810349,0.154655501246452,-Inf,16.750797,"BLL",0,-9.42199519256774,-11.4490405379752,1.09686846093485,1.29226233465908,14.4399999907603,-11.3744779874073,3.02236991540765,0.973709833805314
"4FGL J2206.8-0032",1,331.708709716797,-0.54610002040863,59.9024887084961,-42.4121704101562,23.1148357391357,8.76996086862647e-10,5.95260923885732e-11,9.92418040107745e-12,6.87720388449498e-13,"PowerLaw",2.24733591079712,0.0492569915950298,1226.06359863281,2.18810963630676,0.067987933754921,0.076898068189621,0.0378153435885906,0,"bll","PMN J2206-0031",0.980040729045868,0.950200736522675,"cgrabs",331.680344196,-0.517359772222,1.30000003650821e-07,"RFC J2206-0031",1.05299997329712,"LSP",6918309937152,1.65215963739834e-12,99.2026596069336,0.602965474128723,0.155823037028313,30.1657009124756,18.825747,"BLL",0,-9.05700234444211,-11.0033053497525,1.36389081155994,1.99652331567365,12.8400000143103,-11.781947991948,3.08851299858281,0.487092066734906
"4FGL J2207.5-5346",1,331.892211914062,-53.771900177002,339.9189453125,-49.9061889648438,25.3040885925293,6.29879426394808e-10,4.38082625731084e-11,8.32351115115371e-12,5.09774947948793e-13,"PowerLaw",2.43549966812134,0.0458292663097382,741.522277832031,2.41415119171143,0.0529252476990223,0.0302469376474619,0.0295363925397396,0,"fsrq","PKS 2204-54",0.999532341957092,0.999378979206085,"bzcat",331.932222083,-53.7760611,8.19999996792831e-08,"RFC J2207-5346",1.2150000333786,"LSP",4786301173760,1.5028927538227e-12,82.5812377929688,0.498269557952881,0.129558399319649,56.8270988464355,18.0056,"FSRQ",1,-9.20074257667811,-11.0796934342978,1.40319069942534,1.91688138813698,12.6800000227327,-11.8230720094895,2.87012420323248,0.451467261819709
"4FGL J2211.0-0003",1,332.762512207031,-0.0635000020265579,61.302059173584,-42.9457893371582,7.76960325241089,2.07569947341391e-10,3.94913685086706e-11,2.22098554825134e-12,4.83649903980365e-13,"PowerLaw",1.95401155948639,0.129188701510429,3556.08471679688,1.83217191696167,0.205825090408325,0.106443673372269,0.101368777453899,0,"bll","RX J2211.1-0003",0.995804846286774,0.946475386619568,"whsp2",332.784769258,-0.0506958972222,6.09999972311925e-07,"RFC J2211-0003",0.361999988555908,"ISP",216271853453312,6.69486764203614e-13,8.19062995910645,0,10,20.5583000183105,18.282837,"BLL",0,-9.68283552485339,-11.6534542673566,0.890398842521907,0.913317305575116,14.33500000217,-12.1742580045969,3.55097209864215,0.734214396771231
"4FGL J2212.0+2356",1,333.019104003906,23.9333992004395,82.2434310913086,-26.0798587799072,29.7715892791748,1.24290133740601e-09,7.0554721787186e-11,1.10025252797463e-11,8.59864154705015e-13,"LogParabola",2.21216630935669,0.0385151915252209,1018.68560791016,2.11891555786133,0.0564538724720478,0.0968281701207161,0.0302306953817606,0,"fsrq","PKS 2209+236",0.999715447425842,0.988020896911621,"bzcat",333.024859654,23.9279288528,6.79999985209179e-08,"RFC J2212+2355",1.125,"LSP",831763775488,7.90678611993501e-13,7.40286731719971,0,10,45.4743003845215,19.288046,"FSRQ",1,-8.9055633446655,-10.9585076249153,1.47380201895149,0.86939996552101,11.9200000022897,-12.1020000087918,3.0080401704468,0.470588235294118
"4FGL J2212.8+0647",1,333.214294433594,6.78639984130859,68.5459899902344,-38.8008766174316,8.7989501953125,4.2060976923608e-10,5.99396018929887e-11,6.57568097195416e-12,9.2097401753477e-13,"PowerLaw",2.48629188537598,0.0782371163368225,894.342346191406,2.42826771736145,0.118748478591442,0.152114629745483,0.0731473788619041,16,"fsrq","TXS 2210+065",0.999063849449158,0.957327127456665,"bzcat",333.211830396,6.76909473056,1.39999997372797e-07,"RFC J2212+0646",1.12000000476837,"LSP",3890451578880,1.60751858872821e-12,18.8855133056641,0.354301393032074,0.184989407658577,27.4165000915527,19.088697,"FSRQ",1,-9.37612064445034,-11.1820592653404,0.944430859470624,1.27612879338848,12.5900000143934,-11.7938439963599,2.95150379463674,0.471698112146589
"4FGL J2212.9-2526",1,333.226104736328,-25.433500289917,26.486307144165,-54.5693321228027,19.2944850921631,5.41903577566671e-10,4.44811756872276e-11,5.19198703127777e-12,4.87672836141373e-13,"PowerLaw",2.25513529777527,0.057711087167263,1123.36730957031,2.15832877159119,0.0834959521889687,0.127569869160652,0.0534619875252247,0,"fsrq","PKS 2210-25",0.97022145986557,0.949733436107635,"bzcat",333.260408258,-25.4916890639,9.49999972021942e-08,"RFC J2213-2529",1.83299994468689,"LSP",8912509075456,2.03836058275397e-12,77.5230484008789,0.686578631401062,0.18170177936554,25.2924995422363,19.227371,"FSRQ",1,-9.26607798183069,-11.2846664010019,1.28543319313721,1.88943084192778,12.9499999850948,-11.6907189875286,3.0505217815841,0.352982710739348
"4FGL J2216.9+2421",1,334.238006591797,24.3575000762939,83.5058212280273,-26.4478378295898,19.417121887207,6.84817591523057e-10,5.34323731093966e-11,8.57978185025976e-12,6.63108185982447e-13,"PowerLaw",2.28445196151733,0.0571846179664135,1223.24499511719,2.23909330368042,0.0726353675127029,0.0555804073810577,0.0378843583166599,0,"bll","B2 2214+24B",0.999794721603394,0.980058789253235,"bllac",334.253421587,24.3627661194,1.0000000116861e-07,"RFC J2217+2421",0.504999995231628,"LSP",10964782022656,2.99494608800577e-12,41.2670288085938,0.449685305356979,0.13468174636364,14.9280996322632,18.293116,"BLL",0,-9.16442509207614,-11.0665237543929,1.28818485682138,1.61560320116518,13.040000002425,-11.5236109909349,3.08751344752829,0.664451829347743
"4FGL J2219.2+1806",1,334.812713623047,18.1026000976562,79.457405090332,-31.6344165802002,35.893970489502,1.41805922559968e-09,7.19925161152268e-11,1.3954835551e-11,8.92174517857364e-13,"LogParabola",2.28303122520447,0.0341222994029522,779.656677246094,2.1778576374054,0.050099041312933,0.0836285948753357,0.0265977121889591,0,"fsrq","MG1 J221916+1806",0.999760508537292,0.968142509460449,"bzcat",334.808718662,18.1098835694,8.80000001757253e-08,"RFC J2219+1806",1.07099997997284,"LSP",2371373760512,3.52317323535842e-13,535.541625976562,1.07250511646271,0.256485551595688,28.3111000061035,19.525604,"FSRQ",1,-8.84830563035606,-10.8552752770338,1.55502150141782,2.72879323283237,12.3750000100453,-12.4530660019194,2.89190340268843,0.482858527122301
"4FGL J2220.5+2813",1,335.141906738281,28.2322006225586,86.8190841674805,-23.8635730743408,9.26981163024902,2.46575648787939e-10,3.85618689757727e-11,3.18419075828746e-12,4.96641356512173e-13,"PowerLaw",1.98629879951477,0.112861961126328,3148.99877929688,1.94015896320343,0.14654378592968,0.041228074580431,0.0671090334653854,0,"bll","RX J2220.4+2814",0.999070405960083,0.927314400672913,"whsp2",335.11969085,28.232131,3.3000000598804e-07,"RFC J2220+2813",0.148000001907349,"HSP",5011872499630080,9.0173306105043e-13,6.75715160369873,0,10,101.275001525879,18.366962,"BLL",0,-9.60804981549057,-11.4970009224702,0.967070909033968,0.829763662881048,15.7000000141554,-12.0449220071038,3.49817249228318,0.871080137925563
"4FGL J2224.0-1127",1,336.024108886719,-11.4658002853394,50.0318336486816,-52.0677871704102,4.92197847366333,1.65838967558507e-10,3.99063143641243e-11,2.32396632320053e-12,5.39304766209586e-13,"PowerLaw",2.10594272613525,0.169921055436134,2782.9873046875,1.85064506530762,0.315626382827759,0.386725306510925,0.233830749988556,16,"bll","PKS 2221-116",0.997434258460999,0.960397779941559,"bllac",336.033177837,-11.4391962528,1.70000006960436e-07,"RFC J2224-1126",0.115000002086163,"LSP",25118864572416,9.73753412972234e-13,13.9351110458374,0.481957197189331,0.402066588401794,-Inf,18.675587,"BLL",0,-9.78031341463488,-11.6337701696355,0.69213970997839,1.14411043386039,13.400000004449,-12.0115510071295,3.44451122519256,0.89686098486906
"4FGL J2225.6+2120",1,336.413604736328,21.3418006896973,83.1921081542969,-30.0584011077881,8.81705665588379,2.07789063733088e-10,3.5505043349815e-11,4.72525577693839e-12,6.34800588830697e-13,"PowerLaw",2.81106519699097,0.0946648120880127,462.634704589844,2.6508264541626,0.168869182467461,0.280657351016998,0.13199520111084,0,"fsrq","PKS 2223+21",0.990039527416229,0.975166261196136,"bzcat",336.408529704,21.3017819667,8.19999996792831e-08,"RFC J2225+2118",1.95899999141693,"LSP",10592537542656,4.95405712980235e-12,24.9073753356934,0.596888661384583,0.20142924785614,-Inf,17.326876,"FSRQ",1,-9.68237731378249,-11.3255746782645,0.945323631453344,1.3963279653012,13.0250000119262,-11.305038989471,2.66523820830174,0.33795201179475
"4FGL J2225.7-0457",1,336.432098388672,-4.95370006561279,58.9422569274902,-48.8329162597656,28.5016212463379,1.02015773606468e-09,6.23691445711394e-11,1.38370929297915e-11,8.91424737844981e-13,"PowerLaw",2.42547249794006,0.0407376065850258,773.477844238281,2.37247037887573,0.0532715171575546,0.0793661400675774,0.032732367515564,0,"fsrq","3C 446",0.999314248561859,0.999890685081482,"bzcat",336.446913733,-4.95038632222,6.79999985209179e-08,"RFC J2225-0457",1.40400004386902,"LSP",9120108249088,1.29868555145962e-11,224.169738769531,0.781059920787811,0.191282048821449,-Inf,18.392075,"FSRQ",1,-8.99133267274181,-10.8589551423333,1.4548695645107,2.35057698572361,12.9599999931204,-10.8864959911883,2.88844787813511,0.415973370113002
"4FGL J2226.8+0051",1,336.712493896484,0.862200021743774,65.832389831543,-45.3757095336914,5.44655990600586,2.70027944448969e-10,5.48405973410659e-11,3.05791091233243e-12,7.91260503299474e-13,"PowerLaw",2.54348134994507,0.102270506322384,782.978515625,2.53445529937744,0.155266925692558,0.238119140267372,0.104829274117947,16,"fsrq","PKS B2224+006",0.996796309947968,0.951191306114197,"cgrabs",336.693904225,0.869814322222,1.1999999571799e-07,"RFC J2226+0052",2.26200008392334,"LSP",5754399490048,1.39415800952392e-12,15.3393259048462,0.503264248371124,0.274084061384201,-Inf,19.99312,"FSRQ",1,-9.56859128957435,-11.5145751712605,0.736122284743511,1.1858062747213,12.7600000088058,-11.8556880018654,2.89374984548895,0.306560384510248
"4FGL J2227.9+0036",1,336.984313964844,0.616599977016449,65.8281631469727,-45.7420043945312,18.2016983032227,8.70460592494737e-10,7.49678374933893e-11,7.47996890121394e-12,8.06770774318399e-13,"LogParabola",2.04238247871399,0.0579575449228287,2476.66357421875,1.95664656162262,0.086150161921978,0.127029180526733,0.0486653968691826,0,"bll","PMN J2227+0037",0.999297320842743,0.94336599111557,"bzcat",336.992213454,0.618174211111,5.80000005356851e-07,"RFC J2227+0037",2.14499998092651,"ISP",156675105357824,1.55889548231897e-12,18.064811706543,0.235379904508591,0.117647707462311,34.1427993774414,18.355274,"BLL",0,-9.06025088548804,-11.1261002077584,1.26011191157343,1.2568334391819,14.194999995418,-11.8071830015358,3.39386701676612,0.31796502577574
"4FGL J2228.6-1636",1,337.165893554688,-16.6072998046875,43.1230735778809,-55.3839111328125,11.0289192199707,2.99749225440848e-10,3.87787024713759e-11,2.85619618234367e-12,4.63963015142482e-13,"PowerLaw",2.0575008392334,0.100647956132889,2180.50537109375,2.03104114532471,0.120648041367531,0.024826580658555,0.0563833639025688,0,"bll","2MASS J22283018-1636432",0.980668306350708,0,"rfc",337.125821908,-16.6119940417,9.99999997475243e-07,"RFC J2228-1636",0.524999976158142,"ISP",258821289148416,8.26738200468413e-13,36.1345558166504,0.709150016307831,0.228105887770653,51.084400177002,18.709879,"BLL",0,-9.52324193045497,-11.5442119656693,1.04253295579464,1.55792272053006,14.4129999960284,-12.0826319947911,3.33855716077945,0.65573771516984
"4FGL J2229.7-0832",1,337.425811767578,-8.54469966888428,55.2347259521484,-51.7070236206055,64.7362899780273,2.6072966008428e-09,8.92766485738328e-11,4.72666454587323e-11,1.0457471477307e-12,"LogParabola",2.58728718757629,0.0173245873302221,331.348205566406,2.47331047058105,0.0209944043308496,0.0991015657782555,0.0150594655424356,260,"FSRQ","PKS 2227-08",1,0.999806463718414,"identified",337.417018079,-8.54845431111,6.79999985209179e-08,"RFC J2229-0832",1.55999994277954,"LSP",4797334290432,6.2680147530636e-12,636.793151855469,0.473265469074249,0.113171353936195,17.0655002593994,17.581211,"FSRQ",1,-8.58380956155036,-10.3254452187349,1.8111478064623,2.80399838430346,12.6809999822623,-11.2028699900007,2.52028462298893,0.390625008731149
"4FGL J2231.0-4416",1,337.757995605469,-44.2790985107422,352.219757080078,-57.1031799316406,19.1554870605469,4.47400005931797e-10,3.93636061246649e-11,4.32066708799805e-12,4.22001788982079e-13,"PowerLaw",2.42652010917664,0.0575229972600937,745.256042480469,2.40250563621521,0.0682134851813316,0.0480721667408943,0.046947717666626,0,"fsrq","PKS 2227-445",0.999009609222412,0.966724336147308,"bzcat",337.735178796,-44.2749701806,3.09999990122378e-07,"RFC J2230-4416",1.32599997520447,"LSP",9120108249088,1.70057576961286e-12,154.95329284668,0.888606250286102,0.221051961183548,10.289400100708,19.477762,"FSRQ",1,-9.34930401448135,-11.3644491952521,1.28229319912873,2.19020080968113,12.9599999931204,-11.7694040131922,2.87230550594625,0.429922618512536
"4FGL J2232.6+1143",1,338.152496337891,11.7306003570557,77.4384841918945,-38.5831527709961,349.937622070312,4.84544173673385e-08,3.70837943686197e-10,2.20118104299338e-10,2.18957881339965e-12,"PLSuperExpCutoff2",2.2865993976593,0.00437011662870646,531.250305175781,2.19853568077087,0.00618710881099105,0.0834752693772316,0.00330214411951602,768,"FSRQ","CTA 102",1,0.99966824054718,"identified",338.151703771,11.7308066944,6.79999985209179e-08,"RFC J2232+1143",1.03699994087219,"LSP",2951209287680,4.88045151167404e-12,75011.8046875,1.37207639217377,0.323431193828583,37.6791000366211,16.326883,"FSRQ",1,-7.31466662416927,-9.65734423607477,2.54399063633598,4.87512961415467,12.4700000089786,-11.3115399976781,2.72529919253812,0.490918030941045
"4FGL J2235.3-4836",1,338.840911865234,-48.6015014648438,344.465881347656,-56.0846900939941,30.1589775085449,7.48631934222033e-10,4.58984066031842e-11,1.05277722303732e-11,5.37521633106608e-13,"PowerLaw",2.51089096069336,0.0377001687884331,613.229858398438,2.50118899345398,0.0407499298453331,0.0223547033965588,0.0238949730992317,0,"fsrq","PKS 2232-488",0.999311625957489,0.999608874320984,"bzcat",338.805152446,-48.59966515,7.50000026528141e-08,"RFC J2235-4835",0.509999990463257,"LSP",3548133982208,3.1826874035551e-12,105.22859954834,0.444472163915634,0.113891139626503,67.6635971069336,17.396313,"FSRQ",1,-9.12573165122559,-10.9776635196422,1.47941661339388,2.02213379055923,12.5500000110004,-11.4972060147179,2.78762329266307,0.662251659811738
"4FGL J2236.2-1706",1,339.064788818359,-17.1065998077393,43.6251678466797,-57.2478790283203,13.2641124725342,3.77334385959216e-10,4.16166302807941e-11,4.81061631502078e-12,5.2149327607956e-13,"PowerLaw",2.22528719902039,0.0803834944963455,1398.31762695312,2.20110940933228,0.0945255234837532,0.0290264785289764,0.0471122302114964,0,"bll","PKS 2233-173",0.998302698135376,0.963619768619537,"bzcat",339.0396782,-17.1061036556,1.39999997372797e-07,"RFC J2236-1706",0.647000014781952,"LSP",31260793634816,9.76607358350867e-13,9.55858516693115,0,10,34.63330078125,18.759668,"BLL",0,-9.42327361634186,-11.3177992801613,1.12267819580525,0.980393614068234,13.494999999494,-12.0102800078021,3.1456058323288,0.607164536141423
"4FGL J2236.3+2828",1,339.09619140625,28.4832000732422,90.1194763183594,-25.6496162414551,91.0674362182617,4.73395145306199e-09,1.13363110565423e-10,4.10382838822443e-11,1.09005805683932e-12,"LogParabola",2.26836681365967,0.0144019862636924,575.391235351562,2.14576888084412,0.0237351208925247,0.104567617177963,0.0123123042285442,0,"fsrq","B2 2234+28A",0.999919235706329,0.99664968252182,"bzcat",339.093628538,28.4826147972,6.79999985209179e-08,"RFC J2236+2828",0.790000021457672,"LSP",9078205054976,7.00811153900305e-12,551.571960449219,0.418327450752258,0.10020188242197,39.4393997192383,18.616177,"FSRQ",1,-8.3247762000984,-10.3868108086188,1.95936311024517,2.74160218039776,12.957999988193,-11.1543989946841,2.7599632422129,0.558659211180153
"4FGL J2243.4-2544",1,340.865386962891,-25.7362995147705,28.3677406311035,-61.3934783935547,40.2787399291992,1.80896742030257e-09,8.122813532907e-11,1.47462059923997e-11,1.00318928511478e-12,"LogParabola",2.12902569770813,0.0308174472302198,1190.78491210938,1.99869573116302,0.0526204146444798,0.130937218666077,0.0298635195940733,0,"bll","PKS 2240-260",0.999791741371155,0.994663059711456,"cgrabs",340.860036554,-25.7418576167,1.39999997372797e-07,"RFC J2243-2544",0.773999989032745,"LSP",39810718760960,3.71595115788992e-12,34.4959907531738,0.210239470005035,0.0680320337414742,115.730003356934,16.891481,"BLL",0,-8.74256925475999,-10.8313197036529,1.60507587572579,1.53776862275579,13.6000000186065,-11.4299300029664,3.07583332326294,0.563697861433043
"4FGL J2244.6+2502",1,341.165100097656,25.0394992828369,89.7599411010742,-29.5442581176758,8.16136074066162,2.08631820153293e-10,3.41879510812326e-11,2.55723610689818e-12,4.48665437484744e-13,"PowerLaw",2.16059446334839,0.124050378799438,2010.9736328125,1.80869388580322,0.27874368429184,0.296079099178314,0.176180019974709,0,"bll","NVSS J224436+250345",-Inf,0,"rfc",341.152923783,25.0618465028,9.99999997475243e-07,"RFC J2244+2503",0.649999976158142,"ISP",192309173944320,4.45426437704552e-13,4.78122568130493,0,10,12.2109003067017,19.209776,"BLL",0,-9.68061945303755,-11.5922291721734,0.911762574549505,0.679539243556112,14.2840000023787,-12.3512240095551,3.30340637631573,0.606060614817946
"4FGL J2245.9+1544",1,341.491302490234,15.7479000091553,83.8225402832031,-37.4181938171387,17.3115825653076,5.62134949699811e-10,5.5038737456492e-11,6.31783427657018e-12,6.83786686127286e-13,"PowerLaw",1.96405017375946,0.0755754336714745,3327.93774414062,1.8819260597229,0.104716069996357,0.0756108462810516,0.0607777386903763,0,"bll","87GB 224338.7+152914",0.996946513652802,0.803598403930664,"whsp2",341.520808908,15.7431667778,3.70000009297655e-07,"RFC J2246+1544",0.596499979496002,"ISP",208929606860800,6.94721895028866e-13,28.50319480896,0.330595165491104,0.144689083099365,65.7231979370117,18.40555,"BLL",0,-9.25015941241225,-11.1994317702819,1.2383367713973,1.45489354106606,14.3199999870611,-12.1581890135765,3.5221751933311,0.626370192823735
"4FGL J2247.4-0001",1,341.867004394531,-0.0263000000268221,70.1055679321289,-49.741626739502,15.7249879837036,5.59619517392917e-10,5.53398056546417e-11,6.75470747044105e-12,6.96473044167756e-13,"PowerLaw",2.06094622612,0.0771502181887627,2554.60913085938,1.98986077308655,0.11200749874115,0.0689867958426476,0.0597468726336956,0,"bll","PKS 2244-002",0.992687046527863,0.886096894741058,"bzcat",341.875816633,0.00179515,1.30000003650821e-07,"RFC J2247+0000",0.949000000953674,"LSP",33884414672896,1.90933878950472e-12,14.4101161956787,0.29270339012146,0.143077656626701,20.2245998382568,18.462732,"BLL",0,-9.25210714738208,-11.1703934544472,1.19659032225001,1.15866748275283,13.529999987939,-11.719117004368,3.40732446012757,0.51308363238106
"4FGL J2248.7-3235",1,342.192810058594,-32.592601776123,13.8141651153564,-62.9475479125977,12.9136686325073,2.58555343801703e-10,3.33139210662026e-11,5.07480602679466e-12,5.18725524773639e-13,"PowerLaw",2.76111054420471,0.0727112293243408,446.752655029297,2.73567509651184,0.0841912254691124,0.0378633439540863,0.0494728088378906,0,"fsrq","PKS 2245-328",0.995715141296387,0.999425053596497,"cgrabs",342.161190588,-32.5978300556,7.50000026528141e-08,"RFC J2248-3235",2.26799988746643,"LSP",1341219930112,7.69546752710237e-13,50.4064178466797,0.532594919204712,0.152043089270592,-Inf,18.57105,"FSRQ",1,-9.58744648183463,-11.2945805530409,1.11104963812372,1.70248583521443,12.127499998286,-12.1137649900921,2.65006714217633,0.305997562556609
"4FGL J2248.9+2106",1,342.24609375,21.1159000396729,88.2571487426758,-33.3836975097656,10.2104892730713,3.08256115078009e-10,4.06669108110602e-11,3.09219815551598e-12,5.34089753759931e-13,"PowerLaw",2.2980170249939,0.101473838090897,1432.08776855469,2.21477389335632,0.143191784620285,0.0784907266497612,0.0774352252483368,0,"fsrq","PKS 2246+208",0.997990965843201,0.974559605121613,"cgrabs",342.252361346,21.1174543,1.10000001996013e-07,"RFC J2249+2107",1.27400004863739,"LSP",3144126300160,7.27987657135609e-13,30.4787216186523,0.624322056770325,0.206004828214645,-Inf,20.042921,"FSRQ",1,-9.51108829926331,-11.5097326832241,1.00904655339973,1.48399674726047,12.4974999834109,-12.1378759839883,3.15596963545152,0.439753728501111
"4FGL J2250.0+3825",1,342.514190673828,38.4247016906738,98.2542419433594,-18.5618324279785,23.6550388336182,6.69597766123076e-10,5.48153675228313e-11,9.30879765631554e-12,8.44891051652447e-13,"PowerLaw",1.73254287242889,0.0521442331373692,5054.9013671875,1.71329295635223,0.060459166765213,0.0172189231961966,0.0256060678511858,0,"bll","B3 2247+381",0.999290525913239,0.974169015884399,"bllac",342.523950842,38.4103322083,3.49999993431993e-07,"RFC J2250+3824",0.119000002741814,"HSP",22908676952031232,1.10682765036563e-11,27.4248714447021,0.383739203214645,0.135233342647552,912.929992675781,16.923113,"BLL",0,-9.17418600388284,-11.0311064097757,1.37392366535065,1.43814460047693,16.3600000080447,-10.9559200000088,3.70371268592027,0.893655046961362
"4FGL J2250.4-4206",1,342.606201171875,-42.1095008850098,353.756256103516,-61.1740875244141,16.7971878051758,4.00917216092367e-10,3.79009913731299e-11,5.09026284664649e-12,4.66208072581048e-13,"PowerLaw",2.08634400367737,0.0714456513524055,1783.04309082031,2.08244729042053,0.0779820829629898,0.00422103796154261,0.0343240462243557,0,"bll","PMN J2250-4206",0.999670147895813,0.94174462556839,"bzcat",342.5925866,-42.1037267111,1.69999998433923e-06,"RFC J2250-4206",0.119000002741814,"ISP",114815364235264,1.56220847889743e-12,31.4008598327637,0.469850689172745,0.153217598795891,113.813003540039,17.899519,"BLL",0,-9.39694529397802,-11.2932597913566,1.22523657798029,1.49694154028697,14.0600000078888,-11.8062610093876,3.25116183890129,0.893655046961362
"4FGL J2250.7-2806",1,342.690307617188,-28.111400604248,23.751672744751,-63.3190765380859,57.2369575500488,2.62194599365273e-09,9.24012047431866e-11,2.62212317830857e-11,1.18846545018453e-12,"LogParabola",2.18235802650452,0.0248130355030298,884.547790527344,2.04850149154663,0.0409385897219181,0.0952359586954117,0.0202226638793945,0,"bll","PMN J2250-2806",0.999850630760193,0.987172782421112,"cgrabs",342.685384892,-28.1109248194,1.50000005305628e-07,"RFC J2250-2806",0.524999976158142,"LSP",5000345419776,1.1448747765791e-12,613.921203613281,0.823680460453033,0.196579679846764,157.460006713867,19.196808,"BLL",0,-8.58137625806934,-10.581346910509,1.75767654063033,2.78811263330409,12.6990000060802,-11.9412420127256,2.94672130202994,0.65573771516984
"4FGL J2252.6+1245",1,343.167602539062,12.7543001174927,83.2759246826172,-40.7976722717285,5.04135942459106,1.30613339588415e-10,3.39769011536983e-11,1.90190419836755e-12,4.47639538284084e-13,"PowerLaw",1.94427847862244,0.156715661287308,3952.3955078125,1.93610179424286,0.208126321434975,0.11333317309618,0.11545991897583,4,"bll","2MASS J22523220+1245109",0.995214104652405,0,"bllac",343.134113779,12.7530238333,3.49999993431993e-07,"RFC J2252+1245",0.496475994586945,"ISP",272270123597824,5.73424174896836e-13,9.79275894165039,0.4105424284935,0.52413135766983,27.9023990631104,18.545588,"BLL",0,-9.88401246614063,-11.7208113628814,0.702547661642073,0.990905064053765,14.4349999884995,-12.2415240016529,3.5968603970153,0.668236579549021
"4FGL J2253.9+1609",1,343.496307373047,16.1506004333496,86.118522644043,-38.1848602294922,465.153900146484,8.69019842753005e-08,5.58735668843013e-10,1.11484743658963e-09,5.34225528397991e-12,"PLSuperExpCutoff2",2.39677596092224,0.00325314630754292,232.351623535156,2.16201162338257,0.0069349124096334,0.100289069116116,0.00253769452683628,0,"FSRQ","3C 454.3",1,0.999565124511719,"identified",343.490616425,16.14821135,6.79999985209179e-08,"RFC J2253+1608",0.859000027179718,"LSP",12852866842624,4.63210095280608e-11,56365.3671875,0.853371918201447,0.201169207692146,80.5113983154297,15.371642,"FSRQ",1,-7.06097030698085,-8.95278456040113,2.66759666670975,4.75101234052201,13.1090000082172,-10.3342219840887,2.36614571141741,0.537923606981919
"4FGL J2254.8-2725",1,343.717987060547,-27.4171009063721,25.5143737792969,-64.1562423706055,12.8372716903687,3.50293821727021e-10,5.43413820885963e-11,3.50605460462672e-12,6.06519500422065e-13,"PowerLaw",2.01213145256042,0.114215955138206,4538.21875,1.99671471118927,0.129785820841789,0.0152490697801113,0.0567060932517052,0,"bll","NVSS J225453-272509",0.998872876167297,0.909416735172272,"bzcat",343.721666129,-27.4191497556,9.50000014654506e-07,"RFC J2254-2725",0.333000004291534,"ISP",371535239970816,1.02354984297254e-12,42.8486518859863,0.663878321647644,0.210889726877213,56.3698997497559,18.125324,"BLL",0,-9.45556752244116,-11.4551813243223,1.1084727327888,1.63193716260257,14.5700000127104,-11.9898910040021,3.6568854257993,0.750187544471526
"4FGL J2256.0-2740",1,344.024688720703,-27.673900604248,24.9892311096191,-64.4529800415039,7.13004302978516,3.28265692406404e-10,6.02210850630946e-11,1.10399753575074e-11,1.38932485307941e-12,"PowerLaw",3.0227165222168,0.0709089636802673,238.385177612305,3.0076322555542,0.0796817243099213,0.0181869305670261,0.0438303649425507,16,"fsrq","PKS 2253-278",0.913974940776825,0.891917586326599,"at20g",344.000649029,-27.5989220583,1.39999997372797e-07,"RFC J2256-2735",1.75100004673004,"LSP",30199517282304,3.874824181134e-13,25.6000938415527,0.239873319864273,0.0862197056412697,-Inf,18.508163,"FSRQ",1,-9.48377450373776,-10.9570318960009,0.853092150825479,1.40824155729598,13.4800000011258,-12.4117479986791,2.37727924821035,0.363504174123386
"4FGL J2257.5+0748",1,344.387390136719,7.80140018463135,80.5691146850586,-45.4964866638184,5.63747358322144,1.65718688771577e-10,3.41549288851439e-11,2.05000860037385e-12,4.63131052605426e-13,"PowerLaw",2.40907526016235,0.153225749731064,1195.32690429688,2.3139271736145,0.260719805955887,0.11794363707304,0.220426693558693,0,"bll","OY 91",0.966287016868591,0,"bzcat",344.322096342,7.72008405833,6.79999985209179e-08,"RFC J2257+0743",0.189999997615814,"LSP",6095369142272,7.88086696595913e-12,13.2454233169556,0.390267878770828,0.366062819957733,-Inf,17.627584,"BLL",0,-9.78062851166098,-11.6882443169506,0.751084519819403,1.1220658426846,12.7850000121032,-11.1034260035991,3.07748669467056,0.84033613613741
"4FGL J2258.1-2759",1,344.52880859375,-27.9843006134033,24.3597412109375,-64.9248428344727,58.6722793579102,3.50292372885974e-09,1.07053400866253e-10,2.69003916364419e-11,1.37789573587815e-12,"LogParabola",2.41425085067749,0.0183549709618092,778.261413574219,2.28736400604248,0.0332263559103012,0.197945341467857,0.0243572480976582,0,"fsrq","PKS 2255-282",0.999542117118835,0.99970281124115,"cgrabs",344.524845346,-27.972571325,7.50000026528141e-08,"RFC J2258-2758",0.925999999046326,"LSP",3250872909824,9.89372906518016e-12,1318.76391601562,0.971797823905945,0.230296298861504,14.6754999160767,17.325884,"FSRQ",1,-8.45556931871883,-10.5702413971609,1.76843296043951,3.12016705547923,12.511999991446,-11.0046399867461,2.89112549853663,0.519210799841723
"4FGL J2258.4-5524",1,344.603088378906,-55.410400390625,330.969451904297,-55.1268081665039,14.3926830291748,3.0355717939301e-10,3.16097495400847e-11,3.58664161738409e-12,3.96352059246069e-13,"PowerLaw",2.20956158638,0.0888666361570358,1585.3125,2.26953768730164,0.0735436454415321,-0.055964756757021,0.0276209264993668,0,"bll","PMN J2258-5526",0.999749302864075,0.958573579788208,"bllac",344.579127783,-55.4270538361,7.09999994796817e-06,"RFC J2258-5525",0.479000002145767,"HSP",5688529564729344,2.26734191317857e-12,7.30436611175537,0,10,84.1268005371094,17.77341,"BLL",0,-9.51775949122491,-11.4453120165129,1.15814176100751,0.863582532917579,15.7550000195667,-11.6444829837067,3.2001148839975,0.676132520993358
"4FGL J2259.7-3549",1,344.929595947266,-35.8199005126953,5.85222339630127,-64.7504425048828,11.2615604400635,2.6487340099024e-10,3.40578502899813e-11,3.16147824065693e-12,4.34777403966399e-13,"PowerLaw",2.27874064445496,0.104706458747387,1381.07006835938,2.29954361915588,0.107985496520996,-0.02013467438519,0.0465711839497089,0,"fsrq","NVSS J225941-354846",0.993070602416992,0,"rfc",344.924276275,-35.8129519583,1.90000002930901e-06,"RFC J2259-3548",0.753000020980835,"LSP",7396052697088,2.83646885276476e-13,14.9184322357178,0.302609086036682,0.178614780306816,26.300500869751,19.82883,"FSRQ",1,-9.57696165205826,-11.5001098029367,1.05159857200336,1.1737231859281,12.8689999968588,-12.5472219810563,3.14021571299564,0.570450649190798
"4FGL J2301.0-0158",1,345.2626953125,-1.97580003738403,71.8027648925781,-53.5124397277832,25.5287437438965,8.71883010233887e-10,6.09654826622119e-11,8.65345815836971e-12,6.18784700128633e-13,"LogParabola",2.44432759284973,0.0423219837248325,522.66650390625,2.31648993492126,0.066167488694191,0.107352584600449,0.037468496710062,0,"fsrq","PKS B2258-022",0.999185085296631,0.99937891960144,"cgrabs",345.283243637,-1.96794046389,1.10000001996013e-07,"RFC J2301-0158",0.777999997138977,"LSP",3487385780224,1.56198188064338e-12,249.441345214844,0.767820417881012,0.188049003481865,13.6239995956421,19.812727,"FSRQ",1,-9.0595417850427,-11.0628103019033,1.40702944392617,2.39696843996234,12.5424999923875,-11.8063240083475,2.71822466838776,0.562429697192983
"4FGL J2307.4-1206",1,346.864288330078,-12.1126003265381,59.465892791748,-61.3805389404297,5.47756814956665,1.23779250738032e-10,3.29201006732394e-11,1.59426204876523e-12,4.07785974041938e-13,"PowerLaw",1.94040656089783,0.177989661693573,4457.962890625,1.95409882068634,0.166239023208618,-0.0181154608726501,0.0626663044095039,0,"bll","1RXS J230722.5-120520",0.997281730175018,0.914380609989166,"bzcat",346.842064125,-12.0882414361,7.69999985550385e-07,"RFC J2307-1205",0.469999998807907,"HSP",7943282168430592,1.77196039959082e-12,10.1517057418823,0,10,72.3899993896484,19.14998,"BLL",0,-9.90735215051154,-11.7974402921124,0.738587789573067,1.00653902077608,15.8999999902235,-11.75154598811,3.64913644896614,0.680272109395202
"4FGL J2307.6+1451",1,346.922210693359,14.8643999099731,88.8422775268555,-41.0399475097656,9.76254081726074,3.93384935737373e-10,5.11980319251037e-11,5.79510788314974e-12,6.91667534878648e-13,"PowerLaw",2.18379378318787,0.0931057408452034,1928.04626464844,1.99335920810699,0.158057451248169,0.219331115484238,0.105128742754459,0,"bll","MG1 J230734+1449",0.995004713535309,0,"cgrabs",346.891673825,14.8383264833,1.80000000682412e-07,"RFC J2307+1450",0.503000020980835,"LSP",11885021757440,1.2955852753474e-12,75.193229675293,0.975033164024353,0.263923346996307,32.6651992797852,20.410736,"BLL",0,-9.40518227494896,-11.2369384746925,0.989562862677833,1.87617873890243,13.0749999811107,-11.8875339964999,3.28511745085336,0.665335985389684
"4FGL J2311.0+3425",1,347.768188476562,34.4222984313965,100.413604736328,-24.023063659668,85.8149032592773,4.11095690822094e-09,1.048424055905e-10,4.9153667247559e-11,1.1367164804918e-12,"LogParabola",2.35056376457214,0.0152327697724104,511.290832519531,2.23987746238708,0.0238530784845352,0.0951138213276863,0.0125455493107438,0,"FSRQ","B2 2308+34",1,0.996224403381348,"identified",347.772203325,34.419695925,1.1999999571799e-07,"RFC J2311+3425",1.81700003147125,"LSP",9885530980352,4.68041100668004e-12,2009.58227539062,0.843811333179474,0.19968768954277,41.3442993164062,18.807446,"FSRQ",1,-8.38605707554754,-10.3084440748621,1.93356271723345,3.30310579157641,12.9950000014841,-11.3297160080166,2.70866800586584,0.354987571468973
"4FGL J2311.8+4541",2,347.961395263672,45.6907997131348,105.308723449707,-13.7455205917358,5.33237266540527,1.70406008748181e-10,3.75036460220635e-11,4.76244261041203e-12,5.51315069985403e-13,"PowerLaw",2.63656806945801,0.129062786698341,679.409118652344,2.56101393699646,0.18700185418129,0.153293922543526,0.116397060453892,0,"fsrq","MG4 J231144+4543",0.997974991798401,0.89569216966629,"cgrabs",347.947540283203,45.7322273254395,9.5e-08,"RFC J2311+4543",1.44700002670288,"LSP",1737800810496,8.07551074621937e-13,11.9435253143311,0.335604280233383,0.326426923274994,-Inf,19.367779,"FSRQ",1,-9.76851509548382,-11.3221702447298,0.726920493493783,1.07713253438012,12.2399999954383,-12.0928300006068,2.83213137143277,0.408663665340214
"4FGL J2314.0+1445",1,348.508087158203,14.7531995773315,90.5340576171875,-41.9097595214844,19.1626167297363,5.73201264231216e-10,5.21262998043337e-11,7.264164096632e-12,7.11905848941458e-13,"PowerLaw",1.85464882850647,0.0613283179700375,3605.66625976562,1.79641342163086,0.0822877064347267,0.0605914704501629,0.0386316291987896,0,"bll","RGB J2313+147",0.995972990989685,0.925882041454315,"whsp2",348.488905588,14.7397859,2.90000002678426e-07,"RFC J2313+1444",0.164000004529953,"HSP",118850223345762304,1.16752983149448e-12,12.2319192886353,0.154451251029968,0.16737774014473,117.339996337891,17.989618,"BLL",0,-9.24169286041001,-11.1388143537137,1.2824548133902,1.08749460675548,17.0750000022,-11.9327320139842,3.55698552597766,0.859106525866227
"4FGL J2315.6-5018",1,348.914001464844,-50.3126983642578,334.687103271484,-60.4965476989746,13.1792345046997,3.17513376701939e-10,3.57058514699471e-11,5.03201560281274e-12,5.06452301970994e-13,"PowerLaw",2.3954770565033,0.0914680883288383,1097.53381347656,2.41326832771301,0.107419066131115,-0.0142863318324089,0.0548537597060204,0,"bll","PKS 2312-505",0.999532163143158,0.974812090396881,"bzcat",348.934709825,-50.3110290806,1.0000000116861e-07,"RFC J2315-5018",0.810999989509583,"LSP",5888436338688,3.08308153312842e-12,43.8163909912109,0.564936876296997,0.169361844658852,64.5581970214844,18.629688,"BLL",0,-9.49823797334693,-11.2982580209402,1.11989018567229,1.64163660332167,12.7699999841527,-11.5110149900579,3.04041790912379,0.552181118604423
"4FGL J2319.1-4207",1,349.776306152344,-42.1172981262207,348.439758300781,-65.9401245117188,12.8259677886963,2.8882227165461e-10,3.41250187829711e-11,3.02016354633561e-12,4.24921735167963e-13,"PowerLaw",2.0089898109436,0.0910405069589615,2425.81225585938,2.02287459373474,0.0993630811572075,-0.0126963714137673,0.04140629991889,0,"bll","PKS 2316-423",0.999814689159393,0.98908531665802,"bllac",349.774571058,-42.1134261806,9.99999997475243e-07,"RFC J2319-4206",0.0545409992337227,"HSP",3630780668444672,1.4390105860379e-12,6.20782089233398,0,10,375.287994384766,17.225613,"BLL",0,-9.53936932050766,-11.5199695387157,1.10809014488973,0.792939178193248,15.5600000144427,-11.8419360111774,3.384857185896,0.948279868422987
"4FGL J2321.9+3204",1,350.477905273438,32.0736999511719,101.685806274414,-27.0779762268066,63.1319541931152,3.35129346495933e-09,1.02169460391988e-10,3.26384579085737e-11,1.24826093472058e-12,"LogParabola",2.25581240653992,0.0195852275937796,822.01611328125,2.13832187652588,0.0323583483695984,0.124789163470268,0.0189046300947666,0,"fsrq","B2 2319+31",0.999897420406342,0.984286546707153,"bzcat",350.478983296,32.0687840472,6.79999985209179e-08,"RFC J2321+3204",1.4889999628067,"LSP",5754399490048,1.86255459840023e-12,931.781372070312,0.811893999576569,0.193084567785263,25.074800491333,19.338732,"FSRQ",1,-8.47478754034377,-10.4862703688403,1.80024923273225,2.9693140238972,12.7600000088058,-11.7298909876071,2.91488033072806,0.40176778422783
"4FGL J2321.9+2734",1,350.492004394531,27.5716991424561,99.6971054077148,-31.2318305969238,20.6684188842773,6.93038681998104e-10,5.19922056796407e-11,7.17247008313882e-12,6.14306240424856e-13,"PowerLaw",2.15193462371826,0.0548368021845818,1582.00378417969,2.08126997947693,0.0767352506518364,0.0873043239116669,0.0412990599870682,0,"fsrq","4C +27.50",0.998958468437195,0.984350323677063,"bzcat",350.499425967,27.5462343778,7.50000026528141e-08,"RFC J2321+2732",1.25300002098083,"LSP",10964782022656,1.62131354349004e-12,11.9742574691772,0.147181510925293,0.116505369544029,49.5646018981934,18.002094,"FSRQ",1,-9.15924252453756,-11.14433125455,1.31530725475512,1.07824859206261,13.040000002425,-11.7901329894452,3.19920751800261,0.443852636789882
"4FGL J2322.7+3436",1,350.684906005859,34.6124992370605,102.923500061035,-24.7895755767822,14.1227874755859,4.04653033303504e-10,4.45390356540454e-11,4.55507029664681e-12,5.54945846220622e-13,"PowerLaw",1.96486353874207,0.0854895785450935,3285.49145507812,2.01904487609863,0.0736690163612366,-0.0480616316199303,0.0277382507920265,0,"bll","TXS 2320+343",0.999689340591431,0.963988661766052,"bllac",350.683394254,34.6038549028,1.80000000682412e-07,"RFC J2322+3436",0.0979999974370003,"HSP",10715192857985024,1.51356824209387e-12,12.2795963287354,0.160576373338699,0.216088235378265,166.199005126953,17.763596,"BLL",0,-9.39291719976164,-11.3415049163397,1.14992042375462,1.08918409033249,16.0299999921212,-11.8199979932758,3.51660034201284,0.910746814512062
"4FGL J2323.5-0317",1,350.888397216797,-3.28999996185303,77.7450790405273,-58.2289962768555,80.0770492553711,4.23461710141737e-09,1.15179470128179e-10,4.46100725803866e-11,1.225915202685e-12,"LogParabola",2.26438355445862,0.0164677817374468,624.710083007812,2.16017198562622,0.0258148889988661,0.0959801077842712,0.0139145189896226,0,"fsrq","PKS 2320-035",0.999916672706604,0.999626398086548,"cgrabs",350.883140646,-3.28472883889,8.19999996792831e-08,"RFC J2323-0317",1.39300000667572,"LSP",5861381505024,3.31067074796354e-12,810.135314941406,0.600045442581177,0.142947107553482,54.2934989929199,17.912365,"FSRQ",1,-8.373185852927,-10.3505670701626,1.9035080615277,2.90855756409381,12.7679999896182,-11.4800840084514,2.79567851564558,0.417885498207402
"4FGL J2323.6-0617",1,350.915710449219,-6.29530000686646,73.9246673583984,-60.5204429626465,17.0607757568359,5.53634360578314e-10,5.29524132875103e-11,3.04761641270468e-12,4.76854395813769e-13,"LogParabola",2.39986324310303,0.0628462284803391,759.23486328125,2.2388858795166,0.109135553240776,0.182212769985199,0.0709908828139305,0,"fsrq","TXS 2321-065",0.99849271774292,0.952499508857727,"bzcat",350.912974042,-6.29978886389,1.50000005305628e-07,"RFC J2323-0617",2.14400005340576,"LSP",2555641856000,2.70840126584751e-13,195.627212524414,1.17476379871368,0.287810146808624,-Inf,20.128536,"FSRQ",1,-9.25677696380695,-11.5160396962331,1.23199877473616,2.29142926674591,12.407499992342,-12.5672869918948,2.88037614223145,0.318066152357963
"4FGL J2323.8+4210",1,350.974914550781,42.1825981140137,106.06819152832,-17.8046550750732,45.9260559082031,1.95789162660276e-09,8.18593803852963e-11,2.12039136249231e-11,1.03731931898332e-12,"LogParabola",1.88667595386505,0.0280959624797106,1948.25341796875,1.77843391895294,0.0425767228007317,0.068216398358345,0.0181057713925838,0,"bll","1ES 2321+419",0.999919831752777,0.991746425628662,"bzcat",350.9669816,42.1829317306,3.09999990122378e-07,"RFC J2323+4210",0.0590000003576279,"HSP",7328245535997952,6.4862399305754e-12,37.6220779418945,0.213663503527641,0.0678410530090332,230.897994995117,16.259111,"BLL",0,-8.70821135097567,-10.6735839735597,1.66205915016749,1.57544277882139,15.8650000121258,-11.1880069905077,3.28964544682764,0.944287062948344
"4FGL J2324.7-4041",1,351.181701660156,-40.6833992004395,350.192810058594,-67.5800323486328,34.0507049560547,1.04722186478057e-09,6.5874701526969e-11,1.16381106141095e-11,1.01851827753047e-12,"LogParabola",1.78842675685883,0.0422385148704052,2867.84423828125,1.62348020076752,0.0749675258994102,0.0846209675073624,0.030325872823596,0,"bll","1ES 2322-409",0.999928414821625,0.995601654052734,"bllac",351.186135383,-40.6804009167,5.39999973625527e-07,"RFC J2324-4040",0.173586994409561,"HSP",5688529564729344,1.21778047715293e-11,49.9189453125,0.402117699384689,0.116568587720394,118.480003356934,15.942151,"BLL",0,-8.97996129879647,-10.9341175193828,1.53212610759551,1.69826540099728,15.7550000195667,-10.9144309926174,3.45755555972521,0.852088515605191
"4FGL J2325.4-4800",1,351.35009765625,-48.0022010803223,335.946594238281,-63.239315032959,33.9285850524902,1.06185937820413e-09,5.56616662483744e-11,1.16185984444517e-11,6.81377426269697e-13,"PowerLaw",2.10563111305237,0.0442299991846085,1869.2685546875,2.06413006782532,0.0572704337537289,0.0377510264515877,0.0281318612396717,0,"bll","PKS 2322-482",0.999908566474915,0.978248715400696,"bllac",351.361971825,-48.0047951556,6.89999978931155e-07,"RFC J2325-4800",0.221000000834465,"ISP",299916257656832,2.72574367590761e-12,49.3743362426758,0.361152917146683,0.102578885853291,61.6757011413574,16.799952,"BLL",0,-8.97393299296607,-10.9348462578796,1.53056574833627,1.69350127029364,14.477000008338,-11.5645149868626,3.27167170022331,0.819000818441091
"4FGL J2327.5+0939",1,351.895904541016,9.65429973602295,91.1393966674805,-47.9737358093262,31.8550586700439,9.62750101862753e-10,6.18616477487954e-11,2.12297471269274e-11,9.56785974233487e-13,"LogParabola",2.69279527664185,0.0347448512911797,581.899108886719,2.68210935592651,0.0492260307073593,0.127631530165672,0.033567663282156,0,"fsrq","PKS 2325+093",0.999047040939331,0.982578158378601,"bzcat",351.889919017,9.66929520833,6.79999985209179e-08,"RFC J2327+0940",1.84300005435944,"LSP",1819700887552,1.67550608803912e-12,374.955230712891,0.799032986164093,0.193141385912895,-Inf,18.524286,"FSRQ",1,-9.01648642675516,-10.6730551787984,1.50317840929415,2.5739794164876,12.2600000069074,-11.7758539897941,2.76484769212059,0.351741111811309
"4FGL J2328.3-4036",1,352.081695556641,-40.6036987304688,349.436706542969,-68.205924987793,44.3099060058594,1.84979376260941e-09,7.68286892438574e-11,2.26864950436667e-11,1.09833182045799e-12,"LogParabola",2.38173079490662,0.0270021501928568,770.945922851562,2.33264851570129,0.0382584556937218,0.0705679282546043,0.0209548398852348,0,"fsrq","PKS 2325-408",0.997568428516388,0.967866182327271,"bzcat",352.080270233,-40.5860682917,5.20000014603283e-07,"RFC J2328-4035",1.97200000286102,"LSP",15399265501184,1.35755675364363e-12,246.799026489258,0.532109081745148,0.129709422588348,44.396900177002,17.856646,"FSRQ",1,-8.73287668930161,-10.6442325953788,1.64650082876824,2.39234344226891,13.1875000067852,-11.8672420053641,2.88702391601357,0.336473754723197
"4FGL J2329.0+0832",1,352.257385253906,8.53829956054688,90.8090133666992,-49.1248397827148,7.58747529983521,2.53230408864269e-10,4.09257489009107e-11,3.42006956609298e-12,7.10215415124227e-13,"PowerLaw",2.47470808029175,0.145150020718575,1420.84020996094,2.45403623580933,0.181147873401642,0.0196759458631277,0.0925086066126823,0,"fsrq","PMN J2329+0834",0.996595442295074,0.875140786170959,"bzcat",352.274111504,8.57107060556,1.1999999571799e-07,"RFC J2329+0834",0.948000013828278,"LSP",4508166914048,2.12699757980161e-13,17.4839134216309,0.397094488143921,0.219850361347198,-Inf,20.076187,"FSRQ",1,-9.59648414380088,-11.4659650600658,0.880097290289214,1.2426386472456,12.6539999873448,-12.6722330042578,3.15254523919821,0.51334701894317
"4FGL J2329.3-4955",1,352.329406738281,-49.9323997497559,331.993194580078,-62.3070259094238,183.236114501953,1.16942171501933e-08,1.61123572817168e-10,1.51358744981955e-10,1.81627065817813e-12,"LogParabola",2.28174567222595,0.00780725898221135,521.944641113281,2.17651176452637,0.0115618295967579,0.105515532195568,0.00662007695063949,512,"FSRQ","PKS 2326-502",1,0.988866806030273,"identified",352.337006933,-49.9279591167,5.20000014603283e-07,"RFC J2329-4955",0.51800000667572,"LSP",4897788395520,4.76950163391665e-12,13180.0029296875,1.03617107868195,0.244381234049797,53.4998016357422,19.357065,"FSRQ",1,-7.93202884599941,-9.81999248195755,2.26301107404351,4.11991550679418,12.6900000178971,-11.3215269980977,2.71762444297551,0.658761525429705
"4FGL J2329.3-4733",1,352.339385986328,-47.5558013916016,335.627807617188,-64.0274658203125,11.081561088562,2.61254795574928e-10,3.35566678610899e-11,4.15912269902119e-12,5.74457148516672e-13,"PowerLaw",2.50746297836304,0.103610001504421,1076.87609863281,2.48642325401306,0.124204404652119,0.0417628586292267,0.0745415017008781,0,"fsrq","PKS 2326-477",0.992447137832642,0.999251782894135,"bzcat",352.323768137,-47.5053096639,7.50000026528141e-08,"RFC J2329-4730",1.30200004577637,"LSP",2754228781056,2.38637668653618e-12,43.7462768554688,0.724560081958771,0.209677413105965,-Inf,16.78507,"FSRQ",1,-9.5829357289283,-11.380998267247,1.04460094490434,1.64094109713135,12.4400000122548,-11.6222610024209,3.0321657378611,0.434404856696144
"4FGL J2330.5+1102",1,352.628692626953,11.0479001998901,93.0423202514648,-47.0733413696289,9.23109817504883,2.35368530221436e-10,3.80087662732453e-11,5.14875468649034e-12,6.56484415439973e-13,"PowerLaw",2.78675246238708,0.0994862094521523,565.787902832031,2.61977767944336,0.181524962186813,0.26568615436554,0.137849420309067,0,"fsrq","4C +10.73",0.989904463291168,0.960896670818329,"bzcat",352.670217742,11.0051971611,8.19999996792831e-08,"RFC J2330+1100",1.4889999628067,"LSP",10964782022656,2.77009708574139e-12,37.5859413146973,0.619691073894501,0.194690153002739,-Inf,19.170654,"FSRQ",1,-9.62825160463963,-11.2882977997326,0.965253369822634,1.5750254313324,13.040000002425,-11.5575050096132,2.75265365752631,0.40176778422783
"4FGL J2330.6-3726",1,352.660308837891,-37.4346008300781,356.661834716797,-70.1192016601562,12.554913520813,2.69388539253512e-10,3.34113847699768e-11,4.05507094916602e-12,4.72180833929053e-13,"PowerLaw",2.45578503608704,0.098476231098175,984.03076171875,2.51740574836731,0.0777487531304359,-0.0696071237325668,0.0309588741511106,0,"bll","PKS 2327-376",0.998681247234344,0.966391503810883,"bllac",352.649149042,-37.41054545,1.59999999027605e-07,"RFC J2330-3724",0.279000014066696,"LSP",25118864572416,3.34105789909223e-12,12.5103673934937,0.185478746891022,0.168645605444908,18.6203994750977,18.62719,"BLL",0,-9.56962088465176,-11.3920015427939,1.09881372560624,1.09727006386002,13.400000004449,-11.4761159981606,2.99300867509383,0.781860820173418
"4FGL J2331.3-1558",1,352.838806152344,-15.9777002334595,59.8205184936523,-68.3441696166992,6.27387285232544,1.61303179146977e-10,3.21936262370759e-11,2.80426766877118e-12,5.82767937639533e-13,"PowerLaw",2.54208660125732,0.160994976758957,1004.08312988281,2.47669529914856,0.250318080186844,0.0601047240197659,0.138331517577171,0,"fsrq","PKS 2329-16",0.98686558008194,0.957563161849976,"bzcat",352.911051846,-15.9491693917,7.50000026528141e-08,"RFC J2331-1556",1.15299999713898,"LSP",3597493338112,9.85203672115853e-13,28.1533031463623,0.815118372440338,0.29138508439064,-Inf,20.729872,"FSRQ",1,-9.79235707295584,-11.5521805350983,0.797535712944291,1.44952935670352,12.5559999983768,-12.006473978099,3.00176967033374,0.464468184546611
"4FGL J2332.1-4118",1,353.025390625,-41.3014984130859,346.799621582031,-68.4188842773438,7.41333150863647,1.96417646036728e-10,3.38024296053785e-11,1.97555340142319e-12,4.45407247326099e-13,"PowerLaw",2.27364587783813,0.138802617788315,1800.02612304688,2.10816860198975,0.239841982722282,0.383208900690079,0.257177919149399,0,"fsrq","PKS 2329-415",0.99511855840683,0.958521246910095,"cgrabs",353.079367875,-41.31043945,9.49999972021942e-08,"RFC J2332-4118",0.671000003814697,"LSP",28183829151744,9.52640418806772e-13,7.51374673843384,0,10,30.956600189209,18.6668,"FSRQ",1,-9.70681949805557,-11.7043112263571,0.870013421294331,0.875856552458225,13.4499999975206,-12.0210709961056,3.25527880788819,0.59844404411557
"4FGL J2334.2+0736",1,353.557312011719,7.60200023651123,91.8861312866211,-50.5568542480469,11.471492767334,3.50320911168822e-10,4.35512563512486e-11,6.67553252259312e-12,6.69643431417538e-13,"PowerLaw",2.47060179710388,0.0899828746914864,965.6064453125,2.44375538825989,0.109153658151627,0.0639718621969223,0.0743356272578239,0,"fsrq","TXS 2331+073",0.998259603977203,0.971461415290833,"cgrabs",353.55345065,7.60765313611,8.80000001757253e-08,"RFC J2334+0736",0.400999993085861,"LSP",5445026578432,2.55880971793132e-12,78.6261367797852,0.991186857223511,0.264834403991699,-Inf,17.404316,"FSRQ",1,-9.45553393823419,-11.1755140839111,1.05961993563736,1.89556693754546,12.7360000039886,-11.5919620085735,2.98480015596493,0.713775877898034
"4FGL J2334.8+1432",1,353.723297119141,14.5346002578735,96.5715637207031,-44.3840446472168,25.929536819458,9.76217107151456e-10,6.56598039827649e-11,1.12712148642169e-11,7.67966202783188e-13,"LogParabola",2.01171731948853,0.0448680780827999,1535.087890625,1.90154600143433,0.0601770356297493,0.0881621763110161,0.0322383157908916,0,"bll","NVSS J233453+143214",0.999829947948456,0.953676104545593,"bllac",353.724319417,14.5374362917,2.69999986812763e-07,"RFC J2334+1432",0.41499999165535,"LSP",91201080393728,1.21047822373294e-12,122.472381591797,0.785235524177551,0.199051290750504,26.650899887085,18.388178,"BLL",0,-9.01045358607062,-10.948029271142,1.41379475901578,2.08803816319357,13.9599999831338,-11.917043019025,3.18613324582019,0.706713785086416
"4FGL J2335.4-0128",1,353.868804931641,-1.47599995136261,84.3725662231445,-58.5409622192383,10.0986661911011,3.997352171492e-10,5.27344175271782e-11,7.22640914121997e-12,7.01797344196398e-13,"LogParabola",2.46725559234619,0.0857368633151054,1202.0419921875,2.50481796264648,0.160971909761429,0.309957683086395,0.125730603933334,0,"fsrq","PKS 2332-017",0.992993950843811,0.958563446998596,"cgrabs",353.835050171,-1.51933092778,1.10000001996013e-07,"RFC J2335-0131",1.182000041008,"LSP",2523480719360,1.04354220577252e-12,52.6206321716309,1.01420724391937,0.278545409440994,-Inf,18.365416,"FSRQ",1,-9.39822758819271,-11.141077453404,1.00426401694135,1.72115606129058,12.4019999908579,-11.9814899813245,3.07991963959415,0.458295133458402
"4FGL J2336.6-4115",1,354.163604736328,-41.2579002380371,345.515319824219,-69.1382446289062,26.2651462554932,7.86691489729208e-10,5.29872846988244e-11,8.42678704593425e-12,5.60765680852199e-13,"LogParabola",2.32632493972778,0.0457433350384235,805.331115722656,2.21653151512146,0.0679455623030663,0.114641726016998,0.0397656634449959,0,"fsrq","PKS 2333-415",0.999308466911316,0.973889112472534,"cgrabs",354.141604517,-41.2561066583,8.19999996792831e-08,"RFC J2336-4115",1.40600001811981,"LSP",10964782022656,2.31532523188582e-12,130.21337890625,0.733089864253998,0.184238314628601,18.3518009185791,19.46804,"FSRQ",1,-9.10419554791608,-11.0743379810336,1.41937982348205,2.11465560855361,13.040000002425,-11.635387995362,2.90597447933033,0.415627594542355
"4FGL J2338.0-0230",1,354.508514404297,-2.51060009002686,84.2881546020508,-59.7563743591309,24.0761241912842,7.92198973087466e-10,5.5966710432731e-11,1.18692607825599e-11,7.26812327770526e-13,"PowerLaw",2.49048662185669,0.0462516918778419,745.515014648438,2.4650661945343,0.0561403222382069,0.0529313310980797,0.0315269380807877,0,"fsrq","PKS 2335-027",0.999285221099854,0.978853225708008,"cgrabs",354.488912808,-2.51600812778,6.79999985209179e-08,"RFC J2337-0230",1.07099997997284,"LSP",8423644069888,4.0038519374952e-12,130.116744995117,0.644354581832886,0.16315758228302,48.1470985412598,19.100044,"FSRQ",1,-9.10116572489908,-10.9255763280591,1.38158657486916,2.11433319042029,12.9255000080173,-11.3975219911122,2.872456394554,0.482858527122301
"4FGL J2340.8+8015",1,355.208404541016,80.2600021362305,119.843246459961,17.8143424987793,40.1846351623535,1.95856575402331e-09,8.78356276601266e-11,1.88556253943872e-11,1.18791857860873e-12,"LogParabola",1.94460082054138,0.0311701651662588,3026.98657226562,1.83921492099762,0.0433328747749329,0.093638151884079,0.0206147190183401,0,"bll","1RXS J234051.4+801513",0.999948024749756,0.992455780506134,"bzcat",355.225954917,80.25444945,1.70000006960436e-07,"RFC J2340+8015",0.273999989032745,"HSP",2818383041003520,7.12867785634952e-12,12.9050016403198,0.0761089250445366,0.0727059319615364,78.4225997924805,17.477966,"BLL",0,-8.70806184350334,-10.7245590585473,1.60406002970766,1.11075806408189,15.4500000169101,-11.1469910105319,3.48101049442738,0.784929363115008
"4FGL J2343.6+3438",1,355.906311035156,34.6403007507324,107.426498413086,-26.1813869476318,14.0603055953979,3.39063915832938e-10,4.16413015180694e-11,4.83047846513984e-12,6.07643384394063e-13,"PowerLaw",1.76666665077209,0.0775115340948105,4630.392578125,1.70250499248505,0.103601060807705,0.0638778135180473,0.0492416173219681,0,"bll","1RXS J234332.5+343957",0.996875822544098,0.954483926296234,"bzcat",355.889942721,34.6641536917,4.1000001260727e-07,"RFC J2343+3439",0.36599999666214,"HSP",398107184455483392,3.55073284143137e-12,20.8544273376465,0.489617556333542,0.195642396807671,72.6595993041992,18.908941,"BLL",0,-9.46971842664331,-11.3160098496877,1.14799476001188,1.31919826862372,17.6000000151657,-11.4496820029608,3.66561781332588,0.732064423457927
"4FGL J2345.2-1555",1,356.303009033203,-15.9181995391846,65.6762619018555,-70.9855575561523,132.253387451172,1.02471773288926e-08,1.78501491365779e-10,9.99876292873125e-11,2.06584619202865e-12,"LogParabola",2.1499285697937,0.0106028132140636,826.469482421875,2.03393149375916,0.0184338334947824,0.102900624275208,0.00986162293702364,0,"FSRQ","PMN J2345-1555",1,0.991174101829529,"identified",356.301926317,-15.9188429222,1.10000001996013e-07,"RFC J2345-1555",0.620999991893768,"LSP",10764651855872,5.29534185597647e-12,2741.19482421875,0.742708742618561,0.175604492425919,69.5711975097656,16.761925,"FSRQ",1,-7.98939574819933,-10.000053728646,2.12140680458254,3.43793990313392,13.0319999886863,-11.2761059975259,2.91722682177864,0.61690314929103
"4FGL J2346.7+0705",1,356.678588867188,7.09310007095337,96.0056304931641,-52.3620681762695,26.1999053955078,9.90672766043588e-10,6.74573730208294e-11,1.10831170629933e-11,9.16358677306717e-13,"PowerLaw",1.86994826793671,0.0470349378883839,3306.857421875,1.84732127189636,0.0569857880473137,0.0219088029116392,0.0248892363160849,0,"bll","TXS 2344+068",0.999360263347626,0.965517699718475,"bzcat",356.666389592,7.08523709722,1.39999997372797e-07,"RFC J2346+0705",0.170000001788139,"ISP",562341309579264,5.02221137940739e-12,15.5041074752808,0.177392408251762,0.100147441029549,141.602996826172,16.820139,"BLL",0,-9.00406977575738,-10.9553380796007,1.418299723141,1.1904467702691,14.7499999879436,-11.2991050122566,3.51941547032108,0.854700853394595
"4FGL J2349.4+0534",1,357.355804443359,5.5789999961853,96.0077285766602,-54.0190200805664,8.48162364959717,2.47666748220965e-10,3.92062320109243e-11,3.4334212990067e-12,5.53717336738979e-13,"PowerLaw",2.46662545204163,0.117863729596138,999.586486816406,2.47940683364868,0.113278917968273,-0.0201765708625317,0.053250890225172,0,"fsrq","TXS 2346+052",0.998676955699921,0.956720411777496,"bllac",357.337714587,5.57774237222,1.0000000116861e-07,"RFC J2349+0534",0.418999999761581,"LSP",24126815207424,1.85966194700404e-12,25.415699005127,0.647571861743927,0.231313914060593,16.5293006896973,18.13049,"FSRQ",1,-9.60613229795003,-11.4642729030677,0.928478997841985,1.40510205855554,13.3824999978671,-11.7305659955101,2.99982037636524,0.7047216350726
"4FGL J2350.6-3005",1,357.664886474609,-30.0869998931885,16.843132019043,-76.3477325439453,15.5852012634277,3.99828836705751e-10,4.01928976212496e-11,4.83838229897726e-12,5.2950227752771e-13,"PowerLaw",2.02176475524902,0.07722157984972,2235.58959960938,1.98563182353973,0.0989554896950722,0.0325862988829613,0.0463314838707447,0,"bll","LEDA 3231681",0.996881365776062,0.887812912464142,"whsp2",357.6429491,-30.1012381167,6.70000019908912e-07,"RFC J2350-3006",0.223680004477501,"HSP",5011872499630080,8.23644863250095e-13,30.5817718505859,0.508668839931488,0.167571946978569,49.2864990234375,18.288181,"BLL",0,-9.39812588662972,-11.3152998193605,1.19271241502041,1.48546264401417,15.7000000141554,-12.0842600057508,3.34939208052753,0.817207109980513
"4FGL J2353.7-3037",1,358.432098388672,-30.6219005584717,14.0548286437988,-76.9032974243164,14.4708423614502,3.64846985956291e-10,3.87070375751364e-11,4.65987751857577e-12,4.97473861150316e-13,"PowerLaw",2.15990352630615,0.0840900614857674,1710.66809082031,2.08261752128601,0.123730659484863,0.0874285325407982,0.0717836990952492,0,"bll","PKS 2351-309",0.998437523841858,0.966258943080902,"bzcat",358.447745237,-30.6301397028,9.49999972021942e-08,"RFC J2353-3037",0.736999988555908,"LSP",27861211676672,2.05854799352478e-12,10.2815465927124,0.166001915931702,0.199502155184746,44.6295013427734,19.41869,"BLL",0,-9.43788923715411,-11.3316254982683,1.16049381254831,1.01205844794331,13.44499999985,-11.6864390032936,3.23316575453924,0.575705242710664
"4FGL J2354.1+2720",1,358.526794433594,27.3493995666504,107.587051391602,-33.8082809448242,7.12073230743408,1.88916646215453e-10,3.27834634439306e-11,2.25760209138226e-12,4.25294809135515e-13,"PowerLaw",2.24132251739502,0.125899136066437,1583.55102539062,2.10288429260254,0.215335309505463,0.126253709197044,0.117418058216572,0,"bll","NVSS J235402+272328",0.973781645298004,0,"rfc",358.509233142,27.39103665,3.70000009297655e-07,"RFC J2354+2723",0.149471998214722,"LSP",46773515059200,4.74128440501598e-13,4.97042655944824,0,10,-Inf,19.042046,"BLL",0,-9.72372977293575,-11.6463526012707,0.852524659468794,0.696393661261544,13.6700000086396,-12.3241039928303,3.19963206182764,0.869964645988009
"4FGL J2354.6+4554",1,358.661804199219,45.9057998657227,112.713539123535,-15.8361501693726,7.20638370513916,2.20545193219124e-10,3.64275901110211e-11,2.92803845405865e-12,5.32164969643117e-13,"PowerLaw",2.30593681335449,0.113403990864754,1479.88903808594,2.15481543540955,0.188759550452232,0.295905739068985,0.150655671954155,0,"fsrq","4C +45.51",0.991103410720825,0.971007883548737,"bzcat",358.590334237,45.8845101222,6.79999985209179e-08,"RFC J2354+4553",1.99199998378754,"LSP",1584893132800,6.84042340999558e-13,2.58843064308167,0,10,-Inf,20.839323,"FSRQ",1,-9.65650240322749,-11.5334232239675,0.857717382486539,0.413036532566683,12.1999999836516,-12.1649170153949,3.17022915326416,0.334224600741512
"4FGL J2354.9+8151",1,358.7412109375,81.8666000366211,120.837387084961,19.2254753112793,9.50747871398926,2.80533762886392e-10,3.70875517796687e-11,3.78702364606243e-12,6.06355569053585e-13,"PowerLaw",2.53677129745483,0.0912799760699272,912.886657714844,2.48329615592957,0.126407295465469,0.086402490735054,0.0893257856369019,0,"fsrq","S5 2353+81",0.996556103229523,0.927690744400024,"bzcat",359.094974667,81.8811819778,7.50000026528141e-08,"RFC J2356+8152",1.34399998188019,"LSP",6918309937152,2.06401562508063e-12,13.263427734375,0.262357831001282,0.198531299829483,-Inf,20.782022,"FSRQ",1,-9.55201486291815,-11.4217019831489,0.978065361755736,1.12265577548269,12.8400000143103,-11.6852870193217,2.96041685969787,0.426621163707464
"4FGL J2356.2+4036",1,359.065612792969,40.6071014404297,111.747116088867,-21.0632743835449,14.8042860031128,3.92371635182798e-10,4.28769450500077e-11,4.76729593301695e-12,5.53771601057712e-13,"PowerLaw",1.9423828125,0.0790158957242966,3364.58911132812,1.92811822891235,0.0905831307172775,0.0144850946962833,0.0409273914992809,0,"bll","NVSS J235612+403648",0.999443590641022,0.941108822822571,"bzcat",359.053093546,40.6130500583,2.20000003992027e-07,"RFC J2356+4036",0.130999997258186,"HSP",4466836049494016,6.45046472833033e-12,8.16905498504639,0,10,32.4169006347656,17.960684,"BLL",0,-9.40630239560616,-11.3217278881218,1.17038746661315,0.912171819259758,15.6500000124435,-11.190408995182,3.52693203510427,0.884173300109849
"4FGL J2357.4-0152",1,359.367401123047,-1.87030005455017,93.5483169555664,-61.6239471435547,9.0188102722168,2.57940419023939e-10,3.80221167051165e-11,3.43731185008245e-12,4.75565658901445e-13,"PowerLaw",2.31499433517456,0.106250882148743,1181.19836425781,2.24275660514832,0.152669280767441,0.0802605748176575,0.0830996260046959,0,"bll","PKS 2354-021",0.998505055904388,0.931686460971832,"cgrabs",359.354741404,-1.87097470278,1.30000003650821e-07,"RFC J2357-0152",0.811999976634979,"LSP",10964782022656,6.59008492307628e-13,20.3941993713379,0.437677890062332,0.184207871556282,-Inf,18.456287,"BLL",0,-9.58848059898785,-11.4637810647129,0.955149250813586,1.30950666060016,13.040000002425,-12.1811089888376,3.07232283687559,0.551876386807176
"4FGL J2358.3-1021",1,359.582214355469,-10.3615999221802,83.6793212890625,-69.0810012817383,21.8566036224365,6.09049533029093e-10,4.86855521175666e-11,1.08580418961557e-11,6.45666083532587e-13,"PowerLaw",2.59309220314026,0.0477586723864079,574.951477050781,2.56342554092407,0.0620265081524849,0.0834485441446304,0.0419599302113056,0,"fsrq","PKS 2355-106",0.992975175380707,0.999267578125,"bzcat",359.545343346,-10.3357253889,6.79999985209179e-08,"RFC J2358-1020",1.63800001144409,"LSP",1788545466368,1.43224722446572e-12,136.969024658203,0.66040825843811,0.165697991847992,-Inf,18.167616,"FSRQ",1,-9.21534738545182,-10.9642484869358,1.33958267624894,2.13662236320732,12.2524999847655,-11.8439820106915,2.75963119401432,0.379075055216767
"4FGL J2358.5-1808",1,359.638702392578,-18.1408004760742,66.5932769775391,-74.8635711669922,20.136604309082,5.23341925351417e-10,4.53139574474459e-11,5.89732819869515e-12,6.1852985840799e-13,"PowerLaw",1.93369150161743,0.0645685195922852,2582.5126953125,1.86341392993927,0.0958685725927353,0.0544484071433544,0.0434761755168438,0,"bll","1RXS J235836.3-180701",0.978188931941986,0,"rfc",359.653507225,-18.1215255611,5.49999981558358e-07,"RFC J2358-1807",0.0575530007481575,"HSP",2243881907257344,1.75967714791808e-12,17.9033584594727,0.252305239439011,0.128221169114113,34.2778015136719,17.454102,"BLL",0,-9.28121447217907,-11.2293447021499,1.30398623612004,1.25293450715887,15.3509999968016,-11.7545670059014,3.41204246513478,0.94557908614751
"4FGL J2359.0+3922",1,359.754791259766,39.3669013977051,112.003799438477,-22.3899440765381,8.61768054962158,2.76037664947992e-10,4.02502267626836e-11,2.89874894920938e-12,5.72591616048584e-13,"PowerLaw",2.34778881072998,0.122458927333355,1621.91882324219,2.36400985717773,0.122942224144936,-0.0173560921102762,0.0558999218046665,0,"fsrq","B2 2356+39",0.998328268527985,0.967196226119995,"bzcat",359.749396517,39.3745294278,1.1999999571799e-07,"RFC J2358+3922",1.19799995422363,"LSP",4518559350784,1.27653584317683e-12,38.9716453552246,0.860621213912964,0.255534052848816,-Inf,20.244143,"FSRQ",1,-9.55903165502525,-11.5377893957848,0.935390391109048,1.59074874178474,12.6549999910648,-11.8939669863628,3.21002911405504,0.454959063160316
"4FGL J2359.0-3038",1,359.771911621094,-30.6366996765137,12.8091087341309,-78.024169921875,19.2501182556152,4.3815906458633e-10,4.23868821985973e-11,6.07088901719011e-12,5.98601734586729e-13,"PowerLaw",1.81876373291016,0.0674923583865166,3703.58618164062,1.79884028434753,0.080580472946167,0.0172563418745995,0.0344161912798882,0,"bll","H 2356-309",0.999334275722504,0.995549023151398,"bzcat",359.782931004,-30.6279650528,1.09999996311672e-06,"RFC J2359-3037",0.165000006556511,"HSP",197242267080065024,1.34292880635267e-11,11.6024856567383,0.153998255729675,0.17869046330452,233.740997314453,17.366407,"BLL",0,-9.35836819924156,-11.2167477064554,1.28443340177197,1.06455104020649,17.2949999856189,-10.8719470102857,3.56862245504283,0.858369093881625
"4FGL J2359.3-2049",1,359.835693359375,-20.8188991546631,58.090145111084,-76.5428619384766,13.9062366485596,3.22627285997967e-10,3.63778868139875e-11,3.61963996102499e-12,4.67750838062386e-13,"PowerLaw",2.08803772926331,0.0928524434566498,1965.94213867188,2.12149167060852,0.0933689475059509,-0.0268587023019791,0.0375097207725048,0,"bll","TXS 2356-210",0.994474411010742,0.97152853012085,"at20g",359.831390913,-20.7988971833,9.99999997475243e-07,"RFC J2359-2047",0.096000000834465,"LSP",3108136026112,4.42409048848416e-13,11.0528802871704,0.123752728104591,0.246679469943047,64.177001953125,18.164963,"BLL",0,-9.49129890521356,-11.4413346257973,1.14320961569314,1.04347546624051,12.4925000172386,-12.354175998736,3.29357073159108,0.912408758429404
